,date,rd_link_cd,signgu_cd,signgu_nm,adstrd_cd,adstrd_nm,dayweek_cd,agrde_cd,tmzon_cd,flpop_co
8439027,201612,22419,11290,己合备,11290640,沥釜3悼,1,0,2,0.342
8439048,201612,22419,11290,己合备,11290640,沥釜3悼,1,30,2,0.076
8439055,201612,22419,11290,己合备,11290640,沥釜3悼,1,40,2,0.152
8439062,201612,22419,11290,己合备,11290640,沥釜3悼,1,50,2,0.114
8601609,201612,24125,11290,己合备,11290640,沥釜3悼,1,0,2,0.19542857
8601623,201612,24125,11290,己合备,11290640,沥釜3悼,1,20,2,0.19542857
8616701,201612,24276,11290,己合备,11290640,沥釜3悼,1,0,2,0.20266667
8616715,201612,24276,11290,己合备,11290640,沥釜3悼,1,20,2,0.20266667
8618171,201612,24295,11290,己合备,11290640,沥釜3悼,1,0,2,0.50666666
8618185,201612,24295,11290,己合备,11290640,沥釜3悼,1,20,2,0.50666666
8621993,201612,24337,11290,己合备,11290640,沥釜3悼,1,0,2,0.9712
8622007,201612,24337,11290,己合备,11290640,沥釜3悼,1,20,2,0.9712
8624639,201612,24365,11290,己合备,11290640,沥釜3悼,1,0,2,1.112
8624653,201612,24365,11290,己合备,11290640,沥釜3悼,1,20,2,1.112
8626991,201612,24389,11290,己合备,11290640,沥釜3悼,1,0,2,0.608
8627005,201612,24389,11290,己合备,11290640,沥釜3悼,1,20,2,0.608
8638947,201612,24507,11290,己合备,11290640,沥釜3悼,1,0,2,0.11377778
8638975,201612,24507,11290,己合备,11290640,沥釜3悼,1,40,2,0.05688889
8638982,201612,24507,11290,己合备,11290640,沥釜3悼,1,50,2,0.05688889
8641299,201612,24531,11290,己合备,11290640,沥釜3悼,1,0,2,0.128
8641327,201612,24531,11290,己合备,11290640,沥釜3悼,1,40,2,0.064
8641334,201612,24531,11290,己合备,11290640,沥釜3悼,1,50,2,0.064
8641397,201612,24532,11290,己合备,11290640,沥釜3悼,1,0,2,0.0512
8641425,201612,24532,11290,己合备,11290640,沥釜3悼,1,40,2,0.0256
8641432,201612,24532,11290,己合备,11290640,沥釜3悼,1,50,2,0.0256
8642083,201612,24539,11290,己合备,11290640,沥釜3悼,1,0,2,0.34
8642111,201612,24539,11290,己合备,11290640,沥釜3悼,1,40,2,0.17
8642118,201612,24539,11290,己合备,11290640,沥釜3悼,1,50,2,0.17
8644239,201612,24561,11290,己合备,11290640,沥釜3悼,1,0,2,0.084
8644267,201612,24561,11290,己合备,11290640,沥釜3悼,1,40,2,0.042
8644274,201612,24561,11290,己合备,11290640,沥釜3悼,1,50,2,0.042
8653059,201612,24651,11290,己合备,11290640,沥釜3悼,1,0,2,0.508
8653087,201612,24651,11290,己合备,11290640,沥釜3悼,1,40,2,0.254
8653094,201612,24651,11290,己合备,11290640,沥釜3悼,1,50,2,0.254
8653157,201612,24652,11290,己合备,11290640,沥釜3悼,1,0,2,0.256
8653185,201612,24652,11290,己合备,11290640,沥釜3悼,1,40,2,0.128
8653192,201612,24652,11290,己合备,11290640,沥釜3悼,1,50,2,0.128
8658449,201612,24707,11290,己合备,11290640,沥釜3悼,1,0,2,5.961625
8658456,201612,24707,11290,己合备,11290640,沥釜3悼,1,10,2,0.178125
8658463,201612,24707,11290,己合备,11290640,沥釜3悼,1,20,2,0.035625
8658470,201612,24707,11290,己合备,11290640,沥釜3悼,1,30,2,1.39825
8658477,201612,24707,11290,己合备,11290640,沥釜3悼,1,40,2,1.724375
8658484,201612,24707,11290,己合备,11290640,沥釜3悼,1,50,2,1.52575
8658491,201612,24707,11290,己合备,11290640,沥釜3悼,1,60,2,1.0995
8658498,201612,24707,11290,己合备,11290640,沥釜3悼,2,0,2,2.3690624
8658519,201612,24707,11290,己合备,11290640,沥釜3悼,2,30,2,0.43875
8658526,201612,24707,11290,己合备,11290640,沥釜3悼,2,40,2,0.7896875
8658533,201612,24707,11290,己合备,11290640,沥釜3悼,2,50,2,0.7896875
8658540,201612,24707,11290,己合备,11290640,沥釜3悼,2,60,2,0.3509375
8660213,201612,24725,11290,己合备,11290640,沥釜3悼,1,0,2,0.1104
8660241,201612,24725,11290,己合备,11290640,沥釜3悼,1,40,2,0.0552
8660248,201612,24725,11290,己合备,11290640,沥釜3悼,1,50,2,0.0552
8660899,201612,24732,11290,己合备,11290640,沥釜3悼,1,0,2,0.5928
8660913,201612,24732,11290,己合备,11290640,沥釜3悼,1,20,2,0.5928
8660997,201612,24733,11290,己合备,11290640,沥釜3悼,1,0,2,1.1121666
8661011,201612,24733,11290,己合备,11290640,沥釜3悼,1,20,2,1.1121666
8664035,201612,24764,11290,己合备,11290640,沥釜3悼,1,0,2,0.14133333
8664063,201612,24764,11290,己合备,11290640,沥釜3悼,1,40,2,0.07066666
8664070,201612,24764,11290,己合备,11290640,沥釜3悼,1,50,2,0.07066666
8668837,201612,24812,11290,己合备,11290640,沥釜3悼,1,0,2,0.298
8668865,201612,24812,11290,己合备,11290640,沥釜3悼,1,40,2,0.149
8668872,201612,24812,11290,己合备,11290640,沥釜3悼,1,50,2,0.149
8668935,201612,24813,11290,己合备,11290640,沥釜3悼,1,0,2,0.168
8668963,201612,24813,11290,己合备,11290640,沥釜3悼,1,40,2,0.084
8668970,201612,24813,11290,己合备,11290640,沥釜3悼,1,50,2,0.084
8674423,201612,24872,11290,己合备,11290640,沥釜3悼,1,0,2,0.084
8674451,201612,24872,11290,己合备,11290640,沥釜3悼,1,40,2,0.042
8674458,201612,24872,11290,己合备,11290640,沥釜3悼,1,50,2,0.042
8676089,201612,24890,11290,己合备,11290640,沥釜3悼,1,0,2,0.482
8676103,201612,24890,11290,己合备,11290640,沥釜3悼,1,20,2,0.482
8678049,201612,24911,11290,己合备,11290640,沥釜3悼,1,0,2,0.084
8678077,201612,24911,11290,己合备,11290640,沥釜3悼,1,40,2,0.042
8678084,201612,24911,11290,己合备,11290640,沥釜3悼,1,50,2,0.042
8688731,201612,25018,11290,己合备,11290640,沥釜3悼,1,0,2,1.5175
8688745,201612,25018,11290,己合备,11290640,沥釜3悼,1,20,2,1.3695
8688759,201612,25018,11290,己合备,11290640,沥釜3悼,1,40,2,0.148
8690299,201612,25033,11290,己合备,11290640,沥釜3悼,1,0,2,0.028
8690327,201612,25033,11290,己合备,11290640,沥釜3悼,1,40,2,0.014
8690334,201612,25033,11290,己合备,11290640,沥釜3悼,1,50,2,0.014
8709703,201612,25232,11290,己合备,11290640,沥釜3悼,1,0,2,0.0336
8709731,201612,25232,11290,己合备,11290640,沥釜3悼,1,40,2,0.0168
8709738,201612,25232,11290,己合备,11290640,沥釜3悼,1,50,2,0.0168
8724991,201612,25391,11290,己合备,11290640,沥釜3悼,1,0,2,12.091222
8724998,201612,25391,11290,己合备,11290640,沥釜3悼,1,10,2,0.58133334
8725005,201612,25391,11290,己合备,11290640,沥釜3悼,1,20,2,0.3281111
8725012,201612,25391,11290,己合备,11290640,沥釜3悼,1,30,2,2.3658888
8725019,201612,25391,11290,己合备,11290640,沥釜3悼,1,40,2,3.9034445
8725026,201612,25391,11290,己合备,11290640,沥釜3悼,1,50,2,3.338
8725033,201612,25391,11290,己合备,11290640,沥釜3悼,1,60,2,1.5744444
8725040,201612,25391,11290,己合备,11290640,沥釜3悼,2,0,2,4.556667
8725054,201612,25391,11290,己合备,11290640,沥釜3悼,2,20,2,0.18722223
8725061,201612,25391,11290,己合备,11290640,沥釜3悼,2,30,2,1.0013889
8725068,201612,25391,11290,己合备,11290640,沥釜3悼,2,40,2,1.3455555
8725075,201612,25391,11290,己合备,11290640,沥釜3悼,2,50,2,1.41
8725082,201612,25391,11290,己合备,11290640,沥釜3悼,2,60,2,0.6125
8731165,201612,25455,11290,己合备,11290640,沥釜3悼,1,0,2,4.467
8731172,201612,25455,11290,己合备,11290640,沥釜3悼,1,10,2,0.304
8731186,201612,25455,11290,己合备,11290640,沥釜3悼,1,30,2,0.907
8731193,201612,25455,11290,己合备,11290640,沥釜3悼,1,40,2,1.665
8731200,201612,25455,11290,己合备,11290640,沥釜3悼,1,50,2,1.287
8731207,201612,25455,11290,己合备,11290640,沥釜3悼,1,60,2,0.304
8731214,201612,25455,11290,己合备,11290640,沥釜3悼,2,0,2,0.9325
8731235,201612,25455,11290,己合备,11290640,沥釜3悼,2,30,2,0.1875
8731242,201612,25455,11290,己合备,11290640,沥釜3悼,2,40,2,0.3725
8731249,201612,25455,11290,己合备,11290640,沥釜3悼,2,50,2,0.3725
8734203,201612,25486,11290,己合备,11290640,沥釜3悼,1,0,2,24.899
8734210,201612,25486,11290,己合备,11290640,沥釜3悼,1,10,2,1.439
8734217,201612,25486,11290,己合备,11290640,沥釜3悼,1,20,2,2.953
8734224,201612,25486,11290,己合备,11290640,沥釜3悼,1,30,2,4.315
8734231,201612,25486,11290,己合备,11290640,沥釜3悼,1,40,2,6.205
8734238,201612,25486,11290,己合备,11290640,沥釜3悼,1,50,2,5.221
8734245,201612,25486,11290,己合备,11290640,沥釜3悼,1,60,2,4.766
8734252,201612,25486,11290,己合备,11290640,沥釜3悼,2,0,2,12.3575
8734266,201612,25486,11290,己合备,11290640,沥釜3悼,2,20,2,1.685
8734273,201612,25486,11290,己合备,11290640,沥釜3悼,2,30,2,2.055
8734280,201612,25486,11290,己合备,11290640,沥釜3悼,2,40,2,2.81
8734287,201612,25486,11290,己合备,11290640,沥釜3悼,2,50,2,3.3725
8734294,201612,25486,11290,己合备,11290640,沥釜3悼,2,60,2,2.435
8735575,201612,25499,11290,己合备,11290640,沥釜3悼,1,0,2,22.251
8735582,201612,25499,11290,己合备,11290640,沥釜3悼,1,10,2,1.259
8735589,201612,25499,11290,己合备,11290640,沥釜3悼,1,20,2,2.583
8735596,201612,25499,11290,己合备,11290640,沥釜3悼,1,30,2,3.8405
8735603,201612,25499,11290,己合备,11290640,沥釜3悼,1,40,2,5.4965
8735610,201612,25499,11290,己合备,11290640,沥釜3悼,1,50,2,4.901
8735617,201612,25499,11290,己合备,11290640,沥釜3悼,1,60,2,4.171
8735624,201612,25499,11290,己合备,11290640,沥釜3悼,2,0,2,10.815
8735638,201612,25499,11290,己合备,11290640,沥釜3悼,2,20,2,1.475
8735645,201612,25499,11290,己合备,11290640,沥釜3悼,2,30,2,1.8
8735652,201612,25499,11290,己合备,11290640,沥釜3悼,2,40,2,2.45875
8735659,201612,25499,11290,己合备,11290640,沥釜3悼,2,50,2,2.95125
8735666,201612,25499,11290,己合备,11290640,沥釜3悼,2,60,2,2.13
8736555,201612,25507,11290,己合备,11290640,沥釜3悼,1,0,2,0.06316666
8736569,201612,25507,11290,己合备,11290640,沥釜3悼,1,20,2,0.06316666
8736653,201612,25508,11290,己合备,11290640,沥釜3悼,1,0,2,0.064
8736667,201612,25508,11290,己合备,11290640,沥釜3悼,1,20,2,0.064
8739495,201612,25537,11290,己合备,11290640,沥釜3悼,1,0,2,11.25725
8739509,201612,25537,11290,己合备,11290640,沥釜3悼,1,20,2,1.4975
8739516,201612,25537,11290,己合备,11290640,沥釜3悼,1,30,2,2.395
8739523,201612,25537,11290,己合备,11290640,沥釜3悼,1,40,2,3.113
8739530,201612,25537,11290,己合备,11290640,沥釜3悼,1,50,2,2.57425
8739537,201612,25537,11290,己合备,11290640,沥釜3悼,1,60,2,1.6775
8739544,201612,25537,11290,己合备,11290640,沥釜3悼,2,0,2,3.993125
8739565,201612,25537,11290,己合备,11290640,沥釜3悼,2,30,2,0.738125
8739572,201612,25537,11290,己合备,11290640,沥釜3悼,2,40,2,1.33125
8739579,201612,25537,11290,己合备,11290640,沥釜3悼,2,50,2,1.480625
8739586,201612,25537,11290,己合备,11290640,沥釜3悼,2,60,2,0.443125
8739593,201612,25538,11290,己合备,11290640,沥釜3悼,1,0,2,5.197
8739607,201612,25538,11290,己合备,11290640,沥釜3悼,1,20,2,0.6925
8739614,201612,25538,11290,己合备,11290640,沥釜3悼,1,30,2,1.105
8739621,201612,25538,11290,己合备,11290640,沥釜3悼,1,40,2,1.437
8739628,201612,25538,11290,己合备,11290640,沥釜3悼,1,50,2,1.1875
8739635,201612,25538,11290,己合备,11290640,沥釜3悼,1,60,2,0.775
8739642,201612,25538,11290,己合备,11290640,沥釜3悼,2,0,2,1.84375
8739663,201612,25538,11290,己合备,11290640,沥釜3悼,2,30,2,0.34125
8739670,201612,25538,11290,己合备,11290640,沥釜3悼,2,40,2,0.61375
8739677,201612,25538,11290,己合备,11290640,沥釜3悼,2,50,2,0.68375
8739684,201612,25538,11290,己合备,11290640,沥釜3悼,2,60,2,0.205
8739691,201612,25539,11290,己合备,11290640,沥釜3悼,1,0,2,3.351
8739698,201612,25539,11290,己合备,11290640,沥釜3悼,1,10,2,0.228
8739712,201612,25539,11290,己合备,11290640,沥釜3悼,1,30,2,0.682
8739719,201612,25539,11290,己合备,11290640,沥釜3悼,1,40,2,1.249
8739726,201612,25539,11290,己合备,11290640,沥釜3悼,1,50,2,0.964
8739733,201612,25539,11290,己合备,11290640,沥釜3悼,1,60,2,0.228
8739740,201612,25539,11290,己合备,11290640,沥釜3悼,2,0,2,0.7
8739761,201612,25539,11290,己合备,11290640,沥釜3悼,2,30,2,0.14
8739768,201612,25539,11290,己合备,11290640,沥釜3悼,2,40,2,0.28
8739775,201612,25539,11290,己合备,11290640,沥釜3悼,2,50,2,0.28
8740769,201612,25550,11290,己合备,11290640,沥釜3悼,1,0,2,20.784
8740783,201612,25550,11290,己合备,11290640,沥釜3悼,1,20,2,2.765
8740790,201612,25550,11290,己合备,11290640,沥釜3悼,1,30,2,4.42
8740797,201612,25550,11290,己合备,11290640,沥釜3悼,1,40,2,5.748
8740804,201612,25550,11290,己合备,11290640,沥釜3悼,1,50,2,4.753
8740811,201612,25550,11290,己合备,11290640,沥釜3悼,1,60,2,3.098
8740818,201612,25550,11290,己合备,11290640,沥釜3悼,2,0,2,7.37
8740839,201612,25550,11290,己合备,11290640,沥釜3悼,2,30,2,1.3625
8740846,201612,25550,11290,己合备,11290640,沥釜3悼,2,40,2,2.4575
8740853,201612,25550,11290,己合备,11290640,沥釜3悼,2,50,2,2.7325
8740860,201612,25550,11290,己合备,11290640,沥釜3悼,2,60,2,0.8175
8740867,201612,25551,11290,己合备,11290640,沥釜3悼,1,0,2,6.704
8740874,201612,25551,11290,己合备,11290640,沥釜3悼,1,10,2,0.456
8740888,201612,25551,11290,己合备,11290640,沥釜3悼,1,30,2,1.363
8740895,201612,25551,11290,己合备,11290640,沥釜3悼,1,40,2,2.498
8740902,201612,25551,11290,己合备,11290640,沥釜3悼,1,50,2,1.931
8740909,201612,25551,11290,己合备,11290640,沥釜3悼,1,60,2,0.456
8740916,201612,25551,11290,己合备,11290640,沥釜3悼,2,0,2,1.4
8740937,201612,25551,11290,己合备,11290640,沥釜3悼,2,30,2,0.28
8740944,201612,25551,11290,己合备,11290640,沥釜3悼,2,40,2,0.56
8740951,201612,25551,11290,己合备,11290640,沥釜3悼,2,50,2,0.56
8743219,201612,25574,11290,己合备,11290640,沥釜3悼,1,0,2,19.074
8743226,201612,25574,11290,己合备,11290640,沥釜3悼,1,10,2,1.079
8743233,201612,25574,11290,己合备,11290640,沥釜3悼,1,20,2,2.213
8743240,201612,25574,11290,己合备,11290640,沥釜3悼,1,30,2,3.291
8743247,201612,25574,11290,己合备,11290640,沥釜3悼,1,40,2,4.713
8743254,201612,25574,11290,己合备,11290640,沥釜3悼,1,50,2,4.202
8743261,201612,25574,11290,己合备,11290640,沥釜3悼,1,60,2,3.576
8743268,201612,25574,11290,己合备,11290640,沥釜3悼,2,0,2,9.2725
8743282,201612,25574,11290,己合备,11290640,沥釜3悼,2,20,2,1.265
8743289,201612,25574,11290,己合备,11290640,沥釜3悼,2,30,2,1.545
8743296,201612,25574,11290,己合备,11290640,沥釜3悼,2,40,2,2.1075
8743303,201612,25574,11290,己合备,11290640,沥釜3悼,2,50,2,2.53
8743310,201612,25574,11290,己合备,11290640,沥釜3悼,2,60,2,1.825
8743905,201612,25582,11290,己合备,11290640,沥釜3悼,1,0,2,4.7315
8743912,201612,25582,11290,己合备,11290640,沥釜3悼,1,10,2,0.304
8743926,201612,25582,11290,己合备,11290640,沥釜3悼,1,30,2,0.945
8743933,201612,25582,11290,己合备,11290640,沥釜3悼,1,40,2,1.7025
8743940,201612,25582,11290,己合备,11290640,沥釜3悼,1,50,2,1.476
8743947,201612,25582,11290,己合备,11290640,沥釜3悼,1,60,2,0.304
8743954,201612,25582,11290,己合备,11290640,沥釜3悼,2,0,2,0.9325
8743975,201612,25582,11290,己合备,11290640,沥釜3悼,2,30,2,0.1875
8743982,201612,25582,11290,己合备,11290640,沥釜3悼,2,40,2,0.3725
8743989,201612,25582,11290,己合备,11290640,沥釜3悼,2,50,2,0.3725
8744787,201612,25592,11290,己合备,11290640,沥釜3悼,1,0,2,19.074
8744794,201612,25592,11290,己合备,11290640,沥釜3悼,1,10,2,1.079
8744801,201612,25592,11290,己合备,11290640,沥釜3悼,1,20,2,2.213
8744808,201612,25592,11290,己合备,11290640,沥釜3悼,1,30,2,3.291
8744815,201612,25592,11290,己合备,11290640,沥釜3悼,1,40,2,4.713
8744822,201612,25592,11290,己合备,11290640,沥釜3悼,1,50,2,4.202
8744829,201612,25592,11290,己合备,11290640,沥釜3悼,1,60,2,3.576
8744836,201612,25592,11290,己合备,11290640,沥釜3悼,2,0,2,9.2725
8744850,201612,25592,11290,己合备,11290640,沥釜3悼,2,20,2,1.265
8744857,201612,25592,11290,己合备,11290640,沥釜3悼,2,30,2,1.545
8744864,201612,25592,11290,己合备,11290640,沥釜3悼,2,40,2,2.1075
8744871,201612,25592,11290,己合备,11290640,沥釜3悼,2,50,2,2.53
8744878,201612,25592,11290,己合备,11290640,沥釜3悼,2,60,2,1.825
8751353,201612,25663,11290,己合备,11290640,沥釜3悼,1,0,2,3.909
8751360,201612,25663,11290,己合备,11290640,沥釜3悼,1,10,2,0.266
8751374,201612,25663,11290,己合备,11290640,沥釜3悼,1,30,2,0.7945
8751381,201612,25663,11290,己合备,11290640,沥釜3悼,1,40,2,1.457
8751388,201612,25663,11290,己合备,11290640,沥釜3悼,1,50,2,1.1255
8751395,201612,25663,11290,己合备,11290640,沥釜3悼,1,60,2,0.266
8751402,201612,25663,11290,己合备,11290640,沥釜3悼,2,0,2,0.81625
8751423,201612,25663,11290,己合备,11290640,沥釜3悼,2,30,2,0.16375
8751430,201612,25663,11290,己合备,11290640,沥釜3悼,2,40,2,0.32625
8751437,201612,25663,11290,己合备,11290640,沥釜3悼,2,50,2,0.32625
8751843,201612,25668,11290,己合备,11290640,沥釜3悼,1,0,2,0.25266665
8751857,201612,25668,11290,己合备,11290640,沥釜3悼,1,20,2,0.25266665
8752431,201612,25673,11290,己合备,11290640,沥釜3悼,1,0,2,0.379
8752445,201612,25673,11290,己合备,11290640,沥釜3悼,1,20,2,0.379
8753705,201612,25685,11290,己合备,11290640,沥釜3悼,1,0,2,0.575
8753719,201612,25685,11290,己合备,11290640,沥釜3悼,1,20,2,0.575
8754685,201612,25695,11290,己合备,11290640,沥釜3悼,1,0,2,13.354
8754699,201612,25695,11290,己合备,11290640,沥釜3悼,1,20,2,1.733125
8754706,201612,25695,11290,己合备,11290640,沥釜3悼,1,30,2,2.82925
8754713,201612,25695,11290,己合备,11290640,沥釜3悼,1,40,2,3.6885
8754720,201612,25695,11290,己合备,11290640,沥釜3悼,1,50,2,3.106375
8754727,201612,25695,11290,己合备,11290640,沥釜3悼,1,60,2,1.99675
8754734,201612,25695,11290,己合备,11290640,沥釜3悼,2,0,2,4.659375
8754755,201612,25695,11290,己合备,11290640,沥釜3悼,2,30,2,0.8553125
8754762,201612,25695,11290,己合备,11290640,沥釜3悼,2,40,2,1.5415626
8754769,201612,25695,11290,己合备,11290640,沥釜3悼,2,50,2,1.7490625
8754776,201612,25695,11290,己合备,11290640,沥釜3悼,2,60,2,0.5134375
8757331,201612,25721,11290,己合备,11290640,沥釜3悼,1,0,2,19.074
8757338,201612,25721,11290,己合备,11290640,沥釜3悼,1,10,2,1.079
8757345,201612,25721,11290,己合备,11290640,沥釜3悼,1,20,2,2.213
8757352,201612,25721,11290,己合备,11290640,沥釜3悼,1,30,2,3.291
8757359,201612,25721,11290,己合备,11290640,沥釜3悼,1,40,2,4.713
8757366,201612,25721,11290,己合备,11290640,沥釜3悼,1,50,2,4.202
8757373,201612,25721,11290,己合备,11290640,沥釜3悼,1,60,2,3.576
8757380,201612,25721,11290,己合备,11290640,沥釜3悼,2,0,2,9.2725
8757394,201612,25721,11290,己合备,11290640,沥釜3悼,2,20,2,1.265
8757401,201612,25721,11290,己合备,11290640,沥釜3悼,2,30,2,1.545
8757408,201612,25721,11290,己合备,11290640,沥釜3悼,2,40,2,2.1075
8757415,201612,25721,11290,己合备,11290640,沥釜3悼,2,50,2,2.53
8757422,201612,25721,11290,己合备,11290640,沥釜3悼,2,60,2,1.825
8757527,201612,25723,11290,己合备,11290640,沥釜3悼,1,0,2,2.405
8757534,201612,25723,11290,己合备,11290640,沥釜3悼,1,10,2,0.082333334
8757548,201612,25723,11290,己合备,11290640,沥釜3悼,1,30,2,0.415625
8757555,201612,25723,11290,己合备,11290640,沥釜3悼,1,40,2,0.705625
8757562,201612,25723,11290,己合备,11290640,沥釜3悼,1,50,2,0.8765
8757569,201612,25723,11290,己合备,11290640,沥釜3悼,1,60,2,0.32491666
8757576,201612,25723,11290,己合备,11290640,沥釜3悼,2,0,2,0.35739583
8757597,201612,25723,11290,己合备,11290640,沥釜3悼,2,30,2,0.050625
8757604,201612,25723,11290,己合备,11290640,沥釜3悼,2,40,2,0.10104167
8757611,201612,25723,11290,己合备,11290640,沥釜3悼,2,50,2,0.20572917
8758899,201612,25738,11290,己合备,11290640,沥釜3悼,1,0,2,10.3895
8758913,201612,25738,11290,己合备,11290640,沥釜3悼,1,20,2,1.3808334
8758920,201612,25738,11290,己合备,11290640,沥釜3悼,1,30,2,2.2116666
8758927,201612,25738,11290,己合备,11290640,沥釜3悼,1,40,2,2.873
8758934,201612,25738,11290,己合备,11290640,沥釜3悼,1,50,2,2.3766668
8758941,201612,25738,11290,己合备,11290640,沥釜3悼,1,60,2,1.5473334
8758948,201612,25738,11290,己合备,11290640,沥釜3悼,2,0,2,3.6858332
8758969,201612,25738,11290,己合备,11290640,沥釜3悼,2,30,2,0.68083334
8758976,201612,25738,11290,己合备,11290640,沥釜3悼,2,40,2,1.2295834
8758983,201612,25738,11290,己合备,11290640,沥釜3悼,2,50,2,1.3666667
8758990,201612,25738,11290,己合备,11290640,沥釜3悼,2,60,2,0.40875
8758997,201612,25739,11290,己合备,11290640,沥釜3悼,1,0,2,13.851
8759011,201612,25739,11290,己合备,11290640,沥釜3悼,1,20,2,1.84
8759018,201612,25739,11290,己合备,11290640,沥釜3悼,1,30,2,2.95
8759025,201612,25739,11290,己合备,11290640,沥釜3悼,1,40,2,3.83
8759032,201612,25739,11290,己合备,11290640,沥釜3悼,1,50,2,3.169
8759039,201612,25739,11290,己合备,11290640,沥釜3悼,1,60,2,2.062
8759046,201612,25739,11290,己合备,11290640,沥釜3悼,2,0,2,4.915
8759067,201612,25739,11290,己合备,11290640,沥釜3悼,2,30,2,0.9075
8759074,201612,25739,11290,己合备,11290640,沥釜3悼,2,40,2,1.64
8759081,201612,25739,11290,己合备,11290640,沥釜3悼,2,50,2,1.8225
8759088,201612,25739,11290,己合备,11290640,沥釜3悼,2,60,2,0.545
8759193,201612,25741,11290,己合备,11290640,沥釜3悼,1,0,2,20.784
8759207,201612,25741,11290,己合备,11290640,沥釜3悼,1,20,2,2.765
8759214,201612,25741,11290,己合备,11290640,沥釜3悼,1,30,2,4.42
8759221,201612,25741,11290,己合备,11290640,沥釜3悼,1,40,2,5.748
8759228,201612,25741,11290,己合备,11290640,沥釜3悼,1,50,2,4.753
8759235,201612,25741,11290,己合备,11290640,沥釜3悼,1,60,2,3.098
8759242,201612,25741,11290,己合备,11290640,沥釜3悼,2,0,2,7.37
8759263,201612,25741,11290,己合备,11290640,沥釜3悼,2,30,2,1.3625
8759270,201612,25741,11290,己合备,11290640,沥釜3悼,2,40,2,2.4575
8759277,201612,25741,11290,己合备,11290640,沥釜3悼,2,50,2,2.7325
8759284,201612,25741,11290,己合备,11290640,沥釜3悼,2,60,2,0.8175
8759291,201612,25743,11290,己合备,11290640,沥釜3悼,1,0,2,20.784
8759305,201612,25743,11290,己合备,11290640,沥釜3悼,1,20,2,2.765
8759312,201612,25743,11290,己合备,11290640,沥釜3悼,1,30,2,4.42
8759319,201612,25743,11290,己合备,11290640,沥釜3悼,1,40,2,5.748
8759326,201612,25743,11290,己合备,11290640,沥釜3悼,1,50,2,4.753
8759333,201612,25743,11290,己合备,11290640,沥釜3悼,1,60,2,3.098
8759340,201612,25743,11290,己合备,11290640,沥釜3悼,2,0,2,7.37
8759361,201612,25743,11290,己合备,11290640,沥釜3悼,2,30,2,1.3625
8759368,201612,25743,11290,己合备,11290640,沥釜3悼,2,40,2,2.4575
8759375,201612,25743,11290,己合备,11290640,沥釜3悼,2,50,2,2.7325
8759382,201612,25743,11290,己合备,11290640,沥釜3悼,2,60,2,0.8175
8760271,201612,25753,11290,己合备,11290640,沥釜3悼,1,0,2,20.847
8760285,201612,25753,11290,己合备,11290640,沥釜3悼,1,20,2,2.7725
8760292,201612,25753,11290,己合备,11290640,沥釜3悼,1,30,2,4.435
8760299,201612,25753,11290,己合备,11290640,沥釜3悼,1,40,2,5.766
8760306,201612,25753,11290,己合备,11290640,沥釜3悼,1,50,2,4.768
8760313,201612,25753,11290,己合备,11290640,沥釜3悼,1,60,2,3.1055
8760320,201612,25753,11290,己合备,11290640,沥釜3悼,2,0,2,7.39625
8760341,201612,25753,11290,己合备,11290640,沥釜3悼,2,30,2,1.368125
8760348,201612,25753,11290,己合备,11290640,沥釜3悼,2,40,2,2.465
8760355,201612,25753,11290,己合备,11290640,沥釜3悼,2,50,2,2.741875
8760362,201612,25753,11290,己合备,11290640,沥釜3悼,2,60,2,0.82125
8760957,201612,25761,11290,己合备,11290640,沥釜3悼,1,0,2,2.553
8760978,201612,25761,11290,己合备,11290640,沥釜3悼,1,30,2,0.444
8760985,201612,25761,11290,己合备,11290640,沥釜3悼,1,40,2,0.666
8760992,201612,25761,11290,己合备,11290640,沥釜3悼,1,50,2,0.999
8760999,201612,25761,11290,己合备,11290640,沥釜3悼,1,60,2,0.444
8761006,201612,25761,11290,己合备,11290640,沥釜3悼,2,0,2,0.275
8761041,201612,25761,11290,己合备,11290640,沥釜3悼,2,50,2,0.275
8763211,201612,25784,11290,己合备,11290640,沥釜3悼,1,0,2,0.31573528
8763218,201612,25784,11290,己合备,11290640,沥釜3悼,1,10,2,0.014205882
8763225,201612,25784,11290,己合备,11290640,沥釜3悼,1,20,2,0.13696079
8763232,201612,25784,11290,己合备,11290640,沥釜3悼,1,30,2,0.036284313
8763239,201612,25784,11290,己合备,11290640,沥釜3悼,1,40,2,0.0665
8763246,201612,25784,11290,己合备,11290640,沥釜3悼,1,50,2,0.045754902
8763253,201612,25784,11290,己合备,11290640,沥釜3悼,1,60,2,0.016029412
8763260,201612,25784,11290,己合备,11290640,沥釜3悼,2,0,2,0.06590686
8763267,201612,25784,11290,己合备,11290640,沥釜3悼,2,10,2,0.0008088235
8763274,201612,25784,11290,己合备,11290640,沥釜3悼,2,20,2,0.015882352
8763281,201612,25784,11290,己合备,11290640,沥釜3悼,2,30,2,0.008970588
8763288,201612,25784,11290,己合备,11290640,沥釜3悼,2,40,2,0.016544119
8763295,201612,25784,11290,己合备,11290640,沥釜3悼,2,50,2,0.015514706
8763302,201612,25784,11290,己合备,11290640,沥釜3悼,2,60,2,0.008186274
8763603,201612,25788,11290,己合备,11290640,沥釜3悼,1,0,2,0.665
8763624,201612,25788,11290,己合备,11290640,沥釜3悼,1,30,2,0.095
8763631,201612,25788,11290,己合备,11290640,沥釜3悼,1,40,2,0.095
8763638,201612,25788,11290,己合备,11290640,沥釜3悼,1,50,2,0.475
8765367,201612,25804,11290,己合备,11290640,沥釜3悼,1,0,2,4.8406
8765374,201612,25804,11290,己合备,11290640,沥釜3悼,1,10,2,0.4665
8765381,201612,25804,11290,己合备,11290640,沥釜3悼,1,20,2,0.9473
8765388,201612,25804,11290,己合备,11290640,沥釜3悼,1,30,2,0.8
8765395,201612,25804,11290,己合备,11290640,沥釜3悼,1,40,2,1.0134
8765402,201612,25804,11290,己合备,11290640,沥釜3悼,1,50,2,0.9599
8765409,201612,25804,11290,己合备,11290640,沥釜3悼,1,60,2,0.6535
8765416,201612,25804,11290,己合备,11290640,沥釜3悼,2,0,2,2.2665
8765423,201612,25804,11290,己合备,11290640,沥釜3悼,2,10,2,0.03325
8765430,201612,25804,11290,己合备,11290640,沥釜3悼,2,20,2,0.3665
8765437,201612,25804,11290,己合备,11290640,沥釜3悼,2,30,2,0.3665
8765444,201612,25804,11290,己合备,11290640,沥釜3悼,2,40,2,0.5335
8765451,201612,25804,11290,己合备,11290640,沥釜3悼,2,50,2,0.63325
8765458,201612,25804,11290,己合备,11290640,沥釜3悼,2,60,2,0.3335
8765465,201612,25805,11290,己合备,11290640,沥釜3悼,1,0,2,0.12
8765479,201612,25805,11290,己合备,11290640,沥釜3悼,1,20,2,0.12
8766151,201612,25811,11290,己合备,11290640,沥釜3悼,1,0,2,4.617
8766165,201612,25811,11290,己合备,11290640,沥釜3悼,1,20,2,0.61333334
8766172,201612,25811,11290,己合备,11290640,沥釜3悼,1,30,2,0.98333335
8766179,201612,25811,11290,己合备,11290640,沥釜3悼,1,40,2,1.2766666
8766186,201612,25811,11290,己合备,11290640,沥釜3悼,1,50,2,1.0563333
8766193,201612,25811,11290,己合备,11290640,沥釜3悼,1,60,2,0.68733335
8766200,201612,25811,11290,己合备,11290640,沥釜3悼,2,0,2,1.6383333
8766221,201612,25811,11290,己合备,11290640,沥釜3悼,2,30,2,0.3025
8766228,201612,25811,11290,己合备,11290640,沥釜3悼,2,40,2,0.5466667
8766235,201612,25811,11290,己合备,11290640,沥釜3悼,2,50,2,0.6075
8766242,201612,25811,11290,己合备,11290640,沥釜3悼,2,60,2,0.18166667
8767033,201612,25821,11290,己合备,11290640,沥釜3悼,1,0,2,1.3601538
8767040,201612,25821,11290,己合备,11290640,沥釜3悼,1,10,2,0.052615386
8767054,201612,25821,11290,己合备,11290640,沥釜3悼,1,30,2,0.19153847
8767061,201612,25821,11290,己合备,11290640,沥釜3悼,1,40,2,0.33946154
8767068,201612,25821,11290,己合备,11290640,沥釜3悼,1,50,2,0.5596154
8767075,201612,25821,11290,己合备,11290640,沥釜3悼,1,60,2,0.21692307
8767082,201612,25821,11290,己合备,11290640,沥釜3悼,2,0,2,0.1826923
8767103,201612,25821,11290,己合备,11290640,沥釜3悼,2,30,2,0.032307692
8767110,201612,25821,11290,己合备,11290640,沥釜3悼,2,40,2,0.064615384
8767117,201612,25821,11290,己合备,11290640,沥釜3悼,2,50,2,0.08576923
8768699,201612,25839,11290,己合备,11290640,沥釜3悼,1,0,2,0.5985
8768720,201612,25839,11290,己合备,11290640,沥釜3悼,1,30,2,0.0855
8768727,201612,25839,11290,己合备,11290640,沥釜3悼,1,40,2,0.0855
8768734,201612,25839,11290,己合备,11290640,沥釜3悼,1,50,2,0.4275
8771835,201612,25869,11290,己合备,11290640,沥釜3悼,1,0,2,13.912
8771849,201612,25869,11290,己合备,11290640,沥釜3悼,1,20,2,1.85
8771856,201612,25869,11290,己合备,11290640,沥釜3悼,1,30,2,2.96
8771863,201612,25869,11290,己合备,11290640,沥釜3悼,1,40,2,3.848
8771870,201612,25869,11290,己合备,11290640,沥釜3悼,1,50,2,3.182
8771877,201612,25869,11290,己合备,11290640,沥釜3悼,1,60,2,2.072
8771884,201612,25869,11290,己合备,11290640,沥釜3悼,2,0,2,4.935
8771905,201612,25869,11290,己合备,11290640,沥釜3悼,2,30,2,0.9125
8771912,201612,25869,11290,己合备,11290640,沥釜3悼,2,40,2,1.645
8771919,201612,25869,11290,己合备,11290640,沥釜3悼,2,50,2,1.83
8771926,201612,25869,11290,己合备,11290640,沥釜3悼,2,60,2,0.5475
8777225,201612,25928,11290,己合备,11290640,沥釜3悼,1,0,2,0.318
8777239,201612,25928,11290,己合备,11290640,沥釜3悼,1,20,2,0.318
8778695,201612,25942,11290,己合备,11290640,沥釜3悼,1,0,2,1.9425
8778709,201612,25942,11290,己合备,11290640,沥釜3悼,1,20,2,1.2785
8778723,201612,25942,11290,己合备,11290640,沥釜3悼,1,40,2,0.531
8778730,201612,25942,11290,己合备,11290640,沥釜3悼,1,50,2,0.133
8778793,201612,25943,11290,己合备,11290640,沥釜3悼,1,0,2,0.9573333
8778807,201612,25943,11290,己合备,11290640,沥釜3悼,1,20,2,0.744
8778821,201612,25943,11290,己合备,11290640,沥釜3悼,1,40,2,0.17066666
8778828,201612,25943,11290,己合备,11290640,沥釜3悼,1,50,2,0.042666666
8779773,201612,25953,11290,己合备,11290640,沥釜3悼,1,0,2,0.7482857
8779787,201612,25953,11290,己合备,11290640,沥釜3悼,1,20,2,0.604
8779801,201612,25953,11290,己合备,11290640,沥釜3悼,1,40,2,0.115428574
8779808,201612,25953,11290,己合备,11290640,沥釜3悼,1,50,2,0.028857144
8781047,201612,25967,11290,己合备,11290640,沥釜3悼,1,0,2,1.7795
8781061,201612,25967,11290,己合备,11290640,沥釜3悼,1,20,2,0.057
8781068,201612,25967,11290,己合备,11290640,沥釜3悼,1,30,2,0.26475
8781075,201612,25967,11290,己合备,11290640,沥釜3悼,1,40,2,0.6245
8781082,201612,25967,11290,己合备,11290640,沥釜3悼,1,50,2,0.60575
8781089,201612,25967,11290,己合备,11290640,沥釜3悼,1,60,2,0.2275
8781096,201612,25967,11290,己合备,11290640,沥釜3悼,2,0,2,0.28
8781117,201612,25967,11290,己合备,11290640,沥釜3悼,2,30,2,0.046875
8781124,201612,25967,11290,己合备,11290640,沥釜3悼,2,40,2,0.093125
8781131,201612,25967,11290,己合备,11290640,沥釜3悼,2,50,2,0.093125
8781138,201612,25967,11290,己合备,11290640,沥釜3悼,2,60,2,0.046875
8781145,201612,25968,11290,己合备,11290640,沥釜3悼,1,0,2,4.15225
8781159,201612,25968,11290,己合备,11290640,沥釜3悼,1,20,2,0.1125
8781166,201612,25968,11290,己合备,11290640,沥釜3悼,1,30,2,0.63475
8781173,201612,25968,11290,己合备,11290640,沥釜3悼,1,40,2,1.4015
8781180,201612,25968,11290,己合备,11290640,沥釜3悼,1,50,2,1.4445
8781187,201612,25968,11290,己合备,11290640,沥釜3悼,1,60,2,0.559
8781194,201612,25968,11290,己合备,11290640,沥釜3悼,2,0,2,0.6225
8781215,201612,25968,11290,己合备,11290640,沥釜3悼,2,30,2,0.0925
8781222,201612,25968,11290,己合备,11290640,沥釜3悼,2,40,2,0.184375
8781229,201612,25968,11290,己合备,11290640,沥釜3悼,2,50,2,0.253125
8781236,201612,25968,11290,己合备,11290640,沥釜3悼,2,60,2,0.0925
8781439,201612,25971,11290,己合备,11290640,沥釜3悼,1,0,2,4.04225
8781446,201612,25971,11290,己合备,11290640,沥釜3悼,1,10,2,0.125
8781453,201612,25971,11290,己合备,11290640,沥釜3悼,1,20,2,0.23433334
8781460,201612,25971,11290,己合备,11290640,沥釜3悼,1,30,2,0.73191667
8781467,201612,25971,11290,己合备,11290640,沥釜3悼,1,40,2,1.1115834
8781474,201612,25971,11290,己合备,11290640,沥釜3悼,1,50,2,1.25075
8781481,201612,25971,11290,己合备,11290640,沥釜3悼,1,60,2,0.5886667
8781488,201612,25971,11290,己合备,11290640,沥釜3悼,2,0,2,1.1247916
8781509,201612,25971,11290,己合备,11290640,沥釜3悼,2,30,2,0.19145833
8781516,201612,25971,11290,己合备,11290640,沥釜3悼,2,40,2,0.35229167
8781523,201612,25971,11290,己合备,11290640,沥釜3悼,2,50,2,0.45895833
8781530,201612,25971,11290,己合备,11290640,沥釜3悼,2,60,2,0.122083336
8781537,201612,25972,11290,己合备,11290640,沥釜3悼,1,0,2,11.514286
8781544,201612,25972,11290,己合备,11290640,沥釜3悼,1,10,2,0.27785715
8781551,201612,25972,11290,己合备,11290640,沥釜3悼,1,20,2,1.0545714
8781558,201612,25972,11290,己合备,11290640,沥釜3悼,1,30,2,2.2364285
8781565,201612,25972,11290,己合备,11290640,沥釜3悼,1,40,2,3.132
8781572,201612,25972,11290,己合备,11290640,沥釜3悼,1,50,2,3.089857
8781579,201612,25972,11290,己合备,11290640,沥釜3悼,1,60,2,1.7235714
8781586,201612,25972,11290,己合备,11290640,沥釜3悼,2,0,2,4.0607142
8781607,201612,25972,11290,己合备,11290640,沥釜3悼,2,30,2,0.6867857
8781614,201612,25972,11290,己合备,11290640,沥釜3悼,2,40,2,1.2357143
8781621,201612,25972,11290,己合备,11290640,沥釜3悼,2,50,2,1.5882143
8781628,201612,25972,11290,己合备,11290640,沥釜3悼,2,60,2,0.55
8782615,201612,25985,11290,己合备,11290640,沥釜3悼,1,0,2,5.4723334
8782636,201612,25985,11290,己合备,11290640,沥釜3悼,1,30,2,0.7443333
8782643,201612,25985,11290,己合备,11290640,沥釜3悼,1,40,2,1.6206666
8782650,201612,25985,11290,己合备,11290640,沥釜3悼,1,50,2,2.0246665
8782657,201612,25985,11290,己合备,11290640,沥釜3悼,1,60,2,1.0826666
8782664,201612,25985,11290,己合备,11290640,沥釜3悼,2,0,2,1.1716666
8782685,201612,25985,11290,己合备,11290640,沥釜3悼,2,30,2,0.16666667
8782692,201612,25985,11290,己合备,11290640,沥釜3悼,2,40,2,0.33583334
8782699,201612,25985,11290,己合备,11290640,沥釜3悼,2,50,2,0.5025
8782706,201612,25985,11290,己合备,11290640,沥釜3悼,2,60,2,0.16666667
8783007,201612,25989,11290,己合备,11290640,沥釜3悼,1,0,2,0.71
8783021,201612,25989,11290,己合备,11290640,沥釜3悼,1,20,2,0.71
8783203,201612,25990,11290,己合备,11290640,沥釜3悼,1,0,2,0.64533335
8783217,201612,25990,11290,己合备,11290640,沥釜3悼,1,20,2,0.64533335
8785457,201612,26011,11290,己合备,11290640,沥釜3悼,1,0,2,10.394
8785471,201612,26011,11290,己合备,11290640,沥釜3悼,1,20,2,1.385
8785478,201612,26011,11290,己合备,11290640,沥釜3悼,1,30,2,2.21
8785485,201612,26011,11290,己合备,11290640,沥釜3悼,1,40,2,2.874
8785492,201612,26011,11290,己合备,11290640,沥釜3悼,1,50,2,2.375
8785499,201612,26011,11290,己合备,11290640,沥釜3悼,1,60,2,1.55
8785506,201612,26011,11290,己合备,11290640,沥釜3悼,2,0,2,3.6875
8785527,201612,26011,11290,己合备,11290640,沥釜3悼,2,30,2,0.6825
8785534,201612,26011,11290,己合备,11290640,沥釜3悼,2,40,2,1.2275
8785541,201612,26011,11290,己合备,11290640,沥釜3悼,2,50,2,1.3675
8785548,201612,26011,11290,己合备,11290640,沥釜3悼,2,60,2,0.41
8786241,201612,26019,11290,己合备,11290640,沥釜3悼,1,0,2,6.929333
8786255,201612,26019,11290,己合备,11290640,沥釜3悼,1,20,2,0.92333335
8786262,201612,26019,11290,己合备,11290640,沥釜3悼,1,30,2,1.4733334
8786269,201612,26019,11290,己合备,11290640,沥釜3悼,1,40,2,1.916
8786276,201612,26019,11290,己合备,11290640,沥釜3悼,1,50,2,1.5833334
8786283,201612,26019,11290,己合备,11290640,沥釜3悼,1,60,2,1.0333333
8786290,201612,26019,11290,己合备,11290640,沥釜3悼,2,0,2,2.4633334
8786311,201612,26019,11290,己合备,11290640,沥釜3悼,2,30,2,0.45583335
8786318,201612,26019,11290,己合备,11290640,沥釜3悼,2,40,2,0.82
8786325,201612,26019,11290,己合备,11290640,沥釜3悼,2,50,2,0.91333336
8786332,201612,26019,11290,己合备,11290640,沥釜3悼,2,60,2,0.27416667
8786829,201612,26025,11290,己合备,11290640,沥釜3悼,1,0,2,0.56733334
8786850,201612,26025,11290,己合备,11290640,沥釜3悼,1,30,2,0.09866667
8786857,201612,26025,11290,己合备,11290640,沥釜3悼,1,40,2,0.148
8786864,201612,26025,11290,己合备,11290640,沥釜3悼,1,50,2,0.222
8786871,201612,26025,11290,己合备,11290640,沥釜3悼,1,60,2,0.09866667
8786878,201612,26025,11290,己合备,11290640,沥釜3悼,2,0,2,0.060833335
8786913,201612,26025,11290,己合备,11290640,沥釜3悼,2,50,2,0.060833335
8786927,201612,26026,11290,己合备,11290640,沥釜3悼,1,0,2,5.222
8786941,201612,26026,11290,己合备,11290640,沥釜3悼,1,20,2,0.695
8786948,201612,26026,11290,己合备,11290640,沥釜3悼,1,30,2,1.11
8786955,201612,26026,11290,己合备,11290640,沥釜3悼,1,40,2,1.444
8786962,201612,26026,11290,己合备,11290640,沥釜3悼,1,50,2,1.194
8786969,201612,26026,11290,己合备,11290640,沥釜3悼,1,60,2,0.779
8786976,201612,26026,11290,己合备,11290640,沥釜3悼,2,0,2,1.8525
8786997,201612,26026,11290,己合备,11290640,沥釜3悼,2,30,2,0.3425
8787004,201612,26026,11290,己合备,11290640,沥釜3悼,2,40,2,0.6175
8787011,201612,26026,11290,己合备,11290640,沥釜3悼,2,50,2,0.68625
8787018,201612,26026,11290,己合备,11290640,沥釜3悼,2,60,2,0.20625
8789965,201612,26057,11290,己合备,11290640,沥釜3悼,1,0,2,0.2857143
8789979,201612,26057,11290,己合备,11290640,沥釜3悼,1,20,2,0.2857143
8791239,201612,26070,11290,己合备,11290640,沥釜3悼,1,0,2,14.652
8791246,201612,26070,11290,己合备,11290640,沥釜3悼,1,10,2,0.37
8791253,201612,26070,11290,己合备,11290640,沥釜3悼,1,20,2,1.406
8791260,201612,26070,11290,己合备,11290640,沥釜3悼,1,30,2,2.812
8791267,201612,26070,11290,己合备,11290640,沥釜3悼,1,40,2,3.922
8791274,201612,26070,11290,己合备,11290640,沥釜3悼,1,50,2,3.922
8791281,201612,26070,11290,己合备,11290640,沥釜3悼,1,60,2,2.22
8791288,201612,26070,11290,己合备,11290640,沥釜3悼,2,0,2,5.3075
8791309,201612,26070,11290,己合备,11290640,沥釜3悼,2,30,2,0.915
8791316,201612,26070,11290,己合备,11290640,沥釜3悼,2,40,2,1.6475
8791323,201612,26070,11290,己合备,11290640,沥釜3悼,2,50,2,2.0125
8791330,201612,26070,11290,己合备,11290640,沥釜3悼,2,60,2,0.7325
8793297,201612,26092,11290,己合备,11290640,沥釜3悼,1,0,2,0.38555557
8793311,201612,26092,11290,己合备,11290640,沥釜3悼,1,20,2,0.38555557
8793885,201612,26099,11290,己合备,11290640,沥釜3悼,1,0,2,2.1713333
8793899,201612,26099,11290,己合备,11290640,沥釜3悼,1,20,2,0.076
8793906,201612,26099,11290,己合备,11290640,沥釜3悼,1,30,2,0.37833333
8793913,201612,26099,11290,己合备,11290640,沥釜3悼,1,40,2,0.858
8793920,201612,26099,11290,己合备,11290640,沥釜3悼,1,50,2,0.682
8793927,201612,26099,11290,己合备,11290640,沥釜3悼,1,60,2,0.177
8793934,201612,26099,11290,己合备,11290640,沥釜3悼,2,0,2,0.37333333
8793955,201612,26099,11290,己合备,11290640,沥釜3悼,2,30,2,0.0625
8793962,201612,26099,11290,己合备,11290640,沥釜3悼,2,40,2,0.12416667
8793969,201612,26099,11290,己合备,11290640,沥釜3悼,2,50,2,0.12416667
8793976,201612,26099,11290,己合备,11290640,沥釜3悼,2,60,2,0.0625
8794081,201612,26100,11290,己合备,11290640,沥釜3悼,1,0,2,2.9906666
8794095,201612,26100,11290,己合备,11290640,沥釜3悼,1,20,2,0.114
8794102,201612,26100,11290,己合备,11290640,沥釜3悼,1,30,2,0.52933335
8794109,201612,26100,11290,己合备,11290640,沥釜3悼,1,40,2,1.2486666
8794116,201612,26100,11290,己合备,11290640,沥釜3悼,1,50,2,0.8326667
8794123,201612,26100,11290,己合备,11290640,沥釜3悼,1,60,2,0.266
8794130,201612,26100,11290,己合备,11290640,沥釜3悼,2,0,2,0.56
8794151,201612,26100,11290,己合备,11290640,沥釜3悼,2,30,2,0.093333334
8794158,201612,26100,11290,己合备,11290640,沥釜3悼,2,40,2,0.18666667
8794165,201612,26100,11290,己合备,11290640,沥釜3悼,2,50,2,0.18666667
8794172,201612,26100,11290,己合备,11290640,沥釜3悼,2,60,2,0.093333334
8801529,201612,26174,11290,己合备,11290640,沥釜3悼,1,0,2,0.5
8801543,201612,26174,11290,己合备,11290640,沥釜3悼,1,20,2,0.5
8801627,201612,26175,11290,己合备,11290640,沥釜3悼,1,0,2,0.07083333
8801641,201612,26175,11290,己合备,11290640,沥釜3悼,1,20,2,0.07083333
8802607,201612,26184,11290,己合备,11290640,沥釜3悼,1,0,2,6.338
8802621,201612,26184,11290,己合备,11290640,沥釜3悼,1,20,2,0.224
8802628,201612,26184,11290,己合备,11290640,沥釜3悼,1,30,2,1.0436667
8802635,201612,26184,11290,己合备,11290640,沥釜3悼,1,40,2,2.4606667
8802642,201612,26184,11290,己合备,11290640,沥釜3悼,1,50,2,1.9383334
8802649,201612,26184,11290,己合备,11290640,沥釜3悼,1,60,2,0.6713333
8802656,201612,26184,11290,己合备,11290640,沥釜3悼,2,0,2,1.1033334
8802677,201612,26184,11290,己合备,11290640,沥釜3悼,2,30,2,0.18416667
8802684,201612,26184,11290,己合备,11290640,沥釜3悼,2,40,2,0.3675
8802691,201612,26184,11290,己合备,11290640,沥釜3悼,2,50,2,0.3675
8802698,201612,26184,11290,己合备,11290640,沥釜3悼,2,60,2,0.18416667
8802705,201612,26185,11290,己合备,11290640,沥釜3悼,1,0,2,17.538
8802719,201612,26185,11290,己合备,11290640,沥釜3悼,1,20,2,0.666
8802726,201612,26185,11290,己合备,11290640,沥釜3悼,1,30,2,3.108
8802733,201612,26185,11290,己合备,11290640,沥釜3悼,1,40,2,7.326
8802740,201612,26185,11290,己合备,11290640,沥釜3悼,1,50,2,4.884
8802747,201612,26185,11290,己合备,11290640,沥釜3悼,1,60,2,1.554
8802754,201612,26185,11290,己合备,11290640,沥釜3悼,2,0,2,3.285
8802775,201612,26185,11290,己合备,11290640,沥釜3悼,2,30,2,0.5475
8802782,201612,26185,11290,己合备,11290640,沥釜3悼,2,40,2,1.095
8802789,201612,26185,11290,己合备,11290640,沥釜3悼,2,50,2,1.095
8802796,201612,26185,11290,己合备,11290640,沥釜3悼,2,60,2,0.5475
8803979,201612,26197,11290,己合备,11290640,沥釜3悼,1,0,2,11.395875
8803986,201612,26197,11290,己合备,11290640,沥釜3悼,1,10,2,0.425625
8803993,201612,26197,11290,己合备,11290640,沥釜3悼,1,20,2,1.107375
8804000,201612,26197,11290,己合备,11290640,沥釜3悼,1,30,2,1.786125
8804007,201612,26197,11290,己合备,11290640,沥釜3悼,1,40,2,2.777
8804014,201612,26197,11290,己合备,11290640,沥釜3悼,1,50,2,2.927625
8804021,201612,26197,11290,己合备,11290640,沥釜3悼,1,60,2,2.372125
8804028,201612,26197,11290,己合备,11290640,沥釜3悼,2,0,2,5.0425
8804042,201612,26197,11290,己合备,11290640,沥釜3悼,2,20,2,0.6325
8804049,201612,26197,11290,己合备,11290640,沥釜3悼,2,30,2,0.81
8804056,201612,26197,11290,己合备,11290640,沥釜3悼,2,40,2,1.13
8804063,201612,26197,11290,己合备,11290640,沥釜3悼,2,50,2,1.4490625
8804070,201612,26197,11290,己合备,11290640,沥釜3悼,2,60,2,1.0209374
8804175,201612,26199,11290,己合备,11290640,沥釜3悼,1,0,2,17.590666
8804189,201612,26199,11290,己合备,11290640,沥釜3悼,1,20,2,0.668
8804196,201612,26199,11290,己合备,11290640,沥釜3悼,1,30,2,3.1173334
8804203,201612,26199,11290,己合备,11290640,沥釜3悼,1,40,2,7.348
8804210,201612,26199,11290,己合备,11290640,沥釜3悼,1,50,2,4.898667
8804217,201612,26199,11290,己合备,11290640,沥釜3悼,1,60,2,1.5586667
8804224,201612,26199,11290,己合备,11290640,沥釜3悼,2,0,2,3.295
8804245,201612,26199,11290,己合备,11290640,沥釜3悼,2,30,2,0.5491667
8804252,201612,26199,11290,己合备,11290640,沥釜3悼,2,40,2,1.0983334
8804259,201612,26199,11290,己合备,11290640,沥釜3悼,2,50,2,1.0983334
8804266,201612,26199,11290,己合备,11290640,沥釜3悼,2,60,2,0.5491667
8807115,201612,26228,11290,己合备,11290640,沥釜3悼,1,0,2,3.6406667
8807136,201612,26228,11290,己合备,11290640,沥釜3悼,1,30,2,0.49366668
8807143,201612,26228,11290,己合备,11290640,沥釜3悼,1,40,2,1.1073333
8807150,201612,26228,11290,己合备,11290640,沥釜3悼,1,50,2,1.2823334
8807157,201612,26228,11290,己合备,11290640,沥釜3悼,1,60,2,0.75733334
8807164,201612,26228,11290,己合备,11290640,沥釜3悼,2,0,2,0.82
8807185,201612,26228,11290,己合备,11290640,沥釜3悼,2,30,2,0.11666667
8807192,201612,26228,11290,己合备,11290640,沥釜3悼,2,40,2,0.235
8807199,201612,26228,11290,己合备,11290640,沥釜3悼,2,50,2,0.35166666
8807206,201612,26228,11290,己合备,11290640,沥釜3悼,2,60,2,0.11666667
8807801,201612,26235,11290,己合备,11290640,沥釜3悼,1,0,2,0.74
8807815,201612,26235,11290,己合备,11290640,沥釜3悼,1,20,2,0.74
8807899,201612,26236,11290,己合备,11290640,沥釜3悼,1,0,2,0.28125
8807913,201612,26236,11290,己合备,11290640,沥釜3悼,1,20,2,0.28125
8808487,201612,26241,11290,己合备,11290640,沥釜3悼,1,0,2,0.35466668
8808508,201612,26241,11290,己合备,11290640,沥釜3悼,1,30,2,0.050666668
8808515,201612,26241,11290,己合备,11290640,沥釜3悼,1,40,2,0.050666668
8808522,201612,26241,11290,己合备,11290640,沥釜3悼,1,50,2,0.25333333
8808683,201612,26244,11290,己合备,11290640,沥釜3悼,1,0,2,12.506
8808690,201612,26244,11290,己合备,11290640,沥釜3悼,1,10,2,0.37
8808697,201612,26244,11290,己合备,11290640,沥釜3悼,1,20,2,1.406
8808704,201612,26244,11290,己合备,11290640,沥釜3悼,1,30,2,2.516
8808711,201612,26244,11290,己合备,11290640,沥釜3悼,1,40,2,3.478
8808718,201612,26244,11290,己合备,11290640,沥釜3悼,1,50,2,2.96
8808725,201612,26244,11290,己合备,11290640,沥釜3悼,1,60,2,1.776
8808732,201612,26244,11290,己合备,11290640,沥釜3悼,2,0,2,5.125
8808753,201612,26244,11290,己合备,11290640,沥釜3悼,2,30,2,0.915
8808760,201612,26244,11290,己合备,11290640,沥釜3悼,2,40,2,1.6475
8808767,201612,26244,11290,己合备,11290640,沥釜3悼,2,50,2,1.83
8808774,201612,26244,11290,己合备,11290640,沥釜3悼,2,60,2,0.7325
8808977,201612,26248,11290,己合备,11290640,沥釜3悼,1,0,2,5.8355
8808984,201612,26248,11290,己合备,11290640,沥釜3悼,1,10,2,0.38833332
8808991,201612,26248,11290,己合备,11290640,沥釜3悼,1,20,2,1.6468333
8808998,201612,26248,11290,己合备,11290640,沥釜3悼,1,30,2,0.6666667
8809005,201612,26248,11290,己合备,11290640,沥釜3悼,1,40,2,1.3721666
8809012,201612,26248,11290,己合备,11290640,沥釜3悼,1,50,2,1.161
8809019,201612,26248,11290,己合备,11290640,沥釜3悼,1,60,2,0.6005
8809026,201612,26248,11290,己合备,11290640,沥釜3悼,2,0,2,1.9575
8809033,201612,26248,11290,己合备,11290640,沥釜3悼,2,10,2,0.0275
8809040,201612,26248,11290,己合备,11290640,沥釜3悼,2,20,2,0.37416667
8809047,201612,26248,11290,己合备,11290640,沥釜3悼,2,30,2,0.305
8809054,201612,26248,11290,己合备,11290640,沥釜3悼,2,40,2,0.445
8809061,201612,26248,11290,己合备,11290640,沥釜3悼,2,50,2,0.5275
8809068,201612,26248,11290,己合备,11290640,沥釜3悼,2,60,2,0.27833334
8815053,201612,26308,11290,己合备,11290640,沥釜3悼,1,0,2,12.443889
8815060,201612,26308,11290,己合备,11290640,沥釜3悼,1,10,2,1.1042222
8815067,201612,26308,11290,己合备,11290640,沥釜3悼,1,20,2,2.3545556
8815074,201612,26308,11290,己合备,11290640,沥釜3悼,1,30,2,2.0445557
8815081,201612,26308,11290,己合备,11290640,沥釜3悼,1,40,2,2.9243333
8815088,201612,26308,11290,己合备,11290640,沥釜3悼,1,50,2,2.5184445
8815095,201612,26308,11290,己合备,11290640,沥釜3悼,1,60,2,1.4977778
8815102,201612,26308,11290,己合备,11290640,沥釜3悼,2,0,2,5.3438888
8815109,201612,26308,11290,己合备,11290640,沥釜3悼,2,10,2,0.07611111
8815116,201612,26308,11290,己合备,11290640,沥釜3悼,2,20,2,0.9458333
8815123,201612,26308,11290,己合备,11290640,沥釜3悼,2,30,2,0.8397222
8815130,201612,26308,11290,己合备,11290640,沥釜3悼,2,40,2,1.2666667
8815137,201612,26308,11290,己合备,11290640,沥釜3悼,2,50,2,1.4511111
8815144,201612,26308,11290,己合备,11290640,沥釜3悼,2,60,2,0.7644445
8815151,201612,26309,11290,己合备,11290640,沥釜3悼,1,0,2,11.57
8815158,201612,26309,11290,己合备,11290640,沥釜3悼,1,10,2,1.108
8815165,201612,26309,11290,己合备,11290640,沥釜3悼,1,20,2,2.0984
8815172,201612,26309,11290,己合备,11290640,沥釜3悼,1,30,2,1.9
8815179,201612,26309,11290,己合备,11290640,沥釜3悼,1,40,2,2.5568
8815186,201612,26309,11290,己合备,11290640,沥釜3悼,1,50,2,2.3548
8815193,201612,26309,11290,己合备,11290640,沥釜3悼,1,60,2,1.552
8815200,201612,26309,11290,己合备,11290640,沥釜3悼,2,0,2,5.4205
8815207,201612,26309,11290,己合备,11290640,沥釜3悼,2,10,2,0.079
8815214,201612,26309,11290,己合备,11290640,沥釜3悼,2,20,2,0.908
8815221,201612,26309,11290,己合备,11290640,沥釜3悼,2,30,2,0.8705
8815228,201612,26309,11290,己合备,11290640,沥釜3悼,2,40,2,1.267
8815235,201612,26309,11290,己合备,11290640,沥釜3悼,2,50,2,1.504
8815242,201612,26309,11290,己合备,11290640,沥釜3悼,2,60,2,0.792
8815347,201612,26310,11290,己合备,11290640,沥釜3悼,1,0,2,4.617
8815361,201612,26310,11290,己合备,11290640,沥釜3悼,1,20,2,0.61333334
8815368,201612,26310,11290,己合备,11290640,沥釜3悼,1,30,2,0.98333335
8815375,201612,26310,11290,己合备,11290640,沥釜3悼,1,40,2,1.2766666
8815382,201612,26310,11290,己合备,11290640,沥釜3悼,1,50,2,1.0563333
8815389,201612,26310,11290,己合备,11290640,沥釜3悼,1,60,2,0.68733335
8815396,201612,26310,11290,己合备,11290640,沥釜3悼,2,0,2,1.6383333
8815417,201612,26310,11290,己合备,11290640,沥釜3悼,2,30,2,0.3025
8815424,201612,26310,11290,己合备,11290640,沥釜3悼,2,40,2,0.5466667
8815431,201612,26310,11290,己合备,11290640,沥釜3悼,2,50,2,0.6075
8815438,201612,26310,11290,己合备,11290640,沥釜3悼,2,60,2,0.18166667
8817209,201612,26329,11290,己合备,11290640,沥釜3悼,1,0,2,0.625
8817223,201612,26329,11290,己合备,11290640,沥釜3悼,1,20,2,0.625
8820345,201612,26359,11290,己合备,11290640,沥釜3悼,1,0,2,7.56625
8820359,201612,26359,11290,己合备,11290640,沥釜3悼,1,20,2,0.288
8820366,201612,26359,11290,己合备,11290640,沥釜3悼,1,30,2,1.3415
8820373,201612,26359,11290,己合备,11290640,沥釜3悼,1,40,2,3.15925
8820380,201612,26359,11290,己合备,11290640,沥釜3悼,1,50,2,2.106
8820387,201612,26359,11290,己合备,11290640,沥釜3悼,1,60,2,0.6715
8820394,201612,26359,11290,己合备,11290640,沥釜3悼,2,0,2,1.41625
8820415,201612,26359,11290,己合备,11290640,沥釜3悼,2,30,2,0.23625
8820422,201612,26359,11290,己合备,11290640,沥釜3悼,2,40,2,0.471875
8820429,201612,26359,11290,己合备,11290640,沥釜3悼,2,50,2,0.471875
8820436,201612,26359,11290,己合备,11290640,沥釜3悼,2,60,2,0.23625
8826519,201612,26420,11290,己合备,11290640,沥釜3悼,1,0,2,0.114583336
8826533,201612,26420,11290,己合备,11290640,沥釜3悼,1,20,2,0.114583336
8830047,201612,26456,11290,己合备,11290630,沥釜2悼,1,0,2,38.083
8830054,201612,26456,11290,己合备,11290630,沥釜2悼,1,10,2,2.328
8830061,201612,26456,11290,己合备,11290630,沥釜2悼,1,20,2,2.554
8830068,201612,26456,11290,己合备,11290630,沥釜2悼,1,30,2,8.342
8830075,201612,26456,11290,己合备,11290630,沥釜2悼,1,40,2,10.897
8830082,201612,26456,11290,己合备,11290630,沥釜2悼,1,50,2,8.399
8830089,201612,26456,11290,己合备,11290630,沥釜2悼,1,60,2,5.563
8830096,201612,26456,11290,己合备,11290630,沥釜2悼,2,0,2,17.2925
8830110,201612,26456,11290,己合备,11290630,沥釜2悼,2,20,2,0.5625
8830117,201612,26456,11290,己合备,11290630,沥釜2悼,2,30,2,3.3725
8830124,201612,26456,11290,己合备,11290630,沥釜2悼,2,40,2,5.765
8830131,201612,26456,11290,己合备,11290630,沥釜2悼,2,50,2,5.06
8830138,201612,26456,11290,己合备,11290630,沥釜2悼,2,60,2,2.5325
8830145,201612,26457,11290,己合备,11290630,沥釜2悼,1,0,2,32.071
8830152,201612,26457,11290,己合备,11290630,沥釜2悼,1,10,2,1.325
8830159,201612,26457,11290,己合备,11290630,沥釜2悼,1,20,2,0.38
8830166,201612,26457,11290,己合备,11290630,沥釜2悼,1,30,2,7.6615
8830173,201612,26457,11290,己合备,11290630,沥釜2悼,1,40,2,10.575
8830180,201612,26457,11290,己合备,11290630,沥釜2悼,1,50,2,7.8145
8830187,201612,26457,11290,己合备,11290630,沥釜2悼,1,60,2,4.315
8830194,201612,26457,11290,己合备,11290630,沥釜2悼,2,0,2,14.32875
8830215,201612,26457,11290,己合备,11290630,沥釜2悼,2,30,2,2.80625
8830222,201612,26457,11290,己合备,11290630,沥釜2悼,2,40,2,5.34
8830229,201612,26457,11290,己合备,11290630,沥釜2悼,2,50,2,4.5425
8830236,201612,26457,11290,己合备,11290630,沥釜2悼,2,60,2,1.64
8833869,201612,26493,11290,己合备,11290640,沥釜3悼,1,0,2,3.34
8833883,201612,26493,11290,己合备,11290640,沥釜3悼,1,20,2,0.126
8833890,201612,26493,11290,己合备,11290640,沥釜3悼,1,30,2,0.593
8833897,201612,26493,11290,己合备,11290640,沥釜3悼,1,40,2,1.396
8833904,201612,26493,11290,己合备,11290640,沥釜3悼,1,50,2,0.93
8833911,201612,26493,11290,己合备,11290640,沥釜3悼,1,60,2,0.295
8833918,201612,26493,11290,己合备,11290640,沥釜3悼,2,0,2,0.625
8833939,201612,26493,11290,己合备,11290640,沥釜3悼,2,30,2,0.105
8833946,201612,26493,11290,己合备,11290640,沥釜3悼,2,40,2,0.2075
8833953,201612,26493,11290,己合备,11290640,沥釜3悼,2,50,2,0.2075
8833960,201612,26493,11290,己合备,11290640,沥釜3悼,2,60,2,0.105
8840043,201612,26553,11290,己合备,11290640,沥釜3悼,1,0,2,6.65075
8840057,201612,26553,11290,己合备,11290640,沥釜3悼,1,20,2,0.25275
8840064,201612,26553,11290,己合备,11290640,沥釜3悼,1,30,2,1.178875
8840071,201612,26553,11290,己合备,11290640,沥釜3悼,1,40,2,2.77775
8840078,201612,26553,11290,己合备,11290640,沥釜3悼,1,50,2,1.85175
8840085,201612,26553,11290,己合备,11290640,沥釜3悼,1,60,2,0.589625
8840092,201612,26553,11290,己合备,11290640,沥釜3悼,2,0,2,1.245625
8840113,201612,26553,11290,己合备,11290640,沥釜3悼,2,30,2,0.2075
8840120,201612,26553,11290,己合备,11290640,沥釜3悼,2,40,2,0.4153125
8840127,201612,26553,11290,己合备,11290640,沥釜3悼,2,50,2,0.4153125
8840134,201612,26553,11290,己合备,11290640,沥釜3悼,2,60,2,0.2075
8844551,201612,26600,11290,己合备,11290640,沥釜3悼,1,0,2,2.6613333
8844565,201612,26600,11290,己合备,11290640,沥釜3悼,1,20,2,0.692
8844572,201612,26600,11290,己合备,11290640,沥釜3悼,1,30,2,0.423
8844579,201612,26600,11290,己合备,11290640,沥釜3悼,1,40,2,0.76233333
8844586,201612,26600,11290,己合备,11290640,沥釜3悼,1,50,2,0.57233334
8844593,201612,26600,11290,己合备,11290640,沥釜3悼,1,60,2,0.21166667
8844600,201612,26600,11290,己合备,11290640,沥釜3悼,2,0,2,0.52
8844621,201612,26600,11290,己合备,11290640,沥釜3悼,2,30,2,0.035
8844628,201612,26600,11290,己合备,11290640,沥釜3悼,2,40,2,0.17333333
8844635,201612,26600,11290,己合备,11290640,沥釜3悼,2,50,2,0.2425
8844642,201612,26600,11290,己合备,11290640,沥釜3悼,2,60,2,0.06916667
8846021,201612,26617,11290,己合备,11290640,沥釜3悼,1,0,2,10.333
8846035,201612,26617,11290,己合备,11290640,沥釜3悼,1,20,2,2.304
8846042,201612,26617,11290,己合备,11290640,沥釜3悼,1,30,2,1.485
8846049,201612,26617,11290,己合备,11290640,沥釜3悼,1,40,2,2.974
8846056,201612,26617,11290,己合备,11290640,沥釜3悼,1,50,2,2.455
8846063,201612,26617,11290,己合备,11290640,沥釜3悼,1,60,2,1.115
8846070,201612,26617,11290,己合备,11290640,沥釜3悼,2,0,2,2.755
8846091,201612,26617,11290,己合备,11290640,沥釜3悼,2,30,2,0.1825
8846098,201612,26617,11290,己合备,11290640,沥釜3悼,2,40,2,0.9175
8846105,201612,26617,11290,己合备,11290640,沥釜3悼,2,50,2,1.2875
8846112,201612,26617,11290,己合备,11290640,沥釜3悼,2,60,2,0.3675
8846707,201612,26624,11290,己合备,11290640,沥釜3悼,1,0,2,2.5125
8846721,201612,26624,11290,己合备,11290640,沥釜3悼,1,20,2,0.096
8846728,201612,26624,11290,己合备,11290640,沥釜3悼,1,30,2,0.4455
8846735,201612,26624,11290,己合备,11290640,沥釜3悼,1,40,2,1.0485
8846742,201612,26624,11290,己合备,11290640,沥釜3悼,1,50,2,0.699
8846749,201612,26624,11290,己合备,11290640,沥釜3悼,1,60,2,0.2235
8846756,201612,26624,11290,己合备,11290640,沥釜3悼,2,0,2,0.47
8846777,201612,26624,11290,己合备,11290640,沥釜3悼,2,30,2,0.07875
8846784,201612,26624,11290,己合备,11290640,沥釜3悼,2,40,2,0.15625
8846791,201612,26624,11290,己合备,11290640,沥釜3悼,2,50,2,0.15625
8846798,201612,26624,11290,己合备,11290640,沥釜3悼,2,60,2,0.07875
8851509,201612,26677,11290,己合备,11290640,沥釜3悼,1,0,2,6.5945
8851516,201612,26677,11290,己合备,11290640,沥釜3悼,1,10,2,0.47375
8851523,201612,26677,11290,己合备,11290640,沥釜3悼,1,20,2,1.570875
8851530,201612,26677,11290,己合备,11290640,沥釜3悼,1,30,2,0.8125
8851537,201612,26677,11290,己合备,11290640,沥釜3悼,1,40,2,1.629875
8851544,201612,26677,11290,己合备,11290640,沥釜3悼,1,50,2,1.381375
8851551,201612,26677,11290,己合备,11290640,沥釜3悼,1,60,2,0.726125
8851558,201612,26677,11290,己合备,11290640,沥釜3悼,2,0,2,2.3796875
8851565,201612,26677,11290,己合备,11290640,沥釜3悼,2,10,2,0.03375
8851572,201612,26677,11290,己合备,11290640,沥釜3悼,2,20,2,0.45
8851579,201612,26677,11290,己合备,11290640,沥釜3悼,2,30,2,0.3721875
8851586,201612,26677,11290,己合备,11290640,沥釜3悼,2,40,2,0.541875
8851593,201612,26677,11290,己合备,11290640,沥釜3悼,2,50,2,0.643125
8851600,201612,26677,11290,己合备,11290640,沥釜3悼,2,60,2,0.33875
8854351,201612,26707,11290,己合备,11290640,沥釜3悼,1,0,2,2.923
8854365,201612,26707,11290,己合备,11290640,沥釜3悼,1,20,2,0.111
8854372,201612,26707,11290,己合备,11290640,沥釜3悼,1,30,2,0.518
8854379,201612,26707,11290,己合备,11290640,沥釜3悼,1,40,2,1.221
8854386,201612,26707,11290,己合备,11290640,沥釜3悼,1,50,2,0.814
8854393,201612,26707,11290,己合备,11290640,沥釜3悼,1,60,2,0.259
8854400,201612,26707,11290,己合备,11290640,沥釜3悼,2,0,2,0.54833335
8854421,201612,26707,11290,己合备,11290640,沥釜3悼,2,30,2,0.09166667
8854428,201612,26707,11290,己合备,11290640,沥釜3悼,2,40,2,0.1825
8854435,201612,26707,11290,己合备,11290640,沥釜3悼,2,50,2,0.1825
8854442,201612,26707,11290,己合备,11290640,沥釜3悼,2,60,2,0.09166667
8856115,201612,26724,11290,己合备,11290640,沥釜3悼,1,0,2,1.5314
8856129,201612,26724,11290,己合备,11290640,沥釜3悼,1,20,2,1.0248
8856136,201612,26724,11290,己合备,11290640,沥釜3悼,1,30,2,0.14666666
8856143,201612,26724,11290,己合备,11290640,沥釜3悼,1,40,2,0.24993333
8856150,201612,26724,11290,己合备,11290640,沥釜3悼,1,50,2,0.11
8856213,201612,26728,11290,己合备,11290640,沥釜3悼,1,0,2,1.2594445
8856227,201612,26728,11290,己合备,11290640,沥釜3悼,1,20,2,1.2341111
8856241,201612,26728,11290,己合备,11290640,沥釜3悼,1,40,2,0.025333334
8856801,201612,26733,11290,己合备,11290640,沥釜3悼,1,0,2,8.654667
8856815,201612,26733,11290,己合备,11290640,沥釜3悼,1,20,2,2.7233334
8856822,201612,26733,11290,己合备,11290640,沥釜3悼,1,30,2,1.152
8856829,201612,26733,11290,己合备,11290640,沥釜3悼,1,40,2,2.2653334
8856836,201612,26733,11290,己合备,11290640,沥釜3悼,1,50,2,1.764
8856843,201612,26733,11290,己合备,11290640,沥釜3悼,1,60,2,0.75
8856850,201612,26733,11290,己合备,11290640,沥釜3悼,2,0,2,1.8533334
8856871,201612,26733,11290,己合备,11290640,沥釜3悼,2,30,2,0.123333335
8856878,201612,26733,11290,己合备,11290640,沥釜3悼,2,40,2,0.6166667
8856885,201612,26733,11290,己合备,11290640,沥釜3悼,2,50,2,0.8666667
8856892,201612,26733,11290,己合备,11290640,沥釜3悼,2,60,2,0.24666667
8859545,201612,26764,11290,己合备,11290640,沥釜3悼,1,0,2,10.333
8859559,201612,26764,11290,己合备,11290640,沥釜3悼,1,20,2,2.304
8859566,201612,26764,11290,己合备,11290640,沥釜3悼,1,30,2,1.485
8859573,201612,26764,11290,己合备,11290640,沥釜3悼,1,40,2,2.974
8859580,201612,26764,11290,己合备,11290640,沥釜3悼,1,50,2,2.455
8859587,201612,26764,11290,己合备,11290640,沥釜3悼,1,60,2,1.115
8859594,201612,26764,11290,己合备,11290640,沥釜3悼,2,0,2,2.755
8859615,201612,26764,11290,己合备,11290640,沥釜3悼,2,30,2,0.1825
8859622,201612,26764,11290,己合备,11290640,沥釜3悼,2,40,2,0.9175
8859629,201612,26764,11290,己合备,11290640,沥釜3悼,2,50,2,1.2875
8859636,201612,26764,11290,己合备,11290640,沥釜3悼,2,60,2,0.3675
8859937,201612,26768,11290,己合备,11290640,沥釜3悼,1,0,2,0.83514285
8859951,201612,26768,11290,己合备,11290640,沥釜3悼,1,20,2,0.031714287
8859958,201612,26768,11290,己合备,11290640,沥釜3悼,1,30,2,0.148
8859965,201612,26768,11290,己合备,11290640,沥釜3悼,1,40,2,0.34885713
8859972,201612,26768,11290,己合备,11290640,沥釜3悼,1,50,2,0.23257142
8859979,201612,26768,11290,己合备,11290640,沥釜3悼,1,60,2,0.074
8859986,201612,26768,11290,己合备,11290640,沥釜3悼,2,0,2,0.15642858
8860007,201612,26768,11290,己合备,11290640,沥釜3悼,2,30,2,0.02607143
8860014,201612,26768,11290,己合备,11290640,沥釜3悼,2,40,2,0.05214286
8860021,201612,26768,11290,己合备,11290640,沥釜3悼,2,50,2,0.05214286
8860028,201612,26768,11290,己合备,11290640,沥釜3悼,2,60,2,0.02607143
8860035,201612,26769,11290,己合备,11290640,沥釜3悼,1,0,2,1.892
8860049,201612,26769,11290,己合备,11290640,沥釜3悼,1,20,2,1.797
8860063,201612,26769,11290,己合备,11290640,沥釜3悼,1,40,2,0.095
8861211,201612,26783,11290,己合备,11290640,沥釜3悼,1,0,2,12.049666
8861218,201612,26783,11290,己合备,11290640,沥釜3悼,1,10,2,0.34944445
8861225,201612,26783,11290,己合备,11290640,沥釜3悼,1,20,2,1.3278888
8861232,201612,26783,11290,己合备,11290640,沥釜3悼,1,30,2,2.409111
8861239,201612,26783,11290,己合备,11290640,沥釜3悼,1,40,2,3.3341112
8861246,201612,26783,11290,己合备,11290640,沥釜3悼,1,50,2,2.9024444
8861253,201612,26783,11290,己合备,11290640,沥釜3悼,1,60,2,1.7266667
8861260,201612,26783,11290,己合备,11290640,沥釜3悼,2,0,2,4.861111
8861281,201612,26783,11290,己合备,11290640,沥釜3悼,2,30,2,0.86444443
8861288,201612,26783,11290,己合备,11290640,沥釜3悼,2,40,2,1.5561111
8861295,201612,26783,11290,己合备,11290640,沥釜3悼,2,50,2,1.7486111
8861302,201612,26783,11290,己合备,11290640,沥釜3悼,2,60,2,0.6919444
8862877,201612,26800,11290,己合备,11290640,沥釜3悼,1,0,2,8.994
8862891,201612,26800,11290,己合备,11290640,沥釜3悼,1,20,2,1.04
8862898,201612,26800,11290,己合备,11290640,沥釜3悼,1,30,2,1.485
8862905,201612,26800,11290,己合备,11290640,沥釜3悼,1,40,2,2.899
8862912,201612,26800,11290,己合备,11290640,沥釜3悼,1,50,2,2.455
8862919,201612,26800,11290,己合备,11290640,沥釜3悼,1,60,2,1.115
8862926,201612,26800,11290,己合备,11290640,沥釜3悼,2,0,2,2.755
8862947,201612,26800,11290,己合备,11290640,沥釜3悼,2,30,2,0.1825
8862954,201612,26800,11290,己合备,11290640,沥釜3悼,2,40,2,0.9175
8862961,201612,26800,11290,己合备,11290640,沥釜3悼,2,50,2,1.2875
8862968,201612,26800,11290,己合备,11290640,沥釜3悼,2,60,2,0.3675
8863367,201612,26805,11290,己合备,11290640,沥釜3悼,1,0,2,2.612
8863388,201612,26805,11290,己合备,11290640,沥釜3悼,1,30,2,0.482
8863395,201612,26805,11290,己合备,11290640,沥釜3悼,1,40,2,1.021
8863402,201612,26805,11290,己合备,11290640,沥釜3悼,1,50,2,0.8525
8863409,201612,26805,11290,己合备,11290640,沥釜3悼,1,60,2,0.2565
8863416,201612,26805,11290,己合备,11290640,沥釜3悼,2,0,2,0.63125
8863437,201612,26805,11290,己合备,11290640,沥釜3悼,2,30,2,0.07
8863444,201612,26805,11290,己合备,11290640,沥釜3悼,2,40,2,0.21
8863451,201612,26805,11290,己合备,11290640,沥釜3悼,2,50,2,0.28125
8863458,201612,26805,11290,己合备,11290640,沥釜3悼,2,60,2,0.07
8865523,201612,26828,11290,己合备,11290640,沥釜3悼,1,0,2,16.640636
8865530,201612,26828,11290,己合备,11290640,沥釜3悼,1,10,2,0.45409092
8865537,201612,26828,11290,己合备,11290640,沥釜3悼,1,20,2,1.7255454
8865544,201612,26828,11290,己合备,11290640,沥釜3悼,1,30,2,3.3124545
8865551,201612,26828,11290,己合备,11290640,沥釜3悼,1,40,2,4.677727
8865558,201612,26828,11290,己合备,11290640,沥釜3悼,1,50,2,4.108182
8865565,201612,26828,11290,己合备,11290640,沥釜3悼,1,60,2,2.3626363
8865572,201612,26828,11290,己合备,11290640,沥釜3悼,2,0,2,6.5118184
8865593,201612,26828,11290,己合备,11290640,沥釜3悼,2,30,2,1.1411364
8865600,201612,26828,11290,己合备,11290640,沥釜3悼,2,40,2,2.073409
8865607,201612,26828,11290,己合备,11290640,沥釜3悼,2,50,2,2.3806818
8865614,201612,26828,11290,己合备,11290640,沥釜3悼,2,60,2,0.9165909
8865621,201612,26829,11290,己合备,11290640,沥釜3悼,1,0,2,11.62
8865635,201612,26829,11290,己合备,11290640,沥釜3悼,1,20,2,1.302
8865642,201612,26829,11290,己合备,11290640,沥釜3悼,1,30,2,1.858
8865649,201612,26829,11290,己合备,11290640,沥釜3悼,1,40,2,3.8485
8865656,201612,26829,11290,己合备,11290640,沥釜3悼,1,50,2,3.2165
8865663,201612,26829,11290,己合备,11290640,沥釜3悼,1,60,2,1.395
8865670,201612,26829,11290,己合备,11290640,沥釜3悼,2,0,2,3.44375
8865691,201612,26829,11290,己合备,11290640,沥釜3悼,2,30,2,0.22875
8865698,201612,26829,11290,己合备,11290640,沥釜3悼,2,40,2,1.14625
8865705,201612,26829,11290,己合备,11290640,沥釜3悼,2,50,2,1.61
8865712,201612,26829,11290,己合备,11290640,沥釜3悼,2,60,2,0.45875
8865817,201612,26830,11290,己合备,11290640,沥釜3悼,1,0,2,0.2905
8865845,201612,26830,11290,己合备,11290640,沥釜3悼,1,40,2,0.1745
8865852,201612,26830,11290,己合备,11290640,沥釜3悼,1,50,2,0.116
8865915,201612,26831,11290,己合备,11290640,沥釜3悼,1,0,2,0.6815
8865929,201612,26831,11290,己合备,11290640,沥釜3悼,1,20,2,0.148
8865936,201612,26831,11290,己合备,11290640,沥釜3悼,1,30,2,0.042
8865943,201612,26831,11290,己合备,11290640,沥釜3悼,1,40,2,0.30125
8865950,201612,26831,11290,己合备,11290640,沥釜3悼,1,50,2,0.19025
8867091,201612,26844,11290,己合备,11290640,沥釜3悼,1,0,2,6.965667
8867112,201612,26844,11290,己合备,11290640,沥釜3悼,1,30,2,1.287
8867119,201612,26844,11290,己合备,11290640,沥釜3悼,1,40,2,2.724
8867126,201612,26844,11290,己合备,11290640,沥釜3悼,1,50,2,2.2716668
8867133,201612,26844,11290,己合备,11290640,沥釜3悼,1,60,2,0.683
8867140,201612,26844,11290,己合备,11290640,沥釜3悼,2,0,2,1.6833333
8867161,201612,26844,11290,己合备,11290640,沥釜3悼,2,30,2,0.18666667
8867168,201612,26844,11290,己合备,11290640,沥釜3悼,2,40,2,0.56
8867175,201612,26844,11290,己合备,11290640,沥釜3悼,2,50,2,0.75
8867182,201612,26844,11290,己合备,11290640,沥釜3悼,2,60,2,0.18666667
8867875,201612,26851,11290,己合备,11290640,沥釜3悼,1,0,2,0.628125
8867889,201612,26851,11290,己合备,11290640,沥釜3悼,1,20,2,0.024
8867896,201612,26851,11290,己合备,11290640,沥釜3悼,1,30,2,0.111375
8867903,201612,26851,11290,己合备,11290640,沥釜3悼,1,40,2,0.262125
8867910,201612,26851,11290,己合备,11290640,沥釜3悼,1,50,2,0.17475
8867917,201612,26851,11290,己合备,11290640,沥釜3悼,1,60,2,0.055875
8867924,201612,26851,11290,己合备,11290640,沥釜3悼,2,0,2,0.1175
8867945,201612,26851,11290,己合备,11290640,沥釜3悼,2,30,2,0.0196875
8867952,201612,26851,11290,己合备,11290640,沥釜3悼,2,40,2,0.0390625
8867959,201612,26851,11290,己合备,11290640,沥釜3悼,2,50,2,0.0390625
8867966,201612,26851,11290,己合备,11290640,沥釜3悼,2,60,2,0.0196875
8871893,201612,26893,11290,己合备,11290640,沥釜3悼,1,0,2,5.224
8871914,201612,26893,11290,己合备,11290640,沥釜3悼,1,30,2,0.964
8871921,201612,26893,11290,己合备,11290640,沥釜3悼,1,40,2,2.042
8871928,201612,26893,11290,己合备,11290640,沥釜3悼,1,50,2,1.705
8871935,201612,26893,11290,己合备,11290640,沥釜3悼,1,60,2,0.513
8871942,201612,26893,11290,己合备,11290640,沥釜3悼,2,0,2,1.2625
8871963,201612,26893,11290,己合备,11290640,沥釜3悼,2,30,2,0.14
8871970,201612,26893,11290,己合备,11290640,沥釜3悼,2,40,2,0.42
8871977,201612,26893,11290,己合备,11290640,沥釜3悼,2,50,2,0.5625
8871984,201612,26893,11290,己合备,11290640,沥釜3悼,2,60,2,0.14
8872285,201612,26898,11290,己合备,11290640,沥釜3悼,1,0,2,5.224
8872306,201612,26898,11290,己合备,11290640,沥釜3悼,1,30,2,0.964
8872313,201612,26898,11290,己合备,11290640,沥釜3悼,1,40,2,2.042
8872320,201612,26898,11290,己合备,11290640,沥釜3悼,1,50,2,1.705
8872327,201612,26898,11290,己合备,11290640,沥釜3悼,1,60,2,0.513
8872334,201612,26898,11290,己合备,11290640,沥釜3悼,2,0,2,1.2625
8872355,201612,26898,11290,己合备,11290640,沥釜3悼,2,30,2,0.14
8872362,201612,26898,11290,己合备,11290640,沥釜3悼,2,40,2,0.42
8872369,201612,26898,11290,己合备,11290640,沥釜3悼,2,50,2,0.5625
8872376,201612,26898,11290,己合备,11290640,沥釜3悼,2,60,2,0.14
8874147,201612,26916,11290,己合备,11290640,沥釜3悼,1,0,2,1.0773333
8874168,201612,26916,11290,己合备,11290640,沥釜3悼,1,30,2,0.14866666
8874175,201612,26916,11290,己合备,11290640,沥釜3悼,1,40,2,0.29733333
8874182,201612,26916,11290,己合备,11290640,沥釜3悼,1,50,2,0.5198333
8874189,201612,26916,11290,己合备,11290640,沥釜3悼,1,60,2,0.1115
8874196,201612,26916,11290,己合备,11290640,沥釜3悼,2,0,2,0.085
8874231,201612,26916,11290,己合备,11290640,沥釜3悼,2,50,2,0.085
8879635,201612,26976,11290,己合备,11290630,沥釜2悼,1,0,2,39.907112
8879642,201612,26976,11290,己合备,11290630,沥釜2悼,1,10,2,2.4461112
8879649,201612,26976,11290,己合备,11290630,沥釜2悼,1,20,2,1.9491111
8879656,201612,26976,11290,己合备,11290630,沥釜2悼,1,30,2,8.771556
8879663,201612,26976,11290,己合备,11290630,沥釜2悼,1,40,2,11.312667
8879670,201612,26976,11290,己合备,11290630,沥釜2悼,1,50,2,9.151111
8879677,201612,26976,11290,己合备,11290630,沥釜2悼,1,60,2,6.2765555
8879684,201612,26976,11290,己合备,11290630,沥釜2悼,2,0,2,19.488333
8879698,201612,26976,11290,己合备,11290630,沥釜2悼,2,20,2,0.39583334
8879705,201612,26976,11290,己合备,11290630,沥釜2悼,2,30,2,4.0688887
8879712,201612,26976,11290,己合备,11290630,沥釜2悼,2,40,2,6.412778
8879719,201612,26976,11290,己合备,11290630,沥釜2悼,2,50,2,5.8305554
8879726,201612,26976,11290,己合备,11290630,沥釜2悼,2,60,2,2.7802777
8879733,201612,26977,11290,己合备,11290630,沥釜2悼,1,0,2,20.892
8879740,201612,26977,11290,己合备,11290630,沥釜2悼,1,10,2,1.136
8879747,201612,26977,11290,己合备,11290630,沥釜2悼,1,20,2,0.228
8879754,201612,26977,11290,己合备,11290630,沥釜2悼,1,30,2,4.769
8879761,201612,26977,11290,己合备,11290630,沥釜2悼,1,40,2,6.074
8879768,201612,26977,11290,己合备,11290630,沥釜2悼,1,50,2,5.165
8879775,201612,26977,11290,己合备,11290630,沥釜2悼,1,60,2,3.52
8879782,201612,26977,11290,己合备,11290630,沥釜2悼,2,0,2,10.825
8879803,201612,26977,11290,己合备,11290630,沥釜2悼,2,30,2,2.3875
8879810,201612,26977,11290,己合备,11290630,沥釜2悼,2,40,2,3.6575
8879817,201612,26977,11290,己合备,11290630,沥釜2悼,2,50,2,3.375
8879824,201612,26977,11290,己合备,11290630,沥釜2悼,2,60,2,1.405
8882085,201612,27001,11290,己合备,11290640,沥釜3悼,1,0,2,6.964
8882106,201612,27001,11290,己合备,11290640,沥釜3悼,1,30,2,1.287
8882113,201612,27001,11290,己合备,11290640,沥釜3悼,1,40,2,2.726
8882120,201612,27001,11290,己合备,11290640,沥釜3悼,1,50,2,2.27
8882127,201612,27001,11290,己合备,11290640,沥釜3悼,1,60,2,0.681
8882134,201612,27001,11290,己合备,11290640,沥釜3悼,2,0,2,1.685
8882155,201612,27001,11290,己合备,11290640,沥釜3悼,2,30,2,0.1875
8882162,201612,27001,11290,己合备,11290640,沥釜3悼,2,40,2,0.56
8882169,201612,27001,11290,己合备,11290640,沥釜3悼,2,50,2,0.75
8882176,201612,27001,11290,己合备,11290640,沥釜3悼,2,60,2,0.1875
8882183,201612,27002,11290,己合备,11290640,沥釜3悼,1,0,2,6.964
8882204,201612,27002,11290,己合备,11290640,沥釜3悼,1,30,2,1.287
8882211,201612,27002,11290,己合备,11290640,沥釜3悼,1,40,2,2.726
8882218,201612,27002,11290,己合备,11290640,沥釜3悼,1,50,2,2.27
8882225,201612,27002,11290,己合备,11290640,沥釜3悼,1,60,2,0.681
8882232,201612,27002,11290,己合备,11290640,沥釜3悼,2,0,2,1.685
8882253,201612,27002,11290,己合备,11290640,沥釜3悼,2,30,2,0.1875
8882260,201612,27002,11290,己合备,11290640,沥釜3悼,2,40,2,0.56
8882267,201612,27002,11290,己合备,11290640,沥釜3悼,2,50,2,0.75
8882274,201612,27002,11290,己合备,11290640,沥釜3悼,2,60,2,0.1875
8882281,201612,27003,11290,己合备,11290640,沥釜3悼,1,0,2,10.449
8882302,201612,27003,11290,己合备,11290640,沥釜3悼,1,30,2,1.933
8882309,201612,27003,11290,己合备,11290640,沥釜3悼,1,40,2,4.088
8882316,201612,27003,11290,己合备,11290640,沥釜3悼,1,50,2,3.405
8882323,201612,27003,11290,己合备,11290640,沥釜3悼,1,60,2,1.023
8882330,201612,27003,11290,己合备,11290640,沥釜3悼,2,0,2,2.525
8882351,201612,27003,11290,己合备,11290640,沥釜3悼,2,30,2,0.28
8882358,201612,27003,11290,己合备,11290640,沥釜3悼,2,40,2,0.84
8882365,201612,27003,11290,己合备,11290640,沥釜3悼,2,50,2,1.125
8882372,201612,27003,11290,己合备,11290640,沥釜3悼,2,60,2,0.28
8883163,201612,27011,11290,己合备,11290640,沥釜3悼,1,0,2,2.313
8883184,201612,27011,11290,己合备,11290640,沥釜3悼,1,30,2,0.386
8883191,201612,27011,11290,己合备,11290640,沥釜3悼,1,40,2,0.7705
8883198,201612,27011,11290,己合备,11290640,沥釜3悼,1,50,2,0.867
8883205,201612,27011,11290,己合备,11290640,沥釜3悼,1,60,2,0.2895
8883212,201612,27011,11290,己合备,11290640,沥釜3悼,2,0,2,0.2275
8883247,201612,27011,11290,己合备,11290640,沥釜3悼,2,50,2,0.2275
8883261,201612,27012,11290,己合备,11290640,沥釜3悼,1,0,2,0.9206
8883282,201612,27012,11290,己合备,11290640,沥釜3悼,1,30,2,0.14
8883289,201612,27012,11290,己合备,11290640,沥釜3悼,1,40,2,0.28
8883296,201612,27012,11290,己合备,11290640,沥釜3悼,1,50,2,0.3956
8883303,201612,27012,11290,己合备,11290640,沥釜3悼,1,60,2,0.105
8883310,201612,27012,11290,己合备,11290640,沥釜3悼,2,0,2,0.086
8883345,201612,27012,11290,己合备,11290640,沥釜3悼,2,50,2,0.086
8885319,201612,27034,11290,己合备,11290640,沥釜3悼,1,0,2,6.96525
8885340,201612,27034,11290,己合备,11290640,沥釜3悼,1,30,2,1.287
8885347,201612,27034,11290,己合备,11290640,沥釜3悼,1,40,2,2.7245
8885354,201612,27034,11290,己合备,11290640,沥釜3悼,1,50,2,2.27125
8885361,201612,27034,11290,己合备,11290640,沥釜3悼,1,60,2,0.6825
8885368,201612,27034,11290,己合备,11290640,沥釜3悼,2,0,2,1.6825
8885389,201612,27034,11290,己合备,11290640,沥釜3悼,2,30,2,0.186875
8885396,201612,27034,11290,己合备,11290640,沥釜3悼,2,40,2,0.56
8885403,201612,27034,11290,己合备,11290640,沥釜3悼,2,50,2,0.74875
8885410,201612,27034,11290,己合备,11290640,沥釜3悼,2,60,2,0.186875
8885907,201612,27043,11290,己合备,11290640,沥釜3悼,1,0,2,0.6864
8885928,201612,27043,11290,己合备,11290640,沥釜3悼,1,30,2,0.1248
8885935,201612,27043,11290,己合备,11290640,沥釜3悼,1,40,2,0.2496
8885942,201612,27043,11290,己合备,11290640,沥釜3悼,1,50,2,0.2184
8885949,201612,27043,11290,己合备,11290640,沥釜3悼,1,60,2,0.0936
8885956,201612,27043,11290,己合备,11290640,沥釜3悼,2,0,2,0.077
8885991,201612,27043,11290,己合备,11290640,沥釜3悼,2,50,2,0.077
8891689,201612,27100,11290,己合备,11290640,沥釜3悼,1,0,2,0.651
8891703,201612,27100,11290,己合备,11290640,沥釜3悼,1,20,2,0.116625
8891710,201612,27100,11290,己合备,11290640,沥釜3悼,1,30,2,0.021
8891717,201612,27100,11290,己合备,11290640,沥釜3悼,1,40,2,0.3215
8891724,201612,27100,11290,己合备,11290640,沥釜3悼,1,50,2,0.191875
8893551,201612,27119,11290,己合备,11290640,沥釜3悼,1,0,2,8.804334
8893558,201612,27119,11290,己合备,11290640,沥釜3悼,1,10,2,0.025333334
8893565,201612,27119,11290,己合备,11290640,沥釜3悼,1,20,2,0.47866666
8893572,201612,27119,11290,己合备,11290640,沥釜3悼,1,30,2,1.5643333
8893579,201612,27119,11290,己合备,11290640,沥釜3悼,1,40,2,3.3813334
8893586,201612,27119,11290,己合备,11290640,沥釜3悼,1,50,2,2.6736667
8893593,201612,27119,11290,己合备,11290640,沥釜3悼,1,60,2,0.681
8893600,201612,27119,11290,己合备,11290640,沥釜3悼,2,0,2,1.6841667
8893621,201612,27119,11290,己合备,11290640,沥釜3悼,2,30,2,0.1875
8893628,201612,27119,11290,己合备,11290640,沥釜3悼,2,40,2,0.56
8893635,201612,27119,11290,己合备,11290640,沥釜3悼,2,50,2,0.74916667
8893642,201612,27119,11290,己合备,11290640,沥釜3悼,2,60,2,0.1875
8893747,201612,27120,11290,己合备,11290640,沥釜3悼,1,0,2,12.485
8893754,201612,27120,11290,己合备,11290640,沥釜3悼,1,10,2,0.076
8893761,201612,27120,11290,己合备,11290640,沥釜3悼,1,20,2,1.436
8893768,201612,27120,11290,己合备,11290640,沥釜3悼,1,30,2,2.119
8893775,201612,27120,11290,己合备,11290640,沥釜3悼,1,40,2,4.692
8893782,201612,27120,11290,己合备,11290640,沥釜3悼,1,50,2,3.481
8893789,201612,27120,11290,己合备,11290640,沥釜3悼,1,60,2,0.681
8893796,201612,27120,11290,己合备,11290640,沥釜3悼,2,0,2,1.6825
8893817,201612,27120,11290,己合备,11290640,沥釜3悼,2,30,2,0.1875
8893824,201612,27120,11290,己合备,11290640,沥釜3悼,2,40,2,0.56
8893831,201612,27120,11290,己合备,11290640,沥釜3悼,2,50,2,0.7475
8893838,201612,27120,11290,己合备,11290640,沥釜3悼,2,60,2,0.1875
8894335,201612,27127,11290,己合备,11290630,沥釜2悼,1,0,2,19.060333
8894342,201612,27127,11290,己合备,11290630,沥釜2悼,1,10,2,1.077
8894349,201612,27127,11290,己合备,11290630,沥釜2悼,1,20,2,0.101333335
8894356,201612,27127,11290,己合备,11290630,沥釜2悼,1,30,2,4.2696667
8894363,201612,27127,11290,己合备,11290630,沥釜2悼,1,40,2,5.3803334
8894370,201612,27127,11290,己合备,11290630,沥釜2悼,1,50,2,4.769
8894377,201612,27127,11290,己合备,11290630,沥釜2悼,1,60,2,3.463
8894384,201612,27127,11290,己合备,11290630,沥釜2悼,2,0,2,10.2
8894405,201612,27127,11290,己合备,11290630,沥釜2悼,2,30,2,2.345
8894412,201612,27127,11290,己合备,11290630,沥釜2悼,2,40,2,3.4233334
8894419,201612,27127,11290,己合备,11290630,沥釜2悼,2,50,2,3.0375
8894426,201612,27127,11290,己合备,11290630,沥釜2悼,2,60,2,1.3941667
8896589,201612,27148,11290,己合备,11290630,沥釜2悼,1,0,2,23.224
8896596,201612,27148,11290,己合备,11290630,沥釜2悼,1,10,2,1.176
8896603,201612,27148,11290,己合备,11290630,沥釜2悼,1,20,2,0.776
8896610,201612,27148,11290,己合备,11290630,沥釜2悼,1,30,2,5.206
8896617,201612,27148,11290,己合备,11290630,沥釜2悼,1,40,2,6.9063334
8896624,201612,27148,11290,己合备,11290630,沥釜2悼,1,50,2,5.469333
8896631,201612,27148,11290,己合备,11290630,沥釜2悼,1,60,2,3.6903334
8896638,201612,27148,11290,己合备,11290630,沥釜2悼,2,0,2,12.594167
8896652,201612,27148,11290,己合备,11290630,沥釜2悼,2,20,2,0.1875
8896659,201612,27148,11290,己合备,11290630,沥釜2悼,2,30,2,2.9483333
8896666,201612,27148,11290,己合备,11290630,沥釜2悼,2,40,2,4.215833
8896673,201612,27148,11290,己合备,11290630,沥釜2悼,2,50,2,3.3225
8896680,201612,27148,11290,己合备,11290630,沥釜2悼,2,60,2,1.92
8897177,201612,27155,11290,己合备,11290640,沥釜3悼,1,0,2,1.693
8897191,201612,27155,11290,己合备,11290640,沥釜3悼,1,20,2,0.933
8897198,201612,27155,11290,己合备,11290640,沥釜3悼,1,30,2,0.168
8897205,201612,27155,11290,己合备,11290640,沥釜3悼,1,40,2,0.465
8897212,201612,27155,11290,己合备,11290640,沥釜3悼,1,50,2,0.127
8897471,201612,27158,11290,己合备,11290640,沥釜3悼,1,0,2,0.847875
8897485,201612,27158,11290,己合备,11290640,沥釜3悼,1,20,2,0.466125
8897492,201612,27158,11290,己合备,11290640,沥釜3悼,1,30,2,0.085
8897499,201612,27158,11290,己合备,11290640,沥釜3悼,1,40,2,0.233125
8897506,201612,27158,11290,己合备,11290640,沥釜3悼,1,50,2,0.063625
8897569,201612,27159,11290,己合备,11290640,沥釜3悼,1,0,2,2.545
8897583,201612,27159,11290,己合备,11290640,沥釜3悼,1,20,2,1.398
8897590,201612,27159,11290,己合备,11290640,沥釜3悼,1,30,2,0.256
8897597,201612,27159,11290,己合备,11290640,沥釜3悼,1,40,2,0.7
8897604,201612,27159,11290,己合备,11290640,沥釜3悼,1,50,2,0.191
8900117,201612,27185,11290,己合备,11290640,沥釜3悼,1,0,2,4.7828183
8900124,201612,27185,11290,己合备,11290640,沥釜3悼,1,10,2,0.12409091
8900131,201612,27185,11290,己合备,11290640,沥釜3悼,1,20,2,1.0989091
8900138,201612,27185,11290,己合备,11290640,沥釜3悼,1,30,2,0.8354545
8900145,201612,27185,11290,己合备,11290640,沥釜3悼,1,40,2,1.2996364
8900152,201612,27185,11290,己合备,11290640,沥釜3悼,1,50,2,1.1138182
8900159,201612,27185,11290,己合备,11290640,沥釜3悼,1,60,2,0.3109091
8900166,201612,27185,11290,己合备,11290640,沥釜3悼,2,0,2,1.0097728
8900180,201612,27185,11290,己合备,11290640,沥釜3悼,2,20,2,0.2459091
8900187,201612,27185,11290,己合备,11290640,沥釜3悼,2,30,2,0.07659091
8900194,201612,27185,11290,己合备,11290640,沥釜3悼,2,40,2,0.305
8900201,201612,27185,11290,己合备,11290640,沥釜3悼,2,50,2,0.30568182
8900208,201612,27185,11290,己合备,11290640,沥釜3悼,2,60,2,0.07659091
8900607,201612,27190,11290,己合备,11290640,沥釜3悼,1,0,2,1.8225
8900628,201612,27190,11290,己合备,11290640,沥釜3悼,1,30,2,0.324
8900635,201612,27190,11290,己合备,11290640,沥釜3悼,1,40,2,0.648
8900642,201612,27190,11290,己合备,11290640,沥釜3悼,1,50,2,0.6075
8900649,201612,27190,11290,己合备,11290640,沥釜3悼,1,60,2,0.243
8900656,201612,27190,11290,己合备,11290640,沥釜3悼,2,0,2,0.2
8900691,201612,27190,11290,己合备,11290640,沥釜3悼,2,50,2,0.2
8900999,201612,27194,11290,己合备,11290640,沥釜3悼,1,0,2,0.857375
8901013,201612,27194,11290,己合备,11290640,沥釜3悼,1,20,2,0.408
8901020,201612,27194,11290,己合备,11290640,沥釜3悼,1,30,2,0.09525
8901027,201612,27194,11290,己合备,11290640,沥釜3悼,1,40,2,0.23525
8901034,201612,27194,11290,己合备,11290640,沥釜3悼,1,50,2,0.118875
8901097,201612,27195,11290,己合备,11290640,沥釜3悼,1,0,2,2.157
8901111,201612,27195,11290,己合备,11290640,沥釜3悼,1,20,2,0.933
8901118,201612,27195,11290,己合备,11290640,沥釜3悼,1,30,2,0.253
8901125,201612,27195,11290,己合备,11290640,沥釜3悼,1,40,2,0.591
8901132,201612,27195,11290,己合备,11290640,沥釜3悼,1,50,2,0.38
8903057,201612,27214,11290,己合备,11290640,沥釜3悼,1,0,2,0.1852
8903078,201612,27214,11290,己合备,11290640,沥釜3悼,1,30,2,0.0336
8903085,201612,27214,11290,己合备,11290640,沥釜3悼,1,40,2,0.0504
8903092,201612,27214,11290,己合备,11290640,沥釜3悼,1,50,2,0.1012
8903155,201612,27216,11290,己合备,11290640,沥釜3悼,1,0,2,0.463
8903176,201612,27216,11290,己合备,11290640,沥釜3悼,1,30,2,0.084
8903183,201612,27216,11290,己合备,11290640,沥釜3悼,1,40,2,0.126
8903190,201612,27216,11290,己合备,11290640,沥釜3悼,1,50,2,0.253
8903449,201612,27219,11290,己合备,11290640,沥釜3悼,1,0,2,12.496667
8903456,201612,27219,11290,己合备,11290640,沥釜3悼,1,10,2,0.076
8903463,201612,27219,11290,己合备,11290640,沥釜3悼,1,20,2,1.4406667
8903470,201612,27219,11290,己合备,11290640,沥釜3悼,1,30,2,2.1206667
8903477,201612,27219,11290,己合备,11290640,沥釜3悼,1,40,2,4.694
8903484,201612,27219,11290,己合备,11290640,沥釜3悼,1,50,2,3.4823334
8903491,201612,27219,11290,己合备,11290640,沥釜3悼,1,60,2,0.683
8903498,201612,27219,11290,己合备,11290640,沥釜3悼,2,0,2,1.6825
8903519,201612,27219,11290,己合备,11290640,沥釜3悼,2,30,2,0.18666667
8903526,201612,27219,11290,己合备,11290640,沥釜3悼,2,40,2,0.56
8903533,201612,27219,11290,己合备,11290640,沥釜3悼,2,50,2,0.74916667
8903540,201612,27219,11290,己合备,11290640,沥釜3悼,2,60,2,0.18666667
8905115,201612,27235,11290,己合备,11290630,沥釜2悼,1,0,2,36.703213
8905122,201612,27235,11290,己合备,11290630,沥釜2悼,1,10,2,2.42
8905129,201612,27235,11290,己合备,11290630,沥釜2悼,1,20,2,2.4500713
8905136,201612,27235,11290,己合备,11290630,沥釜2悼,1,30,2,7.7677855
8905143,201612,27235,11290,己合备,11290630,沥釜2悼,1,40,2,10.0085
8905150,201612,27235,11290,己合备,11290630,沥釜2悼,1,50,2,8.2765
8905157,201612,27235,11290,己合备,11290630,沥釜2悼,1,60,2,5.7803574
8905164,201612,27235,11290,己合备,11290630,沥釜2悼,2,0,2,18.11518
8905178,201612,27235,11290,己合备,11290630,沥釜2悼,2,20,2,0.54785717
8905185,201612,27235,11290,己合备,11290630,沥釜2悼,2,30,2,3.7860715
8905192,201612,27235,11290,己合备,11290630,沥釜2悼,2,40,2,5.7219644
8905199,201612,27235,11290,己合备,11290630,沥釜2悼,2,50,2,5.2876787
8905206,201612,27235,11290,己合备,11290630,沥釜2悼,2,60,2,2.7716072
8905703,201612,27240,11290,己合备,11290640,沥釜3悼,1,0,2,0.7095
8905717,201612,27240,11290,己合备,11290640,沥釜3悼,1,20,2,0.1555
8905724,201612,27240,11290,己合备,11290640,沥釜3悼,1,30,2,0.10583334
8905731,201612,27240,11290,己合备,11290640,沥釜3悼,1,40,2,0.194
8905738,201612,27240,11290,己合备,11290640,沥釜3悼,1,50,2,0.25416666
8905801,201612,27241,11290,己合备,11290640,沥釜3悼,1,0,2,2.157
8905815,201612,27241,11290,己合备,11290640,沥釜3悼,1,20,2,0.933
8905822,201612,27241,11290,己合备,11290640,沥釜3悼,1,30,2,0.253
8905829,201612,27241,11290,己合备,11290640,沥釜3悼,1,40,2,0.591
8905836,201612,27241,11290,己合备,11290640,沥釜3悼,1,50,2,0.38
8906095,201612,27244,11290,己合备,11290640,沥釜3悼,1,0,2,1.1088
8906116,201612,27244,11290,己合备,11290640,沥釜3悼,1,30,2,0.2016
8906123,201612,27244,11290,己合备,11290640,沥釜3悼,1,40,2,0.4032
8906130,201612,27244,11290,己合备,11290640,沥釜3悼,1,50,2,0.3528
8906137,201612,27244,11290,己合备,11290640,沥釜3悼,1,60,2,0.1512
8906144,201612,27244,11290,己合备,11290640,沥釜3悼,2,0,2,0.1235
8906179,201612,27244,11290,己合备,11290640,沥釜3悼,2,50,2,0.1235
8908153,201612,27268,11290,己合备,11290640,沥釜3悼,1,0,2,22.794
8908160,201612,27268,11290,己合备,11290640,沥釜3悼,1,10,2,1.472
8908167,201612,27268,11290,己合备,11290640,沥釜3悼,1,20,2,2.938
8908174,201612,27268,11290,己合备,11290640,沥釜3悼,1,30,2,3.784889
8908181,201612,27268,11290,己合备,11290640,沥釜3悼,1,40,2,6.6843333
8908188,201612,27268,11290,己合备,11290640,沥釜3悼,1,50,2,5.207
8908195,201612,27268,11290,己合备,11290640,沥釜3悼,1,60,2,2.7077777
8908202,201612,27268,11290,己合备,11290640,沥釜3悼,2,0,2,9.4275
8908209,201612,27268,11290,己合备,11290640,沥釜3悼,2,10,2,0.56166667
8908216,201612,27268,11290,己合备,11290640,沥釜3悼,2,20,2,1.1730555
8908223,201612,27268,11290,己合备,11290640,沥釜3悼,2,30,2,1.4391667
8908230,201612,27268,11290,己合备,11290640,沥釜3悼,2,40,2,2.5780556
8908237,201612,27268,11290,己合备,11290640,沥釜3悼,2,50,2,2.2658334
8908244,201612,27268,11290,己合备,11290640,沥釜3悼,2,60,2,1.4097222
8913935,201612,27326,11290,己合备,11290640,沥釜3悼,1,0,2,0.583
8913956,201612,27326,11290,己合备,11290640,沥釜3悼,1,30,2,0.106
8913963,201612,27326,11290,己合备,11290640,沥釜3悼,1,40,2,0.159
8913970,201612,27326,11290,己合备,11290640,沥釜3悼,1,50,2,0.318
8917463,201612,27360,11290,己合备,11290640,沥釜3悼,1,0,2,1.9291428
8917484,201612,27360,11290,己合备,11290640,沥釜3悼,1,30,2,0.38585714
8917491,201612,27360,11290,己合备,11290640,沥釜3悼,1,40,2,0.74542856
8917498,201612,27360,11290,己合备,11290640,沥釜3悼,1,50,2,0.56528574
8917505,201612,27360,11290,己合备,11290640,沥釜3悼,1,60,2,0.23257142
8917512,201612,27360,11290,己合备,11290640,沥釜3悼,2,0,2,0.4432143
8917533,201612,27360,11290,己合备,11290640,沥釜3悼,2,30,2,0.06321429
8917540,201612,27360,11290,己合备,11290640,沥釜3悼,2,40,2,0.19
8917547,201612,27360,11290,己合备,11290640,沥釜3悼,2,50,2,0.12678571
8917554,201612,27360,11290,己合备,11290640,沥釜3悼,2,60,2,0.06321429
8917561,201612,27361,11290,己合备,11290640,沥釜3悼,1,0,2,3.1932
8917582,201612,27361,11290,己合备,11290640,沥釜3悼,1,30,2,0.6202
8917589,201612,27361,11290,己合备,11290640,沥釜3悼,1,40,2,1.2404
8917596,201612,27361,11290,己合备,11290640,沥釜3悼,1,50,2,0.9742
8917603,201612,27361,11290,己合备,11290640,沥釜3悼,1,60,2,0.3584
8917610,201612,27361,11290,己合备,11290640,沥釜3悼,2,0,2,0.704
8917631,201612,27361,11290,己合备,11290640,沥釜3悼,2,30,2,0.1095
8917638,201612,27361,11290,己合备,11290640,沥釜3悼,2,40,2,0.287
8917645,201612,27361,11290,己合备,11290640,沥釜3悼,2,50,2,0.198
8917652,201612,27361,11290,己合备,11290640,沥釜3悼,2,60,2,0.1095
8917855,201612,27364,11290,己合备,11290640,沥釜3悼,1,0,2,1.1513333
8917876,201612,27364,11290,己合备,11290640,沥釜3悼,1,30,2,0.20933333
8917883,201612,27364,11290,己合备,11290640,沥釜3悼,1,40,2,0.41866666
8917890,201612,27364,11290,己合备,11290640,沥釜3悼,1,50,2,0.36633334
8917897,201612,27364,11290,己合备,11290640,沥釜3悼,1,60,2,0.157
8917904,201612,27364,11290,己合备,11290640,沥釜3悼,2,0,2,0.12958333
8917939,201612,27364,11290,己合备,11290640,沥釜3悼,2,50,2,0.12958333
8918737,201612,27376,11290,己合备,11290640,沥釜3悼,1,0,2,9.766666
8918758,201612,27376,11290,己合备,11290640,沥釜3悼,1,30,2,1.8933333
8918765,201612,27376,11290,己合备,11290640,沥釜3悼,1,40,2,3.7086666
8918772,201612,27376,11290,己合备,11290640,沥釜3悼,1,50,2,3.105
8918779,201612,27376,11290,己合备,11290640,沥釜3悼,1,60,2,1.0596666
8918786,201612,27376,11290,己合备,11290640,沥釜3悼,2,0,2,2.0533333
8918807,201612,27376,11290,己合备,11290640,沥釜3悼,2,30,2,0.37333333
8918814,201612,27376,11290,己合备,11290640,沥釜3悼,2,40,2,0.93333334
8918821,201612,27376,11290,己合备,11290640,沥釜3悼,2,50,2,0.56
8918828,201612,27376,11290,己合备,11290640,沥釜3悼,2,60,2,0.18666667
8918835,201612,27377,11290,己合备,11290640,沥釜3悼,1,0,2,8.399667
8918856,201612,27377,11290,己合备,11290640,沥釜3悼,1,30,2,1.6396667
8918863,201612,27377,11290,己合备,11290640,沥釜3悼,1,40,2,3.2033334
8918870,201612,27377,11290,己合备,11290640,沥釜3悼,1,50,2,2.624
8918877,201612,27377,11290,己合备,11290640,沥釜3悼,1,60,2,0.93266666
8918884,201612,27377,11290,己合备,11290640,沥釜3悼,2,0,2,1.8058333
8918905,201612,27377,11290,己合备,11290640,沥釜3悼,2,30,2,0.31083333
8918912,201612,27377,11290,己合备,11290640,沥釜3悼,2,40,2,0.81
8918919,201612,27377,11290,己合备,11290640,沥釜3悼,2,50,2,0.4975
8918926,201612,27377,11290,己合备,11290640,沥釜3悼,2,60,2,0.1875
8919227,201612,27380,11290,己合备,11290640,沥釜3悼,1,0,2,22.805
8919234,201612,27380,11290,己合备,11290640,沥釜3悼,1,10,2,1.43
8919241,201612,27380,11290,己合备,11290640,沥釜3悼,1,20,2,3.5754285
8919248,201612,27380,11290,己合备,11290640,沥釜3悼,1,30,2,3.3951428
8919255,201612,27380,11290,己合备,11290640,沥釜3悼,1,40,2,6.932857
8919262,201612,27380,11290,己合备,11290640,沥釜3悼,1,50,2,4.753714
8919269,201612,27380,11290,己合备,11290640,沥釜3悼,1,60,2,2.7178571
8919276,201612,27380,11290,己合备,11290640,沥釜3悼,2,0,2,9.166072
8919283,201612,27380,11290,己合备,11290640,沥釜3悼,2,10,2,0.45035714
8919290,201612,27380,11290,己合备,11290640,沥釜3悼,2,20,2,1.1392857
8919297,201612,27380,11290,己合备,11290640,沥釜3悼,2,30,2,1.5896429
8919304,201612,27380,11290,己合备,11290640,沥釜3悼,2,40,2,2.3889287
8919311,201612,27380,11290,己合备,11290640,沥釜3悼,2,50,2,2.1646428
8919318,201612,27380,11290,己合备,11290640,沥釜3悼,2,60,2,1.4332143
8919325,201612,27381,11290,己合备,11290640,沥釜3悼,1,0,2,1.7651666
8919339,201612,27381,11290,己合备,11290640,沥釜3悼,1,20,2,0.3606111
8919346,201612,27381,11290,己合备,11290640,沥釜3悼,1,30,2,0.20222223
8919353,201612,27381,11290,己合备,11290640,沥釜3悼,1,40,2,0.59283334
8919360,201612,27381,11290,己合备,11290640,沥釜3悼,1,50,2,0.40027776
8919367,201612,27381,11290,己合备,11290640,沥釜3悼,1,60,2,0.20922223
8919374,201612,27381,11290,己合备,11290640,沥釜3悼,2,0,2,0.3036111
8919395,201612,27381,11290,己合备,11290640,沥釜3悼,2,30,2,0.020277778
8919402,201612,27381,11290,己合备,11290640,沥釜3悼,2,40,2,0.10138889
8919409,201612,27381,11290,己合备,11290640,沥釜3悼,2,50,2,0.1413889
8919416,201612,27381,11290,己合备,11290640,沥釜3悼,2,60,2,0.040555555
8921187,201612,27400,11290,己合备,11290640,沥釜3悼,1,0,2,10.119667
8921194,201612,27400,11290,己合备,11290640,沥釜3悼,1,10,2,0.034833334
8921201,201612,27400,11290,己合备,11290640,沥釜3悼,1,20,2,0.659
8921208,201612,27400,11290,己合备,11290640,沥釜3悼,1,30,2,1.7848333
8921215,201612,27400,11290,己合备,11290640,沥釜3悼,1,40,2,3.803
8921222,201612,27400,11290,己合备,11290640,沥釜3悼,1,50,2,3.1123333
8921229,201612,27400,11290,己合备,11290640,沥釜3悼,1,60,2,0.72566664
8921236,201612,27400,11290,己合备,11290640,沥釜3悼,2,0,2,1.64375
8921257,201612,27400,11290,己合备,11290640,沥釜3悼,2,30,2,0.26458332
8921264,201612,27400,11290,己合备,11290640,沥釜3悼,2,40,2,0.6458333
8921271,201612,27400,11290,己合备,11290640,沥釜3悼,2,50,2,0.61625
8921278,201612,27400,11290,己合备,11290640,沥釜3悼,2,60,2,0.11708333
8921285,201612,27401,11290,己合备,11290640,沥釜3悼,1,0,2,20.131
8921292,201612,27401,11290,己合备,11290640,沥釜3悼,1,10,2,0.303
8921299,201612,27401,11290,己合备,11290640,沥釜3悼,1,20,2,2.953
8921306,201612,27401,11290,己合备,11290640,沥釜3悼,1,30,2,3.178
8921313,201612,27401,11290,己合备,11290640,沥釜3悼,1,40,2,6.509
8921320,201612,27401,11290,己合备,11290640,沥釜3悼,1,50,2,5.449
8921327,201612,27401,11290,己合备,11290640,沥釜3悼,1,60,2,1.739
8921334,201612,27401,11290,己合备,11290640,沥釜3悼,2,0,2,3.3625
8921355,201612,27401,11290,己合备,11290640,沥釜3悼,2,30,2,0.3725
8921362,201612,27401,11290,己合备,11290640,沥釜3悼,2,40,2,1.3075
8921369,201612,27401,11290,己合备,11290640,沥釜3悼,2,50,2,1.3075
8921376,201612,27401,11290,己合备,11290640,沥釜3悼,2,60,2,0.375
8921775,201612,27409,11290,己合备,11290640,沥釜3悼,1,0,2,2.501875
8921782,201612,27409,11290,己合备,11290640,沥釜3悼,1,10,2,0.0285
8921789,201612,27409,11290,己合备,11290640,沥釜3悼,1,20,2,0.5865
8921796,201612,27409,11290,己合备,11290640,沥釜3悼,1,30,2,0.444
8921803,201612,27409,11290,己合备,11290640,沥釜3悼,1,40,2,0.815125
8921810,201612,27409,11290,己合备,11290640,沥釜3悼,1,50,2,0.5565
8921817,201612,27409,11290,己合备,11290640,沥釜3悼,1,60,2,0.07125
8921824,201612,27409,11290,己合备,11290640,沥釜3悼,2,0,2,0.296875
8921838,201612,27409,11290,己合备,11290640,沥釜3悼,2,20,2,0.0528125
8921845,201612,27409,11290,己合备,11290640,沥釜3悼,2,30,2,0.0175
8921852,201612,27409,11290,己合备,11290640,沥釜3悼,2,40,2,0.1390625
8921859,201612,27409,11290,己合备,11290640,沥釜3悼,2,50,2,0.07
8921866,201612,27409,11290,己合备,11290640,沥釜3悼,2,60,2,0.0175
8921971,201612,27410,11290,己合备,11290640,沥釜3悼,1,0,2,12.446
8921978,201612,27410,11290,己合备,11290640,沥釜3悼,1,10,2,0.06242857
8921985,201612,27410,11290,己合备,11290640,沥釜3悼,1,20,2,1.1802857
8921992,201612,27410,11290,己合备,11290640,沥釜3悼,1,30,2,2.1455715
8921999,201612,27410,11290,己合备,11290640,沥釜3悼,1,40,2,4.6658573
8922006,201612,27410,11290,己合备,11290640,沥釜3悼,1,50,2,3.6295714
8922013,201612,27410,11290,己合备,11290640,沥釜3悼,1,60,2,0.7622857
8922020,201612,27410,11290,己合备,11290640,沥釜3悼,2,0,2,1.7828572
8922041,201612,27410,11290,己合备,11290640,沥釜3悼,2,30,2,0.25357142
8922048,201612,27410,11290,己合备,11290640,沥釜3悼,2,40,2,0.6603571
8922055,201612,27410,11290,己合备,11290640,沥釜3悼,2,50,2,0.715
8922062,201612,27410,11290,己合备,11290640,沥釜3悼,2,60,2,0.15392858
8922069,201612,27411,11290,己合备,11290640,沥釜3悼,1,0,2,12.0165
8922076,201612,27411,11290,己合备,11290640,沥釜3悼,1,10,2,0.095
8922083,201612,27411,11290,己合备,11290640,沥釜3悼,1,20,2,1.797
8922090,201612,27411,11290,己合备,11290640,沥釜3悼,1,30,2,1.9865
8922097,201612,27411,11290,己合备,11290640,沥釜3悼,1,40,2,4.352
8922104,201612,27411,11290,己合备,11290640,沥釜3悼,1,50,2,3.311
8922111,201612,27411,11290,己合备,11290640,沥釜3悼,1,60,2,0.475
8922118,201612,27411,11290,己合备,11290640,沥釜3悼,2,0,2,0.93375
8922139,201612,27411,11290,己合备,11290640,沥釜3悼,2,30,2,0.23375
8922146,201612,27411,11290,己合备,11290640,沥釜3悼,2,40,2,0.46625
8922153,201612,27411,11290,己合备,11290640,沥釜3悼,2,50,2,0.23375
8923539,201612,27427,11290,己合备,11290630,沥釜2悼,1,0,2,9.860143
8923546,201612,27427,11290,己合备,11290630,沥釜2悼,1,10,2,0.41128573
8923560,201612,27427,11290,己合备,11290630,沥釜2悼,1,30,2,2.076
8923567,201612,27427,11290,己合备,11290630,沥釜2悼,1,40,2,3.2642858
8923574,201612,27427,11290,己合备,11290630,沥釜2悼,1,50,2,2.768
8923581,201612,27427,11290,己合备,11290630,沥釜2悼,1,60,2,1.3405714
8923588,201612,27427,11290,己合备,11290630,沥釜2悼,2,0,2,4.8242855
8923609,201612,27427,11290,己合备,11290630,沥釜2悼,2,30,2,0.985
8923616,201612,27427,11290,己合备,11290630,沥釜2悼,2,40,2,1.6532143
8923623,201612,27427,11290,己合备,11290630,沥釜2悼,2,50,2,1.5953572
8923630,201612,27427,11290,己合备,11290630,沥釜2悼,2,60,2,0.5907143
8923637,201612,27428,11290,己合备,11290630,沥釜2悼,1,0,2,13.493333
8923644,201612,27428,11290,己合备,11290630,沥釜2悼,1,10,2,0.77933335
8923651,201612,27428,11290,己合备,11290630,沥釜2悼,1,20,2,0.033777777
8923658,201612,27428,11290,己合备,11290630,沥釜2悼,1,30,2,2.9904444
8923665,201612,27428,11290,己合备,11290630,沥釜2悼,1,40,2,3.7508888
8923672,201612,27428,11290,己合备,11290630,沥釜2悼,1,50,2,3.3944445
8923679,201612,27428,11290,己合备,11290630,沥釜2悼,1,60,2,2.5444446
8923686,201612,27428,11290,己合备,11290630,沥釜2悼,2,0,2,7.356389
8923707,201612,27428,11290,己合备,11290630,沥釜2悼,2,30,2,1.7236111
8923714,201612,27428,11290,己合备,11290630,沥釜2悼,2,40,2,2.4608333
8923721,201612,27428,11290,己合备,11290630,沥釜2悼,2,50,2,2.1419444
8923728,201612,27428,11290,己合备,11290630,沥釜2悼,2,60,2,1.03
8926185,201612,27457,11290,己合备,11290640,沥釜3悼,1,0,2,7.403333
8926192,201612,27457,11290,己合备,11290640,沥釜3悼,1,10,2,0.537
8926199,201612,27457,11290,己合备,11290640,沥釜3悼,1,20,2,1.821
8926206,201612,27457,11290,己合备,11290640,沥釜3悼,1,30,2,1.214
8926213,201612,27457,11290,己合备,11290640,沥釜3悼,1,40,2,1.8493333
8926220,201612,27457,11290,己合备,11290640,沥釜3悼,1,50,2,1.3473333
8926227,201612,27457,11290,己合备,11290640,沥釜3悼,1,60,2,0.6346667
8926234,201612,27457,11290,己合备,11290640,沥釜3悼,2,0,2,2.3125
8926241,201612,27457,11290,己合备,11290640,沥釜3悼,2,10,2,0.035
8926248,201612,27457,11290,己合备,11290640,沥釜3悼,2,20,2,0.41416666
8926255,201612,27457,11290,己合备,11290640,沥釜3悼,2,30,2,0.44916666
8926262,201612,27457,11290,己合备,11290640,沥釜3悼,2,40,2,0.5516667
8926269,201612,27457,11290,己合备,11290640,沥釜3悼,2,50,2,0.5516667
8926276,201612,27457,11290,己合备,11290640,沥釜3悼,2,60,2,0.31083333
8928635,201612,27483,11290,己合备,11290630,沥釜2悼,1,0,2,26.6064
8928642,201612,27483,11290,己合备,11290630,沥釜2悼,1,10,2,0.9962
8928656,201612,27483,11290,己合备,11290630,沥釜2悼,1,30,2,5.905
8928663,201612,27483,11290,己合备,11290630,沥釜2悼,1,40,2,9.196
8928670,201612,27483,11290,己合备,11290630,沥釜2悼,1,50,2,7.2286
8928677,201612,27483,11290,己合备,11290630,沥釜2悼,1,60,2,3.2806
8928684,201612,27483,11290,己合备,11290630,沥釜2悼,2,0,2,13.048
8928705,201612,27483,11290,己合备,11290630,沥釜2悼,2,30,2,2.7995
8928712,201612,27483,11290,己合备,11290630,沥釜2悼,2,40,2,4.7035
8928719,201612,27483,11290,己合备,11290630,沥釜2悼,2,50,2,3.864
8928726,201612,27483,11290,己合备,11290630,沥釜2悼,2,60,2,1.681
8929125,201612,27488,11290,己合备,11290640,沥釜3悼,1,0,2,17.5395
8929139,201612,27488,11290,己合备,11290640,沥釜3悼,1,20,2,1.27775
8929146,201612,27488,11290,己合备,11290640,沥釜3悼,1,30,2,2.86625
8929153,201612,27488,11290,己合备,11290640,沥釜3悼,1,40,2,6.32675
8929160,201612,27488,11290,己合备,11290640,沥釜3悼,1,50,2,5.36375
8929167,201612,27488,11290,己合备,11290640,沥釜3悼,1,60,2,1.705
8929174,201612,27488,11290,己合备,11290640,沥釜3悼,2,0,2,3.7825
8929195,201612,27488,11290,己合备,11290640,沥釜3悼,2,30,2,0.419375
8929202,201612,27488,11290,己合备,11290640,沥釜3悼,2,40,2,1.26
8929209,201612,27488,11290,己合备,11290640,沥釜3悼,2,50,2,1.681875
8929216,201612,27488,11290,己合备,11290640,沥釜3悼,2,60,2,0.42125
8931869,201612,27513,11290,己合备,11290640,沥釜3悼,1,0,2,6.041333
8931883,201612,27513,11290,己合备,11290640,沥釜3悼,1,20,2,0.91613334
8931890,201612,27513,11290,己合备,11290640,沥釜3悼,1,30,2,0.8788667
8931897,201612,27513,11290,己合备,11290640,沥釜3悼,1,40,2,1.8392
8931904,201612,27513,11290,己合备,11290640,沥釜3悼,1,50,2,1.6118
8931911,201612,27513,11290,己合备,11290640,沥釜3悼,1,60,2,0.7953333
8931918,201612,27513,11290,己合备,11290640,沥釜3悼,2,0,2,1.9633334
8931939,201612,27513,11290,己合备,11290640,沥釜3悼,2,30,2,0.13066667
8931946,201612,27513,11290,己合备,11290640,沥釜3悼,2,40,2,0.6533333
8931953,201612,27513,11290,己合备,11290640,沥釜3悼,2,50,2,0.918
8931960,201612,27513,11290,己合备,11290640,沥釜3悼,2,60,2,0.26133335
8932457,201612,27519,11290,己合备,11290640,沥釜3悼,1,0,2,15.9472
8932464,201612,27519,11290,己合备,11290640,沥釜3悼,1,10,2,0.4204
8932478,201612,27519,11290,己合备,11290640,沥釜3悼,1,30,2,2.9186
8932485,201612,27519,11290,己合备,11290640,沥釜3悼,1,40,2,4.8604
8932492,201612,27519,11290,己合备,11290640,沥釜3悼,1,50,2,4.046
8932499,201612,27519,11290,己合备,11290640,沥釜3悼,1,60,2,3.7018
8932506,201612,27519,11290,己合备,11290640,沥釜3悼,2,0,2,7.702
8932527,201612,27519,11290,己合备,11290640,沥釜3悼,2,30,2,1.2365
8932534,201612,27519,11290,己合备,11290640,沥釜3悼,2,40,2,2.2795
8932541,201612,27519,11290,己合备,11290640,沥釜3悼,2,50,2,2.586
8932548,201612,27519,11290,己合备,11290640,沥釜3悼,2,60,2,1.6
8935593,201612,27554,11290,己合备,11290640,沥釜3悼,1,0,2,1.3805
8935600,201612,27554,11290,己合备,11290640,沥釜3悼,1,10,2,0.019
8935607,201612,27554,11290,己合备,11290640,沥釜3悼,1,20,2,0.359
8935614,201612,27554,11290,己合备,11290640,沥釜3悼,1,30,2,0.2085
8935621,201612,27554,11290,己合备,11290640,沥釜3悼,1,40,2,0.4915
8935628,201612,27554,11290,己合备,11290640,沥釜3悼,1,50,2,0.3025
8936377,201612,27562,11290,己合备,11290640,沥釜3悼,1,0,2,6.99425
8936384,201612,27562,11290,己合备,11290640,沥釜3悼,1,10,2,0.6045
8936391,201612,27562,11290,己合备,11290640,沥釜3悼,1,20,2,0.8265
8936398,201612,27562,11290,己合备,11290640,沥釜3悼,1,30,2,1.27525
8936405,201612,27562,11290,己合备,11290640,沥釜3悼,1,40,2,1.90575
8936412,201612,27562,11290,己合备,11290640,沥釜3悼,1,50,2,1.56175
8936419,201612,27562,11290,己合备,11290640,沥釜3悼,1,60,2,0.8205
8936426,201612,27562,11290,己合备,11290640,沥釜3悼,2,0,2,2.8625
8936433,201612,27562,11290,己合备,11290640,沥釜3悼,2,10,2,0.03875
8936440,201612,27562,11290,己合备,11290640,沥釜3悼,2,20,2,0.46625
8936447,201612,27562,11290,己合备,11290640,沥釜3悼,2,30,2,0.57
8936454,201612,27562,11290,己合备,11290640,沥釜3悼,2,40,2,0.685
8936461,201612,27562,11290,己合备,11290640,沥釜3悼,2,50,2,0.68625
8936468,201612,27562,11290,己合备,11290640,沥釜3悼,2,60,2,0.41625
8936475,201612,27563,11290,己合备,11290640,沥釜3悼,1,0,2,19.317333
8936482,201612,27563,11290,己合备,11290640,沥釜3悼,1,10,2,2.0136666
8936489,201612,27563,11290,己合备,11290640,沥釜3悼,1,20,2,2.7543333
8936496,201612,27563,11290,己合备,11290640,沥釜3悼,1,30,2,3.611
8936503,201612,27563,11290,己合备,11290640,沥釜3悼,1,40,2,4.6906667
8936510,201612,27563,11290,己合备,11290640,沥釜3悼,1,50,2,3.8226666
8936517,201612,27563,11290,己合备,11290640,沥釜3悼,1,60,2,2.425
8936524,201612,27563,11290,己合备,11290640,沥釜3悼,2,0,2,8.781667
8936531,201612,27563,11290,己合备,11290640,沥釜3悼,2,10,2,0.13083333
8936538,201612,27563,11290,己合备,11290640,沥釜3悼,2,20,2,1.5541667
8936545,201612,27563,11290,己合备,11290640,沥釜3悼,2,30,2,1.7091666
8936552,201612,27563,11290,己合备,11290640,沥釜3悼,2,40,2,2.0958333
8936559,201612,27563,11290,己合备,11290640,沥釜3悼,2,50,2,2.0966666
8936566,201612,27563,11290,己合备,11290640,沥釜3悼,2,60,2,1.195
8936965,201612,27568,11290,己合备,11290640,沥釜3悼,1,0,2,1.53675
8936979,201612,27568,11290,己合备,11290640,沥釜3悼,1,20,2,0.98175
8936986,201612,27568,11290,己合备,11290640,沥釜3悼,1,30,2,0.06175
8936993,201612,27568,11290,己合备,11290640,沥釜3悼,1,40,2,0.49325
8937749,201612,27577,11290,己合备,11290640,沥釜3悼,1,0,2,12.58
8937756,201612,27577,11290,己合备,11290640,沥釜3悼,1,10,2,1.209
8937763,201612,27577,11290,己合备,11290640,沥釜3悼,1,20,2,1.653
8937770,201612,27577,11290,己合备,11290640,沥釜3悼,1,30,2,2.317
8937777,201612,27577,11290,己合备,11290640,沥釜3悼,1,40,2,3.272
8937784,201612,27577,11290,己合备,11290640,沥釜3悼,1,50,2,2.572
8937791,201612,27577,11290,己合备,11290640,沥釜3悼,1,60,2,1.557
8937798,201612,27577,11290,己合备,11290640,沥釜3悼,2,0,2,5.515
8937805,201612,27577,11290,己合备,11290640,沥釜3悼,2,10,2,0.0775
8937812,201612,27577,11290,己合备,11290640,沥釜3悼,2,20,2,0.9325
8937819,201612,27577,11290,己合备,11290640,沥釜3悼,2,30,2,1.0875
8937826,201612,27577,11290,己合备,11290640,沥釜3悼,2,40,2,1.3175
8937833,201612,27577,11290,己合备,11290640,沥釜3悼,2,50,2,1.32
8937840,201612,27577,11290,己合备,11290640,沥釜3悼,2,60,2,0.78
8938925,201612,27591,11290,己合备,11290640,沥釜3悼,1,0,2,9.391
8938932,201612,27591,11290,己合备,11290640,沥釜3悼,1,10,2,0.8055
8938939,201612,27591,11290,己合备,11290640,沥釜3悼,1,20,2,1.101
8938946,201612,27591,11290,己合备,11290640,沥釜3悼,1,30,2,1.6935
8938953,201612,27591,11290,己合备,11290640,沥釜3悼,1,40,2,2.689
8938960,201612,27591,11290,己合备,11290640,沥釜3悼,1,50,2,1.9375
8938967,201612,27591,11290,己合备,11290640,沥釜3悼,1,60,2,1.1645
8938974,201612,27591,11290,己合备,11290640,沥釜3悼,2,0,2,3.99125
8938981,201612,27591,11290,己合备,11290640,沥釜3悼,2,10,2,0.0525
8938988,201612,27591,11290,己合备,11290640,沥釜3悼,2,20,2,0.62125
8938995,201612,27591,11290,己合备,11290640,沥釜3悼,2,30,2,0.80375
8939002,201612,27591,11290,己合备,11290640,沥釜3悼,2,40,2,0.9575
8939009,201612,27591,11290,己合备,11290640,沥釜3悼,2,50,2,0.95875
8939016,201612,27591,11290,己合备,11290640,沥釜3悼,2,60,2,0.5975
8939023,201612,27592,11290,己合备,11290640,沥釜3悼,1,0,2,7.827
8939030,201612,27592,11290,己合备,11290640,沥釜3悼,1,10,2,0.296
8939037,201612,27592,11290,己合备,11290640,沥釜3悼,1,20,2,1.312
8939044,201612,27592,11290,己合备,11290640,沥釜3悼,1,30,2,1.606
8939051,201612,27592,11290,己合备,11290640,沥釜3悼,1,40,2,2.116
8939058,201612,27592,11290,己合备,11290640,沥釜3悼,1,50,2,1.69
8939065,201612,27592,11290,己合备,11290640,沥釜3悼,1,60,2,0.807
8939072,201612,27592,11290,己合备,11290640,沥釜3悼,2,0,2,3.2175
8939086,201612,27592,11290,己合备,11290640,沥釜3悼,2,20,2,0.2075
8939093,201612,27592,11290,己合备,11290640,沥釜3悼,2,30,2,0.6225
8939100,201612,27592,11290,己合备,11290640,沥釜3悼,2,40,2,0.935
8939107,201612,27592,11290,己合备,11290640,沥釜3悼,2,50,2,1.1425
8939114,201612,27592,11290,己合备,11290640,沥釜3悼,2,60,2,0.31
8939121,201612,27593,11290,己合备,11290640,沥釜3悼,1,0,2,7.827
8939128,201612,27593,11290,己合备,11290640,沥釜3悼,1,10,2,0.296
8939135,201612,27593,11290,己合备,11290640,沥釜3悼,1,20,2,1.312
8939142,201612,27593,11290,己合备,11290640,沥釜3悼,1,30,2,1.606
8939149,201612,27593,11290,己合备,11290640,沥釜3悼,1,40,2,2.116
8939156,201612,27593,11290,己合备,11290640,沥釜3悼,1,50,2,1.69
8939163,201612,27593,11290,己合备,11290640,沥釜3悼,1,60,2,0.807
8939170,201612,27593,11290,己合备,11290640,沥釜3悼,2,0,2,3.2175
8939184,201612,27593,11290,己合备,11290640,沥釜3悼,2,20,2,0.2075
8939191,201612,27593,11290,己合备,11290640,沥釜3悼,2,30,2,0.6225
8939198,201612,27593,11290,己合备,11290640,沥釜3悼,2,40,2,0.935
8939205,201612,27593,11290,己合备,11290640,沥釜3悼,2,50,2,1.1425
8939212,201612,27593,11290,己合备,11290640,沥釜3悼,2,60,2,0.31
8939219,201612,27594,11290,己合备,11290630,沥釜2悼,1,0,2,0.801
8939240,201612,27594,11290,己合备,11290630,沥釜2悼,1,30,2,0.21
8939247,201612,27594,11290,己合备,11290630,沥釜2悼,1,40,2,0.254
8939254,201612,27594,11290,己合备,11290630,沥釜2悼,1,50,2,0.253
8939261,201612,27594,11290,己合备,11290630,沥釜2悼,1,60,2,0.084
8939317,201612,27595,11290,己合备,11290640,沥釜3悼,1,0,2,17.624
8939324,201612,27595,11290,己合备,11290640,沥釜3悼,1,10,2,0.6675
8939331,201612,27595,11290,己合备,11290640,沥釜3悼,1,20,2,2.9535
8939338,201612,27595,11290,己合备,11290640,沥釜3悼,1,30,2,3.62
8939345,201612,27595,11290,己合备,11290640,沥釜3悼,1,40,2,4.763
8939352,201612,27595,11290,己合备,11290640,沥釜3悼,1,50,2,3.81
8939359,201612,27595,11290,己合备,11290640,沥釜3悼,1,60,2,1.81
8939366,201612,27595,11290,己合备,11290640,沥釜3悼,2,0,2,7.24
8939380,201612,27595,11290,己合备,11290640,沥釜3悼,2,20,2,0.46625
8939387,201612,27595,11290,己合备,11290640,沥釜3悼,2,30,2,1.40375
8939394,201612,27595,11290,己合备,11290640,沥釜3悼,2,40,2,2.1025
8939401,201612,27595,11290,己合备,11290640,沥釜3悼,2,50,2,2.5675
8939408,201612,27595,11290,己合备,11290640,沥釜3悼,2,60,2,0.7
8939415,201612,27596,11290,己合备,11290640,沥釜3悼,1,0,2,13.43975
8939422,201612,27596,11290,己合备,11290640,沥釜3悼,1,10,2,0.5095
8939429,201612,27596,11290,己合备,11290640,沥釜3悼,1,20,2,2.2525
8939436,201612,27596,11290,己合备,11290640,沥釜3悼,1,30,2,2.7605
8939443,201612,27596,11290,己合备,11290640,沥釜3悼,1,40,2,3.632
8939450,201612,27596,11290,己合备,11290640,沥釜3悼,1,50,2,2.905
8939457,201612,27596,11290,己合备,11290640,沥釜3悼,1,60,2,1.38025
8939464,201612,27596,11290,己合备,11290640,沥釜3悼,2,0,2,5.565625
8939478,201612,27596,11290,己合备,11290640,沥釜3悼,2,20,2,0.360625
8939485,201612,27596,11290,己合备,11290640,沥釜3悼,2,30,2,1.076875
8939492,201612,27596,11290,己合备,11290640,沥釜3悼,2,40,2,1.614375
8939499,201612,27596,11290,己合备,11290640,沥釜3悼,2,50,2,1.974375
8939506,201612,27596,11290,己合备,11290640,沥釜3悼,2,60,2,0.539375
8940003,201612,27601,11290,己合备,11290640,沥釜3悼,1,0,2,5.659
8940010,201612,27601,11290,己合备,11290640,沥釜3悼,1,10,2,0.16
8940024,201612,27601,11290,己合备,11290640,沥釜3悼,1,30,2,1.017
8940031,201612,27601,11290,己合备,11290640,沥釜3悼,1,40,2,1.686
8940038,201612,27601,11290,己合备,11290640,沥釜3悼,1,50,2,1.398
8940045,201612,27601,11290,己合备,11290640,沥釜3悼,1,60,2,1.398
8940052,201612,27601,11290,己合备,11290640,沥釜3悼,2,0,2,2.885
8940073,201612,27601,11290,己合备,11290640,沥釜3悼,2,30,2,0.47
8940080,201612,27601,11290,己合备,11290640,沥釜3悼,2,40,2,0.8575
8940087,201612,27601,11290,己合备,11290640,沥釜3悼,2,50,2,0.9325
8940094,201612,27601,11290,己合备,11290640,沥釜3悼,2,60,2,0.625
8940395,201612,27606,11290,己合备,11290640,沥釜3悼,1,0,2,2.964
8940416,201612,27606,11290,己合备,11290640,沥釜3悼,1,30,2,0.529
8940423,201612,27606,11290,己合备,11290640,沥釜3悼,1,40,2,1.249
8940430,201612,27606,11290,己合备,11290640,沥釜3悼,1,50,2,0.8553333
8940437,201612,27606,11290,己合备,11290640,沥釜3悼,1,60,2,0.33066666
8940444,201612,27606,11290,己合备,11290640,沥釜3悼,2,0,2,0.715
8940465,201612,27606,11290,己合备,11290640,沥釜3悼,2,30,2,0.14
8940472,201612,27606,11290,己合备,11290640,沥釜3悼,2,40,2,0.24333334
8940479,201612,27606,11290,己合备,11290640,沥釜3悼,2,50,2,0.19166666
8940486,201612,27606,11290,己合备,11290640,沥釜3悼,2,60,2,0.14
8942551,201612,27629,11290,己合备,11290640,沥釜3悼,1,0,2,13.585
8942558,201612,27629,11290,己合备,11290640,沥釜3悼,1,10,2,0.20233333
8942565,201612,27629,11290,己合备,11290640,沥釜3悼,1,20,2,2.201
8942572,201612,27629,11290,己合备,11290640,沥釜3悼,1,30,2,2.131
8942579,201612,27629,11290,己合备,11290640,沥釜3悼,1,40,2,4.4526668
8942586,201612,27629,11290,己合备,11290640,沥釜3悼,1,50,2,3.5823333
8942593,201612,27629,11290,己合备,11290640,沥釜3悼,1,60,2,1.0156667
8942600,201612,27629,11290,己合备,11290640,沥釜3悼,2,0,2,1.9608333
8942621,201612,27629,11290,己合备,11290640,沥釜3悼,2,30,2,0.21833333
8942628,201612,27629,11290,己合备,11290640,沥釜3悼,2,40,2,0.76166666
8942635,201612,27629,11290,己合备,11290640,沥釜3悼,2,50,2,0.7625
8942642,201612,27629,11290,己合备,11290640,沥釜3悼,2,60,2,0.21833333
8942747,201612,27630,11290,己合备,11290640,沥釜3悼,1,0,2,15.010715
8942754,201612,27630,11290,己合备,11290640,沥釜3悼,1,10,2,0.20357142
8942761,201612,27630,11290,己合备,11290640,沥釜3悼,1,20,2,1.5524286
8942768,201612,27630,11290,己合备,11290640,沥釜3悼,1,30,2,2.4714286
8942775,201612,27630,11290,己合备,11290640,沥釜3悼,1,40,2,4.8567142
8942782,201612,27630,11290,己合备,11290640,沥釜3悼,1,50,2,4.2767143
8942789,201612,27630,11290,己合备,11290640,沥釜3悼,1,60,2,1.6498572
8942796,201612,27630,11290,己合备,11290640,沥釜3悼,2,0,2,3.1807144
8942817,201612,27630,11290,己合备,11290640,沥釜3悼,2,30,2,0.36642858
8942824,201612,27630,11290,己合备,11290640,沥釜3悼,2,40,2,1.2535714
8942831,201612,27630,11290,己合备,11290640,沥釜3悼,2,50,2,1.1935714
8942838,201612,27630,11290,己合备,11290640,沥釜3悼,2,60,2,0.36714286
8943041,201612,27633,11290,己合备,11290640,沥釜3悼,1,0,2,15.536333
8943048,201612,27633,11290,己合备,11290640,沥釜3悼,1,10,2,1.477
8943055,201612,27633,11290,己合备,11290640,沥釜3悼,1,20,2,2.5616667
8943062,201612,27633,11290,己合备,11290640,沥釜3悼,1,30,2,2.6983333
8943069,201612,27633,11290,己合备,11290640,沥釜3悼,1,40,2,3.6203334
8943076,201612,27633,11290,己合备,11290640,沥釜3悼,1,50,2,3.1356666
8943083,201612,27633,11290,己合备,11290640,沥釜3悼,1,60,2,2.0433333
8943090,201612,27633,11290,己合备,11290640,沥釜3悼,2,0,2,6.4816666
8943097,201612,27633,11290,己合备,11290640,沥釜3悼,2,10,2,0.09583333
8943104,201612,27633,11290,己合备,11290640,沥釜3悼,2,20,2,1.1391667
8943111,201612,27633,11290,己合备,11290640,沥釜3悼,2,30,2,1.235
8943118,201612,27633,11290,己合备,11290640,沥釜3悼,2,40,2,1.5166667
8943125,201612,27633,11290,己合备,11290640,沥釜3悼,2,50,2,1.5783334
8943132,201612,27633,11290,己合备,11290640,沥釜3悼,2,60,2,0.9166667
8944217,201612,27647,11290,己合备,11290640,沥釜3悼,1,0,2,5.218
8944224,201612,27647,11290,己合备,11290640,沥釜3悼,1,10,2,0.19733334
8944231,201612,27647,11290,己合备,11290640,沥釜3悼,1,20,2,0.8746667
8944238,201612,27647,11290,己合备,11290640,沥釜3悼,1,30,2,1.0706667
8944245,201612,27647,11290,己合备,11290640,沥釜3悼,1,40,2,1.4106667
8944252,201612,27647,11290,己合备,11290640,沥釜3悼,1,50,2,1.1266667
8944259,201612,27647,11290,己合备,11290640,沥釜3悼,1,60,2,0.538
8944266,201612,27647,11290,己合备,11290640,沥釜3悼,2,0,2,2.145
8944280,201612,27647,11290,己合备,11290640,沥釜3悼,2,20,2,0.13833334
8944287,201612,27647,11290,己合备,11290640,沥釜3悼,2,30,2,0.415
8944294,201612,27647,11290,己合备,11290640,沥釜3悼,2,40,2,0.62333333
8944301,201612,27647,11290,己合备,11290640,沥釜3悼,2,50,2,0.76166666
8944308,201612,27647,11290,己合备,11290640,沥釜3悼,2,60,2,0.20666666
8944315,201612,27648,11290,己合备,11290640,沥釜3悼,1,0,2,7.827
8944322,201612,27648,11290,己合备,11290640,沥釜3悼,1,10,2,0.296
8944329,201612,27648,11290,己合备,11290640,沥釜3悼,1,20,2,1.312
8944336,201612,27648,11290,己合备,11290640,沥釜3悼,1,30,2,1.606
8944343,201612,27648,11290,己合备,11290640,沥釜3悼,1,40,2,2.116
8944350,201612,27648,11290,己合备,11290640,沥釜3悼,1,50,2,1.69
8944357,201612,27648,11290,己合备,11290640,沥釜3悼,1,60,2,0.807
8944364,201612,27648,11290,己合备,11290640,沥釜3悼,2,0,2,3.2175
8944378,201612,27648,11290,己合备,11290640,沥釜3悼,2,20,2,0.2075
8944385,201612,27648,11290,己合备,11290640,沥釜3悼,2,30,2,0.6225
8944392,201612,27648,11290,己合备,11290640,沥釜3悼,2,40,2,0.935
8944399,201612,27648,11290,己合备,11290640,沥釜3悼,2,50,2,1.1425
8944406,201612,27648,11290,己合备,11290640,沥釜3悼,2,60,2,0.31
8946569,201612,27670,11290,己合备,11290640,沥釜3悼,1,0,2,16.378
8946576,201612,27670,11290,己合备,11290640,沥釜3悼,1,10,2,0.621
8946583,201612,27670,11290,己合备,11290640,沥釜3悼,1,20,2,2.745
8946590,201612,27670,11290,己合备,11290640,沥釜3悼,1,30,2,3.364
8946597,201612,27670,11290,己合备,11290640,沥釜3悼,1,40,2,4.426
8946604,201612,27670,11290,己合备,11290640,沥釜3悼,1,50,2,3.54
8946611,201612,27670,11290,己合备,11290640,沥釜3悼,1,60,2,1.682
8946618,201612,27670,11290,己合备,11290640,沥釜3悼,2,0,2,6.77375
8946632,201612,27670,11290,己合备,11290640,沥釜3悼,2,20,2,0.43875
8946639,201612,27670,11290,己合备,11290640,沥釜3悼,2,30,2,1.31125
8946646,201612,27670,11290,己合备,11290640,沥釜3悼,2,40,2,1.965
8946653,201612,27670,11290,己合备,11290640,沥釜3悼,2,50,2,2.4025
8946660,201612,27670,11290,己合备,11290640,沥釜3悼,2,60,2,0.65625
8946667,201612,27671,11290,己合备,11290640,沥釜3悼,1,0,2,21.003
8946674,201612,27671,11290,己合备,11290640,沥釜3悼,1,10,2,0.796
8946681,201612,27671,11290,己合备,11290640,沥釜3悼,1,20,2,3.52
8946688,201612,27671,11290,己合备,11290640,沥釜3悼,1,30,2,4.314
8946695,201612,27671,11290,己合备,11290640,沥釜3悼,1,40,2,5.676
8946702,201612,27671,11290,己合备,11290640,沥釜3悼,1,50,2,4.54
8946709,201612,27671,11290,己合备,11290640,沥釜3悼,1,60,2,2.157
8946716,201612,27671,11290,己合备,11290640,沥釜3悼,2,0,2,8.715
8946730,201612,27671,11290,己合备,11290640,沥釜3悼,2,20,2,0.565
8946737,201612,27671,11290,己合备,11290640,沥釜3悼,2,30,2,1.685
8946744,201612,27671,11290,己合备,11290640,沥釜3悼,2,40,2,2.5275
8946751,201612,27671,11290,己合备,11290640,沥釜3悼,2,50,2,3.0925
8946758,201612,27671,11290,己合备,11290640,沥釜3悼,2,60,2,0.845
8947059,201612,27675,11290,己合备,11290640,沥釜3悼,1,0,2,14.4385
8947066,201612,27675,11290,己合备,11290640,沥釜3悼,1,10,2,1.41
8947073,201612,27675,11290,己合备,11290640,沥釜3悼,1,20,2,1.9275
8947080,201612,27675,11290,己合备,11290640,沥釜3悼,1,30,2,2.6605
8947087,201612,27675,11290,己合备,11290640,沥釜3悼,1,40,2,3.752
8947094,201612,27675,11290,己合备,11290640,沥釜3悼,1,50,2,2.8735
8947101,201612,27675,11290,己合备,11290640,沥釜3悼,1,60,2,1.815
8947108,201612,27675,11290,己合备,11290640,沥釜3悼,2,0,2,6.43375
8947115,201612,27675,11290,己合备,11290640,沥釜3悼,2,10,2,0.09125
8947122,201612,27675,11290,己合备,11290640,沥釜3悼,2,20,2,1.0875
8947129,201612,27675,11290,己合备,11290640,沥釜3悼,2,30,2,1.26875
8947136,201612,27675,11290,己合备,11290640,沥釜3悼,2,40,2,1.5375
8947143,201612,27675,11290,己合备,11290640,沥釜3悼,2,50,2,1.54
8947150,201612,27675,11290,己合备,11290640,沥釜3悼,2,60,2,0.90875
8948333,201612,27687,11290,己合备,11290640,沥釜3悼,1,0,2,17.528
8948340,201612,27687,11290,己合备,11290640,沥釜3悼,1,10,2,1.611
8948347,201612,27687,11290,己合备,11290640,沥釜3悼,1,20,2,3.132
8948354,201612,27687,11290,己合备,11290640,沥釜3悼,1,30,2,2.92
8948361,201612,27687,11290,己合备,11290640,沥釜3悼,1,40,2,4.022
8948368,201612,27687,11290,己合备,11290640,沥釜3悼,1,50,2,3.429
8948375,201612,27687,11290,己合备,11290640,沥釜3悼,1,60,2,2.414
8948382,201612,27687,11290,己合备,11290640,沥釜3悼,2,0,2,7.1475
8948389,201612,27687,11290,己合备,11290640,沥釜3悼,2,10,2,0.105
8948396,201612,27687,11290,己合备,11290640,沥釜3悼,2,20,2,1.2425
8948403,201612,27687,11290,己合备,11290640,沥釜3悼,2,30,2,1.3475
8948410,201612,27687,11290,己合备,11290640,沥釜3悼,2,40,2,1.655
8948417,201612,27687,11290,己合备,11290640,沥釜3悼,2,50,2,1.76
8948424,201612,27687,11290,己合备,11290640,沥釜3悼,2,60,2,1.0375
8949803,201612,27700,11290,己合备,11290640,沥釜3悼,1,0,2,7.827
8949810,201612,27700,11290,己合备,11290640,沥釜3悼,1,10,2,0.296
8949817,201612,27700,11290,己合备,11290640,沥釜3悼,1,20,2,1.312
8949824,201612,27700,11290,己合备,11290640,沥釜3悼,1,30,2,1.606
8949831,201612,27700,11290,己合备,11290640,沥釜3悼,1,40,2,2.116
8949838,201612,27700,11290,己合备,11290640,沥釜3悼,1,50,2,1.69
8949845,201612,27700,11290,己合备,11290640,沥釜3悼,1,60,2,0.807
8949852,201612,27700,11290,己合备,11290640,沥釜3悼,2,0,2,3.2175
8949866,201612,27700,11290,己合备,11290640,沥釜3悼,2,20,2,0.2075
8949873,201612,27700,11290,己合备,11290640,沥釜3悼,2,30,2,0.6225
8949880,201612,27700,11290,己合备,11290640,沥釜3悼,2,40,2,0.935
8949887,201612,27700,11290,己合备,11290640,沥釜3悼,2,50,2,1.1425
8949894,201612,27700,11290,己合备,11290640,沥釜3悼,2,60,2,0.31
8949901,201612,27701,11290,己合备,11290640,沥釜3悼,1,0,2,4.823
8949922,201612,27701,11290,己合备,11290640,沥釜3悼,1,30,2,0.888
8949929,201612,27701,11290,己合备,11290640,沥釜3悼,1,40,2,1.989
8949936,201612,27701,11290,己合备,11290640,沥釜3悼,1,50,2,1.396
8949943,201612,27701,11290,己合备,11290640,沥釜3悼,1,60,2,0.55
8949950,201612,27701,11290,己合备,11290640,沥釜3悼,2,0,2,1.145
8949971,201612,27701,11290,己合备,11290640,沥釜3悼,2,30,2,0.2075
8949978,201612,27701,11290,己合备,11290640,沥釜3悼,2,40,2,0.4175
8949985,201612,27701,11290,己合备,11290640,沥釜3悼,2,50,2,0.3125
8949992,201612,27701,11290,己合备,11290640,沥釜3悼,2,60,2,0.2075
8949999,201612,27702,11290,己合备,11290630,沥釜2悼,1,0,2,29.333
8950006,201612,27702,11290,己合备,11290630,沥釜2悼,1,10,2,0.85
8950020,201612,27702,11290,己合备,11290630,沥釜2悼,1,30,2,5.651
8950027,201612,27702,11290,己合备,11290630,沥釜2悼,1,40,2,9.552
8950034,201612,27702,11290,己合备,11290630,沥釜2悼,1,50,2,7.742
8950041,201612,27702,11290,己合备,11290630,沥釜2悼,1,60,2,5.538
8950048,201612,27702,11290,己合备,11290630,沥釜2悼,2,0,2,14.5575
8950069,201612,27702,11290,己合备,11290630,沥釜2悼,2,30,2,2.3775
8950076,201612,27702,11290,己合备,11290630,沥釜2悼,2,40,2,4.4775
8950083,201612,27702,11290,己合备,11290630,沥釜2悼,2,50,2,4.4825
8950090,201612,27702,11290,己合备,11290630,沥釜2悼,2,60,2,3.22
8951273,201612,27716,11290,己合备,11290640,沥釜3悼,1,0,2,1.648
8951294,201612,27716,11290,己合备,11290640,沥釜3悼,1,30,2,0.253
8951301,201612,27716,11290,己合备,11290640,沥釜3悼,1,40,2,0.761
8951308,201612,27716,11290,己合备,11290640,沥釜3悼,1,50,2,0.466
8951315,201612,27716,11290,己合备,11290640,沥釜3悼,1,60,2,0.168
8951322,201612,27716,11290,己合备,11290640,沥釜3悼,2,0,2,0.42
8951343,201612,27716,11290,己合备,11290640,沥釜3悼,2,30,2,0.105
8951350,201612,27716,11290,己合备,11290640,沥釜3悼,2,40,2,0.105
8951357,201612,27716,11290,己合备,11290640,沥釜3悼,2,50,2,0.105
8951364,201612,27716,11290,己合备,11290640,沥釜3悼,2,60,2,0.105
8952253,201612,27725,11290,己合备,11290640,沥釜3悼,1,0,2,0.03846154
8952267,201612,27725,11290,己合备,11290640,沥釜3悼,1,20,2,0.03846154
8952743,201612,27730,11290,己合备,11290630,沥釜2悼,1,0,2,17.176
8952750,201612,27730,11290,己合备,11290630,沥釜2悼,1,10,2,0.455
8952764,201612,27730,11290,己合备,11290630,沥釜2悼,1,30,2,3.2746665
8952771,201612,27730,11290,己合备,11290630,沥釜2悼,1,40,2,5.921167
8952778,201612,27730,11290,己合备,11290630,沥釜2悼,1,50,2,4.6915
8952785,201612,27730,11290,己合备,11290630,沥釜2悼,1,60,2,2.8336666
8952792,201612,27730,11290,己合备,11290630,沥釜2悼,2,0,2,8.082084
8952813,201612,27730,11290,己合备,11290630,沥釜2悼,2,30,2,1.3525
8952820,201612,27730,11290,己合备,11290630,沥釜2悼,2,40,2,2.5379167
8952827,201612,27730,11290,己合备,11290630,沥釜2悼,2,50,2,2.6341667
8952834,201612,27730,11290,己合备,11290630,沥釜2悼,2,60,2,1.5575
8952841,201612,27731,11290,己合备,11290630,沥釜2悼,1,0,2,5.7475
8952848,201612,27731,11290,己合备,11290630,沥釜2悼,1,10,2,0.185
8952862,201612,27731,11290,己合备,11290630,沥釜2悼,1,30,2,1.1655
8952869,201612,27731,11290,己合备,11290630,沥釜2悼,1,40,2,2.075
8952876,201612,27731,11290,己合备,11290630,沥釜2悼,1,50,2,1.6495
8952883,201612,27731,11290,己合备,11290630,沥釜2悼,1,60,2,0.6725
8952890,201612,27731,11290,己合备,11290630,沥釜2悼,2,0,2,2.5975
8952911,201612,27731,11290,己合备,11290630,沥釜2悼,2,30,2,0.49375
8952918,201612,27731,11290,己合备,11290630,沥釜2悼,2,40,2,0.8975
8952925,201612,27731,11290,己合备,11290630,沥釜2悼,2,50,2,0.895
8952932,201612,27731,11290,己合备,11290630,沥釜2悼,2,60,2,0.31125
8952939,201612,27732,11290,己合备,11290640,沥釜3悼,1,0,2,9.9665
8952946,201612,27732,11290,己合备,11290640,沥釜3悼,1,10,2,0.2485
8952953,201612,27732,11290,己合备,11290640,沥釜3悼,1,20,2,0.59
8952960,201612,27732,11290,己合备,11290640,沥釜3悼,1,30,2,1.706
8952967,201612,27732,11290,己合备,11290640,沥釜3悼,1,40,2,3.3105
8952974,201612,27732,11290,己合备,11290640,沥釜3悼,1,50,2,2.83975
8952981,201612,27732,11290,己合备,11290640,沥釜3悼,1,60,2,1.27175
8952988,201612,27732,11290,己合备,11290640,沥釜3悼,2,0,2,2.791875
8953009,201612,27732,11290,己合备,11290640,沥釜3悼,2,30,2,0.4475
8953016,201612,27732,11290,己合备,11290640,沥釜3悼,2,40,2,0.9875
8953023,201612,27732,11290,己合备,11290640,沥釜3悼,2,50,2,0.935625
8953030,201612,27732,11290,己合备,11290640,沥釜3悼,2,60,2,0.42125
8953919,201612,27742,11290,己合备,11290640,沥釜3悼,1,0,2,16.681
8953926,201612,27742,11290,己合备,11290640,沥釜3悼,1,10,2,1.611
8953933,201612,27742,11290,己合备,11290640,沥釜3悼,1,20,2,2.667
8953940,201612,27742,11290,己合备,11290640,沥釜3悼,1,30,2,2.835
8953947,201612,27742,11290,己合备,11290640,沥釜3悼,1,40,2,3.7885
8953954,201612,27742,11290,己合备,11290640,沥釜3悼,1,50,2,3.3655
8953961,201612,27742,11290,己合备,11290640,沥釜3悼,1,60,2,2.414
8953968,201612,27742,11290,己合备,11290640,沥釜3悼,2,0,2,7.1475
8953975,201612,27742,11290,己合备,11290640,沥釜3悼,2,10,2,0.105
8953982,201612,27742,11290,己合备,11290640,沥釜3悼,2,20,2,1.2425
8953989,201612,27742,11290,己合备,11290640,沥釜3悼,2,30,2,1.3475
8953996,201612,27742,11290,己合备,11290640,沥釜3悼,2,40,2,1.655
8954003,201612,27742,11290,己合备,11290640,沥釜3悼,2,50,2,1.76
8954010,201612,27742,11290,己合备,11290640,沥釜3悼,2,60,2,1.0375
8954213,201612,27745,11290,己合备,11290640,沥釜3悼,1,0,2,21.003
8954220,201612,27745,11290,己合备,11290640,沥釜3悼,1,10,2,0.796
8954227,201612,27745,11290,己合备,11290640,沥釜3悼,1,20,2,3.52
8954234,201612,27745,11290,己合备,11290640,沥釜3悼,1,30,2,4.314
8954241,201612,27745,11290,己合备,11290640,沥釜3悼,1,40,2,5.676
8954248,201612,27745,11290,己合备,11290640,沥釜3悼,1,50,2,4.54
8954255,201612,27745,11290,己合备,11290640,沥釜3悼,1,60,2,2.157
8954262,201612,27745,11290,己合备,11290640,沥釜3悼,2,0,2,8.715
8954276,201612,27745,11290,己合备,11290640,沥釜3悼,2,20,2,0.565
8954283,201612,27745,11290,己合备,11290640,沥釜3悼,2,30,2,1.685
8954290,201612,27745,11290,己合备,11290640,沥釜3悼,2,40,2,2.5275
8954297,201612,27745,11290,己合备,11290640,沥釜3悼,2,50,2,3.0925
8954304,201612,27745,11290,己合备,11290640,沥釜3悼,2,60,2,0.845
8954703,201612,27751,11290,己合备,11290630,沥釜2悼,1,0,2,3.2536666
8954724,201612,27751,11290,己合备,11290630,沥釜2悼,1,30,2,0.635
8954731,201612,27751,11290,己合备,11290630,沥釜2悼,1,40,2,1.3683333
8954738,201612,27751,11290,己合备,11290630,沥釜2悼,1,50,2,0.791
8954745,201612,27751,11290,己合备,11290630,沥釜2悼,1,60,2,0.45933333
8954752,201612,27751,11290,己合备,11290630,沥釜2悼,2,0,2,0.8
8954773,201612,27751,11290,己合备,11290630,沥釜2悼,2,30,2,0.1225
8954780,201612,27751,11290,己合备,11290630,沥釜2悼,2,40,2,0.2425
8954787,201612,27751,11290,己合备,11290630,沥釜2悼,2,50,2,0.3125
8954794,201612,27751,11290,己合备,11290630,沥釜2悼,2,60,2,0.1225
8956369,201612,27768,11290,己合备,11290640,沥釜3悼,1,0,2,18.669666
8956376,201612,27768,11290,己合备,11290640,沥釜3悼,1,10,2,0.7073333
8956383,201612,27768,11290,己合备,11290640,沥釜3悼,1,20,2,3.1286666
8956390,201612,27768,11290,己合备,11290640,沥釜3悼,1,30,2,3.8353333
8956397,201612,27768,11290,己合备,11290640,沥釜3悼,1,40,2,5.0453334
8956404,201612,27768,11290,己合备,11290640,沥釜3悼,1,50,2,4.036667
8956411,201612,27768,11290,己合备,11290640,沥釜3悼,1,60,2,1.9163333
8956418,201612,27768,11290,己合备,11290640,沥釜3悼,2,0,2,7.7466664
8956432,201612,27768,11290,己合备,11290640,沥釜3悼,2,20,2,0.5025
8956439,201612,27768,11290,己合备,11290640,沥釜3悼,2,30,2,1.4975
8956446,201612,27768,11290,己合备,11290640,沥釜3悼,2,40,2,2.2466667
8956453,201612,27768,11290,己合备,11290640,沥釜3悼,2,50,2,2.7491667
8956460,201612,27768,11290,己合备,11290640,沥釜3悼,2,60,2,0.75083333
8958427,201612,27787,11290,己合备,11290640,沥釜3悼,1,0,2,14.836333
8958434,201612,27787,11290,己合备,11290640,沥釜3悼,1,10,2,0.56266665
8958441,201612,27787,11290,己合备,11290640,沥釜3悼,1,20,2,2.4866667
8958448,201612,27787,11290,己合备,11290640,沥釜3悼,1,30,2,3.0473332
8958455,201612,27787,11290,己合备,11290640,沥釜3悼,1,40,2,4.009333
8958462,201612,27787,11290,己合备,11290640,沥釜3悼,1,50,2,3.2066667
8958469,201612,27787,11290,己合备,11290640,沥釜3悼,1,60,2,1.5236666
8958476,201612,27787,11290,己合备,11290640,沥釜3悼,2,0,2,6.1266665
8958490,201612,27787,11290,己合备,11290640,沥釜3悼,2,20,2,0.39666668
8958497,201612,27787,11290,己合备,11290640,沥釜3悼,2,30,2,1.1866666
8958504,201612,27787,11290,己合备,11290640,沥釜3悼,2,40,2,1.7775
8958511,201612,27787,11290,己合备,11290640,沥釜3悼,2,50,2,2.1725
8958518,201612,27787,11290,己合备,11290640,沥釜3悼,2,60,2,0.5933333
8959309,201612,27796,11290,己合备,11290640,沥釜3悼,1,0,2,0.59704345
8959323,201612,27796,11290,己合备,11290640,沥釜3悼,1,20,2,0.4995652
8959337,201612,27796,11290,己合备,11290640,沥釜3悼,1,40,2,0.0066086957
8959344,201612,27796,11290,己合备,11290640,沥釜3悼,1,50,2,0.09086957
8959505,201612,27798,11290,己合备,11290640,沥釜3悼,1,0,2,0.61107695
8959519,201612,27798,11290,己合备,11290640,沥釜3悼,1,20,2,0.49269232
8959526,201612,27798,11290,己合备,11290640,沥釜3悼,1,30,2,0.013153846
8959533,201612,27798,11290,己合备,11290640,沥釜3悼,1,40,2,0.10523077
8960387,201612,27805,11290,己合备,11290640,沥釜3悼,1,0,2,8.465
8960394,201612,27805,11290,己合备,11290640,沥釜3悼,1,10,2,0.21
8960401,201612,27805,11290,己合备,11290640,沥釜3悼,1,20,2,0.549
8960408,201612,27805,11290,己合备,11290640,沥釜3悼,1,30,2,1.779
8960415,201612,27805,11290,己合备,11290640,沥釜3悼,1,40,2,2.287
8960422,201612,27805,11290,己合备,11290640,沥釜3悼,1,50,2,2.031
8960429,201612,27805,11290,己合备,11290640,沥釜3悼,1,60,2,1.609
8960436,201612,27805,11290,己合备,11290640,沥釜3悼,2,0,2,4.7725
8960450,201612,27805,11290,己合备,11290640,沥釜3悼,2,20,2,0.21
8960457,201612,27805,11290,己合备,11290640,沥釜3悼,2,30,2,0.935
8960464,201612,27805,11290,己合备,11290640,沥釜3悼,2,40,2,1.3475
8960471,201612,27805,11290,己合备,11290640,沥釜3悼,2,50,2,1.45
8960478,201612,27805,11290,己合备,11290640,沥釜3悼,2,60,2,0.83
8961563,201612,27818,11290,己合备,11290630,沥釜2悼,1,0,2,1.3002857
8961584,201612,27818,11290,己合备,11290630,沥釜2悼,1,30,2,0.27285713
8961591,201612,27818,11290,己合备,11290630,沥釜2悼,1,40,2,0.478
8961598,201612,27818,11290,己合备,11290630,沥釜2悼,1,50,2,0.36485714
8961605,201612,27818,11290,己合备,11290630,沥釜2悼,1,60,2,0.18457143
8961612,201612,27818,11290,己合备,11290630,沥釜2悼,2,0,2,0.09357143
8961647,201612,27818,11290,己合备,11290630,沥釜2悼,2,50,2,0.09357143
8962347,201612,27826,11290,己合备,11290630,沥釜2悼,1,0,2,29.154
8962354,201612,27826,11290,己合备,11290630,沥釜2悼,1,10,2,0.565
8962368,201612,27826,11290,己合备,11290630,沥釜2悼,1,30,2,4.859
8962375,201612,27826,11290,己合备,11290630,沥釜2悼,1,40,2,8.588
8962382,201612,27826,11290,己合备,11290630,沥釜2悼,1,50,2,7.345
8962389,201612,27826,11290,己合备,11290630,沥釜2悼,1,60,2,7.797
8962396,201612,27826,11290,己合备,11290630,沥釜2悼,2,0,2,15.395
8962417,201612,27826,11290,己合备,11290630,沥釜2悼,2,30,2,1.955
8962424,201612,27826,11290,己合备,11290630,沥釜2悼,2,40,2,3.9175
8962431,201612,27826,11290,己合备,11290630,沥釜2悼,2,50,2,4.7625
8962438,201612,27826,11290,己合备,11290630,沥釜2悼,2,60,2,4.76
8963131,201612,27833,11290,己合备,11290640,沥釜3悼,1,0,2,28.027891
8963138,201612,27833,11290,己合备,11290640,沥釜3悼,1,10,2,2.2432609
8963145,201612,27833,11290,己合备,11290640,沥釜3悼,1,20,2,4.548087
8963152,201612,27833,11290,己合备,11290640,沥釜3悼,1,30,2,4.589413
8963159,201612,27833,11290,己合备,11290640,沥釜3悼,1,40,2,7.2291303
8963166,201612,27833,11290,己合备,11290640,沥釜3悼,1,50,2,5.5209565
8963173,201612,27833,11290,己合备,11290640,沥釜3悼,1,60,2,3.8970435
8963180,201612,27833,11290,己合备,11290640,沥釜3悼,2,0,2,13.42788
8963187,201612,27833,11290,己合备,11290640,沥釜3悼,2,10,2,0.692337
8963194,201612,27833,11290,己合备,11290640,沥釜3悼,2,20,2,1.893913
8963201,201612,27833,11290,己合备,11290640,沥釜3悼,2,30,2,2.1651087
8963208,201612,27833,11290,己合备,11290640,沥釜3悼,2,40,2,3.3444564
8963215,201612,27833,11290,己合备,11290640,沥釜3悼,2,50,2,3.0658152
8963222,201612,27833,11290,己合备,11290640,沥釜3悼,2,60,2,2.26625
8964895,201612,27852,11290,己合备,11290640,沥釜3悼,1,0,2,11.753
8964902,201612,27852,11290,己合备,11290640,沥釜3悼,1,10,2,0.446
8964909,201612,27852,11290,己合备,11290640,沥釜3悼,1,20,2,1.97
8964916,201612,27852,11290,己合备,11290640,沥釜3悼,1,30,2,2.414
8964923,201612,27852,11290,己合备,11290640,沥釜3悼,1,40,2,3.176
8964930,201612,27852,11290,己合备,11290640,沥釜3悼,1,50,2,2.54
8964937,201612,27852,11290,己合备,11290640,沥釜3悼,1,60,2,1.207
8964944,201612,27852,11290,己合备,11290640,沥釜3悼,2,0,2,4.8325
8964958,201612,27852,11290,己合备,11290640,沥釜3悼,2,20,2,0.3125
8964965,201612,27852,11290,己合备,11290640,沥釜3悼,2,30,2,0.9375
8964972,201612,27852,11290,己合备,11290640,沥釜3悼,2,40,2,1.4025
8964979,201612,27852,11290,己合备,11290640,沥釜3悼,2,50,2,1.7125
8964986,201612,27852,11290,己合备,11290640,沥釜3悼,2,60,2,0.4675
8964993,201612,27853,11290,己合备,11290640,沥釜3悼,1,0,2,11.753
8965000,201612,27853,11290,己合备,11290640,沥釜3悼,1,10,2,0.446
8965007,201612,27853,11290,己合备,11290640,沥釜3悼,1,20,2,1.97
8965014,201612,27853,11290,己合备,11290640,沥釜3悼,1,30,2,2.414
8965021,201612,27853,11290,己合备,11290640,沥釜3悼,1,40,2,3.176
8965028,201612,27853,11290,己合备,11290640,沥釜3悼,1,50,2,2.54
8965035,201612,27853,11290,己合备,11290640,沥釜3悼,1,60,2,1.207
8965042,201612,27853,11290,己合备,11290640,沥釜3悼,2,0,2,4.8325
8965056,201612,27853,11290,己合备,11290640,沥釜3悼,2,20,2,0.3125
8965063,201612,27853,11290,己合备,11290640,沥釜3悼,2,30,2,0.9375
8965070,201612,27853,11290,己合备,11290640,沥釜3悼,2,40,2,1.4025
8965077,201612,27853,11290,己合备,11290640,沥釜3悼,2,50,2,1.7125
8965084,201612,27853,11290,己合备,11290640,沥釜3悼,2,60,2,0.4675
8966365,201612,27868,11290,己合备,11290640,沥釜3悼,1,0,2,21.003
8966372,201612,27868,11290,己合备,11290640,沥釜3悼,1,10,2,0.796
8966379,201612,27868,11290,己合备,11290640,沥釜3悼,1,20,2,3.52
8966386,201612,27868,11290,己合备,11290640,沥釜3悼,1,30,2,4.314
8966393,201612,27868,11290,己合备,11290640,沥釜3悼,1,40,2,5.676
8966400,201612,27868,11290,己合备,11290640,沥釜3悼,1,50,2,4.54
8966407,201612,27868,11290,己合备,11290640,沥釜3悼,1,60,2,2.157
8966414,201612,27868,11290,己合备,11290640,沥釜3悼,2,0,2,8.715
8966428,201612,27868,11290,己合备,11290640,沥釜3悼,2,20,2,0.565
8966435,201612,27868,11290,己合备,11290640,沥釜3悼,2,30,2,1.685
8966442,201612,27868,11290,己合备,11290640,沥釜3悼,2,40,2,2.5275
8966449,201612,27868,11290,己合备,11290640,沥釜3悼,2,50,2,3.0925
8966456,201612,27868,11290,己合备,11290640,沥釜3悼,2,60,2,0.845
8966463,201612,27869,11290,己合备,11290640,沥釜3悼,1,0,2,14.003
8966470,201612,27869,11290,己合备,11290640,沥釜3悼,1,10,2,0.53
8966477,201612,27869,11290,己合备,11290640,沥釜3悼,1,20,2,2.346
8966484,201612,27869,11290,己合备,11290640,沥釜3悼,1,30,2,2.878
8966491,201612,27869,11290,己合备,11290640,沥釜3悼,1,40,2,3.784
8966498,201612,27869,11290,己合备,11290640,沥釜3悼,1,50,2,3.03
8966505,201612,27869,11290,己合备,11290640,沥釜3悼,1,60,2,1.435
8966512,201612,27869,11290,己合备,11290640,沥釜3悼,2,0,2,5.8
8966526,201612,27869,11290,己合备,11290640,沥釜3悼,2,20,2,0.375
8966533,201612,27869,11290,己合备,11290640,沥釜3悼,2,30,2,1.12
8966540,201612,27869,11290,己合备,11290640,沥釜3悼,2,40,2,1.685
8966547,201612,27869,11290,己合备,11290640,沥釜3悼,2,50,2,2.06
8966554,201612,27869,11290,己合备,11290640,沥釜3悼,2,60,2,0.56
8969109,201612,27897,11290,己合备,11290640,沥釜3悼,1,0,2,6.404
8969123,201612,27897,11290,己合备,11290640,沥釜3悼,1,20,2,0.265
8969130,201612,27897,11290,己合备,11290640,沥釜3悼,1,30,2,1.219
8969137,201612,27897,11290,己合备,11290640,沥釜3悼,1,40,2,2.0625
8969144,201612,27897,11290,己合备,11290640,沥釜3悼,1,50,2,2.0625
8969151,201612,27897,11290,己合备,11290640,沥釜3悼,1,60,2,0.795
8969158,201612,27897,11290,己合备,11290640,沥釜3悼,2,0,2,1.69375
8969179,201612,27897,11290,己合备,11290640,沥釜3悼,2,30,2,0.13125
8969186,201612,27897,11290,己合备,11290640,沥釜3悼,2,40,2,0.52
8969193,201612,27897,11290,己合备,11290640,沥釜3悼,2,50,2,0.78
8969200,201612,27897,11290,己合备,11290640,沥釜3悼,2,60,2,0.2625
8969501,201612,27900,11290,己合备,11290640,沥釜3悼,1,0,2,8.503285
8969508,201612,27900,11290,己合备,11290640,沥釜3悼,1,10,2,0.25085714
8969522,201612,27900,11290,己合备,11290640,沥釜3悼,1,30,2,1.5641428
8969529,201612,27900,11290,己合备,11290640,沥釜3悼,1,40,2,2.5742857
8969536,201612,27900,11290,己合备,11290640,沥釜3悼,1,50,2,2.1477144
8969543,201612,27900,11290,己合备,11290640,沥釜3悼,1,60,2,1.9662857
8969550,201612,27900,11290,己合备,11290640,沥釜3悼,2,0,2,4.1257143
8969571,201612,27900,11290,己合备,11290640,沥釜3悼,2,30,2,0.69035715
8969578,201612,27900,11290,己合备,11290640,沥釜3悼,2,40,2,1.2221428
8969585,201612,27900,11290,己合备,11290640,沥釜3悼,2,50,2,1.3514286
8969592,201612,27900,11290,己合备,11290640,沥釜3悼,2,60,2,0.8617857
8969697,201612,27902,11290,己合备,11290640,沥釜3悼,1,0,2,9.729
8969704,201612,27902,11290,己合备,11290640,沥釜3悼,1,10,2,0.288
8969711,201612,27902,11290,己合备,11290640,沥釜3悼,1,20,2,0.416
8969718,201612,27902,11290,己合备,11290640,沥釜3悼,1,30,2,2.033
8969725,201612,27902,11290,己合备,11290640,沥釜3悼,1,40,2,2.828
8969732,201612,27902,11290,己合备,11290640,沥釜3悼,1,50,2,2.481
8969739,201612,27902,11290,己合备,11290640,沥釜3悼,1,60,2,1.683
8969746,201612,27902,11290,己合备,11290640,沥釜3悼,2,0,2,4.675
8969760,201612,27902,11290,己合备,11290640,沥釜3悼,2,20,2,0.155
8969767,201612,27902,11290,己合备,11290640,沥釜3悼,2,30,2,0.9375
8969774,201612,27902,11290,己合备,11290640,沥釜3悼,2,40,2,1.3225
8969781,201612,27902,11290,己合备,11290640,沥釜3悼,2,50,2,1.4775
8969788,201612,27902,11290,己合备,11290640,沥釜3悼,2,60,2,0.7825
8970089,201612,27907,11290,己合备,11290640,沥釜3悼,1,0,2,13.921
8970096,201612,27907,11290,己合备,11290640,沥釜3悼,1,10,2,0.253
8970103,201612,27907,11290,己合备,11290640,沥釜3悼,1,20,2,1.9916667
8970110,201612,27907,11290,己合备,11290640,沥釜3悼,1,30,2,1.8656666
8970117,201612,27907,11290,己合备,11290640,沥釜3悼,1,40,2,4.135667
8970124,201612,27907,11290,己合备,11290640,沥釜3悼,1,50,2,3.809
8970131,201612,27907,11290,己合备,11290640,沥釜3悼,1,60,2,1.866
8970138,201612,27907,11290,己合备,11290640,沥釜3悼,2,0,2,2.7383332
8970159,201612,27907,11290,己合备,11290640,沥釜3悼,2,30,2,0.1875
8970166,201612,27907,11290,己合备,11290640,沥釜3悼,2,40,2,0.9325
8970173,201612,27907,11290,己合备,11290640,沥釜3悼,2,50,2,1.12
8970180,201612,27907,11290,己合备,11290640,沥釜3悼,2,60,2,0.49833333
8971853,201612,27924,11290,己合备,11290640,沥釜3悼,1,0,2,5.7841816
8971860,201612,27924,11290,己合备,11290640,沥釜3悼,1,10,2,0.057
8971867,201612,27924,11290,己合备,11290640,沥釜3悼,1,20,2,1.0778182
8971874,201612,27924,11290,己合备,11290640,沥釜3悼,1,30,2,0.8593636
8971881,201612,27924,11290,己合备,11290640,沥釜3悼,1,40,2,2.0794547
8971888,201612,27924,11290,己合备,11290640,沥釜3悼,1,50,2,1.4659091
8971895,201612,27924,11290,己合备,11290640,沥釜3悼,1,60,2,0.24463636
8971902,201612,27924,11290,己合备,11290640,沥釜3悼,2,0,2,0.33568183
8971923,201612,27924,11290,己合备,11290640,沥釜3悼,2,30,2,0.03409091
8971930,201612,27924,11290,己合备,11290640,沥釜3悼,2,40,2,0.10181818
8971937,201612,27924,11290,己合备,11290640,沥釜3悼,2,50,2,0.1359091
8971944,201612,27924,11290,己合备,11290640,沥釜3悼,2,60,2,0.063863635
8971951,201612,27925,11290,己合备,11290640,沥釜3悼,1,0,2,2.648
8971979,201612,27925,11290,己合备,11290640,沥釜3悼,1,40,2,0.769
8971986,201612,27925,11290,己合备,11290640,沥釜3悼,1,50,2,1.0245
8971993,201612,27925,11290,己合备,11290640,沥釜3悼,1,60,2,0.8545
8972000,201612,27925,11290,己合备,11290640,沥釜3悼,2,0,2,0.21
8972042,201612,27925,11290,己合备,11290640,沥釜3悼,2,60,2,0.21
8973127,201612,27936,11290,己合备,11290640,沥釜3悼,1,0,2,1.767
8973155,201612,27936,11290,己合备,11290640,沥釜3悼,1,40,2,0.513
8973162,201612,27936,11290,己合备,11290640,沥釜3悼,1,50,2,0.684
8973169,201612,27936,11290,己合备,11290640,沥釜3悼,1,60,2,0.57
8973176,201612,27936,11290,己合备,11290640,沥釜3悼,2,0,2,0.14
8973218,201612,27936,11290,己合备,11290640,沥釜3悼,2,60,2,0.14
8973617,201612,27941,11290,己合备,11290640,沥釜3悼,1,0,2,11.939285
8973624,201612,27941,11290,己合备,11290640,沥釜3悼,1,10,2,0.40042856
8973631,201612,27941,11290,己合备,11290640,沥釜3悼,1,20,2,1.0332857
8973638,201612,27941,11290,己合备,11290640,沥釜3悼,1,30,2,2.1085715
8973645,201612,27941,11290,己合备,11290640,沥釜3悼,1,40,2,3.6605713
8973652,201612,27941,11290,己合备,11290640,沥釜3悼,1,50,2,3.173
8973659,201612,27941,11290,己合备,11290640,沥釜3悼,1,60,2,1.5634285
8973666,201612,27941,11290,己合备,11290640,沥釜3悼,2,0,2,4.0014286
8973680,201612,27941,11290,己合备,11290640,沥釜3悼,2,20,2,0.18785714
8973687,201612,27941,11290,己合备,11290640,沥釜3悼,2,30,2,0.6364286
8973694,201612,27941,11290,己合备,11290640,沥釜3悼,2,40,2,1.2803571
8973701,201612,27941,11290,己合备,11290640,沥釜3悼,2,50,2,1.3171428
8973708,201612,27941,11290,己合备,11290640,沥釜3悼,2,60,2,0.57964283
8973813,201612,27943,11290,己合备,11290630,沥釜2悼,1,0,2,17.727
8973820,201612,27943,11290,己合备,11290630,沥釜2悼,1,10,2,1.717
8973827,201612,27943,11290,己合备,11290630,沥釜2悼,1,20,2,2.605
8973834,201612,27943,11290,己合备,11290630,沥釜2悼,1,30,2,2.924
8973841,201612,27943,11290,己合备,11290630,沥釜2悼,1,40,2,3.747
8973848,201612,27943,11290,己合备,11290630,沥釜2悼,1,50,2,3.684
8973855,201612,27943,11290,己合备,11290630,沥釜2悼,1,60,2,3.05
8973862,201612,27943,11290,己合备,11290630,沥釜2悼,2,0,2,10.1075
8973869,201612,27943,11290,己合备,11290630,沥釜2悼,2,10,2,0.1575
8973876,201612,27943,11290,己合备,11290630,沥釜2悼,2,20,2,1.865
8973883,201612,27943,11290,己合备,11290630,沥釜2悼,2,30,2,1.7125
8973890,201612,27943,11290,己合备,11290630,沥釜2悼,2,40,2,2.485
8973897,201612,27943,11290,己合备,11290630,沥釜2悼,2,50,2,2.485
8973904,201612,27943,11290,己合备,11290630,沥釜2悼,2,60,2,1.4025
8975087,201612,27955,11290,己合备,11290640,沥釜3悼,1,0,2,3.2025
8975101,201612,27955,11290,己合备,11290640,沥釜3悼,1,20,2,0.13275
8975108,201612,27955,11290,己合备,11290640,沥釜3悼,1,30,2,0.609
8975115,201612,27955,11290,己合备,11290640,沥釜3悼,1,40,2,1.031
8975122,201612,27955,11290,己合备,11290640,沥釜3悼,1,50,2,1.031
8975129,201612,27955,11290,己合备,11290640,沥釜3悼,1,60,2,0.39875
8975136,201612,27955,11290,己合备,11290640,沥釜3悼,2,0,2,0.846875
8975157,201612,27955,11290,己合备,11290640,沥釜3悼,2,30,2,0.065
8975164,201612,27955,11290,己合备,11290640,沥釜3悼,2,40,2,0.26125
8975171,201612,27955,11290,己合备,11290640,沥釜3悼,2,50,2,0.390625
8975178,201612,27955,11290,己合备,11290640,沥釜3悼,2,60,2,0.13
8975185,201612,27956,11290,己合备,11290640,沥釜3悼,1,0,2,3.847
8975199,201612,27956,11290,己合备,11290640,沥釜3悼,1,20,2,0.16
8975206,201612,27956,11290,己合备,11290640,沥釜3悼,1,30,2,0.731
8975213,201612,27956,11290,己合备,11290640,沥釜3悼,1,40,2,1.238
8975220,201612,27956,11290,己合备,11290640,沥釜3悼,1,50,2,1.238
8975227,201612,27956,11290,己合备,11290640,沥釜3悼,1,60,2,0.48
8975234,201612,27956,11290,己合备,11290640,沥釜3悼,2,0,2,1.0175
8975255,201612,27956,11290,己合备,11290640,沥釜3悼,2,30,2,0.0775
8975262,201612,27956,11290,己合备,11290640,沥釜3悼,2,40,2,0.315
8975269,201612,27956,11290,己合备,11290640,沥釜3悼,2,50,2,0.47
8975276,201612,27956,11290,己合备,11290640,沥釜3悼,2,60,2,0.155
8975871,201612,27963,11290,己合备,11290640,沥釜3悼,1,0,2,0.9203333
8975878,201612,27963,11290,己合备,11290640,沥釜3悼,1,10,2,0.012666667
8975885,201612,27963,11290,己合备,11290640,沥釜3悼,1,20,2,0.23933333
8975892,201612,27963,11290,己合备,11290640,沥釜3悼,1,30,2,0.139
8975899,201612,27963,11290,己合备,11290640,沥釜3悼,1,40,2,0.32766667
8975906,201612,27963,11290,己合备,11290640,沥釜3悼,1,50,2,0.20166667
8975969,201612,27964,11290,己合备,11290640,沥釜3悼,1,0,2,2.059
8975997,201612,27964,11290,己合备,11290640,沥釜3悼,1,40,2,0.598
8976004,201612,27964,11290,己合备,11290640,沥釜3悼,1,50,2,0.7965
8976011,201612,27964,11290,己合备,11290640,沥釜3悼,1,60,2,0.6645
8976018,201612,27964,11290,己合备,11290640,沥釜3悼,2,0,2,0.16375
8976060,201612,27964,11290,己合备,11290640,沥釜3悼,2,60,2,0.16375
8977831,201612,27986,11290,己合备,11290640,沥釜3悼,1,0,2,5.116
8977845,201612,27986,11290,己合备,11290640,沥釜3悼,1,20,2,0.211
8977852,201612,27986,11290,己合备,11290640,沥釜3悼,1,30,2,0.974
8977859,201612,27986,11290,己合备,11290640,沥釜3悼,1,40,2,1.648
8977866,201612,27986,11290,己合备,11290640,沥釜3悼,1,50,2,1.648
8977873,201612,27986,11290,己合备,11290640,沥釜3悼,1,60,2,0.635
8977880,201612,27986,11290,己合备,11290640,沥釜3悼,2,0,2,1.3525
8977901,201612,27986,11290,己合备,11290640,沥釜3悼,2,30,2,0.105
8977908,201612,27986,11290,己合备,11290640,沥釜3悼,2,40,2,0.415
8977915,201612,27986,11290,己合备,11290640,沥釜3悼,2,50,2,0.6225
8977922,201612,27986,11290,己合备,11290640,沥釜3悼,2,60,2,0.21
8978517,201612,27992,11290,己合备,11290640,沥釜3悼,1,0,2,3.547
8978524,201612,27992,11290,己合备,11290640,沥釜3悼,1,10,2,0.064
8978538,201612,27992,11290,己合备,11290640,沥釜3悼,1,30,2,0.605
8978545,201612,27992,11290,己合备,11290640,沥釜3悼,1,40,2,1.4305
8978552,201612,27992,11290,己合备,11290640,沥釜3悼,1,50,2,1.0335
8978559,201612,27992,11290,己合备,11290640,沥釜3悼,1,60,2,0.414
8978566,201612,27992,11290,己合备,11290640,沥釜3悼,2,0,2,1.01875
8978587,201612,27992,11290,己合备,11290640,沥釜3悼,2,30,2,0.235
8978594,201612,27992,11290,己合备,11290640,沥釜3悼,2,40,2,0.31375
8978601,201612,27992,11290,己合备,11290640,沥釜3悼,2,50,2,0.27375
8978608,201612,27992,11290,己合备,11290640,沥釜3悼,2,60,2,0.19625
8978615,201612,27993,11290,己合备,11290640,沥釜3悼,1,0,2,15.099125
8978622,201612,27993,11290,己合备,11290640,沥釜3悼,1,10,2,1.30925
8978629,201612,27993,11290,己合备,11290640,沥釜3悼,1,20,2,1.790125
8978636,201612,27993,11290,己合备,11290640,沥釜3悼,1,30,2,2.77575
8978643,201612,27993,11290,己合备,11290640,沥釜3悼,1,40,2,4.21325
8978650,201612,27993,11290,己合备,11290640,沥釜3悼,1,50,2,3.17225
8978657,201612,27993,11290,己合备,11290640,沥釜3悼,1,60,2,1.8385
8978664,201612,27993,11290,己合备,11290640,沥釜3悼,2,0,2,6.41875
8978671,201612,27993,11290,己合备,11290640,沥釜3悼,2,10,2,0.0846875
8978678,201612,27993,11290,己合备,11290640,沥釜3悼,2,20,2,1.01
8978685,201612,27993,11290,己合备,11290640,沥釜3悼,2,30,2,1.2575
8978692,201612,27993,11290,己合备,11290640,沥釜3悼,2,40,2,1.5725
8978699,201612,27993,11290,己合备,11290640,沥釜3悼,2,50,2,1.5725
8978706,201612,27993,11290,己合备,11290640,沥釜3悼,2,60,2,0.9215625
8980673,201612,28012,11290,己合备,11290640,沥釜3悼,1,0,2,11.1275
8980680,201612,28012,11290,己合备,11290640,沥釜3悼,1,10,2,0.2895
8980687,201612,28012,11290,己合备,11290640,沥釜3悼,1,20,2,0.6695
8980694,201612,28012,11290,己合备,11290640,沥釜3悼,1,30,2,2.33475
8980701,201612,28012,11290,己合备,11290640,沥釜3悼,1,40,2,3.0545
8980708,201612,28012,11290,己合备,11290640,沥釜3悼,1,50,2,2.70625
8980715,201612,28012,11290,己合备,11290640,沥釜3悼,1,60,2,2.073
8980722,201612,28012,11290,己合备,11290640,沥釜3悼,2,0,2,6.074375
8980736,201612,28012,11290,己合备,11290640,沥釜3悼,2,20,2,0.25375
8980743,201612,28012,11290,己合备,11290640,沥釜3悼,2,30,2,1.195
8980750,201612,28012,11290,己合备,11290640,沥釜3悼,2,40,2,1.715625
8980757,201612,28012,11290,己合备,11290640,沥釜3悼,2,50,2,1.86125
8980764,201612,28012,11290,己合备,11290640,沥釜3悼,2,60,2,1.04875
8982829,201612,28035,11290,己合备,11290640,沥釜3悼,1,0,2,1.832
8982843,201612,28035,11290,己合备,11290640,沥釜3悼,1,20,2,0.197
8982850,201612,28035,11290,己合备,11290640,沥釜3悼,1,30,2,0.32466668
8982857,201612,28035,11290,己合备,11290640,沥釜3悼,1,40,2,0.54933333
8982864,201612,28035,11290,己合备,11290640,沥釜3悼,1,50,2,0.54933333
8982871,201612,28035,11290,己合备,11290640,沥釜3悼,1,60,2,0.21166667
8982878,201612,28035,11290,己合备,11290640,沥釜3悼,2,0,2,0.45083332
8982899,201612,28035,11290,己合备,11290640,沥釜3悼,2,30,2,0.035
8982906,201612,28035,11290,己合备,11290640,沥釜3悼,2,40,2,0.13833334
8982913,201612,28035,11290,己合备,11290640,沥釜3悼,2,50,2,0.2075
8982920,201612,28035,11290,己合备,11290640,沥釜3悼,2,60,2,0.07
8983711,201612,28043,11290,己合备,11290630,沥釜2悼,1,0,2,1.8705
8983732,201612,28043,11290,己合备,11290630,沥釜2悼,1,30,2,0.31925
8983739,201612,28043,11290,己合备,11290630,沥釜2悼,1,40,2,0.83475
8983746,201612,28043,11290,己合备,11290630,沥釜2悼,1,50,2,0.5165
8983753,201612,28043,11290,己合备,11290630,沥釜2悼,1,60,2,0.2
8983760,201612,28043,11290,己合备,11290630,沥釜2悼,2,0,2,0.5875
8983781,201612,28043,11290,己合备,11290630,沥釜2悼,2,30,2,0.0975
8983788,201612,28043,11290,己合备,11290630,沥釜2悼,2,40,2,0.19625
8983795,201612,28043,11290,己合备,11290630,沥釜2悼,2,50,2,0.19625
8983802,201612,28043,11290,己合备,11290630,沥釜2悼,2,60,2,0.0975
8984103,201612,28047,11290,己合备,11290640,沥釜3悼,1,0,2,13.976666
8984110,201612,28047,11290,己合备,11290640,沥釜3悼,1,10,2,0.34833333
8984117,201612,28047,11290,己合备,11290640,沥釜3悼,1,20,2,0.9076667
8984124,201612,28047,11290,己合备,11290640,沥釜3悼,1,30,2,2.936
8984131,201612,28047,11290,己合备,11290640,沥釜3悼,1,40,2,3.7746665
8984138,201612,28047,11290,己合备,11290640,沥釜3悼,1,50,2,3.354
8984145,201612,28047,11290,己合备,11290640,沥釜3悼,1,60,2,2.656
8984152,201612,28047,11290,己合备,11290640,沥釜3悼,2,0,2,7.9583335
8984166,201612,28047,11290,己合备,11290640,沥釜3悼,2,20,2,0.34666666
8984173,201612,28047,11290,己合备,11290640,沥釜3悼,2,30,2,1.5566666
8984180,201612,28047,11290,己合备,11290640,沥釜3悼,2,40,2,2.25
8984187,201612,28047,11290,己合备,11290640,沥釜3悼,2,50,2,2.4216666
8984194,201612,28047,11290,己合备,11290640,沥釜3悼,2,60,2,1.3833333
8984201,201612,28048,11290,己合备,11290630,沥釜2悼,1,0,2,11.811
8984208,201612,28048,11290,己合备,11290630,沥釜2悼,1,10,2,1.144
8984215,201612,28048,11290,己合备,11290630,沥釜2悼,1,20,2,1.734
8984222,201612,28048,11290,己合备,11290630,沥釜2悼,1,30,2,1.948
8984229,201612,28048,11290,己合备,11290630,沥釜2悼,1,40,2,2.498
8984236,201612,28048,11290,己合备,11290630,沥釜2悼,1,50,2,2.456
8984243,201612,28048,11290,己合备,11290630,沥釜2悼,1,60,2,2.031
8984250,201612,28048,11290,己合备,11290630,沥釜2悼,2,0,2,6.7325
8984257,201612,28048,11290,己合备,11290630,沥釜2悼,2,10,2,0.105
8984264,201612,28048,11290,己合备,11290630,沥釜2悼,2,20,2,1.2425
8984271,201612,28048,11290,己合备,11290630,沥釜2悼,2,30,2,1.1425
8984278,201612,28048,11290,己合备,11290630,沥釜2悼,2,40,2,1.655
8984285,201612,28048,11290,己合备,11290630,沥釜2悼,2,50,2,1.655
8984292,201612,28048,11290,己合备,11290630,沥釜2悼,2,60,2,0.9325
8984593,201612,28052,11290,己合备,11290640,沥釜3悼,1,0,2,27.612
8984600,201612,28052,11290,己合备,11290640,沥釜3悼,1,10,2,1.121
8984607,201612,28052,11290,己合备,11290640,沥釜3悼,1,20,2,3.245
8984614,201612,28052,11290,己合备,11290640,沥釜3悼,1,30,2,5.074
8984621,201612,28052,11290,己合备,11290640,沥釜3悼,1,40,2,7.67
8984628,201612,28052,11290,己合备,11290640,沥釜3悼,1,50,2,6.785
8984635,201612,28052,11290,己合备,11290640,沥釜3悼,1,60,2,3.717
8984642,201612,28052,11290,己合备,11290640,沥釜3悼,2,0,2,10.6125
8984656,201612,28052,11290,己合备,11290640,沥釜3悼,2,20,2,0.87125
8984663,201612,28052,11290,己合备,11290640,沥釜3悼,2,30,2,1.6
8984670,201612,28052,11290,己合备,11290640,沥釜3悼,2,40,2,3.1975
8984677,201612,28052,11290,己合备,11290640,沥釜3悼,2,50,2,3.49
8984684,201612,28052,11290,己合备,11290640,沥釜3悼,2,60,2,1.45375
8985181,201612,28058,11290,己合备,11290640,沥釜3悼,1,0,2,1.767
8985209,201612,28058,11290,己合备,11290640,沥釜3悼,1,40,2,0.513
8985216,201612,28058,11290,己合备,11290640,沥釜3悼,1,50,2,0.684
8985223,201612,28058,11290,己合备,11290640,沥釜3悼,1,60,2,0.57
8985230,201612,28058,11290,己合备,11290640,沥釜3悼,2,0,2,0.14
8985272,201612,28058,11290,己合备,11290640,沥釜3悼,2,60,2,0.14
8985279,201612,28059,11290,己合备,11290640,沥釜3悼,1,0,2,2.351
8985307,201612,28059,11290,己合备,11290640,沥釜3悼,1,40,2,0.683
8985314,201612,28059,11290,己合备,11290640,沥釜3悼,1,50,2,0.909
8985321,201612,28059,11290,己合备,11290640,沥釜3悼,1,60,2,0.759
8985328,201612,28059,11290,己合备,11290640,沥釜3悼,2,0,2,0.1875
8985370,201612,28059,11290,己合备,11290640,沥釜3悼,2,60,2,0.1875
8986161,201612,28070,11290,己合备,11290640,沥釜3悼,1,0,2,2.351
8986189,201612,28070,11290,己合备,11290640,沥釜3悼,1,40,2,0.683
8986196,201612,28070,11290,己合备,11290640,沥釜3悼,1,50,2,0.909
8986203,201612,28070,11290,己合备,11290640,沥釜3悼,1,60,2,0.759
8986210,201612,28070,11290,己合备,11290640,沥釜3悼,2,0,2,0.1875
8986252,201612,28070,11290,己合备,11290640,沥釜3悼,2,60,2,0.1875
8987239,201612,28081,11290,己合备,11290640,沥釜3悼,1,0,2,5.2356668
8987246,201612,28081,11290,己合备,11290640,沥釜3悼,1,10,2,0.19733334
8987260,201612,28081,11290,己合备,11290640,沥釜3悼,1,30,2,0.98833334
8987267,201612,28081,11290,己合备,11290640,沥釜3悼,1,40,2,1.7773334
8987274,201612,28081,11290,己合备,11290640,沥釜3悼,1,50,2,1.5803334
8987281,201612,28081,11290,己合备,11290640,沥釜3悼,1,60,2,0.69233334
8987288,201612,28081,11290,己合备,11290640,沥釜3悼,2,0,2,1.6975
8987309,201612,28081,11290,己合备,11290640,沥釜3悼,2,30,2,0.365
8987316,201612,28081,11290,己合备,11290640,沥釜3悼,2,40,2,0.605
8987323,201612,28081,11290,己合备,11290640,沥釜3悼,2,50,2,0.485
8987330,201612,28081,11290,己合备,11290640,沥釜3悼,2,60,2,0.2425
8987337,201612,28082,11290,己合备,11290640,沥釜3悼,1,0,2,5.582667
8987344,201612,28082,11290,己合备,11290640,沥釜3悼,1,10,2,0.168
8987358,201612,28082,11290,己合备,11290640,沥釜3悼,1,30,2,1.0136666
8987365,201612,28082,11290,己合备,11290640,沥釜3悼,1,40,2,2.0306666
8987372,201612,28082,11290,己合备,11290640,沥釜3悼,1,50,2,1.6653334
8987379,201612,28082,11290,己合备,11290640,沥釜3悼,1,60,2,0.705
8987386,201612,28082,11290,己合备,11290640,沥釜3悼,2,0,2,1.7325
8987407,201612,28082,11290,己合备,11290640,沥釜3悼,2,30,2,0.3825
8987414,201612,28082,11290,己合备,11290640,沥釜3悼,2,40,2,0.5875
8987421,201612,28082,11290,己合备,11290640,沥釜3悼,2,50,2,0.485
8987428,201612,28082,11290,己合备,11290640,沥釜3悼,2,60,2,0.2775
8988121,201612,28092,11290,己合备,11290640,沥釜3悼,1,0,2,7.0385
8988128,201612,28092,11290,己合备,11290640,沥釜3悼,1,10,2,0.5675
8988135,201612,28092,11290,己合备,11290640,沥釜3悼,1,20,2,0.8515
8988142,201612,28092,11290,己合备,11290640,沥釜3悼,1,30,2,1.07825
8988149,201612,28092,11290,己合备,11290640,沥釜3悼,1,40,2,1.5895
8988156,201612,28092,11290,己合备,11290640,沥釜3悼,1,50,2,1.5515
8988163,201612,28092,11290,己合备,11290640,沥釜3悼,1,60,2,1.40025
8988170,201612,28092,11290,己合备,11290640,沥釜3悼,2,0,2,4.215
8988177,201612,28092,11290,己合备,11290640,沥釜3悼,2,10,2,0.14
8988184,201612,28092,11290,己合备,11290640,沥釜3悼,2,20,2,0.65625
8988191,201612,28092,11290,己合备,11290640,沥釜3悼,2,30,2,0.655625
8988198,201612,28092,11290,己合备,11290640,沥釜3悼,2,40,2,0.889375
8988205,201612,28092,11290,己合备,11290640,沥釜3悼,2,50,2,1.030625
8988212,201612,28092,11290,己合备,11290640,沥釜3悼,2,60,2,0.843125
8988219,201612,28093,11290,己合备,11290640,沥釜3悼,1,0,2,10.36725
8988226,201612,28093,11290,己合备,11290640,沥釜3悼,1,10,2,0.409
8988233,201612,28093,11290,己合备,11290640,沥釜3悼,1,20,2,0.147
8988240,201612,28093,11290,己合备,11290640,沥釜3悼,1,30,2,2.345
8988247,201612,28093,11290,己合备,11290640,沥釜3悼,1,40,2,3.37725
8988254,201612,28093,11290,己合备,11290640,沥釜3悼,1,50,2,2.731
8988261,201612,28093,11290,己合备,11290640,沥釜3悼,1,60,2,1.358
8988268,201612,28093,11290,己合备,11290640,沥釜3悼,2,0,2,3.7625
8988282,201612,28093,11290,己合备,11290640,沥釜3悼,2,20,2,0.05625
8988289,201612,28093,11290,己合备,11290640,沥釜3悼,2,30,2,0.8375
8988296,201612,28093,11290,己合备,11290640,沥釜3悼,2,40,2,1.28125
8988303,201612,28093,11290,己合备,11290640,沥釜3悼,2,50,2,1.141875
8988310,201612,28093,11290,己合备,11290640,沥釜3悼,2,60,2,0.445625
8988317,201612,28094,11290,己合备,11290640,沥釜3悼,1,0,2,12.183666
8988324,201612,28094,11290,己合备,11290640,沥釜3悼,1,10,2,0.35966668
8988331,201612,28094,11290,己合备,11290640,沥釜3悼,1,20,2,0.51766664
8988338,201612,28094,11290,己合备,11290640,沥釜3悼,1,30,2,2.549
8988345,201612,28094,11290,己合备,11290640,沥釜3悼,1,40,2,3.543
8988352,201612,28094,11290,己合备,11290640,沥釜3悼,1,50,2,3.1056666
8988359,201612,28094,11290,己合备,11290640,沥釜3悼,1,60,2,2.1086667
8988366,201612,28094,11290,己合备,11290640,沥釜3悼,2,0,2,5.8616667
8988380,201612,28094,11290,己合备,11290640,沥釜3悼,2,20,2,0.19666667
8988387,201612,28094,11290,己合备,11290640,沥釜3悼,2,30,2,1.175
8988394,201612,28094,11290,己合备,11290640,沥釜3悼,2,40,2,1.6583333
8988401,201612,28094,11290,己合备,11290640,沥釜3悼,2,50,2,1.8533334
8988408,201612,28094,11290,己合备,11290640,沥釜3悼,2,60,2,0.97833335
8989591,201612,28105,11290,己合备,11290640,沥釜3悼,1,0,2,24.116
8989598,201612,28105,11290,己合备,11290640,沥釜3悼,1,10,2,0.675
8989605,201612,28105,11290,己合备,11290640,沥釜3悼,1,20,2,1.2023333
8989612,201612,28105,11290,己合备,11290640,沥釜3悼,1,30,2,5.052
8989619,201612,28105,11290,己合备,11290640,沥釜3悼,1,40,2,6.8486667
8989626,201612,28105,11290,己合备,11290640,沥釜3悼,1,50,2,6.0286665
8989633,201612,28105,11290,己合备,11290640,沥釜3悼,1,60,2,4.3093333
8989640,201612,28105,11290,己合备,11290640,沥釜3悼,2,0,2,12.49
8989654,201612,28105,11290,己合备,11290640,沥釜3悼,2,20,2,0.46166667
8989661,201612,28105,11290,己合备,11290640,沥釜3悼,2,30,2,2.475
8989668,201612,28105,11290,己合备,11290640,沥釜3悼,2,40,2,3.5383334
8989675,201612,28105,11290,己合备,11290640,沥釜3悼,2,50,2,3.9025
8989682,201612,28105,11290,己合备,11290640,沥釜3悼,2,60,2,2.1125
8990767,201612,28116,11290,己合备,11290630,沥釜2悼,1,0,2,0.87075
8990788,201612,28116,11290,己合备,11290630,沥釜2悼,1,30,2,0.14875
8990795,201612,28116,11290,己合备,11290630,沥釜2悼,1,40,2,0.3885
8990802,201612,28116,11290,己合备,11290630,沥釜2悼,1,50,2,0.241
8990809,201612,28116,11290,己合备,11290630,沥釜2悼,1,60,2,0.0925
8990816,201612,28116,11290,己合备,11290630,沥釜2悼,2,0,2,0.27375
8990837,201612,28116,11290,己合备,11290630,沥釜2悼,2,30,2,0.045625
8990844,201612,28116,11290,己合备,11290630,沥釜2悼,2,40,2,0.09125
8990851,201612,28116,11290,己合备,11290630,沥釜2悼,2,50,2,0.09125
8990858,201612,28116,11290,己合备,11290630,沥釜2悼,2,60,2,0.045625
8992531,201612,28133,11290,己合备,11290640,沥釜3悼,1,0,2,22.9015
8992538,201612,28133,11290,己合备,11290640,沥釜3悼,1,10,2,0.867
8992545,201612,28133,11290,己合备,11290640,沥釜3悼,1,20,2,3.8376667
8992552,201612,28133,11290,己合备,11290640,沥釜3悼,1,30,2,4.7043333
8992559,201612,28133,11290,己合备,11290640,沥釜3悼,1,40,2,6.1893334
8992566,201612,28133,11290,己合备,11290640,沥釜3悼,1,50,2,4.951667
8992573,201612,28133,11290,己合备,11290640,沥釜3悼,1,60,2,2.3515
8992580,201612,28133,11290,己合备,11290640,沥釜3悼,2,0,2,9.454166
8992594,201612,28133,11290,己合备,11290640,沥釜3悼,2,20,2,0.61
8992601,201612,28133,11290,己合备,11290640,沥釜3悼,2,30,2,1.83
8992608,201612,28133,11290,己合备,11290640,沥釜3悼,2,40,2,2.745
8992615,201612,28133,11290,己合备,11290640,沥釜3悼,2,50,2,3.3545833
8992622,201612,28133,11290,己合备,11290640,沥釜3悼,2,60,2,0.9145833
8992923,201612,28138,11290,己合备,11290640,沥釜3悼,1,0,2,5.8765
8992930,201612,28138,11290,己合备,11290640,沥釜3悼,1,10,2,0.223
8992937,201612,28138,11290,己合备,11290640,沥釜3悼,1,20,2,0.985
8992944,201612,28138,11290,己合备,11290640,沥釜3悼,1,30,2,1.207
8992951,201612,28138,11290,己合备,11290640,沥釜3悼,1,40,2,1.588
8992958,201612,28138,11290,己合备,11290640,沥釜3悼,1,50,2,1.27
8992965,201612,28138,11290,己合备,11290640,沥釜3悼,1,60,2,0.6035
8992972,201612,28138,11290,己合备,11290640,沥釜3悼,2,0,2,2.41625
8992986,201612,28138,11290,己合备,11290640,沥釜3悼,2,20,2,0.15625
8992993,201612,28138,11290,己合备,11290640,沥釜3悼,2,30,2,0.46875
8993000,201612,28138,11290,己合备,11290640,沥釜3悼,2,40,2,0.70125
8993007,201612,28138,11290,己合备,11290640,沥釜3悼,2,50,2,0.85625
8993014,201612,28138,11290,己合备,11290640,沥釜3悼,2,60,2,0.23375
8993903,201612,28148,11290,己合备,11290640,沥釜3悼,1,0,2,17.1274
8993910,201612,28148,11290,己合备,11290640,沥釜3悼,1,10,2,1.5303
8993917,201612,28148,11290,己合备,11290640,沥釜3悼,1,20,2,2.0925
8993924,201612,28148,11290,己合备,11290640,沥釜3悼,1,30,2,3.1588
8993931,201612,28148,11290,己合备,11290640,沥釜3悼,1,40,2,4.5453
8993938,201612,28148,11290,己合备,11290640,沥釜3悼,1,50,2,3.645
8993945,201612,28148,11290,己合备,11290640,沥釜3悼,1,60,2,2.1555
8993952,201612,28148,11290,己合备,11290640,沥釜3悼,2,0,2,7.35425
8993959,201612,28148,11290,己合备,11290640,沥釜3悼,2,10,2,0.09975
8993966,201612,28148,11290,己合备,11290640,沥釜3悼,2,20,2,1.18075
8993973,201612,28148,11290,己合备,11290640,沥釜3悼,2,30,2,1.3995
8993980,201612,28148,11290,己合备,11290640,沥釜3悼,2,40,2,1.81225
8993987,201612,28148,11290,己合备,11290640,沥釜3悼,2,50,2,1.834
8993994,201612,28148,11290,己合备,11290640,沥釜3悼,2,60,2,1.028
8994001,201612,28149,11290,己合备,11290640,沥釜3悼,1,0,2,13.4615
8994008,201612,28149,11290,己合备,11290640,沥釜3悼,1,10,2,0.33625
8994015,201612,28149,11290,己合备,11290640,沥釜3悼,1,20,2,0.875
8994022,201612,28149,11290,己合备,11290640,沥釜3悼,1,30,2,2.82775
8994029,201612,28149,11290,己合备,11290640,沥釜3悼,1,40,2,3.63475
8994036,201612,28149,11290,己合备,11290640,沥釜3悼,1,50,2,3.22975
8994043,201612,28149,11290,己合备,11290640,沥釜3悼,1,60,2,2.558
8994050,201612,28149,11290,己合备,11290640,沥釜3悼,2,0,2,7.655
8994064,201612,28149,11290,己合备,11290640,沥釜3悼,2,20,2,0.335
8994071,201612,28149,11290,己合备,11290640,沥釜3悼,2,30,2,1.498125
8994078,201612,28149,11290,己合备,11290640,沥釜3悼,2,40,2,2.1625
8994085,201612,28149,11290,己合备,11290640,沥釜3悼,2,50,2,2.32875
8994092,201612,28149,11290,己合备,11290640,沥釜3悼,2,60,2,1.330625
8994197,201612,28150,11290,己合备,11290640,沥釜3悼,1,0,2,11.9
8994204,201612,28150,11290,己合备,11290640,沥釜3悼,1,10,2,0.2975
8994211,201612,28150,11290,己合备,11290640,沥釜3悼,1,20,2,0.7735
8994218,201612,28150,11290,己合备,11290640,沥釜3悼,1,30,2,2.499
8994225,201612,28150,11290,己合备,11290640,沥釜3悼,1,40,2,3.213
8994232,201612,28150,11290,己合备,11290640,沥釜3悼,1,50,2,2.856
8994239,201612,28150,11290,己合备,11290640,沥釜3悼,1,60,2,2.261
8994246,201612,28150,11290,己合备,11290640,沥釜3悼,2,0,2,6.82
8994260,201612,28150,11290,己合备,11290640,沥釜3悼,2,20,2,0.295
8994267,201612,28150,11290,己合备,11290640,沥釜3悼,2,30,2,1.3325
8994274,201612,28150,11290,己合备,11290640,沥釜3悼,2,40,2,1.93
8994281,201612,28150,11290,己合备,11290640,沥釜3悼,2,50,2,2.0775
8994288,201612,28150,11290,己合备,11290640,沥釜3悼,2,60,2,1.185
8996059,201612,28170,11290,己合备,11290640,沥釜3悼,1,0,2,16.881
8996066,201612,28170,11290,己合备,11290640,沥釜3悼,1,10,2,0.7413333
8996073,201612,28170,11290,己合备,11290640,沥釜3悼,1,20,2,1.9076667
8996080,201612,28170,11290,己合备,11290640,沥釜3悼,1,30,2,3.198
8996087,201612,28170,11290,己合备,11290640,沥釜3悼,1,40,2,4.6586666
8996094,201612,28170,11290,己合备,11290640,沥釜3悼,1,50,2,4.087333
8996101,201612,28170,11290,己合备,11290640,沥釜3悼,1,60,2,2.288
8996108,201612,28170,11290,己合备,11290640,沥釜3悼,2,0,2,6.8591666
8996122,201612,28170,11290,己合备,11290640,沥釜3悼,2,20,2,0.62416667
8996129,201612,28170,11290,己合备,11290640,沥釜3悼,2,30,2,1.0941666
8996136,201612,28170,11290,己合备,11290640,沥釜3悼,2,40,2,2.0233333
8996143,201612,28170,11290,己合备,11290640,沥釜3悼,2,50,2,2.18
8996150,201612,28170,11290,己合备,11290640,沥釜3悼,2,60,2,0.9375
8996157,201612,28171,11290,己合备,11290640,沥釜3悼,1,0,2,13.105
8996164,201612,28171,11290,己合备,11290640,沥釜3悼,1,10,2,0.621
8996171,201612,28171,11290,己合备,11290640,沥釜3悼,1,20,2,1.235
8996178,201612,28171,11290,己合备,11290640,沥釜3悼,1,30,2,2.5766666
8996185,201612,28171,11290,己合备,11290640,沥釜3悼,1,40,2,3.6823332
8996192,201612,28171,11290,己合备,11290640,沥釜3悼,1,50,2,3.204
8996199,201612,28171,11290,己合备,11290640,沥釜3悼,1,60,2,1.786
8996206,201612,28171,11290,己合备,11290640,沥釜3悼,2,0,2,5.5858335
8996220,201612,28171,11290,己合备,11290640,沥釜3悼,2,20,2,0.5175
8996227,201612,28171,11290,己合备,11290640,沥釜3悼,2,30,2,0.9716667
8996234,201612,28171,11290,己合备,11290640,沥釜3悼,2,40,2,1.6416667
8996241,201612,28171,11290,己合备,11290640,沥釜3悼,2,50,2,1.6933334
8996248,201612,28171,11290,己合备,11290640,沥釜3悼,2,60,2,0.76166666
8997529,201612,28186,11290,己合备,11290640,沥釜3悼,1,0,2,24.274
8997536,201612,28186,11290,己合备,11290640,沥釜3悼,1,10,2,0.715
8997543,201612,28186,11290,己合备,11290640,沥釜3悼,1,20,2,1.03
8997550,201612,28186,11290,己合备,11290640,沥釜3悼,1,30,2,5.079
8997557,201612,28186,11290,己合备,11290640,沥釜3悼,1,40,2,7.06
8997564,201612,28186,11290,己合备,11290640,沥釜3悼,1,50,2,6.187
8997571,201612,28186,11290,己合备,11290640,沥釜3悼,1,60,2,4.203
8997578,201612,28186,11290,己合备,11290640,沥釜3悼,2,0,2,11.8925
8997592,201612,28186,11290,己合备,11290640,沥釜3悼,2,20,2,0.395
8997599,201612,28186,11290,己合备,11290640,沥釜3悼,2,30,2,2.375
8997606,201612,28186,11290,己合备,11290640,沥釜3悼,2,40,2,3.3725
8997613,201612,28186,11290,己合备,11290640,沥釜3悼,2,50,2,3.77
8997620,201612,28186,11290,己合备,11290640,沥釜3悼,2,60,2,1.98
8997921,201612,28191,11290,己合备,11290640,沥釜3悼,1,0,2,36.414
8997928,201612,28191,11290,己合备,11290640,沥釜3悼,1,10,2,1.071
8997935,201612,28191,11290,己合备,11290640,沥釜3悼,1,20,2,1.547
8997942,201612,28191,11290,己合备,11290640,沥釜3悼,1,30,2,7.616
8997949,201612,28191,11290,己合备,11290640,沥釜3悼,1,40,2,10.591
8997956,201612,28191,11290,己合备,11290640,沥釜3悼,1,50,2,9.282
8997963,201612,28191,11290,己合备,11290640,沥釜3悼,1,60,2,6.307
8997970,201612,28191,11290,己合备,11290640,沥釜3悼,2,0,2,17.8425
8997984,201612,28191,11290,己合备,11290640,沥釜3悼,2,20,2,0.595
8997991,201612,28191,11290,己合备,11290640,沥釜3悼,2,30,2,3.5625
8997998,201612,28191,11290,己合备,11290640,沥釜3悼,2,40,2,5.06
8998005,201612,28191,11290,己合备,11290640,沥釜3悼,2,50,2,5.655
8998012,201612,28191,11290,己合备,11290640,沥釜3悼,2,60,2,2.97
8999097,201612,28203,11290,己合备,11290630,沥釜2悼,1,0,2,0.549
8999118,201612,28203,11290,己合备,11290630,沥釜2悼,1,30,2,0.105
8999125,201612,28203,11290,己合备,11290630,沥釜2悼,1,40,2,0.212
8999132,201612,28203,11290,己合备,11290630,沥釜2悼,1,50,2,0.148
8999139,201612,28203,11290,己合备,11290630,沥釜2悼,1,60,2,0.084
8999146,201612,28203,11290,己合备,11290630,沥釜2悼,2,0,2,0.0525
8999181,201612,28203,11290,己合备,11290630,沥釜2悼,2,50,2,0.0525
9000175,201612,28214,11290,己合备,11290640,沥釜3悼,1,0,2,0.152
9000203,201612,28214,11290,己合备,11290640,沥釜3悼,1,40,2,0.152
9000273,201612,28215,11290,己合备,11290640,沥釜3悼,1,0,2,0.019
9000301,201612,28215,11290,己合备,11290640,沥釜3悼,1,40,2,0.019
9000371,201612,28216,11290,己合备,11290640,沥釜3悼,1,0,2,35.7
9000378,201612,28216,11290,己合备,11290640,沥釜3悼,1,10,2,0.8925
9000385,201612,28216,11290,己合备,11290640,沥釜3悼,1,20,2,2.3205
9000392,201612,28216,11290,己合备,11290640,沥釜3悼,1,30,2,7.497
9000399,201612,28216,11290,己合备,11290640,沥釜3悼,1,40,2,9.639
9000406,201612,28216,11290,己合备,11290640,沥釜3悼,1,50,2,8.568
9000413,201612,28216,11290,己合备,11290640,沥釜3悼,1,60,2,6.783
9000420,201612,28216,11290,己合备,11290640,沥釜3悼,2,0,2,20.46
9000434,201612,28216,11290,己合备,11290640,沥釜3悼,2,20,2,0.885
9000441,201612,28216,11290,己合备,11290640,沥釜3悼,2,30,2,3.9975
9000448,201612,28216,11290,己合备,11290640,沥釜3悼,2,40,2,5.79
9000455,201612,28216,11290,己合备,11290640,沥釜3悼,2,50,2,6.2325
9000462,201612,28216,11290,己合备,11290640,沥釜3悼,2,60,2,3.555
9000469,201612,28217,11290,己合备,11290640,沥釜3悼,1,0,2,39.27
9000476,201612,28217,11290,己合备,11290640,沥釜3悼,1,10,2,0.952
9000483,201612,28217,11290,己合备,11290640,沥釜3悼,1,20,2,2.3205
9000490,201612,28217,11290,己合备,11290640,沥釜3悼,1,30,2,8.092
9000497,201612,28217,11290,己合备,11290640,沥釜3悼,1,40,2,11.1265
9000504,201612,28217,11290,己合备,11290640,沥釜3悼,1,50,2,9.639
9000511,201612,28217,11290,己合备,11290640,沥釜3悼,1,60,2,7.14
9000518,201612,28217,11290,己合备,11290640,沥釜3悼,2,0,2,21.345
9000532,201612,28217,11290,己合备,11290640,沥釜3悼,2,20,2,0.885
9000539,201612,28217,11290,己合备,11290640,沥釜3悼,2,30,2,4.145
9000546,201612,28217,11290,己合备,11290640,沥釜3悼,2,40,2,6.085
9000553,201612,28217,11290,己合备,11290640,沥釜3悼,2,50,2,6.5275
9000560,201612,28217,11290,己合备,11290640,沥釜3悼,2,60,2,3.7025
9003409,201612,28248,11290,己合备,11290640,沥釜3悼,1,0,2,27.983
9003416,201612,28248,11290,己合备,11290640,沥釜3悼,1,10,2,1.8355
9003423,201612,28248,11290,己合备,11290640,沥釜3悼,1,20,2,4.00225
9003430,201612,28248,11290,己合备,11290640,沥釜3悼,1,30,2,4.89025
9003437,201612,28248,11290,己合备,11290640,沥釜3悼,1,40,2,6.61175
9003444,201612,28248,11290,己合备,11290640,沥釜3悼,1,50,2,6.16775
9003451,201612,28248,11290,己合备,11290640,沥釜3悼,1,60,2,4.4755
9003458,201612,28248,11290,己合备,11290640,沥釜3悼,2,0,2,13.24625
9003465,201612,28248,11290,己合备,11290640,沥釜3悼,2,10,2,0.140625
9003472,201612,28248,11290,己合备,11290640,沥釜3悼,2,20,2,1.919375
9003479,201612,28248,11290,己合备,11290640,沥釜3悼,2,30,2,2.033125
9003486,201612,28248,11290,己合备,11290640,沥釜3悼,2,40,2,3.32375
9003493,201612,28248,11290,己合备,11290640,沥釜3悼,2,50,2,3.7925
9003500,201612,28248,11290,己合备,11290640,沥釜3悼,2,60,2,2.036875
9003507,201612,28249,11290,己合备,11290640,沥釜3悼,1,0,2,36.1215
9003514,201612,28249,11290,己合备,11290640,沥釜3悼,1,10,2,2.55925
9003521,201612,28249,11290,己合备,11290640,沥釜3悼,1,20,2,4.98075
9003528,201612,28249,11290,己合备,11290640,沥釜3悼,1,30,2,6.3515
9003535,201612,28249,11290,己合备,11290640,沥釜3悼,1,40,2,8.68825
9003542,201612,28249,11290,己合备,11290640,沥釜3悼,1,50,2,7.96975
9003549,201612,28249,11290,己合备,11290640,沥釜3悼,1,60,2,5.572
9003556,201612,28249,11290,己合备,11290640,沥釜3悼,2,0,2,16.8575
9003563,201612,28249,11290,己合备,11290640,沥釜3悼,2,10,2,0.246875
9003570,201612,28249,11290,己合备,11290640,沥釜3悼,2,20,2,2.344375
9003577,201612,28249,11290,己合备,11290640,沥釜3悼,2,30,2,2.633125
9003584,201612,28249,11290,己合备,11290640,沥釜3悼,2,40,2,4.299375
9003591,201612,28249,11290,己合备,11290640,沥釜3悼,2,50,2,4.7575
9003598,201612,28249,11290,己合备,11290640,沥釜3悼,2,60,2,2.57625
9004291,201612,28256,11290,己合备,11290640,沥釜3悼,1,0,2,29.1025
9004298,201612,28256,11290,己合备,11290640,沥釜3悼,1,10,2,0.8335
9004305,201612,28256,11290,己合备,11290640,沥釜3悼,1,20,2,1.162
9004312,201612,28256,11290,己合备,11290640,沥釜3悼,1,30,2,6.01
9004319,201612,28256,11290,己合备,11290640,沥釜3悼,1,40,2,8.6885
9004326,201612,28256,11290,己合备,11290640,沥釜3悼,1,50,2,7.4985
9004333,201612,28256,11290,己合备,11290640,沥釜3悼,1,60,2,4.91
9004340,201612,28256,11290,己合备,11290640,沥釜3悼,2,0,2,13.82625
9004354,201612,28256,11290,己合备,11290640,沥釜3悼,2,20,2,0.445
9004361,201612,28256,11290,己合备,11290640,沥釜3悼,2,30,2,2.74625
9004368,201612,28256,11290,己合备,11290640,沥釜3悼,2,40,2,3.9425
9004375,201612,28256,11290,己合备,11290640,沥釜3悼,2,50,2,4.39
9004382,201612,28256,11290,己合备,11290640,沥釜3悼,2,60,2,2.3025
9005467,201612,28268,11290,己合备,11290630,沥釜2悼,1,0,2,0.75675
9005488,201612,28268,11290,己合备,11290630,沥釜2悼,1,30,2,0.145
9005495,201612,28268,11290,己合备,11290630,沥釜2悼,1,40,2,0.29175
9005502,201612,28268,11290,己合备,11290630,沥釜2悼,1,50,2,0.204
9005509,201612,28268,11290,己合备,11290630,沥釜2悼,1,60,2,0.116
9005516,201612,28268,11290,己合备,11290630,沥釜2悼,2,0,2,0.071875
9005551,201612,28268,11290,己合备,11290630,沥釜2悼,2,50,2,0.071875
9007819,201612,28294,11290,己合备,11290630,沥釜2悼,1,0,2,5.909
9007826,201612,28294,11290,己合备,11290630,沥釜2悼,1,10,2,0.57233334
9007833,201612,28294,11290,己合备,11290630,沥釜2悼,1,20,2,0.86833334
9007840,201612,28294,11290,己合备,11290630,沥釜2悼,1,30,2,0.97466666
9007847,201612,28294,11290,己合备,11290630,沥釜2悼,1,40,2,1.249
9007854,201612,28294,11290,己合备,11290630,沥釜2悼,1,50,2,1.228
9007861,201612,28294,11290,己合备,11290630,沥釜2悼,1,60,2,1.0166667
9007868,201612,28294,11290,己合备,11290630,沥釜2悼,2,0,2,3.3691666
9007875,201612,28294,11290,己合备,11290630,沥釜2悼,2,10,2,0.0525
9007882,201612,28294,11290,己合备,11290630,沥釜2悼,2,20,2,0.62166667
9007889,201612,28294,11290,己合备,11290630,沥釜2悼,2,30,2,0.5708333
9007896,201612,28294,11290,己合备,11290630,沥釜2悼,2,40,2,0.8283333
9007903,201612,28294,11290,己合备,11290630,沥釜2悼,2,50,2,0.8283333
9007910,201612,28294,11290,己合备,11290630,沥釜2悼,2,60,2,0.4675
9008309,201612,28299,11290,己合备,11290640,沥釜3悼,1,0,2,23.954666
9008316,201612,28299,11290,己合备,11290640,沥釜3悼,1,10,2,2.1376667
9008323,201612,28299,11290,己合备,11290640,沥釜3悼,1,20,2,3.0083334
9008330,201612,28299,11290,己合备,11290640,沥釜3悼,1,30,2,3.5763333
9008337,201612,28299,11290,己合备,11290640,沥釜3悼,1,40,2,5.298
9008344,201612,28299,11290,己合备,11290640,沥釜3悼,1,50,2,5.304
9008351,201612,28299,11290,己合备,11290640,沥釜3悼,1,60,2,4.6303334
9008358,201612,28299,11290,己合备,11290640,沥釜3悼,2,0,2,13.488334
9008365,201612,28299,11290,己合备,11290640,沥釜3悼,2,10,2,0.4675
9008372,201612,28299,11290,己合备,11290640,沥釜3悼,2,20,2,2.1866667
9008379,201612,28299,11290,己合备,11290640,沥釜3悼,2,30,2,2.0916667
9008386,201612,28299,11290,己合备,11290640,沥釜3悼,2,40,2,2.8725
9008393,201612,28299,11290,己合备,11290640,沥釜3悼,2,50,2,3.2483332
9008400,201612,28299,11290,己合备,11290640,沥釜3悼,2,60,2,2.6216667
9011347,201612,28332,11290,己合备,11290640,沥釜3悼,1,0,2,18.444
9011354,201612,28332,11290,己合备,11290640,沥釜3悼,1,10,2,0.5955
9011361,201612,28332,11290,己合备,11290640,沥釜3悼,1,20,2,0.515
9011368,201612,28332,11290,己合备,11290640,沥釜3悼,1,30,2,3.8485
9011375,201612,28332,11290,己合备,11290640,沥釜3悼,1,40,2,5.6125
9011382,201612,28332,11290,己合备,11290640,沥釜3悼,1,50,2,4.8785
9011389,201612,28332,11290,己合备,11290640,沥釜3悼,1,60,2,2.994
9011396,201612,28332,11290,己合备,11290640,沥釜3悼,2,0,2,8.0275
9011410,201612,28332,11290,己合备,11290640,沥釜3悼,2,20,2,0.1975
9011417,201612,28332,11290,己合备,11290640,沥釜3悼,2,30,2,1.6325
9011424,201612,28332,11290,己合备,11290640,沥釜3悼,2,40,2,2.28125
9011431,201612,28332,11290,己合备,11290640,沥釜3悼,2,50,2,2.63
9011438,201612,28332,11290,己合备,11290640,沥釜3悼,2,60,2,1.28625
9013895,201612,28360,11290,己合备,11290640,沥釜3悼,1,0,2,41.263
9013902,201612,28360,11290,己合备,11290640,沥釜3悼,1,10,2,3.576
9013909,201612,28360,11290,己合备,11290640,沥釜3悼,1,20,2,5.053
9013916,201612,28360,11290,己合备,11290640,沥釜3悼,1,30,2,7.661
9013923,201612,28360,11290,己合备,11290640,沥釜3悼,1,40,2,10.045
9013930,201612,28360,11290,己合备,11290640,沥釜3悼,1,50,2,8.798
9013937,201612,28360,11290,己合备,11290640,沥釜3悼,1,60,2,6.13
9013944,201612,28360,11290,己合备,11290640,沥釜3悼,2,0,2,20.4025
9013951,201612,28360,11290,己合备,11290640,沥釜3悼,2,10,2,0.4225
9013958,201612,28360,11290,己合备,11290640,沥釜3悼,2,20,2,2.8175
9013965,201612,28360,11290,己合备,11290640,沥釜3悼,2,30,2,3.5125
9013972,201612,28360,11290,己合备,11290640,沥釜3悼,2,40,2,5.205
9013979,201612,28360,11290,己合备,11290640,沥釜3悼,2,50,2,5.35
9013986,201612,28360,11290,己合备,11290640,沥釜3悼,2,60,2,3.095
9013993,201612,28361,11290,己合备,11290640,沥釜3悼,1,0,2,23.0325
9014000,201612,28361,11290,己合备,11290640,沥釜3悼,1,10,2,0.6555
9014007,201612,28361,11290,己合备,11290640,沥釜3悼,1,20,2,0.9035
9014014,201612,28361,11290,己合备,11290640,沥釜3悼,1,30,2,4.7415
9014021,201612,28361,11290,己合备,11290640,沥釜3悼,1,40,2,6.923
9014028,201612,28361,11290,己合备,11290640,沥釜3悼,1,50,2,5.951
9014035,201612,28361,11290,己合备,11290640,沥釜3悼,1,60,2,3.858
9014042,201612,28361,11290,己合备,11290640,沥釜3悼,2,0,2,10.85125
9014056,201612,28361,11290,己合备,11290640,沥釜3悼,2,20,2,0.345
9014063,201612,28361,11290,己合备,11290640,沥釜3悼,2,30,2,2.1525
9014070,201612,28361,11290,己合备,11290640,沥釜3悼,2,40,2,3.09875
9014077,201612,28361,11290,己合备,11290640,沥釜3悼,2,50,2,3.4475
9014084,201612,28361,11290,己合备,11290640,沥釜3悼,2,60,2,1.8075
9014581,201612,28367,11290,己合备,11290640,沥釜3悼,1,0,2,33.94557
9014588,201612,28367,11290,己合备,11290640,沥釜3悼,1,10,2,2.0037143
9014595,201612,28367,11290,己合备,11290640,沥釜3悼,1,20,2,3.086857
9014602,201612,28367,11290,己合备,11290640,沥釜3悼,1,30,2,7.135143
9014609,201612,28367,11290,己合备,11290640,沥釜3悼,1,40,2,9.591286
9014616,201612,28367,11290,己合备,11290640,沥釜3悼,1,50,2,7.6527143
9014623,201612,28367,11290,己合备,11290640,沥釜3悼,1,60,2,4.4758573
9014630,201612,28367,11290,己合备,11290640,沥釜3悼,2,0,2,15.511429
9014637,201612,28367,11290,己合备,11290640,沥釜3悼,2,10,2,0.060357142
9014644,201612,28367,11290,己合备,11290640,沥釜3悼,2,20,2,1.4071429
9014651,201612,28367,11290,己合备,11290640,沥釜3悼,2,30,2,2.9332142
9014658,201612,28367,11290,己合备,11290640,沥釜3悼,2,40,2,4.5264287
9014665,201612,28367,11290,己合备,11290640,沥釜3悼,2,50,2,4.461786
9014672,201612,28367,11290,己合备,11290640,沥釜3悼,2,60,2,2.1225
9014973,201612,28370,11290,己合备,11290630,沥釜2悼,1,0,2,1.56525
9014980,201612,28370,11290,己合备,11290630,沥釜2悼,1,10,2,0.0525
9014994,201612,28370,11290,己合备,11290630,沥釜2悼,1,30,2,0.31725
9015001,201612,28370,11290,己合备,11290630,沥釜2悼,1,40,2,0.52875
9015008,201612,28370,11290,己合备,11290630,沥釜2悼,1,50,2,0.45475
9015015,201612,28370,11290,己合备,11290630,沥釜2悼,1,60,2,0.212
9015022,201612,28370,11290,己合备,11290630,沥釜2悼,2,0,2,0.7
9015043,201612,28370,11290,己合备,11290630,沥釜2悼,2,30,2,0.13
9015050,201612,28370,11290,己合备,11290630,沥釜2悼,2,40,2,0.23375
9015057,201612,28370,11290,己合备,11290630,沥釜2悼,2,50,2,0.233125
9015064,201612,28370,11290,己合备,11290630,沥釜2悼,2,60,2,0.103125
9015659,201612,28377,11290,己合备,11290640,沥釜3悼,1,0,2,23.786
9015666,201612,28377,11290,己合备,11290640,沥釜3悼,1,10,2,0.59525
9015673,201612,28377,11290,己合备,11290640,沥釜3悼,1,20,2,1.03275
9015680,201612,28377,11290,己合备,11290640,沥釜3悼,1,30,2,4.77975
9015687,201612,28377,11290,己合备,11290640,沥釜3悼,1,40,2,7.30975
9015694,201612,28377,11290,己合备,11290640,沥釜3悼,1,50,2,6.13025
9015701,201612,28377,11290,己合备,11290640,沥釜3悼,1,60,2,3.93825
9015708,201612,28377,11290,己合备,11290640,沥釜3悼,2,0,2,11.318125
9015722,201612,28377,11290,己合备,11290640,沥釜3悼,2,20,2,0.39375
9015729,201612,28377,11290,己合备,11290640,沥釜3悼,2,30,2,2.19625
9015736,201612,28377,11290,己合备,11290640,沥釜3悼,2,40,2,3.265
9015743,201612,28377,11290,己合备,11290640,沥釜3悼,2,50,2,3.5375
9015750,201612,28377,11290,己合备,11290640,沥釜3悼,2,60,2,1.925625
9015757,201612,28378,11290,己合备,11290640,沥釜3悼,1,0,2,20.622
9015764,201612,28378,11290,己合备,11290640,沥釜3悼,1,10,2,0.475
9015771,201612,28378,11290,己合备,11290640,沥釜3悼,1,20,2,1.03
9015778,201612,28378,11290,己合备,11290640,沥釜3悼,1,30,2,4.123
9015785,201612,28378,11290,己合备,11290640,沥釜3悼,1,40,2,6.266
9015792,201612,28378,11290,己合备,11290640,沥釜3悼,1,50,2,5.237
9015799,201612,28378,11290,己合备,11290640,沥釜3悼,1,60,2,3.491
9015806,201612,28378,11290,己合备,11290640,沥釜3悼,2,0,2,10.275
9015820,201612,28378,11290,己合备,11290640,沥釜3悼,2,20,2,0.395
9015827,201612,28378,11290,己合备,11290640,沥釜3悼,2,30,2,1.9725
9015834,201612,28378,11290,己合备,11290640,沥釜3悼,2,40,2,2.9675
9015841,201612,28378,11290,己合备,11290640,沥釜3悼,2,50,2,3.165
9015848,201612,28378,11290,己合备,11290640,沥釜3悼,2,60,2,1.775
9016835,201612,28389,11290,己合备,11290640,沥釜3悼,1,0,2,1.91
9016856,201612,28389,11290,己合备,11290640,沥釜3悼,1,30,2,0.352
9016863,201612,28389,11290,己合备,11290640,沥釜3悼,1,40,2,0.795
9016870,201612,28389,11290,己合备,11290640,沥釜3悼,1,50,2,0.603
9016877,201612,28389,11290,己合备,11290640,沥釜3悼,1,60,2,0.16
9016884,201612,28389,11290,己合备,11290640,沥釜3悼,2,0,2,0.47
9016905,201612,28389,11290,己合备,11290640,沥釜3悼,2,30,2,0.0775
9016912,201612,28389,11290,己合备,11290640,沥釜3悼,2,40,2,0.1575
9016919,201612,28389,11290,己合备,11290640,沥釜3悼,2,50,2,0.1575
9016926,201612,28389,11290,己合备,11290640,沥釜3悼,2,60,2,0.0775
9017031,201612,28390,11290,己合备,11290640,沥釜3悼,1,0,2,10.258
9017038,201612,28390,11290,己合备,11290640,沥釜3悼,1,10,2,0.8422727
9017045,201612,28390,11290,己合备,11290640,沥釜3悼,1,20,2,1.1516364
9017052,201612,28390,11290,己合备,11290640,沥釜3悼,1,30,2,1.8411819
9017059,201612,28390,11290,己合备,11290640,沥釜3悼,1,40,2,2.7573636
9017066,201612,28390,11290,己合备,11290640,沥釜3悼,1,50,2,2.3135455
9017073,201612,28390,11290,己合备,11290640,沥釜3悼,1,60,2,1.352
9017080,201612,28390,11290,己合备,11290640,沥釜3悼,2,0,2,4.2379546
9017087,201612,28390,11290,己合备,11290640,沥釜3悼,2,10,2,0.054545455
9017094,201612,28390,11290,己合备,11290640,沥釜3悼,2,20,2,0.6497727
9017101,201612,28390,11290,己合备,11290640,沥釜3悼,2,30,2,0.79386365
9017108,201612,28390,11290,己合备,11290640,沥釜3悼,2,40,2,1.045
9017115,201612,28390,11290,己合备,11290640,沥釜3悼,2,50,2,1.0806818
9017122,201612,28390,11290,己合备,11290640,沥釜3悼,2,60,2,0.6140909
9019187,201612,28412,11290,己合备,11290640,沥釜3悼,1,0,2,4.247
9019194,201612,28412,11290,己合备,11290640,沥釜3悼,1,10,2,0.16133334
9019208,201612,28412,11290,己合备,11290640,沥釜3悼,1,30,2,0.8016667
9019215,201612,28412,11290,己合备,11290640,沥釜3悼,1,40,2,1.44
9019222,201612,28412,11290,己合备,11290640,沥釜3悼,1,50,2,1.281
9019229,201612,28412,11290,己合备,11290640,沥釜3悼,1,60,2,0.563
9019236,201612,28412,11290,己合备,11290640,沥釜3悼,2,0,2,1.3858334
9019257,201612,28412,11290,己合备,11290640,沥釜3悼,2,30,2,0.29666665
9019264,201612,28412,11290,己合备,11290640,沥釜3悼,2,40,2,0.49583334
9019271,201612,28412,11290,己合备,11290640,沥釜3悼,2,50,2,0.395
9019278,201612,28412,11290,己合备,11290640,沥釜3悼,2,60,2,0.19833334
9020755,201612,28428,11290,己合备,11290640,沥釜3悼,1,0,2,41.39
9020762,201612,28428,11290,己合备,11290640,沥釜3悼,1,10,2,4.011
9020769,201612,28428,11290,己合备,11290640,沥釜3悼,1,20,2,5.41
9020776,201612,28428,11290,己合备,11290640,沥釜3悼,1,30,2,7.225
9020783,201612,28428,11290,己合备,11290640,沥釜3悼,1,40,2,9.5335
9020790,201612,28428,11290,己合备,11290640,沥釜3悼,1,50,2,8.778
9020797,201612,28428,11290,己合备,11290640,沥釜3悼,1,60,2,6.4325
9020804,201612,28428,11290,己合备,11290640,沥釜3悼,2,0,2,20.83
9020811,201612,28428,11290,己合备,11290640,沥釜3悼,2,10,2,0.565
9020818,201612,28428,11290,己合备,11290640,沥釜3悼,2,20,2,3.19125
9020825,201612,28428,11290,己合备,11290640,沥釜3悼,2,30,2,3.4675
9020832,201612,28428,11290,己合备,11290640,沥釜3悼,2,40,2,5.06625
9020839,201612,28428,11290,己合备,11290640,沥釜3悼,2,50,2,5.25875
9020846,201612,28428,11290,己合备,11290640,沥釜3悼,2,60,2,3.28125
9020853,201612,28429,11290,己合备,11290640,沥釜3悼,1,0,2,38.135
9020860,201612,28429,11290,己合备,11290640,沥釜3悼,1,10,2,3.86
9020867,201612,28429,11290,己合备,11290640,沥釜3悼,1,20,2,4.086
9020874,201612,28429,11290,己合备,11290640,沥釜3悼,1,30,2,6.809
9020881,201612,28429,11290,己合备,11290640,沥釜3悼,1,40,2,9.306
9020888,201612,28429,11290,己合备,11290640,沥釜3悼,1,50,2,8.248
9020895,201612,28429,11290,己合备,11290640,沥釜3悼,1,60,2,5.826
9020902,201612,28429,11290,己合备,11290640,沥釜3悼,2,0,2,18.7675
9020909,201612,28429,11290,己合备,11290640,沥釜3悼,2,10,2,0.565
9020916,201612,28429,11290,己合备,11290640,沥釜3悼,2,20,2,2.63
9020923,201612,28429,11290,己合备,11290640,沥釜3悼,2,30,2,3.3725
9020930,201612,28429,11290,己合备,11290640,沥釜3悼,2,40,2,4.69
9020937,201612,28429,11290,己合备,11290640,沥釜3悼,2,50,2,4.51
9020944,201612,28429,11290,己合备,11290640,沥釜3悼,2,60,2,3.0
9022813,201612,28449,11290,己合备,11290640,沥釜3悼,1,0,2,0.2666
9022827,201612,28449,11290,己合备,11290640,沥釜3悼,1,20,2,0.2666
9024871,201612,28471,11290,己合备,11290630,沥釜2悼,1,0,2,5.6704288
9024878,201612,28471,11290,己合备,11290630,沥釜2悼,1,10,2,0.09357143
9024892,201612,28471,11290,己合备,11290630,沥釜2悼,1,30,2,0.9484286
9024899,201612,28471,11290,己合备,11290630,沥釜2悼,1,40,2,1.8001429
9024906,201612,28471,11290,己合备,11290630,沥釜2悼,1,50,2,1.4497143
9024913,201612,28471,11290,己合备,11290630,沥釜2悼,1,60,2,1.3785714
9024920,201612,28471,11290,己合备,11290630,沥釜2悼,2,0,2,2.7957144
9024941,201612,28471,11290,己合备,11290630,沥釜2悼,2,30,2,0.3667857
9024948,201612,28471,11290,己合备,11290630,沥釜2悼,2,40,2,0.73321426
9024955,201612,28471,11290,己合备,11290630,沥釜2悼,2,50,2,0.87035716
9024962,201612,28471,11290,己合备,11290630,沥釜2悼,2,60,2,0.82535714
9026243,201612,28486,11290,己合备,11290640,沥釜3悼,1,0,2,0.033142857
9026257,201612,28486,11290,己合备,11290640,沥釜3悼,1,20,2,0.033142857
9027909,201612,28501,11290,己合备,11290640,沥釜3悼,1,0,2,20.622
9027916,201612,28501,11290,己合备,11290640,沥釜3悼,1,10,2,0.475
9027923,201612,28501,11290,己合备,11290640,沥釜3悼,1,20,2,1.03
9027930,201612,28501,11290,己合备,11290640,沥釜3悼,1,30,2,4.123
9027937,201612,28501,11290,己合备,11290640,沥釜3悼,1,40,2,6.266
9027944,201612,28501,11290,己合备,11290640,沥釜3悼,1,50,2,5.237
9027951,201612,28501,11290,己合备,11290640,沥釜3悼,1,60,2,3.491
9027958,201612,28501,11290,己合备,11290640,沥釜3悼,2,0,2,10.275
9027972,201612,28501,11290,己合备,11290640,沥釜3悼,2,20,2,0.395
9027979,201612,28501,11290,己合备,11290640,沥釜3悼,2,30,2,1.9725
9027986,201612,28501,11290,己合备,11290640,沥釜3悼,2,40,2,2.9675
9027993,201612,28501,11290,己合备,11290640,沥釜3悼,2,50,2,3.165
9028000,201612,28501,11290,己合备,11290640,沥釜3悼,2,60,2,1.775
9032025,201612,28542,11290,己合备,11290630,沥釜2悼,1,0,2,1.987
9032046,201612,28542,11290,己合备,11290630,沥釜2悼,1,30,2,0.339
9032053,201612,28542,11290,己合备,11290630,沥釜2悼,1,40,2,0.887
9032060,201612,28542,11290,己合备,11290630,沥釜2悼,1,50,2,0.551
9032067,201612,28542,11290,己合备,11290630,沥釜2悼,1,60,2,0.21
9032074,201612,28542,11290,己合备,11290630,沥釜2悼,2,0,2,0.625
9032095,201612,28542,11290,己合备,11290630,沥釜2悼,2,30,2,0.105
9032102,201612,28542,11290,己合备,11290630,沥釜2悼,2,40,2,0.2075
9032109,201612,28542,11290,己合备,11290630,沥釜2悼,2,50,2,0.2075
9032116,201612,28542,11290,己合备,11290630,沥釜2悼,2,60,2,0.105
9033593,201612,28557,11290,己合备,11290630,沥釜2悼,1,0,2,26.669538
9033600,201612,28557,11290,己合备,11290630,沥釜2悼,1,10,2,1.7355769
9033607,201612,28557,11290,己合备,11290630,沥釜2悼,1,20,2,1.2541153
9033614,201612,28557,11290,己合备,11290630,沥釜2悼,1,30,2,4.772885
9033621,201612,28557,11290,己合备,11290630,沥釜2悼,1,40,2,7.295923
9033628,201612,28557,11290,己合备,11290630,沥釜2悼,1,50,2,5.9502306
9033635,201612,28557,11290,己合备,11290630,沥釜2悼,1,60,2,5.6608076
9033642,201612,28557,11290,己合备,11290630,沥釜2悼,2,0,2,15.244231
9033649,201612,28557,11290,己合备,11290630,沥釜2悼,2,10,2,0.59634614
9033656,201612,28557,11290,己合备,11290630,沥釜2悼,2,20,2,0.6610577
9033663,201612,28557,11290,己合备,11290630,沥釜2悼,2,30,2,2.560577
9033670,201612,28557,11290,己合备,11290630,沥釜2悼,2,40,2,3.8779807
9033677,201612,28557,11290,己合备,11290630,沥釜2悼,2,50,2,3.8464422
9033684,201612,28557,11290,己合备,11290630,沥釜2悼,2,60,2,3.7018268
9033691,201612,28558,11290,己合备,11290640,沥釜3悼,1,0,2,16.041666
9033698,201612,28558,11290,己合备,11290640,沥釜3悼,1,10,2,0.46266666
9033705,201612,28558,11290,己合备,11290640,沥釜3悼,1,20,2,0.259
9033712,201612,28558,11290,己合备,11290640,沥釜3悼,1,30,2,3.1613333
9033719,201612,28558,11290,己合备,11290640,沥釜3悼,1,40,2,5.4353333
9033726,201612,28558,11290,己合备,11290640,沥釜3悼,1,50,2,4.443
9033733,201612,28558,11290,己合备,11290640,沥釜3悼,1,60,2,2.2803333
9033740,201612,28558,11290,己合备,11290640,沥釜3悼,2,0,2,5.9083333
9033754,201612,28558,11290,己合备,11290640,沥釜3悼,2,20,2,0.09833334
9033761,201612,28558,11290,己合备,11290640,沥釜3悼,2,30,2,1.17
9033768,201612,28558,11290,己合备,11290640,沥釜3悼,2,40,2,1.7333333
9033775,201612,28558,11290,己合备,11290640,沥釜3悼,2,50,2,1.9666667
9033782,201612,28558,11290,己合备,11290640,沥釜3悼,2,60,2,0.94
9033789,201612,28559,11290,己合备,11290640,沥釜3悼,1,0,2,7.14
9033796,201612,28559,11290,己合备,11290640,沥釜3悼,1,10,2,0.119
9033810,201612,28559,11290,己合备,11290640,沥釜3悼,1,30,2,1.19
9033817,201612,28559,11290,己合备,11290640,沥釜3悼,1,40,2,2.975
9033824,201612,28559,11290,己合备,11290640,沥釜3悼,1,50,2,2.142
9033831,201612,28559,11290,己合备,11290640,沥釜3悼,1,60,2,0.714
9033838,201612,28559,11290,己合备,11290640,沥釜3悼,2,0,2,1.77
9033859,201612,28559,11290,己合备,11290640,沥釜3悼,2,30,2,0.295
9033866,201612,28559,11290,己合备,11290640,沥釜3悼,2,40,2,0.59
9033873,201612,28559,11290,己合备,11290640,沥釜3悼,2,50,2,0.59
9033880,201612,28559,11290,己合备,11290640,沥釜3悼,2,60,2,0.295
9034181,201612,28562,11290,己合备,11290640,沥釜3悼,1,0,2,33.17943
9034188,201612,28562,11290,己合备,11290640,沥釜3悼,1,10,2,2.9194286
9034195,201612,28562,11290,己合备,11290640,沥釜3悼,1,20,2,4.378714
9034202,201612,28562,11290,己合备,11290640,沥釜3悼,1,30,2,5.5465713
9034209,201612,28562,11290,己合备,11290640,沥釜3悼,1,40,2,7.297143
9034216,201612,28562,11290,己合备,11290640,沥釜3悼,1,50,2,6.8107142
9034223,201612,28562,11290,己合备,11290640,沥釜3悼,1,60,2,6.226857
9034230,201612,28562,11290,己合备,11290640,沥釜3悼,2,0,2,21.446072
9034237,201612,28562,11290,己合备,11290640,沥釜3悼,2,10,2,0.72
9034244,201612,28562,11290,己合备,11290640,沥釜3悼,2,20,2,3.3757143
9034251,201612,28562,11290,己合备,11290640,沥釜3悼,2,30,2,3.372857
9034258,201612,28562,11290,己合备,11290640,沥釜3悼,2,40,2,4.5789285
9034265,201612,28562,11290,己合备,11290640,沥釜3悼,2,50,2,5.302857
9034272,201612,28562,11290,己合备,11290640,沥釜3悼,2,60,2,4.095714
9034279,201612,28563,11290,己合备,11290640,沥釜3悼,1,0,2,72.2002
9034286,201612,28563,11290,己合备,11290640,沥釜3悼,1,10,2,7.7358
9034293,201612,28563,11290,己合备,11290640,沥釜3悼,1,20,2,10.4892
9034300,201612,28563,11290,己合备,11290640,沥釜3悼,1,30,2,11.973
9034307,201612,28563,11290,己合备,11290640,沥釜3悼,1,40,2,15.0762
9034314,201612,28563,11290,己合备,11290640,沥釜3悼,1,50,2,14.4832
9034321,201612,28563,11290,己合备,11290640,沥釜3悼,1,60,2,12.4428
9034328,201612,28563,11290,己合备,11290640,沥釜3悼,2,0,2,43.39
9034335,201612,28563,11290,己合备,11290640,沥釜3悼,2,10,2,1.5725
9034342,201612,28563,11290,己合备,11290640,沥釜3悼,2,20,2,7.359
9034349,201612,28563,11290,己合备,11290640,沥釜3悼,2,30,2,6.827
9034356,201612,28563,11290,己合备,11290640,沥釜3悼,2,40,2,9.4615
9034363,201612,28563,11290,己合备,11290640,沥釜3悼,2,50,2,10.5165
9034370,201612,28563,11290,己合备,11290640,沥釜3悼,2,60,2,7.6535
9040159,201612,28620,11290,己合备,11290640,沥釜3悼,1,0,2,0.027666667
9040173,201612,28620,11290,己合备,11290640,沥釜3悼,1,20,2,0.027666667
9040649,201612,28625,11290,己合备,11290630,沥釜2悼,1,0,2,2.994
9040670,201612,28625,11290,己合备,11290630,沥釜2悼,1,30,2,0.509
9040677,201612,28625,11290,己合备,11290630,沥釜2悼,1,40,2,1.338
9040684,201612,28625,11290,己合备,11290630,沥釜2悼,1,50,2,0.827
9040691,201612,28625,11290,己合备,11290630,沥釜2悼,1,60,2,0.32
9040698,201612,28625,11290,己合备,11290630,沥釜2悼,2,0,2,0.94
9040719,201612,28625,11290,己合备,11290630,沥釜2悼,2,30,2,0.1575
9040726,201612,28625,11290,己合备,11290630,沥釜2悼,2,40,2,0.3125
9040733,201612,28625,11290,己合备,11290630,沥釜2悼,2,50,2,0.3125
9040740,201612,28625,11290,己合备,11290630,沥釜2悼,2,60,2,0.1575
9041727,201612,28636,11290,己合备,11290630,沥釜2悼,1,0,2,4.319
9041748,201612,28636,11290,己合备,11290630,沥釜2悼,1,30,2,0.761
9041755,201612,28636,11290,己合备,11290630,沥釜2悼,1,40,2,1.864
9041762,201612,28636,11290,己合备,11290630,沥釜2悼,1,50,2,1.227
9041769,201612,28636,11290,己合备,11290630,沥釜2悼,1,60,2,0.467
9041776,201612,28636,11290,己合备,11290630,沥釜2悼,2,0,2,1.25
9041797,201612,28636,11290,己合备,11290630,沥釜2悼,2,30,2,0.2075
9041804,201612,28636,11290,己合备,11290630,沥釜2悼,2,40,2,0.4175
9041811,201612,28636,11290,己合备,11290630,沥釜2悼,2,50,2,0.4175
9041818,201612,28636,11290,己合备,11290630,沥釜2悼,2,60,2,0.2075
9041825,201612,28637,11290,己合备,11290630,沥釜2悼,1,0,2,0.248375
9041846,201612,28637,11290,己合备,11290630,沥釜2悼,1,30,2,0.042375
9041853,201612,28637,11290,己合备,11290630,沥釜2悼,1,40,2,0.110875
9041860,201612,28637,11290,己合备,11290630,沥釜2悼,1,50,2,0.068875
9041867,201612,28637,11290,己合备,11290630,沥釜2悼,1,60,2,0.02625
9041874,201612,28637,11290,己合备,11290630,沥釜2悼,2,0,2,0.078125
9041895,201612,28637,11290,己合备,11290630,沥釜2悼,2,30,2,0.013125
9041902,201612,28637,11290,己合备,11290630,沥釜2悼,2,40,2,0.0259375
9041909,201612,28637,11290,己合备,11290630,沥釜2悼,2,50,2,0.0259375
9041916,201612,28637,11290,己合备,11290630,沥釜2悼,2,60,2,0.013125
9042413,201612,28643,11290,己合备,11290640,沥釜3悼,1,0,2,0.00725
9042427,201612,28643,11290,己合备,11290640,沥釜3悼,1,20,2,0.00725
9043001,201612,28650,11290,己合备,11290630,沥釜2悼,1,0,2,2.326
9043022,201612,28650,11290,己合备,11290630,沥釜2悼,1,30,2,0.425
9043029,201612,28650,11290,己合备,11290630,沥釜2悼,1,40,2,0.971
9043036,201612,28650,11290,己合备,11290630,沥釜2悼,1,50,2,0.677
9043043,201612,28650,11290,己合备,11290630,沥釜2悼,1,60,2,0.253
9043050,201612,28650,11290,己合备,11290630,沥釜2悼,2,0,2,0.625
9043071,201612,28650,11290,己合备,11290630,沥釜2悼,2,30,2,0.105
9043078,201612,28650,11290,己合备,11290630,沥釜2悼,2,40,2,0.2075
9043085,201612,28650,11290,己合备,11290630,沥釜2悼,2,50,2,0.2075
9043092,201612,28650,11290,己合备,11290630,沥釜2悼,2,60,2,0.105
9050351,201612,28721,11290,己合备,11290640,沥釜3悼,1,0,2,1.3215556
9050365,201612,28721,11290,己合备,11290640,沥釜3悼,1,20,2,0.108444445
9050372,201612,28721,11290,己合备,11290640,沥釜3悼,1,30,2,0.17533334
9050379,201612,28721,11290,己合备,11290640,沥釜3悼,1,40,2,0.47133332
9050386,201612,28721,11290,己合备,11290640,沥釜3悼,1,50,2,0.3908889
9050393,201612,28721,11290,己合备,11290640,沥釜3悼,1,60,2,0.17555556
9050400,201612,28721,11290,己合备,11290640,沥釜3悼,2,0,2,0.16777778
9050428,201612,28721,11290,己合备,11290640,沥釜3悼,2,40,2,0.06722222
9050435,201612,28721,11290,己合备,11290640,沥釜3悼,2,50,2,0.06722222
9050442,201612,28721,11290,己合备,11290640,沥釜3悼,2,60,2,0.033333335
9052605,201612,28745,11290,己合备,11290640,沥釜3悼,1,0,2,3.3834445
9052619,201612,28745,11290,己合备,11290640,沥釜3悼,1,20,2,0.27022222
9052626,201612,28745,11290,己合备,11290640,沥釜3悼,1,30,2,0.43733335
9052633,201612,28745,11290,己合备,11290640,沥釜3悼,1,40,2,1.263
9052640,201612,28745,11290,己合备,11290640,沥釜3悼,1,50,2,0.9751111
9052647,201612,28745,11290,己合备,11290640,沥釜3悼,1,60,2,0.4377778
9052654,201612,28745,11290,己合备,11290640,沥釜3悼,2,0,2,0.4188889
9052682,201612,28745,11290,己合备,11290640,沥釜3悼,2,40,2,0.16777778
9052689,201612,28745,11290,己合备,11290640,沥釜3悼,2,50,2,0.16777778
9052696,201612,28745,11290,己合备,11290640,沥釜3悼,2,60,2,0.083333336
9057407,201612,28795,11290,己合备,11290640,沥釜3悼,1,0,2,17.604
9057414,201612,28795,11290,己合备,11290640,沥釜3悼,1,10,2,0.57
9057421,201612,28795,11290,己合备,11290640,沥釜3悼,1,20,2,2.726
9057428,201612,28795,11290,己合备,11290640,沥釜3悼,1,30,2,3.523
9057435,201612,28795,11290,己合备,11290640,沥釜3悼,1,40,2,4.54
9057442,201612,28795,11290,己合备,11290640,沥釜3悼,1,50,2,4.54
9057449,201612,28795,11290,己合备,11290640,沥釜3悼,1,60,2,1.705
9057456,201612,28795,11290,己合备,11290640,沥釜3悼,2,0,2,5.3275
9057470,201612,28795,11290,己合备,11290640,沥釜3悼,2,20,2,0.28
9057477,201612,28795,11290,己合备,11290640,沥釜3悼,2,30,2,0.84
9057484,201612,28795,11290,己合备,11290640,沥釜3悼,2,40,2,1.6825
9057491,201612,28795,11290,己合备,11290640,沥釜3悼,2,50,2,2.245
9057498,201612,28795,11290,己合备,11290640,沥釜3悼,2,60,2,0.28
9058583,201612,28805,11290,己合备,11290640,沥釜3悼,1,0,2,36.131714
9058590,201612,28805,11290,己合备,11290640,沥釜3悼,1,10,2,3.0914285
9058597,201612,28805,11290,己合备,11290640,沥釜3悼,1,20,2,3.543
9058604,201612,28805,11290,己合备,11290640,沥釜3悼,1,30,2,7.029857
9058611,201612,28805,11290,己合备,11290640,沥釜3悼,1,40,2,9.559714
9058618,201612,28805,11290,己合备,11290640,沥釜3悼,1,50,2,8.028857
9058625,201612,28805,11290,己合备,11290640,沥釜3悼,1,60,2,4.878857
9058632,201612,28805,11290,己合备,11290640,沥釜3悼,2,0,2,17.593214
9058639,201612,28805,11290,己合备,11290640,沥釜3悼,2,10,2,0.3825
9058646,201612,28805,11290,己合备,11290640,沥釜3悼,2,20,2,1.7828572
9058653,201612,28805,11290,己合备,11290640,沥釜3悼,2,30,2,3.3239286
9058660,201612,28805,11290,己合备,11290640,沥釜3悼,2,40,2,4.8575
9058667,201612,28805,11290,己合备,11290640,沥釜3悼,2,50,2,4.7289286
9058674,201612,28805,11290,己合备,11290640,沥釜3悼,2,60,2,2.5175
9059073,201612,28811,11290,己合备,11290640,沥釜3悼,1,0,2,31.312857
9059080,201612,28811,11290,己合备,11290640,沥釜3悼,1,10,2,2.317857
9059087,201612,28811,11290,己合备,11290640,沥釜3悼,1,20,2,2.992
9059094,201612,28811,11290,己合备,11290640,沥釜3悼,1,30,2,5.3124285
9059101,201612,28811,11290,己合备,11290640,沥釜3悼,1,40,2,8.622714
9059108,201612,28811,11290,己合备,11290640,沥釜3悼,1,50,2,7.283143
9059115,201612,28811,11290,己合备,11290640,沥釜3悼,1,60,2,4.784714
9059122,201612,28811,11290,己合备,11290640,沥釜3悼,2,0,2,15.401786
9059129,201612,28811,11290,己合备,11290640,沥釜3悼,2,10,2,0.6292857
9059136,201612,28811,11290,己合备,11290640,沥釜3悼,2,20,2,1.9796429
9059143,201612,28811,11290,己合备,11290640,沥釜3悼,2,30,2,2.6717858
9059150,201612,28811,11290,己合备,11290640,沥釜3悼,2,40,2,3.6967857
9059157,201612,28811,11290,己合备,11290640,沥釜3悼,2,50,2,3.8792858
9059164,201612,28811,11290,己合备,11290640,沥釜3悼,2,60,2,2.545
9059171,201612,28812,11290,己合备,11290640,沥釜3悼,1,0,2,22.82775
9059178,201612,28812,11290,己合备,11290640,沥釜3悼,1,10,2,1.43825
9059185,201612,28812,11290,己合备,11290640,沥釜3悼,1,20,2,2.071
9059192,201612,28812,11290,己合备,11290640,沥釜3悼,1,30,2,3.81325
9059199,201612,28812,11290,己合备,11290640,沥釜3悼,1,40,2,6.63325
9059206,201612,28812,11290,己合备,11290640,沥釜3悼,1,50,2,5.52775
9059213,201612,28812,11290,己合备,11290640,沥釜3悼,1,60,2,3.34425
9059220,201612,28812,11290,己合备,11290640,沥釜3悼,2,0,2,10.565
9059227,201612,28812,11290,己合备,11290640,沥釜3悼,2,10,2,0.13
9059234,201612,28812,11290,己合备,11290640,沥釜3悼,2,20,2,1.58
9059241,201612,28812,11290,己合备,11290640,沥釜3悼,2,30,2,1.8
9059248,201612,28812,11290,己合备,11290640,沥釜3悼,2,40,2,2.824375
9059255,201612,28812,11290,己合备,11290640,沥釜3悼,2,50,2,2.690625
9059262,201612,28812,11290,己合备,11290640,沥釜3悼,2,60,2,1.54
9059269,201612,28815,11290,己合备,11290640,沥釜3悼,1,0,2,56.322144
9059276,201612,28815,11290,己合备,11290640,沥釜3悼,1,10,2,4.946429
9059283,201612,28815,11290,己合备,11290640,沥釜3悼,1,20,2,7.525857
9059290,201612,28815,11290,己合备,11290640,沥釜3悼,1,30,2,9.533
9059297,201612,28815,11290,己合备,11290640,沥釜3悼,1,40,2,13.339143
9059304,201612,28815,11290,己合备,11290640,沥釜3悼,1,50,2,11.953857
9059311,201612,28815,11290,己合备,11290640,沥釜3悼,1,60,2,9.023857
9059318,201612,28815,11290,己合备,11290640,沥釜3悼,2,0,2,30.2
9059325,201612,28815,11290,己合备,11290640,沥釜3悼,2,10,2,1.1064286
9059332,201612,28815,11290,己合备,11290640,沥釜3悼,2,20,2,4.7575
9059339,201612,28815,11290,己合备,11290640,沥釜3悼,2,30,2,5.09
9059346,201612,28815,11290,己合备,11290640,沥釜3悼,2,40,2,7.035714
9059353,201612,28815,11290,己合备,11290640,沥釜3悼,2,50,2,7.5539284
9059360,201612,28815,11290,己合备,11290640,沥釜3悼,2,60,2,4.6564283
9059367,201612,28817,11290,己合备,11290640,沥釜3悼,1,0,2,95.535
9059374,201612,28817,11290,己合备,11290640,沥釜3悼,1,10,2,8.745
9059381,201612,28817,11290,己合备,11290640,沥釜3悼,1,20,2,9.57
9059388,201612,28817,11290,己合备,11290640,沥釜3悼,1,30,2,15.345
9059395,201612,28817,11290,己合备,11290640,沥釜3悼,1,40,2,24.255
9059402,201612,28817,11290,己合备,11290640,沥釜3悼,1,50,2,20.955
9059409,201612,28817,11290,己合备,11290640,沥釜3悼,1,60,2,16.665
9059416,201612,28817,11290,己合备,11290640,沥釜3悼,2,0,2,56.475
9059423,201612,28817,11290,己合备,11290640,沥釜3悼,2,10,2,3.895
9059430,201612,28817,11290,己合备,11290640,沥釜3悼,2,20,2,7.01
9059437,201612,28817,11290,己合备,11290640,沥釜3悼,2,30,2,10.1275
9059444,201612,28817,11290,己合备,11290640,沥釜3悼,2,40,2,12.4625
9059451,201612,28817,11290,己合备,11290640,沥釜3悼,2,50,2,12.0725
9059458,201612,28817,11290,己合备,11290640,沥釜3悼,2,60,2,10.9075
9059759,201612,28820,11290,己合备,11290640,沥釜3悼,1,0,2,142.56
9059766,201612,28820,11290,己合备,11290640,沥釜3悼,1,10,2,13.035
9059773,201612,28820,11290,己合备,11290640,沥釜3悼,1,20,2,17.49
9059780,201612,28820,11290,己合备,11290640,沥釜3悼,1,30,2,23.43
9059787,201612,28820,11290,己合备,11290640,沥釜3悼,1,40,2,34.32
9059794,201612,28820,11290,己合备,11290640,沥釜3悼,1,50,2,30.36
9059801,201612,28820,11290,己合备,11290640,沥釜3悼,1,60,2,23.925
9059808,201612,28820,11290,己合备,11290640,沥釜3悼,2,0,2,81.015
9059815,201612,28820,11290,己合备,11290640,沥釜3悼,2,10,2,4.285
9059822,201612,28820,11290,己合备,11290640,沥釜3悼,2,20,2,11.685
9059829,201612,28820,11290,己合备,11290640,沥釜3悼,2,30,2,14.0175
9059836,201612,28820,11290,己合备,11290640,沥釜3悼,2,40,2,18.3075
9059843,201612,28820,11290,己合备,11290640,沥釜3悼,2,50,2,18.6975
9059850,201612,28820,11290,己合备,11290640,沥釜3悼,2,60,2,14.0225
9060053,201612,28823,11290,己合备,11290640,沥釜3悼,1,0,2,36.763
9060060,201612,28823,11290,己合备,11290640,沥釜3悼,1,10,2,2.8948
9060067,201612,28823,11290,己合备,11290640,沥釜3悼,1,20,2,3.7463
9060074,201612,28823,11290,己合备,11290640,沥釜3悼,1,30,2,6.5728
9060081,201612,28823,11290,己合备,11290640,沥釜3悼,1,40,2,8.9786
9060088,201612,28823,11290,己合备,11290640,沥釜3悼,1,50,2,8.1421
9060095,201612,28823,11290,己合备,11290640,沥釜3悼,1,60,2,6.4284
9060102,201612,28823,11290,己合备,11290640,沥釜3悼,2,0,2,22.68775
9060109,201612,28823,11290,己合备,11290640,沥釜3悼,2,10,2,0.616
9060116,201612,28823,11290,己合备,11290640,沥釜3悼,2,20,2,2.89025
9060123,201612,28823,11290,己合备,11290640,沥釜3悼,2,30,2,3.81325
9060130,201612,28823,11290,己合备,11290640,沥釜3悼,2,40,2,5.46725
9060137,201612,28823,11290,己合备,11290640,沥釜3悼,2,50,2,5.861
9060144,201612,28823,11290,己合备,11290640,沥釜3悼,2,60,2,4.04
9060151,201612,28824,11290,己合备,11290640,沥釜3悼,1,0,2,21.864
9060158,201612,28824,11290,己合备,11290640,沥釜3悼,1,10,2,0.983
9060165,201612,28824,11290,己合备,11290640,沥釜3悼,1,20,2,1.135
9060172,201612,28824,11290,己合备,11290640,沥釜3悼,1,30,2,4.766
9060179,201612,28824,11290,己合备,11290640,沥釜3悼,1,40,2,7.036
9060186,201612,28824,11290,己合备,11290640,沥釜3悼,1,50,2,5.447
9060193,201612,28824,11290,己合备,11290640,沥釜3悼,1,60,2,2.497
9060200,201612,28824,11290,己合备,11290640,沥釜3悼,2,0,2,9.355
9060221,201612,28824,11290,己合备,11290640,沥釜3悼,2,30,2,2.0575
9060228,201612,28824,11290,己合备,11290640,沥釜3悼,2,40,2,3.1775
9060235,201612,28824,11290,己合备,11290640,沥釜3悼,2,50,2,2.995
9060242,201612,28824,11290,己合备,11290640,沥釜3悼,2,60,2,1.125
9060249,201612,28825,11290,己合备,11290640,沥釜3悼,1,0,2,18.997
9060256,201612,28825,11290,己合备,11290640,沥釜3悼,1,10,2,0.955
9060270,201612,28825,11290,己合备,11290640,沥釜3悼,1,30,2,4.195
9060277,201612,28825,11290,己合备,11290640,沥釜3悼,1,40,2,6.161
9060284,201612,28825,11290,己合备,11290640,沥釜3悼,1,50,2,5.208
9060291,201612,28825,11290,己合备,11290640,沥釜3悼,1,60,2,2.478
9060298,201612,28825,11290,己合备,11290640,沥釜3悼,2,0,2,9.9575
9060319,201612,28825,11290,己合备,11290640,沥釜3悼,2,30,2,2.1825
9060326,201612,28825,11290,己合备,11290640,沥釜3悼,2,40,2,3.575
9060333,201612,28825,11290,己合备,11290640,沥釜3悼,2,50,2,2.955
9060340,201612,28825,11290,己合备,11290640,沥釜3悼,2,60,2,1.245
9060445,201612,28828,11290,己合备,11290640,沥釜3悼,1,0,2,13.4695
9060452,201612,28828,11290,己合备,11290640,沥釜3悼,1,10,2,0.653875
9060459,201612,28828,11290,己合备,11290640,沥釜3悼,1,20,2,0.496875
9060466,201612,28828,11290,己合备,11290640,沥釜3悼,1,30,2,2.810125
9060473,201612,28828,11290,己合备,11290640,沥釜3悼,1,40,2,4.158
9060480,201612,28828,11290,己合备,11290640,沥釜3悼,1,50,2,3.5335
9060487,201612,28828,11290,己合备,11290640,沥釜3悼,1,60,2,1.817125
9060494,201612,28828,11290,己合备,11290640,沥釜3悼,2,0,2,6.784375
9060508,201612,28828,11290,己合备,11290640,沥釜3悼,2,20,2,0.2815625
9060515,201612,28828,11290,己合备,11290640,沥釜3悼,2,30,2,1.334375
9060522,201612,28828,11290,己合备,11290640,沥釜3悼,2,40,2,2.2140625
9060529,201612,28828,11290,己合备,11290640,沥釜3悼,2,50,2,2.11
9060536,201612,28828,11290,己合备,11290640,沥釜3悼,2,60,2,0.844375
9060543,201612,28829,11290,己合备,11290640,沥釜3悼,1,0,2,18.997
9060550,201612,28829,11290,己合备,11290640,沥釜3悼,1,10,2,0.955
9060564,201612,28829,11290,己合备,11290640,沥釜3悼,1,30,2,4.195
9060571,201612,28829,11290,己合备,11290640,沥釜3悼,1,40,2,6.161
9060578,201612,28829,11290,己合备,11290640,沥釜3悼,1,50,2,5.208
9060585,201612,28829,11290,己合备,11290640,沥釜3悼,1,60,2,2.478
9060592,201612,28829,11290,己合备,11290640,沥釜3悼,2,0,2,9.9575
9060613,201612,28829,11290,己合备,11290640,沥釜3悼,2,30,2,2.1825
9060620,201612,28829,11290,己合备,11290640,沥釜3悼,2,40,2,3.575
9060627,201612,28829,11290,己合备,11290640,沥釜3悼,2,50,2,2.955
9060634,201612,28829,11290,己合备,11290640,沥釜3悼,2,60,2,1.245
9060739,201612,28830,11290,己合备,11290640,沥釜3悼,1,0,2,23.513
9060746,201612,28830,11290,己合备,11290640,沥釜3悼,1,10,2,1.336
9060753,201612,28830,11290,己合备,11290640,沥釜3悼,1,20,2,2.225
9060760,201612,28830,11290,己合备,11290640,沥釜3悼,1,30,2,4.702
9060767,201612,28830,11290,己合备,11290640,沥釜3悼,1,40,2,6.481
9060774,201612,28830,11290,己合备,11290640,沥釜3悼,1,50,2,5.528
9060781,201612,28830,11290,己合备,11290640,沥釜3悼,1,60,2,3.241
9060788,201612,28830,11290,己合备,11290640,沥釜3悼,2,0,2,11.985
9060802,201612,28830,11290,己合备,11290640,沥釜3悼,2,20,2,1.245
9060809,201612,28830,11290,己合备,11290640,沥釜3悼,2,30,2,2.1825
9060816,201612,28830,11290,己合备,11290640,沥釜3悼,2,40,2,3.4225
9060823,201612,28830,11290,己合备,11290640,沥釜3悼,2,50,2,3.5775
9060830,201612,28830,11290,己合备,11290640,沥釜3悼,2,60,2,1.5575
9060837,201612,28831,11290,己合备,11290640,沥釜3悼,1,0,2,7.0573335
9060844,201612,28831,11290,己合备,11290640,沥釜3悼,1,10,2,0.40033334
9060851,201612,28831,11290,己合备,11290640,沥釜3悼,1,20,2,0.6672222
9060858,201612,28831,11290,己合备,11290640,沥釜3悼,1,30,2,1.4115555
9060865,201612,28831,11290,己合备,11290640,沥釜3悼,1,40,2,1.9457778
9060872,201612,28831,11290,己合备,11290640,沥釜3悼,1,50,2,1.6596667
9060879,201612,28831,11290,己合备,11290640,沥釜3悼,1,60,2,0.9727778
9060886,201612,28831,11290,己合备,11290640,沥釜3悼,2,0,2,3.6333334
9060900,201612,28831,11290,己合备,11290640,沥釜3悼,2,20,2,0.3775
9060907,201612,28831,11290,己合备,11290640,沥釜3悼,2,30,2,0.66055554
9060914,201612,28831,11290,己合备,11290640,沥釜3悼,2,40,2,1.0383333
9060921,201612,28831,11290,己合备,11290640,沥釜3悼,2,50,2,1.0852778
9060928,201612,28831,11290,己合备,11290640,沥釜3悼,2,60,2,0.47166666
9060935,201612,28832,11290,己合备,11290640,沥釜3悼,1,0,2,23.513
9060942,201612,28832,11290,己合备,11290640,沥釜3悼,1,10,2,1.336
9060949,201612,28832,11290,己合备,11290640,沥釜3悼,1,20,2,2.225
9060956,201612,28832,11290,己合备,11290640,沥釜3悼,1,30,2,4.702
9060963,201612,28832,11290,己合备,11290640,沥釜3悼,1,40,2,6.481
9060970,201612,28832,11290,己合备,11290640,沥釜3悼,1,50,2,5.528
9060977,201612,28832,11290,己合备,11290640,沥釜3悼,1,60,2,3.241
9060984,201612,28832,11290,己合备,11290640,沥釜3悼,2,0,2,11.985
9060998,201612,28832,11290,己合备,11290640,沥釜3悼,2,20,2,1.245
9061005,201612,28832,11290,己合备,11290640,沥釜3悼,2,30,2,2.1825
9061012,201612,28832,11290,己合备,11290640,沥釜3悼,2,40,2,3.4225
9061019,201612,28832,11290,己合备,11290640,沥釜3悼,2,50,2,3.5775
9061026,201612,28832,11290,己合备,11290640,沥釜3悼,2,60,2,1.5575
9061033,201612,28834,11290,己合备,11290640,沥釜3悼,1,0,2,36.931
9061040,201612,28834,11290,己合备,11290640,沥釜3悼,1,10,2,3.633
9061047,201612,28834,11290,己合备,11290640,沥釜3悼,1,20,2,5.223
9061054,201612,28834,11290,己合备,11290640,沥釜3悼,1,30,2,6.433
9061061,201612,28834,11290,己合备,11290640,沥釜3悼,1,40,2,8.401
9061068,201612,28834,11290,己合备,11290640,沥釜3悼,1,50,2,7.945
9061075,201612,28834,11290,己合备,11290640,沥釜3悼,1,60,2,5.296
9061082,201612,28834,11290,己合备,11290640,沥釜3悼,2,0,2,19.31
9061089,201612,28834,11290,己合备,11290640,沥釜3悼,2,10,2,0.56375
9061096,201612,28834,11290,己合备,11290640,沥釜3悼,2,20,2,2.6275
9061103,201612,28834,11290,己合备,11290640,沥釜3悼,2,30,2,3.18375
9061110,201612,28834,11290,己合备,11290640,沥釜3悼,2,40,2,4.87125
9061117,201612,28834,11290,己合备,11290640,沥釜3悼,2,50,2,5.2525
9061124,201612,28834,11290,己合备,11290640,沥釜3悼,2,60,2,2.81125
9061131,201612,28835,11290,己合备,11290640,沥釜3悼,1,0,2,36.201
9061138,201612,28835,11290,己合备,11290640,沥釜3悼,1,10,2,3.405
9061145,201612,28835,11290,己合备,11290640,沥釜3悼,1,20,2,4.569
9061152,201612,28835,11290,己合备,11290640,沥釜3悼,1,30,2,6.5935
9061159,201612,28835,11290,己合备,11290640,沥釜3悼,1,40,2,8.7135
9061166,201612,28835,11290,己合备,11290640,沥釜3悼,1,50,2,7.8595
9061173,201612,28835,11290,己合备,11290640,沥釜3悼,1,60,2,5.0605
9061180,201612,28835,11290,己合备,11290640,沥釜3悼,2,0,2,18.49625
9061187,201612,28835,11290,己合备,11290640,沥釜3悼,2,10,2,0.4925
9061194,201612,28835,11290,己合备,11290640,沥釜3悼,2,20,2,2.29625
9061201,201612,28835,11290,己合备,11290640,沥釜3悼,2,30,2,3.205
9061208,201612,28835,11290,己合备,11290640,沥釜3悼,2,40,2,4.82125
9061215,201612,28835,11290,己合备,11290640,沥釜3悼,2,50,2,5.0125
9061222,201612,28835,11290,己合备,11290640,沥釜3悼,2,60,2,2.66875
9062111,201612,28844,11290,己合备,11290640,沥釜3悼,1,0,2,44.122665
9062118,201612,28844,11290,己合备,11290640,沥釜3悼,1,10,2,4.478667
9062125,201612,28844,11290,己合备,11290640,沥釜3悼,1,20,2,5.108
9062132,201612,28844,11290,己合备,11290640,沥釜3悼,1,30,2,8.021667
9062139,201612,28844,11290,己合备,11290640,沥釜3悼,1,40,2,10.154667
9062146,201612,28844,11290,己合备,11290640,沥釜3悼,1,50,2,9.396334
9062153,201612,28844,11290,己合备,11290640,沥釜3悼,1,60,2,6.963333
9062160,201612,28844,11290,己合备,11290640,沥釜3悼,2,0,2,26.176666
9062167,201612,28844,11290,己合备,11290640,沥釜3悼,2,10,2,0.75
9062174,201612,28844,11290,己合备,11290640,沥釜3悼,2,20,2,3.505
9062181,201612,28844,11290,己合备,11290640,沥釜3悼,2,30,2,4.5916667
9062188,201612,28844,11290,己合备,11290640,沥釜3悼,2,40,2,6.6325
9062195,201612,28844,11290,己合备,11290640,沥釜3悼,2,50,2,6.445833
9062202,201612,28844,11290,己合备,11290640,沥釜3悼,2,60,2,4.2516665
9062209,201612,28845,11290,己合备,11290640,沥釜3悼,1,0,2,37.456
9062216,201612,28845,11290,己合备,11290640,沥釜3悼,1,10,2,4.01
9062223,201612,28845,11290,己合备,11290640,沥釜3悼,1,20,2,4.086
9062230,201612,28845,11290,己合备,11290640,沥釜3悼,1,30,2,7.035
9062237,201612,28845,11290,己合备,11290640,沥釜3悼,1,40,2,8.78
9062244,201612,28845,11290,己合备,11290640,沥釜3悼,1,50,2,8.097
9062251,201612,28845,11290,己合备,11290640,沥釜3悼,1,60,2,5.448
9062258,201612,28845,11290,己合备,11290640,沥釜3悼,2,0,2,21.395
9062265,201612,28845,11290,己合备,11290640,沥釜3悼,2,10,2,0.565
9062272,201612,28845,11290,己合备,11290640,沥釜3悼,2,20,2,2.63
9062279,201612,28845,11290,己合备,11290640,沥釜3悼,2,30,2,3.935
9062286,201612,28845,11290,己合备,11290640,沥釜3悼,2,40,2,5.8175
9062293,201612,28845,11290,己合备,11290640,沥釜3悼,2,50,2,5.2575
9062300,201612,28845,11290,己合备,11290640,沥釜3悼,2,60,2,3.19
9062503,201612,28848,11290,己合备,11290640,沥釜3悼,1,0,2,26.81
9062510,201612,28848,11290,己合备,11290640,沥釜3悼,1,10,2,2.064
9062517,201612,28848,11290,己合备,11290640,沥釜3悼,1,20,2,3.172
9062524,201612,28848,11290,己合备,11290640,沥釜3悼,1,30,2,4.44
9062531,201612,28848,11290,己合备,11290640,沥釜3悼,1,40,2,6.662
9062538,201612,28848,11290,己合备,11290640,沥釜3悼,1,50,2,6.109
9062545,201612,28848,11290,己合备,11290640,沥釜3悼,1,60,2,4.363
9062552,201612,28848,11290,己合备,11290640,沥釜3悼,2,0,2,13.8525
9062559,201612,28848,11290,己合备,11290640,沥釜3悼,2,10,2,0.1975
9062566,201612,28848,11290,己合备,11290640,沥釜3悼,2,20,2,2.3775
9062573,201612,28848,11290,己合备,11290640,沥釜3悼,2,30,2,2.37
9062580,201612,28848,11290,己合备,11290640,沥釜3悼,2,40,2,3.565
9062587,201612,28848,11290,己合备,11290640,沥釜3悼,2,50,2,3.365
9062594,201612,28848,11290,己合备,11290640,沥釜3悼,2,60,2,1.9775
9062601,201612,28849,11290,己合备,11290640,沥釜3悼,1,0,2,23.40725
9062608,201612,28849,11290,己合备,11290640,沥釜3悼,1,10,2,1.8065
9062615,201612,28849,11290,己合备,11290640,沥釜3悼,1,20,2,2.777
9062622,201612,28849,11290,己合备,11290640,沥釜3悼,1,30,2,3.8875
9062629,201612,28849,11290,己合备,11290640,沥釜3悼,1,40,2,5.831
9062636,201612,28849,11290,己合备,11290640,沥釜3悼,1,50,2,5.30675
9062643,201612,28849,11290,己合备,11290640,沥釜3悼,1,60,2,3.7985
9062650,201612,28849,11290,己合备,11290640,沥釜3悼,2,0,2,12.11875
9062657,201612,28849,11290,己合备,11290640,沥釜3悼,2,10,2,0.1725
9062664,201612,28849,11290,己合备,11290640,沥釜3悼,2,20,2,2.08
9062671,201612,28849,11290,己合备,11290640,沥釜3悼,2,30,2,2.07375
9062678,201612,28849,11290,己合备,11290640,沥釜3悼,2,40,2,3.11875
9062685,201612,28849,11290,己合备,11290640,沥釜3悼,2,50,2,2.94375
9062692,201612,28849,11290,己合备,11290640,沥釜3悼,2,60,2,1.73
9062797,201612,28850,11290,己合备,11290640,沥釜3悼,1,0,2,47.456
9062804,201612,28850,11290,己合备,11290640,沥釜3悼,1,10,2,4.713
9062811,201612,28850,11290,己合备,11290640,沥釜3悼,1,20,2,5.619
9062818,201612,28850,11290,己合备,11290640,沥釜3悼,1,30,2,8.515
9062825,201612,28850,11290,己合备,11290640,沥釜3悼,1,40,2,10.842
9062832,201612,28850,11290,己合备,11290640,沥釜3悼,1,50,2,10.046
9062839,201612,28850,11290,己合备,11290640,沥釜3悼,1,60,2,7.721
9062846,201612,28850,11290,己合备,11290640,沥釜3悼,2,0,2,28.5675
9062853,201612,28850,11290,己合备,11290640,沥釜3悼,2,10,2,0.8425
9062860,201612,28850,11290,己合备,11290640,沥釜3悼,2,20,2,3.9425
9062867,201612,28850,11290,己合备,11290640,沥釜3悼,2,30,2,4.92
9062874,201612,28850,11290,己合备,11290640,沥釜3悼,2,40,2,7.04
9062881,201612,28850,11290,己合备,11290640,沥釜3悼,2,50,2,7.04
9062888,201612,28850,11290,己合备,11290640,沥釜3悼,2,60,2,4.7825
9063189,201612,28855,11290,己合备,11290640,沥釜3悼,1,0,2,11.967428
9063196,201612,28855,11290,己合备,11290640,沥釜3悼,1,10,2,0.7792857
9063203,201612,28855,11290,己合备,11290640,沥釜3悼,1,20,2,1.5807143
9063210,201612,28855,11290,己合备,11290640,沥釜3悼,1,30,2,2.3594286
9063217,201612,28855,11290,己合备,11290640,沥釜3悼,1,40,2,3.014
9063224,201612,28855,11290,己合备,11290640,沥釜3悼,1,50,2,2.573857
9063231,201612,28855,11290,己合备,11290640,沥釜3悼,1,60,2,1.6601429
9063238,201612,28855,11290,己合备,11290640,沥釜3悼,2,0,2,6.472857
9063252,201612,28855,11290,己合备,11290640,沥釜3悼,2,20,2,0.90178573
9063259,201612,28855,11290,己合备,11290640,沥釜3悼,2,30,2,1.1514286
9063266,201612,28855,11290,己合备,11290640,沥釜3悼,2,40,2,1.7171428
9063273,201612,28855,11290,己合备,11290640,沥釜3悼,2,50,2,1.8303572
9063280,201612,28855,11290,己合备,11290640,沥釜3悼,2,60,2,0.87214285
9063287,201612,28856,11290,己合备,11290640,沥釜3悼,1,0,2,16.773
9063294,201612,28856,11290,己合备,11290640,沥釜3悼,1,10,2,0.951
9063301,201612,28856,11290,己合备,11290640,沥釜3悼,1,20,2,1.585
9063308,201612,28856,11290,己合备,11290640,沥釜3悼,1,30,2,3.355
9063315,201612,28856,11290,己合备,11290640,沥釜3悼,1,40,2,4.625
9063322,201612,28856,11290,己合备,11290640,沥釜3悼,1,50,2,3.945
9063329,201612,28856,11290,己合备,11290640,沥釜3悼,1,60,2,2.312
9063336,201612,28856,11290,己合备,11290640,沥釜3悼,2,0,2,8.5775
9063350,201612,28856,11290,己合备,11290640,沥釜3悼,2,20,2,0.89
9063357,201612,28856,11290,己合备,11290640,沥釜3悼,2,30,2,1.5625
9063364,201612,28856,11290,己合备,11290640,沥釜3悼,2,40,2,2.4525
9063371,201612,28856,11290,己合备,11290640,沥釜3悼,2,50,2,2.56
9063378,201612,28856,11290,己合备,11290640,沥釜3悼,2,60,2,1.1125
9063385,201612,28857,11290,己合备,11290640,沥釜3悼,1,0,2,48.429
9063392,201612,28857,11290,己合备,11290640,沥釜3悼,1,10,2,3.405
9063399,201612,28857,11290,己合备,11290640,沥釜3悼,1,20,2,3.406
9063406,201612,28857,11290,己合备,11290640,沥釜3悼,1,30,2,9.308
9063413,201612,28857,11290,己合备,11290640,沥釜3悼,1,40,2,13.015
9063420,201612,28857,11290,己合备,11290640,沥釜3悼,1,50,2,11.501
9063427,201612,28857,11290,己合备,11290640,沥釜3悼,1,60,2,7.794
9063434,201612,28857,11290,己合备,11290640,沥釜3悼,2,0,2,28.6925
9063441,201612,28857,11290,己合备,11290640,沥釜3悼,2,10,2,0.56
9063448,201612,28857,11290,己合备,11290640,沥釜3悼,2,20,2,2.63
9063455,201612,28857,11290,己合备,11290640,沥釜3悼,2,30,2,5.245
9063462,201612,28857,11290,己合备,11290640,沥釜3悼,2,40,2,7.88
9063469,201612,28857,11290,己合备,11290640,沥釜3悼,2,50,2,7.69
9063476,201612,28857,11290,己合备,11290640,沥釜3悼,2,60,2,4.6875
9063483,201612,28858,11290,己合备,11290640,沥釜3悼,1,0,2,56.759
9063490,201612,28858,11290,己合备,11290640,沥釜3悼,1,10,2,4.542
9063497,201612,28858,11290,己合备,11290640,沥釜3悼,1,20,2,5.109
9063504,201612,28858,11290,己合备,11290640,沥釜3悼,1,30,2,10.67
9063511,201612,28858,11290,己合备,11290640,沥釜3悼,1,40,2,14.19
9063518,201612,28858,11290,己合备,11290640,沥釜3悼,1,50,2,12.713
9063525,201612,28858,11290,己合备,11290640,沥釜3悼,1,60,2,9.535
9063532,201612,28858,11290,己合备,11290640,沥釜3悼,2,0,2,35.7375
9063539,201612,28858,11290,己合备,11290640,沥釜3悼,2,10,2,0.84
9063546,201612,28858,11290,己合备,11290640,沥釜3悼,2,20,2,3.9425
9063553,201612,28858,11290,己合备,11290640,沥釜3悼,2,30,2,6.4675
9063560,201612,28858,11290,己合备,11290640,沥釜3悼,2,40,2,9.2925
9063567,201612,28858,11290,己合备,11290640,沥釜3悼,2,50,2,9.005
9063574,201612,28858,11290,己合备,11290640,沥釜3悼,2,60,2,6.19
9063777,201612,28860,11290,己合备,11290640,沥釜3悼,1,0,2,37.834
9063784,201612,28860,11290,己合备,11290640,沥釜3悼,1,10,2,3.028
9063791,201612,28860,11290,己合备,11290640,沥釜3悼,1,20,2,3.406
9063798,201612,28860,11290,己合备,11290640,沥釜3悼,1,30,2,7.113
9063805,201612,28860,11290,己合备,11290640,沥釜3悼,1,40,2,9.455
9063812,201612,28860,11290,己合备,11290640,沥釜3悼,1,50,2,8.475
9063819,201612,28860,11290,己合备,11290640,沥釜3悼,1,60,2,6.357
9063826,201612,28860,11290,己合备,11290640,沥釜3悼,2,0,2,23.8225
9063833,201612,28860,11290,己合备,11290640,沥釜3悼,2,10,2,0.56
9063840,201612,28860,11290,己合备,11290640,沥釜3悼,2,20,2,2.63
9063847,201612,28860,11290,己合备,11290640,沥釜3悼,2,30,2,4.31
9063854,201612,28860,11290,己合备,11290640,沥釜3悼,2,40,2,6.195
9063861,201612,28860,11290,己合备,11290640,沥釜3悼,2,50,2,6.0025
9063868,201612,28860,11290,己合备,11290640,沥釜3悼,2,60,2,4.125
9064855,201612,28870,11290,己合备,11290640,沥釜3悼,1,0,2,23.8575
9064862,201612,28870,11290,己合备,11290640,沥釜3悼,1,10,2,1.4645
9064869,201612,28870,11290,己合备,11290640,沥釜3悼,1,20,2,2.77
9064876,201612,28870,11290,己合备,11290640,沥釜3悼,1,30,2,4.708
9064883,201612,28870,11290,己合备,11290640,沥釜3悼,1,40,2,6.2115
9064890,201612,28870,11290,己合备,11290640,沥釜3悼,1,50,2,5.38
9064897,201612,28870,11290,己合备,11290640,沥釜3悼,1,60,2,3.3235
9064904,201612,28870,11290,己合备,11290640,沥釜3悼,2,0,2,12.6375
9064918,201612,28870,11290,己合备,11290640,沥釜3悼,2,20,2,1.5825
9064925,201612,28870,11290,己合备,11290640,沥釜3悼,2,30,2,2.26625
9064932,201612,28870,11290,己合备,11290640,沥釜3悼,2,40,2,3.455
9064939,201612,28870,11290,己合备,11290640,沥釜3悼,2,50,2,3.655
9064946,201612,28870,11290,己合备,11290640,沥釜3悼,2,60,2,1.67875
9065149,201612,28873,11290,己合备,11290640,沥釜3悼,1,0,2,6.9395
9065156,201612,28873,11290,己合备,11290640,沥釜3悼,1,10,2,0.477
9065163,201612,28873,11290,己合备,11290640,沥釜3悼,1,20,2,1.0425
9065170,201612,28873,11290,己合备,11290640,沥釜3悼,1,30,2,1.34
9065177,201612,28873,11290,己合备,11290640,沥釜3悼,1,40,2,1.6375
9065184,201612,28873,11290,己合备,11290640,沥釜3悼,1,50,2,1.4585
9065191,201612,28873,11290,己合备,11290640,沥釜3悼,1,60,2,0.984
9065198,201612,28873,11290,己合备,11290640,沥釜3悼,2,0,2,3.795
9065212,201612,28873,11290,己合备,11290640,沥釜3悼,2,20,2,0.59625
9065219,201612,28873,11290,己合备,11290640,沥釜3悼,2,30,2,0.66875
9065226,201612,28873,11290,己合备,11290640,沥釜3悼,2,40,2,0.9675
9065233,201612,28873,11290,己合备,11290640,沥釜3悼,2,50,2,1.04125
9065240,201612,28873,11290,己合备,11290640,沥釜3悼,2,60,2,0.52125
9065247,201612,28874,11290,己合备,11290640,沥釜3悼,1,0,2,18.485
9065254,201612,28874,11290,己合备,11290640,沥釜3悼,1,10,2,1.27
9065261,201612,28874,11290,己合备,11290640,沥釜3悼,1,20,2,2.775
9065268,201612,28874,11290,己合备,11290640,沥釜3悼,1,30,2,3.57
9065275,201612,28874,11290,己合备,11290640,沥釜3悼,1,40,2,4.365
9065282,201612,28874,11290,己合备,11290640,沥釜3悼,1,50,2,3.887
9065289,201612,28874,11290,己合备,11290640,沥釜3悼,1,60,2,2.618
9065296,201612,28874,11290,己合备,11290640,沥釜3悼,2,0,2,10.115
9065310,201612,28874,11290,己合备,11290640,沥釜3悼,2,20,2,1.5875
9065317,201612,28874,11290,己合备,11290640,沥釜3悼,2,30,2,1.7825
9065324,201612,28874,11290,己合备,11290640,沥釜3悼,2,40,2,2.58
9065331,201612,28874,11290,己合备,11290640,沥釜3悼,2,50,2,2.7775
9065338,201612,28874,11290,己合备,11290640,沥釜3悼,2,60,2,1.3875
9065541,201612,28878,11290,己合备,11290640,沥釜3悼,1,0,2,14.0566
9065548,201612,28878,11290,己合备,11290640,沥釜3悼,1,10,2,0.603
9065555,201612,28878,11290,己合备,11290640,沥釜3悼,1,20,2,0.9951
9065562,201612,28878,11290,己合备,11290640,沥釜3悼,1,30,2,2.5704
9065569,201612,28878,11290,己合备,11290640,沥釜3悼,1,40,2,4.1207
9065576,201612,28878,11290,己合备,11290640,沥釜3悼,1,50,2,3.5146
9065583,201612,28878,11290,己合备,11290640,沥釜3悼,1,60,2,2.2528
9065590,201612,28878,11290,己合备,11290640,沥釜3悼,2,0,2,6.72
9065597,201612,28878,11290,己合备,11290640,沥釜3悼,2,10,2,0.0395
9065604,201612,28878,11290,己合备,11290640,沥釜3悼,2,20,2,0.6135
9065611,201612,28878,11290,己合备,11290640,沥釜3悼,2,30,2,1.224
9065618,201612,28878,11290,己合备,11290640,沥釜3悼,2,40,2,1.869
9065625,201612,28878,11290,己合备,11290640,沥釜3悼,2,50,2,1.898
9065632,201612,28878,11290,己合备,11290640,沥釜3悼,2,60,2,1.076
9065639,201612,28879,11290,己合备,11290640,沥釜3悼,1,0,2,18.485
9065646,201612,28879,11290,己合备,11290640,沥釜3悼,1,10,2,1.27
9065653,201612,28879,11290,己合备,11290640,沥釜3悼,1,20,2,2.775
9065660,201612,28879,11290,己合备,11290640,沥釜3悼,1,30,2,3.57
9065667,201612,28879,11290,己合备,11290640,沥釜3悼,1,40,2,4.365
9065674,201612,28879,11290,己合备,11290640,沥釜3悼,1,50,2,3.887
9065681,201612,28879,11290,己合备,11290640,沥釜3悼,1,60,2,2.618
9065688,201612,28879,11290,己合备,11290640,沥釜3悼,2,0,2,10.10125
9065702,201612,28879,11290,己合备,11290640,沥釜3悼,2,20,2,1.585
9065709,201612,28879,11290,己合备,11290640,沥釜3悼,2,30,2,1.78
9065716,201612,28879,11290,己合备,11290640,沥釜3悼,2,40,2,2.5775
9065723,201612,28879,11290,己合备,11290640,沥釜3悼,2,50,2,2.77375
9065730,201612,28879,11290,己合备,11290640,沥釜3悼,2,60,2,1.385
9065835,201612,28880,11290,己合备,11290640,沥釜3悼,1,0,2,21.0895
9065842,201612,28880,11290,己合备,11290640,沥釜3悼,1,10,2,1.767
9065849,201612,28880,11290,己合备,11290640,沥釜3悼,1,20,2,2.777
9065856,201612,28880,11290,己合备,11290640,沥釜3悼,1,30,2,3.4925
9065863,201612,28880,11290,己合备,11290640,沥釜3悼,1,40,2,4.8405
9065870,201612,28880,11290,己合备,11290640,沥釜3悼,1,50,2,4.6325
9065877,201612,28880,11290,己合备,11290640,沥釜3悼,1,60,2,3.58
9065884,201612,28880,11290,己合备,11290640,沥釜3悼,2,0,2,11.5275
9065891,201612,28880,11290,己合备,11290640,沥釜3悼,2,10,2,0.1725
9065898,201612,28880,11290,己合备,11290640,沥釜3悼,2,20,2,2.08
9065905,201612,28880,11290,己合备,11290640,沥釜3悼,2,30,2,1.97625
9065912,201612,28880,11290,己合备,11290640,沥釜3悼,2,40,2,2.92125
9065919,201612,28880,11290,己合备,11290640,沥釜3悼,2,50,2,2.74625
9065926,201612,28880,11290,己合备,11290640,沥釜3悼,2,60,2,1.63125
9066423,201612,28886,11290,己合备,11290630,沥釜2悼,1,0,2,14.545375
9066430,201612,28886,11290,己合备,11290630,沥釜2悼,1,10,2,0.7414167
9066437,201612,28886,11290,己合备,11290630,沥釜2悼,1,20,2,0.497375
9066444,201612,28886,11290,己合备,11290630,沥釜2悼,1,30,2,2.83975
9066451,201612,28886,11290,己合备,11290630,沥釜2悼,1,40,2,4.194125
9066458,201612,28886,11290,己合备,11290630,沥釜2悼,1,50,2,3.222
9066465,201612,28886,11290,己合备,11290630,沥釜2悼,1,60,2,3.0507083
9066472,201612,28886,11290,己合备,11290630,沥釜2悼,2,0,2,7.5160418
9066479,201612,28886,11290,己合备,11290630,沥釜2悼,2,10,2,0.1121875
9066486,201612,28886,11290,己合备,11290630,沥釜2悼,2,20,2,0.1503125
9066493,201612,28886,11290,己合备,11290630,沥釜2悼,2,30,2,1.2507292
9066500,201612,28886,11290,己合备,11290630,沥釜2悼,2,40,2,2.1528125
9066507,201612,28886,11290,己合备,11290630,沥釜2悼,2,50,2,2.1092708
9066514,201612,28886,11290,己合备,11290630,沥釜2悼,2,60,2,1.7407292
9066619,201612,28888,11290,己合备,11290630,沥釜2悼,1,0,2,3.782
9066640,201612,28888,11290,己合备,11290630,沥釜2悼,1,30,2,0.666
9066647,201612,28888,11290,己合备,11290630,沥釜2悼,1,40,2,1.632
9066654,201612,28888,11290,己合备,11290630,沥釜2悼,1,50,2,1.075
9066661,201612,28888,11290,己合备,11290630,沥釜2悼,1,60,2,0.409
9066668,201612,28888,11290,己合备,11290630,沥釜2悼,2,0,2,1.095
9066689,201612,28888,11290,己合备,11290630,沥釜2悼,2,30,2,0.1825
9066696,201612,28888,11290,己合备,11290630,沥釜2悼,2,40,2,0.365
9066703,201612,28888,11290,己合备,11290630,沥釜2悼,2,50,2,0.365
9066710,201612,28888,11290,己合备,11290630,沥釜2悼,2,60,2,0.1825
9067207,201612,28893,11290,己合备,11290640,沥釜3悼,1,0,2,11.736
9067214,201612,28893,11290,己合备,11290640,沥釜3悼,1,10,2,0.38
9067221,201612,28893,11290,己合备,11290640,沥釜3悼,1,20,2,1.815
9067228,201612,28893,11290,己合备,11290640,沥釜3悼,1,30,2,2.346
9067235,201612,28893,11290,己合备,11290640,沥釜3悼,1,40,2,3.03
9067242,201612,28893,11290,己合备,11290640,沥釜3悼,1,50,2,3.03
9067249,201612,28893,11290,己合备,11290640,沥釜3悼,1,60,2,1.135
9067256,201612,28893,11290,己合备,11290640,沥釜3悼,2,0,2,3.5525
9067270,201612,28893,11290,己合备,11290640,沥釜3悼,2,20,2,0.1875
9067277,201612,28893,11290,己合备,11290640,沥釜3悼,2,30,2,0.56
9067284,201612,28893,11290,己合备,11290640,沥釜3悼,2,40,2,1.12
9067291,201612,28893,11290,己合备,11290640,沥釜3悼,2,50,2,1.4975
9067298,201612,28893,11290,己合备,11290640,沥釜3悼,2,60,2,0.1875
9067305,201612,28894,11290,己合备,11290640,沥釜3悼,1,0,2,10.2685
9067312,201612,28894,11290,己合备,11290640,沥釜3悼,1,10,2,0.3325
9067319,201612,28894,11290,己合备,11290640,沥釜3悼,1,20,2,1.5895
9067326,201612,28894,11290,己合备,11290640,沥釜3悼,1,30,2,2.0515
9067333,201612,28894,11290,己合备,11290640,沥釜3悼,1,40,2,2.65
9067340,201612,28894,11290,己合备,11290640,沥釜3悼,1,50,2,2.65
9067347,201612,28894,11290,己合备,11290640,沥釜3悼,1,60,2,0.995
9067354,201612,28894,11290,己合备,11290640,沥釜3悼,2,0,2,3.110625
9067368,201612,28894,11290,己合备,11290640,沥釜3悼,2,20,2,0.16375
9067375,201612,28894,11290,己合备,11290640,沥釜3悼,2,30,2,0.49
9067382,201612,28894,11290,己合备,11290640,沥釜3悼,2,40,2,0.981875
9067389,201612,28894,11290,己合备,11290640,沥釜3悼,2,50,2,1.31125
9067396,201612,28894,11290,己合备,11290640,沥釜3悼,2,60,2,0.16375
9068677,201612,28908,11290,己合备,11290640,沥釜3悼,1,0,2,17.263
9068684,201612,28908,11290,己合备,11290640,沥釜3悼,1,10,2,0.57
9068691,201612,28908,11290,己合备,11290640,沥釜3悼,1,20,2,1.705
9068698,201612,28908,11290,己合备,11290640,沥釜3悼,1,30,2,3.294
9068705,201612,28908,11290,己合备,11290640,沥釜3悼,1,40,2,5.109
9068712,201612,28908,11290,己合备,11290640,沥釜3悼,1,50,2,4.54
9068719,201612,28908,11290,己合备,11290640,沥釜3悼,1,60,2,2.045
9068726,201612,28908,11290,己合备,11290640,沥釜3悼,2,0,2,7.5775
9068747,201612,28908,11290,己合备,11290640,沥釜3悼,2,30,2,1.4025
9068754,201612,28908,11290,己合备,11290640,沥釜3悼,2,40,2,2.525
9068761,201612,28908,11290,己合备,11290640,沥釜3悼,2,50,2,2.8075
9068768,201612,28908,11290,己合备,11290640,沥釜3悼,2,60,2,0.8425
9068775,201612,28909,11290,己合备,11290640,沥釜3悼,1,0,2,21.774307
9068782,201612,28909,11290,己合备,11290640,沥釜3悼,1,10,2,0.99346155
9068789,201612,28909,11290,己合备,11290640,沥釜3悼,1,20,2,1.113
9068796,201612,28909,11290,己合备,11290640,沥釜3悼,1,30,2,4.7874618
9068803,201612,28909,11290,己合备,11290640,沥釜3悼,1,40,2,6.972
9068810,201612,28909,11290,己合备,11290640,沥釜3悼,1,50,2,5.4715385
9068817,201612,28909,11290,己合备,11290640,沥釜3悼,1,60,2,2.4368463
9068824,201612,28909,11290,己合备,11290640,沥釜3悼,2,0,2,8.64173
9068838,201612,28909,11290,己合备,11290640,沥釜3悼,2,20,2,0.05403846
9068845,201612,28909,11290,己合备,11290640,沥釜3悼,2,30,2,1.9205769
9068852,201612,28909,11290,己合备,11290640,沥釜3悼,2,40,2,2.9396155
9068859,201612,28909,11290,己合备,11290640,沥釜3悼,2,50,2,2.7221153
9068866,201612,28909,11290,己合备,11290640,沥釜3悼,2,60,2,1.0053846
9069363,201612,28915,11290,己合备,11290630,沥釜2悼,1,0,2,3.1093333
9069384,201612,28915,11290,己合备,11290630,沥釜2悼,1,30,2,0.565
9069391,201612,28915,11290,己合备,11290630,沥釜2悼,1,40,2,1.2996666
9069398,201612,28915,11290,己合备,11290630,沥釜2悼,1,50,2,0.905
9069405,201612,28915,11290,己合备,11290630,沥釜2悼,1,60,2,0.33966666
9069412,201612,28915,11290,己合备,11290630,沥釜2悼,2,0,2,0.835
9069433,201612,28915,11290,己合备,11290630,沥釜2悼,2,30,2,0.14
9069440,201612,28915,11290,己合备,11290630,沥釜2悼,2,40,2,0.2775
9069447,201612,28915,11290,己合备,11290630,沥釜2悼,2,50,2,0.2775
9069454,201612,28915,11290,己合备,11290630,沥釜2悼,2,60,2,0.14
9070245,201612,28924,11290,己合备,11290630,沥釜2悼,1,0,2,2.326
9070266,201612,28924,11290,己合备,11290630,沥釜2悼,1,30,2,0.425
9070273,201612,28924,11290,己合备,11290630,沥釜2悼,1,40,2,0.971
9070280,201612,28924,11290,己合备,11290630,沥釜2悼,1,50,2,0.677
9070287,201612,28924,11290,己合备,11290630,沥釜2悼,1,60,2,0.253
9070294,201612,28924,11290,己合备,11290630,沥釜2悼,2,0,2,0.625
9070315,201612,28924,11290,己合备,11290630,沥釜2悼,2,30,2,0.105
9070322,201612,28924,11290,己合备,11290630,沥釜2悼,2,40,2,0.2075
9070329,201612,28924,11290,己合备,11290630,沥釜2悼,2,50,2,0.2075
9070336,201612,28924,11290,己合备,11290630,沥釜2悼,2,60,2,0.105
9073087,201612,28954,11290,己合备,11290640,沥釜3悼,1,0,2,27.758333
9073094,201612,28954,11290,己合备,11290640,沥釜3悼,1,10,2,0.97033334
9073101,201612,28954,11290,己合备,11290640,沥釜3悼,1,20,2,3.198
9073108,201612,28954,11290,己合备,11290640,沥釜3悼,1,30,2,5.562
9073115,201612,28954,11290,己合备,11290640,沥釜3悼,1,40,2,7.8756666
9073122,201612,28954,11290,己合备,11290640,沥釜3悼,1,50,2,7.162667
9073129,201612,28954,11290,己合备,11290640,沥釜3悼,1,60,2,2.9896667
9073136,201612,28954,11290,己合备,11290640,沥釜3悼,2,0,2,10.396667
9073150,201612,28954,11290,己合备,11290640,沥釜3悼,2,20,2,0.2025
9073157,201612,28954,11290,己合备,11290640,沥釜3悼,2,30,2,1.9
9073164,201612,28954,11290,己合备,11290640,沥釜3悼,2,40,2,3.4133334
9073171,201612,28954,11290,己合备,11290640,沥釜3悼,2,50,2,3.93
9073178,201612,28954,11290,己合备,11290640,沥釜3悼,2,60,2,0.9508333
9074067,201612,28966,11290,己合备,11290640,沥釜3悼,1,0,2,140.421
9074074,201612,28966,11290,己合备,11290640,沥釜3悼,1,10,2,12.855
9074081,201612,28966,11290,己合备,11290640,沥釜3悼,1,20,2,14.067
9074088,201612,28966,11290,己合备,11290640,沥釜3悼,1,30,2,22.556
9074095,201612,28966,11290,己合备,11290640,沥釜3悼,1,40,2,35.649
9074102,201612,28966,11290,己合备,11290640,沥釜3悼,1,50,2,30.801
9074109,201612,28966,11290,己合备,11290640,沥釜3悼,1,60,2,24.493
9074116,201612,28966,11290,己合备,11290640,沥釜3悼,2,0,2,83.21
9074123,201612,28966,11290,己合备,11290640,沥釜3悼,2,10,2,5.74
9074130,201612,28966,11290,己合备,11290640,沥釜3悼,2,20,2,10.33
9074137,201612,28966,11290,己合备,11290640,沥釜3悼,2,30,2,14.92
9074144,201612,28966,11290,己合备,11290640,沥釜3悼,2,40,2,18.3625
9074151,201612,28966,11290,己合备,11290640,沥釜3悼,2,50,2,17.79
9074158,201612,28966,11290,己合备,11290640,沥釜3悼,2,60,2,16.0675
9076811,201612,28994,11290,己合备,11290640,沥釜3悼,1,0,2,15.83
9076818,201612,28994,11290,己合备,11290640,沥釜3悼,1,10,2,0.795
9076832,201612,28994,11290,己合备,11290640,沥釜3悼,1,30,2,3.4945
9076839,201612,28994,11290,己合备,11290640,沥釜3悼,1,40,2,5.135
9076846,201612,28994,11290,己合备,11290640,沥釜3悼,1,50,2,4.3405
9076853,201612,28994,11290,己合备,11290640,沥釜3悼,1,60,2,2.065
9076860,201612,28994,11290,己合备,11290640,沥釜3悼,2,0,2,8.29625
9076881,201612,28994,11290,己合备,11290640,沥釜3悼,2,30,2,1.81875
9076888,201612,28994,11290,己合备,11290640,沥釜3悼,2,40,2,2.97875
9076895,201612,28994,11290,己合备,11290640,沥釜3悼,2,50,2,2.46125
9076902,201612,28994,11290,己合备,11290640,沥釜3悼,2,60,2,1.0375
9077693,201612,29001,11290,己合备,11290640,沥釜3悼,1,0,2,51.59
9077700,201612,29001,11290,己合备,11290640,沥釜3悼,1,10,2,4.004
9077707,201612,29001,11290,己合备,11290640,沥釜3悼,1,20,2,6.16
9077714,201612,29001,11290,己合备,11290640,沥釜3悼,1,30,2,8.624
9077721,201612,29001,11290,己合备,11290640,沥釜3悼,1,40,2,12.936
9077728,201612,29001,11290,己合备,11290640,沥釜3悼,1,50,2,11.55
9077735,201612,29001,11290,己合备,11290640,沥釜3悼,1,60,2,8.316
9077742,201612,29001,11290,己合备,11290640,沥釜3悼,2,0,2,28.03
9077749,201612,29001,11290,己合备,11290640,沥釜3悼,2,10,2,0.394375
9077756,201612,29001,11290,己合备,11290640,沥釜3悼,2,20,2,4.821875
9077763,201612,29001,11290,己合备,11290640,沥釜3悼,2,30,2,4.785
9077770,201612,29001,11290,己合备,11290640,沥釜3悼,2,40,2,7.2225
9077777,201612,29001,11290,己合备,11290640,沥釜3悼,2,50,2,6.809375
9077784,201612,29001,11290,己合备,11290640,沥釜3悼,2,60,2,3.996875
9088865,201612,29116,11290,己合备,11290640,沥釜3悼,1,0,2,13.528334
9088872,201612,29116,11290,己合备,11290640,沥釜3悼,1,10,2,0.8233333
9088886,201612,29116,11290,己合备,11290640,沥釜3悼,1,30,2,3.2556667
9088893,201612,29116,11290,己合备,11290640,沥釜3悼,1,40,2,4.364
9088900,201612,29116,11290,己合备,11290640,沥釜3悼,1,50,2,3.444
9088907,201612,29116,11290,己合备,11290640,沥釜3悼,1,60,2,1.6413333
9088914,201612,29116,11290,己合备,11290640,沥釜3悼,2,0,2,7.721667
9088935,201612,29116,11290,己合备,11290640,沥釜3悼,2,30,2,1.8258333
9088942,201612,29116,11290,己合备,11290640,沥釜3悼,2,40,2,2.8483334
9088949,201612,29116,11290,己合备,11290640,沥釜3悼,2,50,2,2.0308332
9088956,201612,29116,11290,己合备,11290640,沥釜3悼,2,60,2,1.0166667
9089747,201612,29126,11290,己合备,11290640,沥釜3悼,1,0,2,23.106
9089754,201612,29126,11290,己合备,11290640,沥釜3悼,1,10,2,1.587
9089761,201612,29126,11290,己合备,11290640,沥釜3悼,1,20,2,3.47
9089768,201612,29126,11290,己合备,11290640,沥釜3悼,1,30,2,4.4625
9089775,201612,29126,11290,己合备,11290640,沥釜3悼,1,40,2,5.455
9089782,201612,29126,11290,己合备,11290640,沥釜3悼,1,50,2,4.859
9089789,201612,29126,11290,己合备,11290640,沥釜3悼,1,60,2,3.2725
9089796,201612,29126,11290,己合备,11290640,沥釜3悼,2,0,2,12.64625
9089810,201612,29126,11290,己合备,11290640,沥釜3悼,2,20,2,1.985
9089817,201612,29126,11290,己合备,11290640,沥釜3悼,2,30,2,2.22875
9089824,201612,29126,11290,己合备,11290640,沥釜3悼,2,40,2,3.225
9089831,201612,29126,11290,己合备,11290640,沥釜3悼,2,50,2,3.4725
9089838,201612,29126,11290,己合备,11290640,沥釜3悼,2,60,2,1.735
9090041,201612,29129,11290,己合备,11290630,沥釜2悼,1,0,2,3.1093333
9090062,201612,29129,11290,己合备,11290630,沥釜2悼,1,30,2,0.565
9090069,201612,29129,11290,己合备,11290630,沥釜2悼,1,40,2,1.2996666
9090076,201612,29129,11290,己合备,11290630,沥釜2悼,1,50,2,0.905
9090083,201612,29129,11290,己合备,11290630,沥釜2悼,1,60,2,0.33966666
9090090,201612,29129,11290,己合备,11290630,沥釜2悼,2,0,2,0.835
9090111,201612,29129,11290,己合备,11290630,沥釜2悼,2,30,2,0.14
9090118,201612,29129,11290,己合备,11290630,沥釜2悼,2,40,2,0.2775
9090125,201612,29129,11290,己合备,11290630,沥釜2悼,2,50,2,0.2775
9090132,201612,29129,11290,己合备,11290630,沥釜2悼,2,60,2,0.14
9090237,201612,29130,11290,己合备,11290630,沥釜2悼,1,0,2,2.451
9090258,201612,29130,11290,己合备,11290630,沥釜2悼,1,30,2,0.446
9090265,201612,29130,11290,己合备,11290630,沥釜2悼,1,40,2,1.0242
9090272,201612,29130,11290,己合备,11290630,沥釜2悼,1,50,2,0.7124
9090279,201612,29130,11290,己合备,11290630,沥釜2悼,1,60,2,0.2684
9090286,201612,29130,11290,己合备,11290630,沥釜2悼,2,0,2,0.658
9090307,201612,29130,11290,己合备,11290630,沥釜2悼,2,30,2,0.1095
9090314,201612,29130,11290,己合备,11290630,沥釜2悼,2,40,2,0.2195
9090321,201612,29130,11290,己合备,11290630,沥釜2悼,2,50,2,0.2195
9090328,201612,29130,11290,己合备,11290630,沥釜2悼,2,60,2,0.1095
9090825,201612,29136,11290,己合备,11290640,沥釜3悼,1,0,2,11.7555
9090832,201612,29136,11290,己合备,11290640,沥釜3悼,1,10,2,0.7125
9090846,201612,29136,11290,己合备,11290640,沥釜3悼,1,30,2,2.841
9090853,201612,29136,11290,己合备,11290640,沥釜3悼,1,40,2,3.8015
9090860,201612,29136,11290,己合备,11290640,沥釜3悼,1,50,2,2.98
9090867,201612,29136,11290,己合备,11290640,沥釜3悼,1,60,2,1.4205
9090874,201612,29136,11290,己合备,11290640,沥釜3悼,2,0,2,6.683125
9090895,201612,29136,11290,己合备,11290640,沥釜3悼,2,30,2,1.580625
9090902,201612,29136,11290,己合备,11290640,沥釜3悼,2,40,2,2.465
9090909,201612,29136,11290,己合备,11290640,沥釜3悼,2,50,2,1.756875
9090916,201612,29136,11290,己合备,11290640,沥釜3悼,2,60,2,0.880625
9090923,201612,29137,11290,己合备,11290640,沥釜3悼,1,0,2,31.79075
9090930,201612,29137,11290,己合备,11290640,沥釜3悼,1,10,2,2.74675
9090937,201612,29137,11290,己合备,11290640,沥釜3悼,1,20,2,4.346
9090944,201612,29137,11290,己合备,11290640,沥釜3悼,1,30,2,5.2915
9090951,201612,29137,11290,己合备,11290640,沥釜3悼,1,40,2,7.14425
9090958,201612,29137,11290,己合备,11290640,沥釜3悼,1,50,2,6.82125
9090965,201612,29137,11290,己合备,11290640,沥釜3悼,1,60,2,5.441
9090972,201612,29137,11290,己合备,11290640,沥釜3悼,2,0,2,18.0025
9090979,201612,29137,11290,己合备,11290640,沥釜3悼,2,10,2,0.271875
9090986,201612,29137,11290,己合备,11290640,沥釜3悼,2,20,2,3.294375
9090993,201612,29137,11290,己合备,11290640,沥釜3悼,2,30,2,3.084375
9091000,201612,29137,11290,己合备,11290640,沥釜3悼,2,40,2,4.545
9091007,201612,29137,11290,己合备,11290640,沥釜3悼,2,50,2,4.26625
9091014,201612,29137,11290,己合备,11290640,沥釜3悼,2,60,2,2.540625
9091511,201612,29142,11290,己合备,11290640,沥釜3悼,1,0,2,18.9822
9091518,201612,29142,11290,己合备,11290640,沥釜3悼,1,10,2,0.8754
9091525,201612,29142,11290,己合备,11290640,沥釜3悼,1,20,2,2.1188
9091532,201612,29142,11290,己合备,11290640,沥釜3悼,1,30,2,3.9472
9091539,201612,29142,11290,己合备,11290640,沥釜3悼,1,40,2,5.014
9091546,201612,29142,11290,己合备,11290640,沥釜3悼,1,50,2,4.7936
9091553,201612,29142,11290,己合备,11290640,沥釜3悼,1,60,2,2.2332
9091560,201612,29142,11290,己合备,11290640,沥釜3悼,2,0,2,6.5575
9091574,201612,29142,11290,己合备,11290640,沥釜3悼,2,20,2,0.1965
9091581,201612,29142,11290,己合备,11290640,沥釜3悼,2,30,2,1.148
9091588,201612,29142,11290,己合备,11290640,沥釜3悼,2,40,2,1.965
9091595,201612,29142,11290,己合备,11290640,沥釜3悼,2,50,2,2.5925
9091602,201612,29142,11290,己合备,11290640,沥釜3悼,2,60,2,0.6555
9091609,201612,29143,11290,己合备,11290640,沥釜3悼,1,0,2,2.555
9091630,201612,29143,11290,己合备,11290640,沥釜3悼,1,30,2,0.6166667
9091637,201612,29143,11290,己合备,11290640,沥釜3悼,1,40,2,0.96966666
9091644,201612,29143,11290,己合备,11290640,沥釜3悼,1,50,2,0.6166667
9091651,201612,29143,11290,己合备,11290640,沥釜3悼,1,60,2,0.352
9091658,201612,29143,11290,己合备,11290640,沥釜3悼,2,0,2,0.43333334
9091679,201612,29143,11290,己合备,11290640,沥釜3悼,2,30,2,0.21666667
9091693,201612,29143,11290,己合备,11290640,沥釜3悼,2,50,2,0.21666667
9091903,201612,29146,11290,己合备,11290630,沥釜2悼,1,0,2,294.507
9091910,201612,29146,11290,己合备,11290630,沥釜2悼,1,10,2,23.321
9091917,201612,29146,11290,己合备,11290630,沥釜2悼,1,20,2,28.94025
9091924,201612,29146,11290,己合备,11290630,沥釜2悼,1,30,2,55.184
9091931,201612,29146,11290,己合备,11290630,沥釜2悼,1,40,2,67.7605
9091938,201612,29146,11290,己合备,11290630,沥釜2悼,1,50,2,59.6505
9091945,201612,29146,11290,己合备,11290630,沥釜2悼,1,60,2,59.65075
9091952,201612,29146,11290,己合备,11290630,沥釜2悼,2,0,2,155.955
9091959,201612,29146,11290,己合备,11290630,沥釜2悼,2,10,2,10.29875
9091966,201612,29146,11290,己合备,11290630,沥釜2悼,2,20,2,16.130625
9091973,201612,29146,11290,己合备,11290630,沥釜2悼,2,30,2,26.8175
9091980,201612,29146,11290,己合备,11290630,沥釜2悼,2,40,2,33.910625
9091987,201612,29146,11290,己合备,11290630,沥釜2悼,2,50,2,33.231876
9091994,201612,29146,11290,己合备,11290630,沥釜2悼,2,60,2,35.565624
9092001,201612,29147,11290,己合备,11290630,沥釜2悼,1,0,2,258.7986
9092008,201612,29147,11290,己合备,11290630,沥釜2悼,1,10,2,20.9468
9092015,201612,29147,11290,己合备,11290630,沥釜2悼,1,20,2,25.3762
9092022,201612,29147,11290,己合备,11290630,沥釜2悼,1,30,2,47.8206
9092029,201612,29147,11290,己合备,11290630,沥釜2悼,1,40,2,60.467
9092036,201612,29147,11290,己合备,11290630,沥釜2悼,1,50,2,53.4856
9092043,201612,29147,11290,己合备,11290630,沥釜2悼,1,60,2,50.7024
9092050,201612,29147,11290,己合备,11290630,沥釜2悼,2,0,2,144.317
9092057,201612,29147,11290,己合备,11290630,沥釜2悼,2,10,2,9.406
9092064,201612,29147,11290,己合备,11290630,沥釜2悼,2,20,2,15.5485
9092071,201612,29147,11290,己合备,11290630,沥釜2悼,2,30,2,26.156
9092078,201612,29147,11290,己合备,11290630,沥釜2悼,2,40,2,32.183
9092085,201612,29147,11290,己合备,11290630,沥釜2悼,2,50,2,31.0945
9092092,201612,29147,11290,己合备,11290630,沥釜2悼,2,60,2,29.929
9092589,201612,29154,11290,己合备,11290640,沥釜3悼,1,0,2,12.93725
9092596,201612,29154,11290,己合备,11290640,沥釜3悼,1,10,2,0.734
9092603,201612,29154,11290,己合备,11290640,沥釜3悼,1,20,2,1.2225
9092610,201612,29154,11290,己合备,11290640,沥釜3悼,1,30,2,2.58875
9092617,201612,29154,11290,己合备,11290640,沥釜3悼,1,40,2,3.56625
9092624,201612,29154,11290,己合备,11290640,沥釜3悼,1,50,2,3.042
9092631,201612,29154,11290,己合备,11290640,沥釜3悼,1,60,2,1.78375
9092638,201612,29154,11290,己合备,11290640,沥釜3悼,2,0,2,6.600625
9092652,201612,29154,11290,己合备,11290640,沥釜3悼,2,20,2,0.685625
9092659,201612,29154,11290,己合备,11290640,沥釜3悼,2,30,2,1.201875
9092666,201612,29154,11290,己合备,11290640,沥釜3悼,2,40,2,1.88625
9092673,201612,29154,11290,己合备,11290640,沥釜3悼,2,50,2,1.97
9092680,201612,29154,11290,己合备,11290640,沥釜3悼,2,60,2,0.856875
9093373,201612,29163,11290,己合备,11290640,沥釜3悼,1,0,2,13.980333
9093380,201612,29163,11290,己合备,11290640,沥釜3悼,1,10,2,0.44333333
9093387,201612,29163,11290,己合备,11290640,沥釜3悼,1,20,2,1.325
9093394,201612,29163,11290,己合备,11290640,沥釜3悼,1,30,2,2.8126667
9093401,201612,29163,11290,己合备,11290640,沥釜3悼,1,40,2,4.277
9093408,201612,29163,11290,己合备,11290640,沥釜3悼,1,50,2,3.5333333
9093415,201612,29163,11290,己合备,11290640,沥釜3悼,1,60,2,1.589
9093422,201612,29163,11290,己合备,11290640,沥釜3悼,2,0,2,5.8941665
9093443,201612,29163,11290,己合备,11290640,沥釜3悼,2,30,2,1.0908333
9093450,201612,29163,11290,己合备,11290640,沥釜3悼,2,40,2,1.965
9093457,201612,29163,11290,己合备,11290640,沥釜3悼,2,50,2,2.1841667
9093464,201612,29163,11290,己合备,11290640,沥釜3悼,2,60,2,0.65416664
9093765,201612,29167,11290,己合备,11290640,沥釜3悼,1,0,2,13.692
9093772,201612,29167,11290,己合备,11290640,沥釜3悼,1,10,2,0.41166666
9093779,201612,29167,11290,己合备,11290640,沥釜3悼,1,20,2,1.2316667
9093786,201612,29167,11290,己合备,11290640,沥釜3悼,1,30,2,2.694
9093793,201612,29167,11290,己合备,11290640,沥釜3悼,1,40,2,4.200667
9093800,201612,29167,11290,己合备,11290640,沥釜3悼,1,50,2,3.677
9093807,201612,29167,11290,己合备,11290640,沥釜3悼,1,60,2,1.477
9093814,201612,29167,11290,己合备,11290640,沥釜3悼,2,0,2,5.6908336
9093835,201612,29167,11290,己合备,11290640,沥釜3悼,2,30,2,1.0133333
9093842,201612,29167,11290,己合备,11290640,沥釜3悼,2,40,2,1.9325
9093849,201612,29167,11290,己合备,11290640,沥釜3悼,2,50,2,2.1366668
9093856,201612,29167,11290,己合备,11290640,沥釜3悼,2,60,2,0.60833335
9093863,201612,29168,11290,己合备,11290640,沥釜3悼,1,0,2,14.562667
9093870,201612,29168,11290,己合备,11290640,沥釜3悼,1,10,2,0.41166666
9093877,201612,29168,11290,己合备,11290640,沥釜3悼,1,20,2,1.2316667
9093884,201612,29168,11290,己合备,11290640,沥釜3悼,1,30,2,2.8833334
9093891,201612,29168,11290,己合备,11290640,沥釜3悼,1,40,2,4.541
9093898,201612,29168,11290,己合备,11290640,沥釜3悼,1,50,2,4.018
9093905,201612,29168,11290,己合备,11290640,沥釜3悼,1,60,2,1.477
9093912,201612,29168,11290,己合备,11290640,沥釜3悼,2,0,2,5.8775
9093933,201612,29168,11290,己合备,11290640,沥釜3悼,2,30,2,1.0133333
9093940,201612,29168,11290,己合备,11290640,沥釜3悼,2,40,2,2.0258334
9093947,201612,29168,11290,己合备,11290640,沥釜3悼,2,50,2,2.23
9093954,201612,29168,11290,己合备,11290640,沥釜3悼,2,60,2,0.60833335
9093961,201612,29169,11290,己合备,11290640,沥釜3悼,1,0,2,1.912
9093982,201612,29169,11290,己合备,11290640,沥釜3悼,1,30,2,0.6625
9093989,201612,29169,11290,己合备,11290640,沥釜3悼,1,40,2,0.909
9093996,201612,29169,11290,己合备,11290640,沥釜3悼,1,50,2,0.3405
9094010,201612,29169,11290,己合备,11290640,沥釜3悼,2,0,2,0.1875
9094038,201612,29169,11290,己合备,11290640,沥釜3悼,2,40,2,0.09375
9094045,201612,29169,11290,己合备,11290640,沥釜3悼,2,50,2,0.09375
9094353,201612,29173,11290,己合备,11290630,沥釜2悼,1,0,2,2.326
9094374,201612,29173,11290,己合备,11290630,沥釜2悼,1,30,2,0.425
9094381,201612,29173,11290,己合备,11290630,沥釜2悼,1,40,2,0.971
9094388,201612,29173,11290,己合备,11290630,沥釜2悼,1,50,2,0.677
9094395,201612,29173,11290,己合备,11290630,沥釜2悼,1,60,2,0.253
9094402,201612,29173,11290,己合备,11290630,沥釜2悼,2,0,2,0.625
9094423,201612,29173,11290,己合备,11290630,沥釜2悼,2,30,2,0.105
9094430,201612,29173,11290,己合备,11290630,沥釜2悼,2,40,2,0.2075
9094437,201612,29173,11290,己合备,11290630,沥釜2悼,2,50,2,0.2075
9094444,201612,29173,11290,己合备,11290630,沥釜2悼,2,60,2,0.105
9094451,201612,29174,11290,己合备,11290640,沥釜3悼,1,0,2,0.305
9094465,201612,29174,11290,己合备,11290640,沥釜3悼,1,20,2,0.305
9094647,201612,29176,11290,己合备,11290640,沥釜3悼,1,0,2,65.92067
9094654,201612,29176,11290,己合备,11290640,沥釜3悼,1,10,2,5.7706666
9094661,201612,29176,11290,己合备,11290640,沥釜3悼,1,20,2,6.2506666
9094668,201612,29176,11290,己合备,11290640,沥釜3悼,1,30,2,10.61
9094675,201612,29176,11290,己合备,11290640,沥釜3悼,1,40,2,17.309334
9094682,201612,29176,11290,己合备,11290640,沥釜3悼,1,50,2,14.743333
9094689,201612,29176,11290,己合备,11290640,沥釜3悼,1,60,2,11.236667
9094696,201612,29176,11290,己合备,11290640,沥釜3悼,2,0,2,37.878334
9094703,201612,29176,11290,己合备,11290640,沥釜3悼,2,10,2,2.55
9094710,201612,29176,11290,己合备,11290640,沥釜3悼,2,20,2,4.59
9094717,201612,29176,11290,己合备,11290640,沥釜3悼,2,30,2,6.7808332
9094724,201612,29176,11290,己合备,11290640,沥釜3悼,2,40,2,8.460834
9094731,201612,29176,11290,己合备,11290640,沥釜3悼,2,50,2,8.205833
9094738,201612,29176,11290,己合备,11290640,沥釜3悼,2,60,2,7.2908335
9094745,201612,29177,11290,己合备,11290640,沥釜3悼,1,0,2,25.696
9094752,201612,29177,11290,己合备,11290640,沥釜3悼,1,10,2,1.8656
9094759,201612,29177,11290,己合备,11290640,沥釜3悼,1,20,2,2.816
9094766,201612,29177,11290,己合备,11290640,沥釜3悼,1,30,2,4.2944
9094773,201612,29177,11290,己合备,11290640,沥釜3悼,1,40,2,6.7936
9094780,201612,29177,11290,己合备,11290640,沥釜3悼,1,50,2,5.9136
9094787,201612,29177,11290,己合备,11290640,沥釜3悼,1,60,2,4.0128
9094794,201612,29177,11290,己合备,11290640,沥釜3悼,2,0,2,13.362
9094801,201612,29177,11290,己合备,11290640,沥釜3悼,2,10,2,0.18
9094808,201612,29177,11290,己合备,11290640,沥釜3悼,2,20,2,2.206
9094815,201612,29177,11290,己合备,11290640,沥釜3悼,2,30,2,2.2785
9094822,201612,29177,11290,己合备,11290640,沥釜3悼,2,40,2,3.4835
9094829,201612,29177,11290,己合备,11290640,沥釜3悼,2,50,2,3.2955
9094836,201612,29177,11290,己合备,11290640,沥釜3悼,2,60,2,1.9185
9095627,201612,29185,11290,己合备,11290630,沥釜2悼,1,0,2,267.586
9095634,201612,29185,11290,己合备,11290630,沥釜2悼,1,10,2,19.925
9095641,201612,29185,11290,己合备,11290630,沥釜2悼,1,20,2,26.841
9095648,201612,29185,11290,己合备,11290630,沥釜2悼,1,30,2,50.553
9095655,201612,29185,11290,己合备,11290630,沥釜2悼,1,40,2,61.586
9095662,201612,29185,11290,己合备,11290630,沥釜2悼,1,50,2,54.834
9095669,201612,29185,11290,己合备,11290630,沥釜2悼,1,60,2,53.847
9095676,201612,29185,11290,己合备,11290630,沥釜2悼,2,0,2,139.9175
9095683,201612,29185,11290,己合备,11290630,沥釜2悼,2,10,2,8.55
9095690,201612,29185,11290,己合备,11290630,沥釜2悼,2,20,2,14.38
9095697,201612,29185,11290,己合备,11290630,沥釜2悼,2,30,2,24.485
9095704,201612,29185,11290,己合备,11290630,沥釜2悼,2,40,2,30.7025
9095711,201612,29185,11290,己合备,11290630,沥釜2悼,2,50,2,30.3175
9095718,201612,29185,11290,己合备,11290630,沥釜2悼,2,60,2,31.4825
9099253,201612,29221,11290,己合备,11290630,沥釜2悼,1,0,2,1.4008
9099274,201612,29221,11290,己合备,11290630,沥釜2悼,1,30,2,0.256
9099281,201612,29221,11290,己合备,11290630,沥釜2悼,1,40,2,0.5848
9099288,201612,29221,11290,己合备,11290630,沥釜2悼,1,50,2,0.4064
9099295,201612,29221,11290,己合备,11290630,沥釜2悼,1,60,2,0.1536
9099302,201612,29221,11290,己合备,11290630,沥釜2悼,2,0,2,0.376
9099323,201612,29221,11290,己合备,11290630,沥釜2悼,2,30,2,0.062
9099330,201612,29221,11290,己合备,11290630,沥釜2悼,2,40,2,0.126
9099337,201612,29221,11290,己合备,11290630,沥釜2悼,2,50,2,0.126
9099344,201612,29221,11290,己合备,11290630,沥釜2悼,2,60,2,0.062
9101115,201612,29240,11290,己合备,11290640,沥釜3悼,1,0,2,11.753
9101122,201612,29240,11290,己合备,11290640,沥釜3悼,1,10,2,0.667
9101129,201612,29240,11290,己合备,11290640,沥釜3悼,1,20,2,1.11
9101136,201612,29240,11290,己合备,11290640,沥釜3悼,1,30,2,2.353
9101143,201612,29240,11290,己合备,11290640,沥釜3悼,1,40,2,3.239
9101150,201612,29240,11290,己合备,11290640,沥釜3悼,1,50,2,2.763
9101157,201612,29240,11290,己合备,11290640,沥釜3悼,1,60,2,1.621
9101164,201612,29240,11290,己合备,11290640,沥釜3悼,2,0,2,5.99
9101178,201612,29240,11290,己合备,11290640,沥釜3悼,2,20,2,0.6225
9101185,201612,29240,11290,己合备,11290640,沥釜3悼,2,30,2,1.09
9101192,201612,29240,11290,己合备,11290640,沥釜3悼,2,40,2,1.7125
9101199,201612,29240,11290,己合备,11290640,沥釜3悼,2,50,2,1.7875
9101206,201612,29240,11290,己合备,11290640,沥釜3悼,2,60,2,0.7775
9101703,201612,29247,11290,己合备,11290630,沥釜2悼,1,0,2,29.05975
9101710,201612,29247,11290,己合备,11290630,沥釜2悼,1,10,2,1.38125
9101717,201612,29247,11290,己合备,11290630,沥釜2悼,1,20,2,2.7385
9101724,201612,29247,11290,己合备,11290630,沥釜2悼,1,30,2,5.91325
9101731,201612,29247,11290,己合备,11290630,沥釜2悼,1,40,2,7.993
9101738,201612,29247,11290,己合备,11290630,沥釜2悼,1,50,2,7.59925
9101745,201612,29247,11290,己合备,11290630,沥釜2悼,1,60,2,3.4345
9101752,201612,29247,11290,己合备,11290630,沥釜2悼,2,0,2,11.50875
9101766,201612,29247,11290,己合备,11290630,沥釜2悼,2,20,2,0.151875
9101773,201612,29247,11290,己合备,11290630,沥釜2悼,2,30,2,1.950625
9101780,201612,29247,11290,己合备,11290630,沥釜2悼,2,40,2,3.695625
9101787,201612,29247,11290,己合备,11290630,沥釜2悼,2,50,2,4.365
9101794,201612,29247,11290,己合备,11290630,沥釜2悼,2,60,2,1.345625
9103369,201612,29268,11290,己合备,11290640,沥釜3悼,1,0,2,8.898
9103376,201612,29268,11290,己合备,11290640,沥釜3悼,1,10,2,0.32
9103390,201612,29268,11290,己合备,11290640,沥釜3悼,1,30,2,1.842
9103397,201612,29268,11290,己合备,11290640,沥釜3悼,1,40,2,2.986
9103404,201612,29268,11290,己合备,11290640,沥釜3悼,1,50,2,2.541
9103411,201612,29268,11290,己合备,11290640,沥釜3悼,1,60,2,1.209
9103418,201612,29268,11290,己合备,11290640,沥釜3悼,2,0,2,4.0525
9103439,201612,29268,11290,己合备,11290640,沥釜3悼,2,30,2,0.7825
9103446,201612,29268,11290,己合备,11290640,沥釜3悼,2,40,2,1.4025
9103453,201612,29268,11290,己合备,11290640,沥釜3悼,2,50,2,1.4
9103460,201612,29268,11290,己合备,11290640,沥釜3悼,2,60,2,0.4675
9103467,201612,29269,11290,己合备,11290640,沥釜3悼,1,0,2,7.115
9103474,201612,29269,11290,己合备,11290640,沥釜3悼,1,10,2,0.3
9103488,201612,29269,11290,己合备,11290640,沥釜3悼,1,30,2,1.517
9103495,201612,29269,11290,己合备,11290640,沥釜3悼,1,40,2,2.3523333
9103502,201612,29269,11290,己合备,11290640,沥釜3悼,1,50,2,1.9953333
9103509,201612,29269,11290,己合备,11290640,沥釜3悼,1,60,2,0.95033336
9103516,201612,29269,11290,己合备,11290640,沥釜3悼,2,0,2,3.4575
9103537,201612,29269,11290,己合备,11290640,沥釜3悼,2,30,2,0.71
9103544,201612,29269,11290,己合备,11290640,沥釜3悼,2,40,2,1.22
9103551,201612,29269,11290,己合备,11290640,沥釜3悼,2,50,2,1.1141666
9103558,201612,29269,11290,己合备,11290640,沥釜3悼,2,60,2,0.41333333
9106897,201612,29302,11290,己合备,11290640,沥釜3悼,1,0,2,9.421
9106904,201612,29302,11290,己合备,11290640,沥釜3悼,1,10,2,0.635
9106911,201612,29302,11290,己合备,11290640,沥釜3悼,1,20,2,1.3875
9106918,201612,29302,11290,己合备,11290640,沥釜3悼,1,30,2,1.785
9106925,201612,29302,11290,己合备,11290640,沥釜3悼,1,40,2,2.1825
9106932,201612,29302,11290,己合备,11290640,沥釜3悼,1,50,2,2.0625
9106939,201612,29302,11290,己合备,11290640,沥釜3悼,1,60,2,1.3685
9106946,201612,29302,11290,己合备,11290640,沥釜3悼,2,0,2,5.0575
9106960,201612,29302,11290,己合备,11290640,沥釜3悼,2,20,2,0.79375
9106967,201612,29302,11290,己合备,11290640,沥釜3悼,2,30,2,0.89125
9106974,201612,29302,11290,己合备,11290640,沥釜3悼,2,40,2,1.29
9106981,201612,29302,11290,己合备,11290640,沥釜3悼,2,50,2,1.38875
9106988,201612,29302,11290,己合备,11290640,沥釜3悼,2,60,2,0.69375
9108269,201612,29316,11290,己合备,11290640,沥釜3悼,1,0,2,2.571
9108290,201612,29316,11290,己合备,11290640,沥釜3悼,1,30,2,0.755
9108297,201612,29316,11290,己合备,11290640,沥釜3悼,1,40,2,1.135
9108304,201612,29316,11290,己合备,11290640,沥釜3悼,1,50,2,0.681
9108318,201612,29316,11290,己合备,11290640,沥釜3悼,2,0,2,0.375
9108346,201612,29316,11290,己合备,11290640,沥釜3悼,2,40,2,0.1875
9108353,201612,29316,11290,己合备,11290640,沥釜3悼,2,50,2,0.1875
9108857,201612,29321,11290,己合备,11290640,沥釜3悼,1,0,2,20.3878
9108864,201612,29321,11290,己合备,11290640,沥釜3悼,1,10,2,1.4124
9108871,201612,29321,11290,己合备,11290640,沥釜3悼,1,20,2,3.087
9108878,201612,29321,11290,己合备,11290640,沥釜3悼,1,30,2,3.97
9108885,201612,29321,11290,己合备,11290640,沥釜3悼,1,40,2,4.853
9108892,201612,29321,11290,己合备,11290640,沥釜3悼,1,50,2,4.2098
9108899,201612,29321,11290,己合备,11290640,沥釜3悼,1,60,2,2.8556
9108906,201612,29321,11290,己合备,11290640,沥釜3悼,2,0,2,11.2125
9108920,201612,29321,11290,己合备,11290640,沥釜3悼,2,20,2,1.76
9108927,201612,29321,11290,己合备,11290640,沥釜3悼,2,30,2,1.976
9108934,201612,29321,11290,己合备,11290640,沥釜3悼,2,40,2,2.86
9108941,201612,29321,11290,己合备,11290640,沥釜3悼,2,50,2,3.0785
9108948,201612,29321,11290,己合备,11290640,沥釜3悼,2,60,2,1.538
9109249,201612,29327,11290,己合备,11290640,沥釜3悼,1,0,2,8.333
9109256,201612,29327,11290,己合备,11290640,沥釜3悼,1,10,2,0.19
9109263,201612,29327,11290,己合备,11290640,沥釜3悼,1,20,2,0.57
9109270,201612,29327,11290,己合备,11290640,沥釜3悼,1,30,2,1.8556666
9109277,201612,29327,11290,己合备,11290640,沥釜3悼,1,40,2,2.8383334
9109284,201612,29327,11290,己合备,11290640,沥釜3悼,1,50,2,2.1956666
9109291,201612,29327,11290,己合备,11290640,沥釜3悼,1,60,2,0.68333334
9109298,201612,29327,11290,己合备,11290640,沥釜3悼,2,0,2,2.9016666
9109319,201612,29327,11290,己合备,11290640,沥釜3悼,2,30,2,0.46833333
9109326,201612,29327,11290,己合备,11290640,沥釜3悼,2,40,2,1.0283333
9109333,201612,29327,11290,己合备,11290640,沥釜3悼,2,50,2,1.1233333
9109340,201612,29327,11290,己合备,11290640,沥釜3悼,2,60,2,0.28166667
9109347,201612,29328,11290,己合备,11290630,沥釜2悼,1,0,2,34.088
9109354,201612,29328,11290,己合备,11290630,沥釜2悼,1,10,2,3.15025
9109361,201612,29328,11290,己合备,11290630,沥釜2悼,1,20,2,2.65575
9109368,201612,29328,11290,己合备,11290630,沥釜2悼,1,30,2,6.278
9109375,201612,29328,11290,己合备,11290630,沥釜2悼,1,40,2,9.799
9109382,201612,29328,11290,己合备,11290630,沥釜2悼,1,50,2,6.3185
9109389,201612,29328,11290,己合备,11290630,沥釜2悼,1,60,2,5.8865
9109396,201612,29328,11290,己合备,11290630,沥釜2悼,2,0,2,15.340625
9109403,201612,29328,11290,己合备,11290630,沥釜2悼,2,10,2,0.599375
9109410,201612,29328,11290,己合备,11290630,沥釜2悼,2,20,2,0.8025
9109417,201612,29328,11290,己合备,11290630,沥釜2悼,2,30,2,3.13125
9109424,201612,29328,11290,己合备,11290630,沥釜2悼,2,40,2,4.9125
9109431,201612,29328,11290,己合备,11290630,沥釜2悼,2,50,2,3.5875
9109438,201612,29328,11290,己合备,11290630,沥釜2悼,2,60,2,2.3075
9109445,201612,29329,11290,己合备,11290630,沥釜2悼,1,0,2,17.351444
9109452,201612,29329,11290,己合备,11290630,沥釜2悼,1,10,2,1.1535555
9109459,201612,29329,11290,己合备,11290630,沥釜2悼,1,20,2,1.0086297
9109466,201612,29329,11290,己合备,11290630,沥釜2悼,1,30,2,3.0958889
9109473,201612,29329,11290,己合备,11290630,沥釜2悼,1,40,2,4.8445554
9109480,201612,29329,11290,己合备,11290630,沥釜2悼,1,50,2,3.673889
9109487,201612,29329,11290,己合备,11290630,沥釜2悼,1,60,2,3.574926
9109494,201612,29329,11290,己合备,11290630,沥釜2悼,2,0,2,8.549537
9109501,201612,29329,11290,己合备,11290630,沥釜2悼,2,10,2,0.22759259
9109508,201612,29329,11290,己合备,11290630,沥釜2悼,2,20,2,0.30481482
9109515,201612,29329,11290,己合备,11290630,沥釜2悼,2,30,2,1.5027778
9109522,201612,29329,11290,己合备,11290630,沥釜2悼,2,40,2,2.4655557
9109529,201612,29329,11290,己合备,11290630,沥釜2悼,2,50,2,2.2892592
9109536,201612,29329,11290,己合备,11290630,沥釜2悼,2,60,2,1.759537
9110229,201612,29337,11290,己合备,11290640,沥釜3悼,1,0,2,8.6275
9110236,201612,29337,11290,己合备,11290640,沥釜3悼,1,10,2,0.74375
9110243,201612,29337,11290,己合备,11290640,沥釜3悼,1,20,2,1.19
9110250,201612,29337,11290,己合备,11290640,沥釜3悼,1,30,2,1.3685
9110257,201612,29337,11290,己合备,11290640,沥釜3悼,1,40,2,1.75525
9110264,201612,29337,11290,己合备,11290640,沥釜3悼,1,50,2,1.99325
9110271,201612,29337,11290,己合备,11290640,沥釜3悼,1,60,2,1.57675
9110278,201612,29337,11290,己合备,11290640,沥釜3悼,2,0,2,4.75
9110285,201612,29337,11290,己合备,11290640,沥釜3悼,2,10,2,0.07375
9110292,201612,29337,11290,己合备,11290640,沥釜3悼,2,20,2,0.89125
9110299,201612,29337,11290,己合备,11290640,沥釜3悼,2,30,2,0.815
9110306,201612,29337,11290,己合备,11290640,沥釜3悼,2,40,2,1.18875
9110313,201612,29337,11290,己合备,11290640,沥釜3悼,2,50,2,1.11375
9110320,201612,29337,11290,己合备,11290640,沥釜3悼,2,60,2,0.6675
9111013,201612,29345,11290,己合备,11290640,沥釜3悼,1,0,2,5.206
9111027,201612,29345,11290,己合备,11290640,沥釜3悼,1,20,2,1.1235
9111034,201612,29345,11290,己合备,11290640,沥釜3悼,1,30,2,0.59275
9111041,201612,29345,11290,己合备,11290640,沥釜3悼,1,40,2,1.577
9111048,201612,29345,11290,己合备,11290640,沥釜3悼,1,50,2,1.3195
9111055,201612,29345,11290,己合备,11290640,沥釜3悼,1,60,2,0.59325
9111062,201612,29345,11290,己合备,11290640,沥釜3悼,2,0,2,0.56625
9111090,201612,29345,11290,己合备,11290640,沥釜3悼,2,40,2,0.226875
9111097,201612,29345,11290,己合备,11290640,沥釜3悼,2,50,2,0.226875
9111104,201612,29345,11290,己合备,11290640,沥釜3悼,2,60,2,0.1125
9111111,201612,29346,11290,己合备,11290640,沥釜3悼,1,0,2,59.741
9111118,201612,29346,11290,己合备,11290640,沥釜3悼,1,10,2,3.868
9111125,201612,29346,11290,己合备,11290640,沥釜3悼,1,20,2,4.1135
9111132,201612,29346,11290,己合备,11290640,沥釜3悼,1,30,2,10.9965
9111139,201612,29346,11290,己合备,11290640,沥釜3悼,1,40,2,16.344
9111146,201612,29346,11290,己合备,11290640,沥釜3悼,1,50,2,14.125
9111153,201612,29346,11290,己合备,11290640,沥釜3悼,1,60,2,10.294
9111160,201612,29346,11290,己合备,11290640,沥釜3悼,2,0,2,32.94625
9111167,201612,29346,11290,己合备,11290640,沥釜3悼,2,10,2,1.435
9111174,201612,29346,11290,己合备,11290640,沥釜3悼,2,20,2,2.5825
9111181,201612,29346,11290,己合备,11290640,沥釜3悼,2,30,2,6.24
9111188,201612,29346,11290,己合备,11290640,沥釜3悼,2,40,2,8.445
9111195,201612,29346,11290,己合备,11290640,沥釜3悼,2,50,2,8.595
9111202,201612,29346,11290,己合备,11290640,沥釜3悼,2,60,2,5.64875
9115227,201612,29387,11290,己合备,11290640,沥釜3悼,1,0,2,1.974
9115234,201612,29387,11290,己合备,11290640,沥釜3悼,1,10,2,0.07
9115248,201612,29387,11290,己合备,11290640,沥釜3悼,1,30,2,0.409
9115255,201612,29387,11290,己合备,11290640,沥釜3悼,1,40,2,0.663
9115262,201612,29387,11290,己合备,11290640,沥釜3悼,1,50,2,0.56366664
9115269,201612,29387,11290,己合备,11290640,沥釜3悼,1,60,2,0.26833335
9115276,201612,29387,11290,己合备,11290640,沥釜3悼,2,0,2,0.89916664
9115297,201612,29387,11290,己合备,11290640,沥釜3悼,2,30,2,0.17333333
9115304,201612,29387,11290,己合备,11290640,沥釜3悼,2,40,2,0.31166667
9115311,201612,29387,11290,己合备,11290640,沥釜3悼,2,50,2,0.31083333
9115318,201612,29387,11290,己合备,11290640,沥釜3悼,2,60,2,0.10333333
9116109,201612,29396,11290,己合备,11290640,沥釜3悼,1,0,2,14.762834
9116116,201612,29396,11290,己合备,11290640,沥釜3悼,1,10,2,1.3233334
9116123,201612,29396,11290,己合备,11290640,沥釜3悼,1,20,2,2.1146667
9116130,201612,29396,11290,己合备,11290640,沥釜3悼,1,30,2,2.4333334
9116137,201612,29396,11290,己合备,11290640,沥釜3悼,1,40,2,3.1206667
9116144,201612,29396,11290,己合备,11290640,沥釜3悼,1,50,2,3.1603334
9116151,201612,29396,11290,己合备,11290640,沥釜3悼,1,60,2,2.6105
9116158,201612,29396,11290,己合备,11290640,沥釜3悼,2,0,2,8.451667
9116165,201612,29396,11290,己合备,11290640,沥釜3悼,2,10,2,0.13166666
9116172,201612,29396,11290,己合备,11290640,沥釜3悼,2,20,2,1.5858333
9116179,201612,29396,11290,己合备,11290640,沥釜3悼,2,30,2,1.4508333
9116186,201612,29396,11290,己合备,11290640,沥釜3悼,2,40,2,2.1145833
9116193,201612,29396,11290,己合备,11290640,沥釜3悼,2,50,2,1.98125
9116200,201612,29396,11290,己合备,11290640,沥釜3悼,2,60,2,1.1875
9116991,201612,29405,11290,己合备,11290640,沥釜3悼,1,0,2,5.202125
9117005,201612,29405,11290,己合备,11290640,沥釜3悼,1,20,2,0.486
9117012,201612,29405,11290,己合备,11290640,沥釜3悼,1,30,2,0.676375
9117019,201612,29405,11290,己合备,11290640,沥釜3悼,1,40,2,1.80875
9117026,201612,29405,11290,己合备,11290640,沥釜3悼,1,50,2,1.56425
9117033,201612,29405,11290,己合备,11290640,沥釜3悼,1,60,2,0.66675
9117040,201612,29405,11290,己合备,11290640,沥釜3悼,2,0,2,0.6284375
9117068,201612,29405,11290,己合备,11290640,沥釜3悼,2,40,2,0.2515625
9117075,201612,29405,11290,己合备,11290640,沥釜3悼,2,50,2,0.2515625
9117082,201612,29405,11290,己合备,11290640,沥釜3悼,2,60,2,0.1253125
9117383,201612,29409,11290,己合备,11290640,沥釜3悼,1,0,2,10.290875
9117390,201612,29409,11290,己合备,11290640,沥釜3悼,1,10,2,0.518125
9117404,201612,29409,11290,己合备,11290640,沥釜3悼,1,30,2,2.271375
9117411,201612,29409,11290,己合备,11290640,沥釜3悼,1,40,2,3.336875
9117418,201612,29409,11290,己合备,11290640,沥釜3悼,1,50,2,2.82125
9117425,201612,29409,11290,己合备,11290640,沥釜3悼,1,60,2,1.34325
9117432,201612,29409,11290,己合备,11290640,沥釜3悼,2,0,2,5.3921876
9117453,201612,29409,11290,己合备,11290640,沥釜3悼,2,30,2,1.1815625
9117460,201612,29409,11290,己合备,11290640,沥釜3悼,2,40,2,1.9375
9117467,201612,29409,11290,己合备,11290640,沥釜3悼,2,50,2,1.6
9117474,201612,29409,11290,己合备,11290640,沥釜3悼,2,60,2,0.673125
9117775,201612,29412,11290,己合备,11290640,沥釜3悼,1,0,2,2.349
9117796,201612,29412,11290,己合备,11290640,沥釜3悼,1,30,2,0.7575
9117803,201612,29412,11290,己合备,11290640,沥釜3悼,1,40,2,1.08
9117810,201612,29412,11290,己合备,11290640,沥釜3悼,1,50,2,0.5115
9117824,201612,29412,11290,己合备,11290640,沥釜3悼,2,0,2,0.28
9117852,201612,29412,11290,己合备,11290640,沥釜3悼,2,40,2,0.14
9117859,201612,29412,11290,己合备,11290640,沥釜3悼,2,50,2,0.14
9118069,201612,29416,11290,己合备,11290640,沥釜3悼,1,0,2,8.001
9118076,201612,29416,11290,己合备,11290640,沥釜3悼,1,10,2,0.3265
9118083,201612,29416,11290,己合备,11290640,沥釜3悼,1,20,2,0.45425
9118090,201612,29416,11290,己合备,11290640,沥釜3悼,1,30,2,1.77325
9118097,201612,29416,11290,己合备,11290640,沥釜3悼,1,40,2,2.39675
9118104,201612,29416,11290,己合备,11290640,沥釜3悼,1,50,2,1.97175
9118111,201612,29416,11290,己合备,11290640,沥釜3悼,1,60,2,1.0785
9118118,201612,29416,11290,己合备,11290640,沥釜3悼,2,0,2,2.563125
9118132,201612,29416,11290,己合备,11290640,沥釜3悼,2,20,2,0.035
9118139,201612,29416,11290,己合备,11290640,沥釜3悼,2,30,2,0.595625
9118146,201612,29416,11290,己合备,11290640,沥釜3悼,2,40,2,0.6325
9118153,201612,29416,11290,己合备,11290640,沥釜3悼,2,50,2,1.01875
9118160,201612,29416,11290,己合备,11290640,沥釜3悼,2,60,2,0.28125
9118167,201612,29417,11290,己合备,11290640,沥釜3悼,1,0,2,1.096909
9118188,201612,29417,11290,己合备,11290640,沥釜3悼,1,30,2,0.2648182
9118195,201612,29417,11290,己合备,11290640,沥釜3悼,1,40,2,0.41563636
9118202,201612,29417,11290,己合备,11290640,沥釜3悼,1,50,2,0.2648182
9118209,201612,29417,11290,己合备,11290640,沥釜3悼,1,60,2,0.15163636
9118216,201612,29417,11290,己合备,11290640,沥釜3悼,2,0,2,0.18636364
9118237,201612,29417,11290,己合备,11290640,沥釜3悼,2,30,2,0.09318182
9118251,201612,29417,11290,己合备,11290640,沥釜3悼,2,50,2,0.09318182
9119441,201612,29430,11290,己合备,11290640,沥釜3悼,1,0,2,1.782
9119455,201612,29430,11290,己合备,11290640,沥釜3悼,1,20,2,1.62
9119469,201612,29430,11290,己合备,11290640,沥釜3悼,1,40,2,0.162
9119539,201612,29431,11290,己合备,11290640,沥釜3悼,1,0,2,1.1931429
9119553,201612,29431,11290,己合备,11290640,沥釜3悼,1,20,2,1.1294286
9119567,201612,29431,11290,己合备,11290640,沥釜3悼,1,40,2,0.06371429
9120911,201612,29447,11290,己合备,11290640,沥釜3悼,1,0,2,10.756
9120918,201612,29447,11290,己合备,11290640,沥釜3悼,1,10,2,0.97833335
9120925,201612,29447,11290,己合备,11290640,沥釜3悼,1,20,2,1.564
9120932,201612,29447,11290,己合备,11290640,沥釜3悼,1,30,2,1.7993333
9120939,201612,29447,11290,己合备,11290640,沥釜3悼,1,40,2,2.3076668
9120946,201612,29447,11290,己合备,11290640,沥釜3悼,1,50,2,2.2296667
9120953,201612,29447,11290,己合备,11290640,沥釜3悼,1,60,2,1.877
9120960,201612,29447,11290,己合备,11290640,沥釜3悼,2,0,2,6.5233335
9120967,201612,29447,11290,己合备,11290640,沥釜3悼,2,10,2,0.1
9120974,201612,29447,11290,己合备,11290640,沥釜3悼,2,20,2,1.225
9120981,201612,29447,11290,己合备,11290640,沥釜3悼,2,30,2,1.1158333
9120988,201612,29447,11290,己合备,11290640,沥釜3悼,2,40,2,1.6358334
9120995,201612,29447,11290,己合备,11290640,沥釜3悼,2,50,2,1.5308334
9121002,201612,29447,11290,己合备,11290640,沥釜3悼,2,60,2,0.91583335
9121401,201612,29453,11290,己合备,11290630,沥釜2悼,1,0,2,20.239
9121408,201612,29453,11290,己合备,11290630,沥釜2悼,1,10,2,1.43
9121415,201612,29453,11290,己合备,11290630,沥釜2悼,1,20,2,1.002
9121422,201612,29453,11290,己合备,11290630,沥釜2悼,1,30,2,2.675
9121429,201612,29453,11290,己合备,11290630,沥釜2悼,1,40,2,5.955
9121436,201612,29453,11290,己合备,11290630,沥釜2悼,1,50,2,4.284
9121443,201612,29453,11290,己合备,11290630,沥釜2悼,1,60,2,4.893
9121450,201612,29453,11290,己合备,11290630,沥釜2悼,2,0,2,7.71875
9121457,201612,29453,11290,己合备,11290630,沥釜2悼,2,10,2,0.22625
9121464,201612,29453,11290,己合备,11290630,沥釜2悼,2,20,2,0.3025
9121471,201612,29453,11290,己合备,11290630,沥釜2悼,2,30,2,1.28625
9121478,201612,29453,11290,己合备,11290630,沥釜2悼,2,40,2,2.42
9121485,201612,29453,11290,己合备,11290630,沥釜2悼,2,50,2,1.8925
9121492,201612,29453,11290,己合备,11290630,沥釜2悼,2,60,2,1.59125
9121597,201612,29455,11290,己合备,11290630,沥釜2悼,1,0,2,10.217334
9121604,201612,29455,11290,己合备,11290630,沥釜2悼,1,10,2,0.7074444
9121611,201612,29455,11290,己合备,11290630,沥釜2悼,1,20,2,0.59022224
9121618,201612,29455,11290,己合备,11290630,沥釜2悼,1,30,2,1.6022778
9121625,201612,29455,11290,己合备,11290630,沥釜2悼,1,40,2,3.1494443
9121632,201612,29455,11290,己合备,11290630,沥釜2悼,1,50,2,2.1375556
9121639,201612,29455,11290,己合备,11290630,沥釜2悼,1,60,2,2.0303888
9121646,201612,29455,11290,己合备,11290630,沥釜2悼,2,0,2,4.1705556
9121653,201612,29455,11290,己合备,11290630,沥釜2悼,2,10,2,0.13347222
9121660,201612,29455,11290,己合备,11290630,沥釜2悼,2,20,2,0.17861111
9121667,201612,29455,11290,己合备,11290630,沥釜2悼,2,30,2,0.76180553
9121674,201612,29455,11290,己合备,11290630,沥釜2悼,2,40,2,1.3005556
9121681,201612,29455,11290,己合备,11290630,沥釜2悼,2,50,2,1.0555556
9121688,201612,29455,11290,己合备,11290630,沥釜2悼,2,60,2,0.7405556
9122577,201612,29465,11290,己合备,11290640,沥釜3悼,1,0,2,2.864
9122584,201612,29465,11290,己合备,11290640,沥釜3悼,1,10,2,0.18133333
9122591,201612,29465,11290,己合备,11290640,沥釜3悼,1,20,2,0.654
9122598,201612,29465,11290,己合备,11290640,沥釜3悼,1,30,2,0.51
9122605,201612,29465,11290,己合备,11290640,沥釜3悼,1,40,2,0.62333333
9122612,201612,29465,11290,己合备,11290640,沥釜3悼,1,50,2,0.5326667
9122619,201612,29465,11290,己合备,11290640,沥釜3悼,1,60,2,0.36266667
9122626,201612,29465,11290,己合备,11290640,沥釜3悼,2,0,2,1.4208333
9122640,201612,29465,11290,己合备,11290640,沥釜3悼,2,20,2,0.22291666
9122647,201612,29465,11290,己合备,11290640,沥釜3悼,2,30,2,0.25083333
9122654,201612,29465,11290,己合备,11290640,沥釜3悼,2,40,2,0.36208335
9122661,201612,29465,11290,己合备,11290640,沥釜3悼,2,50,2,0.39
9122668,201612,29465,11290,己合备,11290640,沥釜3悼,2,60,2,0.195
9124635,201612,29485,11290,己合备,11290640,沥釜3悼,1,0,2,5.363773
9124642,201612,29485,11290,己合备,11290640,沥釜3悼,1,10,2,0.006909091
9124649,201612,29485,11290,己合备,11290640,沥釜3悼,1,20,2,0.7132273
9124656,201612,29485,11290,己合备,11290640,沥釜3悼,1,30,2,0.6617727
9124663,201612,29485,11290,己合备,11290640,沥釜3悼,1,40,2,1.761591
9124670,201612,29485,11290,己合备,11290640,沥釜3悼,1,50,2,1.6486363
9124677,201612,29485,11290,己合备,11290640,沥釜3悼,1,60,2,0.5716364
9124684,201612,29485,11290,己合备,11290640,沥釜3悼,2,0,2,0.5809091
9124705,201612,29485,11290,己合备,11290640,沥釜3悼,2,30,2,0.017045455
9124712,201612,29485,11290,己合备,11290640,沥釜3悼,2,40,2,0.2321591
9124719,201612,29485,11290,己合备,11290640,沥釜3悼,2,50,2,0.22386363
9124726,201612,29485,11290,己合备,11290640,沥釜3悼,2,60,2,0.10784091
9125125,201612,29490,11290,己合备,11290640,沥釜3悼,1,0,2,2.346
9125139,201612,29490,11290,己合备,11290640,沥釜3悼,1,20,2,0.648
9125146,201612,29490,11290,己合备,11290640,沥釜3悼,1,30,2,0.162
9125153,201612,29490,11290,己合备,11290640,沥釜3悼,1,40,2,0.646
9125160,201612,29490,11290,己合备,11290640,沥釜3悼,1,50,2,0.809
9125167,201612,29490,11290,己合备,11290640,沥釜3悼,1,60,2,0.081
9129339,201612,29531,11290,己合备,11290630,沥釜2悼,1,0,2,17.653
9129346,201612,29531,11290,己合备,11290630,沥釜2悼,1,10,2,0.71
9129360,201612,29531,11290,己合备,11290630,沥釜2悼,1,30,2,1.206
9129367,201612,29531,11290,己合备,11290630,沥釜2悼,1,40,2,6.025
9129374,201612,29531,11290,己合备,11290630,沥釜2悼,1,50,2,4.3245
9129381,201612,29531,11290,己合备,11290630,沥釜2悼,1,60,2,5.3875
9129388,201612,29531,11290,己合备,11290630,沥釜2悼,2,0,2,5.45375
9129409,201612,29531,11290,己合备,11290630,沥釜2悼,2,30,2,0.5275
9129416,201612,29531,11290,己合备,11290630,沥釜2悼,2,40,2,1.9325
9129423,201612,29531,11290,己合备,11290630,沥釜2悼,2,50,2,1.055
9129430,201612,29531,11290,己合备,11290630,沥釜2悼,2,60,2,1.93875
9130907,201612,29547,11290,己合备,11290640,沥釜3悼,1,0,2,1.766
9130921,201612,29547,11290,己合备,11290640,沥釜3悼,1,20,2,0.488
9130928,201612,29547,11290,己合备,11290640,沥釜3悼,1,30,2,0.122
9130935,201612,29547,11290,己合备,11290640,沥釜3悼,1,40,2,0.486
9130942,201612,29547,11290,己合备,11290640,沥釜3悼,1,50,2,0.609
9130949,201612,29547,11290,己合备,11290640,沥釜3悼,1,60,2,0.061
9131005,201612,29548,11290,己合备,11290640,沥釜3悼,1,0,2,1.766
9131019,201612,29548,11290,己合备,11290640,沥釜3悼,1,20,2,0.488
9131026,201612,29548,11290,己合备,11290640,沥釜3悼,1,30,2,0.122
9131033,201612,29548,11290,己合备,11290640,沥釜3悼,1,40,2,0.486
9131040,201612,29548,11290,己合备,11290640,沥釜3悼,1,50,2,0.609
9131047,201612,29548,11290,己合备,11290640,沥釜3悼,1,60,2,0.061
9131397,201612,29551,11290,己合备,11290630,沥釜2悼,1,0,2,103.8878
9131404,201612,29551,11290,己合备,11290630,沥釜2悼,1,10,2,3.5076
9131411,201612,29551,11290,己合备,11290630,沥釜2悼,1,20,2,9.6322
9131418,201612,29551,11290,己合备,11290630,沥釜2悼,1,30,2,20.8958
9131425,201612,29551,11290,己合备,11290630,沥釜2悼,1,40,2,23.7618
9131432,201612,29551,11290,己合备,11290630,沥釜2悼,1,50,2,23.2672
9131439,201612,29551,11290,己合备,11290630,沥釜2悼,1,60,2,22.8232
9131446,201612,29551,11290,己合备,11290630,沥釜2悼,2,0,2,53.3945
9131453,201612,29551,11290,己合备,11290630,沥釜2悼,2,10,2,0.349
9131460,201612,29551,11290,己合备,11290630,沥釜2悼,2,20,2,3.7305
9131467,201612,29551,11290,己合备,11290630,沥釜2悼,2,30,2,10.6085
9131474,201612,29551,11290,己合备,11290630,沥釜2悼,2,40,2,13.524
9131481,201612,29551,11290,己合备,11290630,沥釜2悼,2,50,2,13.525
9131488,201612,29551,11290,己合备,11290630,沥釜2悼,2,60,2,11.6575
9132867,201612,29565,11290,己合备,11290640,沥釜3悼,1,0,2,9.782666
9132874,201612,29565,11290,己合备,11290640,沥釜3悼,1,10,2,0.06333333
9132881,201612,29565,11290,己合备,11290640,沥釜3悼,1,20,2,0.822
9132888,201612,29565,11290,己合备,11290640,沥釜3悼,1,30,2,1.5146667
9132895,201612,29565,11290,己合备,11290640,沥釜3悼,1,40,2,3.47
9132902,201612,29565,11290,己合备,11290640,沥釜3悼,1,50,2,2.7756667
9132909,201612,29565,11290,己合备,11290640,沥釜3悼,1,60,2,1.137
9132916,201612,29565,11290,己合备,11290640,沥釜3悼,2,0,2,1.7108333
9132937,201612,29565,11290,己合备,11290640,沥釜3悼,2,30,2,0.15583333
9132944,201612,29565,11290,己合备,11290640,沥釜3悼,2,40,2,0.62166667
9132951,201612,29565,11290,己合备,11290640,沥釜3悼,2,50,2,0.6225
9132958,201612,29565,11290,己合备,11290640,沥釜3悼,2,60,2,0.31083333
9132965,201612,29566,11290,己合备,11290640,沥釜3悼,1,0,2,6.81425
9132972,201612,29566,11290,己合备,11290640,沥釜3悼,1,10,2,0.04275
9132979,201612,29566,11290,己合备,11290640,沥釜3悼,1,20,2,1.0475
9132986,201612,29566,11290,己合备,11290640,沥釜3悼,1,30,2,0.9335
9132993,201612,29566,11290,己合备,11290640,沥釜3悼,1,40,2,2.196
9133000,201612,29566,11290,己合备,11290640,沥釜3悼,1,50,2,2.06325
9133007,201612,29566,11290,己合备,11290640,沥釜3悼,1,60,2,0.53125
9133014,201612,29566,11290,己合备,11290640,沥釜3悼,2,0,2,0.945
9133035,201612,29566,11290,己合备,11290640,沥釜3悼,2,30,2,0.105
9133042,201612,29566,11290,己合备,11290640,沥釜3悼,2,40,2,0.42
9133049,201612,29566,11290,己合备,11290640,沥釜3悼,2,50,2,0.315
9133056,201612,29566,11290,己合备,11290640,沥釜3悼,2,60,2,0.105
9133749,201612,29573,11290,己合备,11290640,沥釜3悼,1,0,2,2.98
9133756,201612,29573,11290,己合备,11290640,沥釜3悼,1,10,2,0.061
9133763,201612,29573,11290,己合备,11290640,沥釜3悼,1,20,2,2.248
9133777,201612,29573,11290,己合备,11290640,沥釜3悼,1,40,2,0.488
9133784,201612,29573,11290,己合备,11290640,沥釜3悼,1,50,2,0.183
9133847,201612,29574,11290,己合备,11290630,沥釜2悼,1,0,2,5.1292
9133854,201612,29574,11290,己合备,11290630,沥釜2悼,1,10,2,0.162
9133868,201612,29574,11290,己合备,11290630,沥釜2悼,1,30,2,0.48825
9133875,201612,29574,11290,己合备,11290630,沥釜2悼,1,40,2,1.92355
9133882,201612,29574,11290,己合备,11290630,沥釜2悼,1,50,2,1.233
9133889,201612,29574,11290,己合备,11290630,沥釜2悼,1,60,2,1.3224
9133896,201612,29574,11290,己合备,11290630,沥釜2悼,2,0,2,1.409875
9133917,201612,29574,11290,己合备,11290630,沥釜2悼,2,30,2,0.152125
9133924,201612,29574,11290,己合备,11290630,沥釜2悼,2,40,2,0.479375
9133931,201612,29574,11290,己合备,11290630,沥釜2悼,2,50,2,0.354
9133938,201612,29574,11290,己合备,11290630,沥釜2悼,2,60,2,0.424375
9134631,201612,29582,11290,己合备,11290640,沥釜3悼,1,0,2,0.846
9134638,201612,29582,11290,己合备,11290640,沥釜3悼,1,10,2,0.03
9134652,201612,29582,11290,己合备,11290640,沥釜3悼,1,30,2,0.17528571
9134659,201612,29582,11290,己合备,11290640,沥釜3悼,1,40,2,0.28414285
9134666,201612,29582,11290,己合备,11290640,沥釜3悼,1,50,2,0.24157143
9134673,201612,29582,11290,己合备,11290640,沥釜3悼,1,60,2,0.115
9134680,201612,29582,11290,己合备,11290640,沥釜3悼,2,0,2,0.38535714
9134701,201612,29582,11290,己合备,11290640,沥釜3悼,2,30,2,0.074285716
9134708,201612,29582,11290,己合备,11290640,沥釜3悼,2,40,2,0.13357143
9134715,201612,29582,11290,己合备,11290640,沥釜3悼,2,50,2,0.13321428
9134722,201612,29582,11290,己合备,11290640,沥釜3悼,2,60,2,0.044285715
9135807,201612,29593,11290,己合备,11290630,沥釜2悼,1,0,2,6.343
9135814,201612,29593,11290,己合备,11290630,沥釜2悼,1,10,2,0.20333333
9135828,201612,29593,11290,己合备,11290630,沥釜2悼,1,30,2,1.3573333
9135835,201612,29593,11290,己合备,11290630,沥釜2悼,1,40,2,1.864
9135842,201612,29593,11290,己合备,11290630,沥釜2悼,1,50,2,1.722
9135849,201612,29593,11290,己合备,11290630,沥釜2悼,1,60,2,1.1963333
9135856,201612,29593,11290,己合备,11290630,沥釜2悼,2,0,2,3.4866667
9135877,201612,29593,11290,己合备,11290630,沥釜2悼,2,30,2,0.55583334
9135884,201612,29593,11290,己合备,11290630,沥釜2悼,2,40,2,1.1125
9135891,201612,29593,11290,己合备,11290630,沥釜2悼,2,50,2,1.1625
9135898,201612,29593,11290,己合备,11290630,沥釜2悼,2,60,2,0.6558333
9136787,201612,29602,11290,己合备,11290640,沥釜3悼,1,0,2,8.352
9136794,201612,29602,11290,己合备,11290640,沥釜3悼,1,10,2,0.057
9136801,201612,29602,11290,己合备,11290640,沥釜3悼,1,20,2,1.194
9136808,201612,29602,11290,己合备,11290640,沥釜3悼,1,30,2,1.194
9136815,201612,29602,11290,己合备,11290640,沥釜3悼,1,40,2,2.726
9136822,201612,29602,11290,己合备,11290640,沥釜3悼,1,50,2,2.498
9136829,201612,29602,11290,己合备,11290640,沥釜3悼,1,60,2,0.683
9136836,201612,29602,11290,己合备,11290640,沥釜3悼,2,0,2,1.26
9136857,201612,29602,11290,己合备,11290640,沥釜3悼,2,30,2,0.14
9136864,201612,29602,11290,己合备,11290640,沥釜3悼,2,40,2,0.56
9136871,201612,29602,11290,己合备,11290640,沥釜3悼,2,50,2,0.42
9136878,201612,29602,11290,己合备,11290640,沥釜3悼,2,60,2,0.14
9138649,201612,29620,11290,己合备,11290640,沥釜3悼,1,0,2,1.2885
9138663,201612,29620,11290,己合备,11290640,沥釜3悼,1,20,2,1.2885
9139041,201612,29624,11290,己合备,11290640,沥釜3悼,1,0,2,1.531
9139048,201612,29624,11290,己合备,11290640,沥釜3悼,1,10,2,0.0405
9139055,201612,29624,11290,己合备,11290640,沥釜3悼,1,20,2,0.8075
9139062,201612,29624,11290,己合备,11290640,沥釜3悼,1,30,2,0.0305
9139069,201612,29624,11290,己合备,11290640,沥釜3悼,1,40,2,0.364
9139076,201612,29624,11290,己合备,11290640,沥釜3悼,1,50,2,0.27325
9139083,201612,29624,11290,己合备,11290640,沥釜3悼,1,60,2,0.01525
9139139,201612,29625,11290,己合备,11290640,沥釜3悼,1,0,2,4.964846
9139146,201612,29625,11290,己合备,11290640,沥釜3悼,1,10,2,0.026538461
9139153,201612,29625,11290,己合备,11290640,沥釜3悼,1,20,2,1.0552307
9139160,201612,29625,11290,己合备,11290640,沥釜3悼,1,30,2,0.5256923
9139167,201612,29625,11290,己合备,11290640,沥釜3悼,1,40,2,1.5793846
9139174,201612,29625,11290,己合备,11290640,沥釜3悼,1,50,2,1.2522308
9139181,201612,29625,11290,己合备,11290640,沥釜3悼,1,60,2,0.52576923
9139188,201612,29625,11290,己合备,11290640,沥釜3悼,2,0,2,0.5025
9139216,201612,29625,11290,己合备,11290640,沥釜3悼,2,40,2,0.20115384
9139223,201612,29625,11290,己合备,11290640,沥釜3悼,2,50,2,0.20115384
9139230,201612,29625,11290,己合备,11290640,沥釜3悼,2,60,2,0.10019231
9139433,201612,29628,11290,己合备,11290630,沥釜2悼,1,0,2,13.852
9139440,201612,29628,11290,己合备,11290630,沥釜2悼,1,10,2,0.56
9139454,201612,29628,11290,己合备,11290630,沥釜2悼,1,30,2,3.015
9139461,201612,29628,11290,己合备,11290630,沥釜2悼,1,40,2,4.58
9139468,201612,29628,11290,己合备,11290630,沥釜2悼,1,50,2,4.022
9139475,201612,29628,11290,己合备,11290630,沥釜2悼,1,60,2,1.675
9139482,201612,29628,11290,己合备,11290630,沥釜2悼,2,0,2,5.075
9139503,201612,29628,11290,己合备,11290630,沥釜2悼,2,30,2,0.765
9139510,201612,29628,11290,己合备,11290630,沥釜2悼,2,40,2,2.0275
9139517,201612,29628,11290,己合备,11290630,沥釜2悼,2,50,2,1.7725
9139524,201612,29628,11290,己合备,11290630,沥釜2悼,2,60,2,0.51
9139531,201612,29629,11290,己合备,11290630,沥釜2悼,1,0,2,37.580334
9139538,201612,29629,11290,己合备,11290630,沥釜2悼,1,10,2,1.9126667
9139545,201612,29629,11290,己合备,11290630,沥釜2悼,1,20,2,1.2626667
9139552,201612,29629,11290,己合备,11290630,沥釜2悼,1,30,2,7.148667
9139559,201612,29629,11290,己合备,11290630,沥釜2悼,1,40,2,10.304334
9139566,201612,29629,11290,己合备,11290630,沥釜2悼,1,50,2,9.507667
9139573,201612,29629,11290,己合备,11290630,沥釜2悼,1,60,2,7.4443336
9139580,201612,29629,11290,己合备,11290630,沥釜2悼,2,0,2,19.036667
9139587,201612,29629,11290,己合备,11290630,沥釜2悼,2,10,2,0.17
9139594,201612,29629,11290,己合备,11290630,沥釜2悼,2,20,2,0.675
9139601,201612,29629,11290,己合备,11290630,沥釜2悼,2,30,2,3.0825
9139608,201612,29629,11290,己合备,11290630,沥釜2悼,2,40,2,5.7283335
9139615,201612,29629,11290,己合备,11290630,沥釜2悼,2,50,2,5.420833
9139622,201612,29629,11290,己合备,11290630,沥釜2悼,2,60,2,3.96
9140315,201612,29636,11290,己合备,11290640,沥釜3悼,1,0,2,0.965
9140329,201612,29636,11290,己合备,11290640,沥釜3悼,1,20,2,0.965
9140511,201612,29638,11290,己合备,11290640,沥釜3悼,1,0,2,0.4895
9140532,201612,29638,11290,己合备,11290640,沥釜3悼,1,30,2,0.2225
9140539,201612,29638,11290,己合备,11290640,沥釜3悼,1,40,2,0.267
9140609,201612,29639,11290,己合备,11290630,沥釜2悼,1,0,2,1.4914615
9140630,201612,29639,11290,己合备,11290630,沥釜2悼,1,30,2,0.27615383
9140637,201612,29639,11290,己合备,11290630,沥釜2悼,1,40,2,0.6683846
9140644,201612,29639,11290,己合备,11290630,沥釜2悼,1,50,2,0.40707693
9140651,201612,29639,11290,己合备,11290630,沥釜2悼,1,60,2,0.13984616
9140658,201612,29639,11290,己合备,11290630,沥釜2悼,2,0,2,0.3976923
9140679,201612,29639,11290,己合备,11290630,沥釜2悼,2,30,2,0.08057693
9140686,201612,29639,11290,己合备,11290630,沥釜2悼,2,40,2,0.13653846
9140693,201612,29639,11290,己合备,11290630,沥釜2悼,2,50,2,0.12423077
9140700,201612,29639,11290,己合备,11290630,沥釜2悼,2,60,2,0.056346156
9142569,201612,29657,11290,己合备,11290640,沥釜3悼,1,0,2,1.947
9142576,201612,29657,11290,己合备,11290640,沥釜3悼,1,10,2,0.071
9142583,201612,29657,11290,己合备,11290640,沥釜3悼,1,20,2,1.2065
9142597,201612,29657,11290,己合备,11290640,沥釜3悼,1,40,2,0.4565
9142604,201612,29657,11290,己合备,11290640,沥釜3悼,1,50,2,0.213
9142667,201612,29658,11290,己合备,11290640,沥釜3悼,1,0,2,2.648
9142674,201612,29658,11290,己合备,11290640,沥釜3悼,1,10,2,0.09466667
9142681,201612,29658,11290,己合备,11290640,沥釜3悼,1,20,2,1.6073333
9142695,201612,29658,11290,己合备,11290640,沥釜3悼,1,40,2,0.6623333
9142702,201612,29658,11290,己合备,11290640,沥釜3悼,1,50,2,0.28366667
9142961,201612,29660,11290,己合备,11290640,沥釜3悼,1,0,2,0.4825
9142975,201612,29660,11290,己合备,11290640,沥釜3悼,1,20,2,0.4825
9144921,201612,29681,11290,己合备,11290630,沥釜2悼,1,0,2,114.677666
9144928,201612,29681,11290,己合备,11290630,沥釜2悼,1,10,2,7.9855556
9144935,201612,29681,11290,己合备,11290630,沥釜2悼,1,20,2,10.304334
9144942,201612,29681,11290,己合备,11290630,沥釜2悼,1,30,2,21.157888
9144949,201612,29681,11290,己合备,11290630,沥釜2悼,1,40,2,28.619888
9144956,201612,29681,11290,己合备,11290630,沥釜2悼,1,50,2,25.72311
9144963,201612,29681,11290,己合备,11290630,沥釜2悼,1,60,2,20.886889
9144970,201612,29681,11290,己合备,11290630,沥釜2悼,2,0,2,64.84
9144977,201612,29681,11290,己合备,11290630,沥釜2悼,2,10,2,3.1383333
9144984,201612,29681,11290,己合备,11290630,沥釜2悼,2,20,2,6.243889
9144991,201612,29681,11290,己合备,11290630,沥釜2悼,2,30,2,12.43
9144998,201612,29681,11290,己合备,11290630,沥釜2悼,2,40,2,15.686944
9145005,201612,29681,11290,己合备,11290630,沥釜2悼,2,50,2,15.741389
9145012,201612,29681,11290,己合备,11290630,沥釜2悼,2,60,2,11.599444
9145607,201612,29689,11290,己合备,11290640,沥釜3悼,1,0,2,0.463
9145628,201612,29689,11290,己合备,11290640,沥釜3悼,1,30,2,0.21
9145635,201612,29689,11290,己合备,11290640,沥釜3悼,1,40,2,0.253
9145803,201612,29690,11290,己合备,11290640,沥釜3悼,1,0,2,1.8858
9145824,201612,29690,11290,己合备,11290640,沥釜3悼,1,30,2,0.609
9145831,201612,29690,11290,己合备,11290640,沥釜3悼,1,40,2,0.8682
9145838,201612,29690,11290,己合备,11290640,沥釜3悼,1,50,2,0.4086
9145852,201612,29690,11290,己合备,11290640,沥釜3悼,2,0,2,0.225
9145880,201612,29690,11290,己合备,11290640,沥釜3悼,2,40,2,0.1125
9145887,201612,29690,11290,己合备,11290640,沥釜3悼,2,50,2,0.1125
9146685,201612,29699,11290,己合备,11290630,沥釜2悼,1,0,2,3.546
9146692,201612,29699,11290,己合备,11290630,沥釜2悼,1,10,2,0.138
9146706,201612,29699,11290,己合备,11290630,沥釜2悼,1,30,2,0.72225
9146713,201612,29699,11290,己合备,11290630,沥釜2悼,1,40,2,1.2025
9146720,201612,29699,11290,己合备,11290630,沥釜2悼,1,50,2,0.999
9146727,201612,29699,11290,己合备,11290630,沥釜2悼,1,60,2,0.48425
9146734,201612,29699,11290,己合备,11290630,沥釜2悼,2,0,2,1.184375
9146755,201612,29699,11290,己合备,11290630,沥釜2悼,2,30,2,0.254375
9146762,201612,29699,11290,己合备,11290630,沥釜2悼,2,40,2,0.338125
9146769,201612,29699,11290,己合备,11290630,沥釜2悼,2,50,2,0.421875
9146776,201612,29699,11290,己合备,11290630,沥釜2悼,2,60,2,0.17
9147371,201612,29704,11290,己合备,11290630,沥釜2悼,1,0,2,26.92125
9147378,201612,29704,11290,己合备,11290630,沥釜2悼,1,10,2,1.817
9147385,201612,29704,11290,己合备,11290630,沥釜2悼,1,20,2,1.571
9147392,201612,29704,11290,己合备,11290630,沥釜2悼,1,30,2,5.447
9147399,201612,29704,11290,己合备,11290630,沥釜2悼,1,40,2,7.557
9147406,201612,29704,11290,己合备,11290630,沥釜2悼,1,50,2,6.82
9147413,201612,29704,11290,己合备,11290630,沥釜2悼,1,60,2,3.70925
9147420,201612,29704,11290,己合备,11290630,沥釜2悼,2,0,2,10.344375
9147434,201612,29704,11290,己合备,11290630,沥釜2悼,2,20,2,0.0234375
9147441,201612,29704,11290,己合备,11290630,沥釜2悼,2,30,2,1.775625
9147448,201612,29704,11290,己合备,11290630,沥釜2悼,2,40,2,3.2303126
9147455,201612,29704,11290,己合备,11290630,沥釜2悼,2,50,2,3.700625
9147462,201612,29704,11290,己合备,11290630,沥釜2悼,2,60,2,1.614375
9148645,201612,29717,11290,己合备,11290630,沥釜2悼,1,0,2,29.179667
9148652,201612,29717,11290,己合备,11290630,沥釜2悼,1,10,2,1.3763334
9148659,201612,29717,11290,己合备,11290630,沥釜2悼,1,20,2,0.63133335
9148666,201612,29717,11290,己合备,11290630,沥釜2悼,1,30,2,5.8363333
9148673,201612,29717,11290,己合备,11290630,沥釜2悼,1,40,2,8.586667
9148680,201612,29717,11290,己合备,11290630,沥釜2悼,1,50,2,7.7693334
9148687,201612,29717,11290,己合备,11290630,沥釜2悼,1,60,2,4.9796667
9148694,201612,29717,11290,己合备,11290630,沥釜2悼,2,0,2,13.323334
9148701,201612,29717,11290,己合备,11290630,沥釜2悼,2,10,2,0.085
9148708,201612,29717,11290,己合备,11290630,沥釜2悼,2,20,2,0.3375
9148715,201612,29717,11290,己合备,11290630,沥釜2悼,2,30,2,2.115
9148722,201612,29717,11290,己合备,11290630,沥釜2悼,2,40,2,4.3841667
9148729,201612,29717,11290,己合备,11290630,沥釜2悼,2,50,2,4.0391665
9148736,201612,29717,11290,己合备,11290630,沥釜2悼,2,60,2,2.3625
9148743,201612,29718,11290,己合备,11290630,沥釜2悼,1,0,2,45.981
9148750,201612,29718,11290,己合备,11290630,沥釜2悼,1,10,2,2.449
9148757,201612,29718,11290,己合备,11290630,沥釜2悼,1,20,2,1.894
9148764,201612,29718,11290,己合备,11290630,沥釜2悼,1,30,2,8.461
9148771,201612,29718,11290,己合备,11290630,沥釜2悼,1,40,2,12.022
9148778,201612,29718,11290,己合备,11290630,沥釜2悼,1,50,2,11.246
9148785,201612,29718,11290,己合备,11290630,沥釜2悼,1,60,2,9.909
9148792,201612,29718,11290,己合备,11290630,沥釜2悼,2,0,2,24.75
9148799,201612,29718,11290,己合备,11290630,沥釜2悼,2,10,2,0.255
9148806,201612,29718,11290,己合备,11290630,沥釜2悼,2,20,2,1.0125
9148813,201612,29718,11290,己合备,11290630,沥釜2悼,2,30,2,4.05
9148820,201612,29718,11290,己合备,11290630,沥釜2悼,2,40,2,7.0725
9148827,201612,29718,11290,己合备,11290630,沥釜2悼,2,50,2,6.8025
9148834,201612,29718,11290,己合备,11290630,沥釜2悼,2,60,2,5.5575
9149331,201612,29724,11290,己合备,11290630,沥釜2悼,1,0,2,22.579166
9149338,201612,29724,11290,己合备,11290630,沥釜2悼,1,10,2,1.44275
9149345,201612,29724,11290,己合备,11290630,沥釜2悼,1,20,2,1.2053334
9149352,201612,29724,11290,己合备,11290630,沥釜2悼,1,30,2,4.811333
9149359,201612,29724,11290,己合备,11290630,沥釜2悼,1,40,2,6.2985835
9149366,201612,29724,11290,己合备,11290630,沥釜2悼,1,50,2,5.583083
9149373,201612,29724,11290,己合备,11290630,沥釜2悼,1,60,2,3.2380834
9149380,201612,29724,11290,己合备,11290630,沥釜2悼,2,0,2,8.771042
9149394,201612,29724,11290,己合备,11290630,沥釜2悼,2,20,2,0.042916667
9149401,201612,29724,11290,己合备,11290630,沥釜2悼,2,30,2,1.67
9149408,201612,29724,11290,己合备,11290630,沥釜2悼,2,40,2,2.5364583
9149415,201612,29724,11290,己合备,11290630,沥釜2悼,2,50,2,3.21125
9149422,201612,29724,11290,己合备,11290630,沥釜2悼,2,60,2,1.3104167
9149723,201612,29728,11290,己合备,11290640,沥釜3悼,1,0,2,84.62891
9149730,201612,29728,11290,己合备,11290640,沥釜3悼,1,10,2,6.385818
9149737,201612,29728,11290,己合备,11290640,沥釜3悼,1,20,2,6.9446363
9149744,201612,29728,11290,己合备,11290640,沥釜3悼,1,30,2,15.0540905
9149751,201612,29728,11290,己合备,11290640,沥釜3悼,1,40,2,22.012817
9149758,201612,29728,11290,己合备,11290640,沥釜3悼,1,50,2,19.266546
9149765,201612,29728,11290,己合备,11290640,沥釜3悼,1,60,2,14.965
9149772,201612,29728,11290,己合备,11290640,沥釜3悼,2,0,2,48.423637
9149779,201612,29728,11290,己合备,11290640,沥釜3悼,2,10,2,2.5672727
9149786,201612,29728,11290,己合备,11290640,沥釜3悼,2,20,2,4.621818
9149793,201612,29728,11290,己合备,11290640,沥釜3悼,2,30,2,9.041137
9149800,201612,29728,11290,己合备,11290640,沥釜3悼,2,40,2,11.7475
9149807,201612,29728,11290,己合备,11290640,沥釜3悼,2,50,2,11.791137
9149814,201612,29728,11290,己合备,11290640,沥釜3悼,2,60,2,8.654773
9150997,201612,29740,11290,己合备,11290640,沥釜3悼,1,0,2,5.572625
9151018,201612,29740,11290,己合备,11290640,沥釜3悼,1,30,2,0.886875
9151025,201612,29740,11290,己合备,11290640,沥釜3悼,1,40,2,2.21425
9151032,201612,29740,11290,己合备,11290640,沥釜3悼,1,50,2,1.675375
9151039,201612,29740,11290,己合备,11290640,沥釜3悼,1,60,2,0.796125
9151046,201612,29740,11290,己合备,11290640,沥釜3悼,2,0,2,1.1196876
9151067,201612,29740,11290,己合备,11290640,沥釜3悼,2,30,2,0.1228125
9151074,201612,29740,11290,己合备,11290640,沥釜3悼,2,40,2,0.2446875
9151081,201612,29740,11290,己合备,11290640,沥釜3悼,2,50,2,0.4375
9151088,201612,29740,11290,己合备,11290640,沥釜3悼,2,60,2,0.3146875
9151389,201612,29744,11290,己合备,11290630,沥釜2悼,1,0,2,29.37
9151396,201612,29744,11290,己合备,11290630,沥釜2悼,1,10,2,0.825
9151403,201612,29744,11290,己合备,11290630,沥釜2悼,1,20,2,0.825
9151410,201612,29744,11290,己合备,11290630,沥釜2悼,1,30,2,6.6
9151417,201612,29744,11290,己合备,11290630,沥釜2悼,1,40,2,8.415
9151424,201612,29744,11290,己合备,11290630,沥釜2悼,1,50,2,7.425
9151431,201612,29744,11290,己合备,11290630,沥釜2悼,1,60,2,5.28
9151438,201612,29744,11290,己合备,11290630,沥釜2悼,2,0,2,14.8
9151459,201612,29744,11290,己合备,11290630,沥釜2悼,2,30,2,3.115
9151466,201612,29744,11290,己合备,11290630,沥釜2悼,2,40,2,4.675
9151473,201612,29744,11290,己合备,11290630,沥釜2悼,2,50,2,5.0625
9151480,201612,29744,11290,己合备,11290630,沥釜2悼,2,60,2,1.9475
9152663,201612,29759,11290,己合备,11290640,沥釜3悼,1,0,2,2.9066668
9152670,201612,29759,11290,己合备,11290640,沥釜3悼,1,10,2,0.012666667
9152677,201612,29759,11290,己合备,11290640,沥釜3悼,1,20,2,0.55516666
9152684,201612,29759,11290,己合备,11290640,沥釜3悼,1,30,2,0.33766666
9152691,201612,29759,11290,己合备,11290640,沥釜3悼,1,40,2,0.895
9152698,201612,29759,11290,己合备,11290640,沥釜3悼,1,50,2,0.918
9152705,201612,29759,11290,己合备,11290640,沥釜3悼,1,60,2,0.18816666
9152712,201612,29759,11290,己合备,11290640,沥釜3悼,2,0,2,0.28
9152733,201612,29759,11290,己合备,11290640,沥釜3悼,2,30,2,0.03125
9152740,201612,29759,11290,己合备,11290640,沥釜3悼,2,40,2,0.12416667
9152747,201612,29759,11290,己合备,11290640,沥釜3悼,2,50,2,0.093333334
9152754,201612,29759,11290,己合备,11290640,沥釜3悼,2,60,2,0.03125
9153153,201612,29764,11290,己合备,11290640,沥釜3悼,1,0,2,12.58575
9153160,201612,29764,11290,己合备,11290640,沥釜3悼,1,10,2,0.3525
9153167,201612,29764,11290,己合备,11290640,沥釜3悼,1,20,2,0.352
9153174,201612,29764,11290,己合备,11290640,沥釜3悼,1,30,2,2.8125
9153181,201612,29764,11290,己合备,11290640,沥釜3悼,1,40,2,3.655
9153188,201612,29764,11290,己合备,11290640,沥釜3悼,1,50,2,3.16375
9153195,201612,29764,11290,己合备,11290640,沥釜3悼,1,60,2,2.25
9153202,201612,29764,11290,己合备,11290640,沥釜3悼,2,0,2,6.3175
9153223,201612,29764,11290,己合备,11290640,沥釜3悼,2,30,2,1.33
9153230,201612,29764,11290,己合备,11290640,沥釜3悼,2,40,2,1.995
9153237,201612,29764,11290,己合备,11290640,沥釜3悼,2,50,2,2.16125
9153244,201612,29764,11290,己合备,11290640,沥釜3悼,2,60,2,0.83125
9153251,201612,29765,11290,己合备,11290640,沥釜3悼,1,0,2,13.8892
9153258,201612,29765,11290,己合备,11290640,沥釜3悼,1,10,2,0.3746
9153265,201612,29765,11290,己合备,11290640,沥釜3悼,1,20,2,0.3516
9153272,201612,29765,11290,己合备,11290640,沥釜3悼,1,30,2,3.05
9153279,201612,29765,11290,己合备,11290640,沥釜3悼,1,40,2,4.1294
9153286,201612,29765,11290,己合备,11290640,沥釜3悼,1,50,2,3.5898
9153293,201612,29765,11290,己合备,11290640,沥釜3悼,1,60,2,2.3938
9153300,201612,29765,11290,己合备,11290640,沥釜3悼,2,0,2,7.273
9153321,201612,29765,11290,己合备,11290640,沥釜3悼,2,30,2,1.5075
9153328,201612,29765,11290,己合备,11290640,沥釜3悼,2,40,2,2.306
9153335,201612,29765,11290,己合备,11290640,沥釜3悼,2,50,2,2.4865
9153342,201612,29765,11290,己合备,11290640,沥釜3悼,2,60,2,0.973
9154427,201612,29777,11290,己合备,11290640,沥釜3悼,1,0,2,19.975
9154434,201612,29777,11290,己合备,11290640,沥釜3悼,1,10,2,0.605
9154441,201612,29777,11290,己合备,11290640,沥釜3悼,1,20,2,1.06
9154448,201612,29777,11290,己合备,11290640,沥釜3悼,1,30,2,3.556
9154455,201612,29777,11290,己合备,11290640,沥釜3悼,1,40,2,6.66
9154462,201612,29777,11290,己合备,11290640,沥釜3悼,1,50,2,5.826
9154469,201612,29777,11290,己合备,11290640,沥釜3悼,1,60,2,2.268
9154476,201612,29777,11290,己合备,11290640,沥釜3悼,2,0,2,3.545
9154497,201612,29777,11290,己合备,11290640,沥釜3悼,2,30,2,0.56
9154504,201612,29777,11290,己合备,11290640,沥釜3悼,2,40,2,1.3075
9154511,201612,29777,11290,己合备,11290640,沥釜3悼,2,50,2,1.305
9154518,201612,29777,11290,己合备,11290640,沥釜3悼,2,60,2,0.3725
9154525,201612,29778,11290,己合备,11290640,沥釜3悼,1,0,2,8.46325
9154532,201612,29778,11290,己合备,11290640,沥釜3悼,1,10,2,0.1425
9154546,201612,29778,11290,己合备,11290640,沥釜3悼,1,30,2,1.81775
9154553,201612,29778,11290,己合备,11290640,沥釜3悼,1,40,2,2.89525
9154560,201612,29778,11290,己合备,11290640,沥釜3悼,1,50,2,2.52675
9154567,201612,29778,11290,己合备,11290640,沥釜3悼,1,60,2,1.081
9154574,201612,29778,11290,己合备,11290640,沥釜3悼,2,0,2,1.446875
9154595,201612,29778,11290,己合备,11290640,沥釜3悼,2,30,2,0.373125
9154602,201612,29778,11290,己合备,11290640,沥釜3悼,2,40,2,0.35
9154609,201612,29778,11290,己合备,11290640,沥釜3悼,2,50,2,0.606875
9154616,201612,29778,11290,己合备,11290640,沥釜3悼,2,60,2,0.116875
9154819,201612,29780,11290,己合备,11290640,沥釜3悼,1,0,2,2.6396
9154826,201612,29780,11290,己合备,11290640,沥釜3悼,1,10,2,0.0974
9154833,201612,29780,11290,己合备,11290640,沥釜3悼,1,20,2,1.651
9154847,201612,29780,11290,己合备,11290640,沥釜3悼,1,40,2,0.5998
9154854,201612,29780,11290,己合备,11290640,沥釜3悼,1,50,2,0.2914
9155505,201612,29787,11290,己合备,11290630,沥釜2悼,1,0,2,12.887083
9155512,201612,29787,11290,己合备,11290630,沥釜2悼,1,10,2,0.7065833
9155519,201612,29787,11290,己合备,11290630,沥釜2悼,1,20,2,0.639
9155526,201612,29787,11290,己合备,11290630,沥釜2悼,1,30,2,2.6056666
9155533,201612,29787,11290,己合备,11290630,沥釜2悼,1,40,2,3.8061666
9155540,201612,29787,11290,己合备,11290630,沥釜2悼,1,50,2,3.4005833
9155547,201612,29787,11290,己合备,11290630,沥釜2悼,1,60,2,1.7290833
9155554,201612,29787,11290,己合备,11290630,沥釜2悼,2,0,2,4.99125
9155568,201612,29787,11290,己合备,11290630,沥釜2悼,2,20,2,0.011666667
9155575,201612,29787,11290,己合备,11290630,沥釜2悼,2,30,2,0.82208335
9155582,201612,29787,11290,己合备,11290630,沥釜2悼,2,40,2,1.6066667
9155589,201612,29787,11290,己合备,11290630,沥釜2悼,2,50,2,1.8375
9155596,201612,29787,11290,己合备,11290630,沥釜2悼,2,60,2,0.7133333
9155603,201612,29788,11290,己合备,11290630,沥釜2悼,1,0,2,17.297
9155610,201612,29788,11290,己合备,11290630,沥釜2悼,1,10,2,1.02575
9155617,201612,29788,11290,己合备,11290630,沥釜2悼,1,20,2,1.068125
9155624,201612,29788,11290,己合备,11290630,沥釜2悼,1,30,2,3.076875
9155631,201612,29788,11290,己合备,11290630,沥釜2悼,1,40,2,5.20775
9155638,201612,29788,11290,己合备,11290630,沥釜2悼,1,50,2,4.545875
9155645,201612,29788,11290,己合备,11290630,沥釜2悼,1,60,2,2.372625
9155652,201612,29788,11290,己合备,11290630,沥釜2悼,2,0,2,5.6246877
9155673,201612,29788,11290,己合备,11290630,沥釜2悼,2,30,2,0.8878125
9155680,201612,29788,11290,己合备,11290630,沥釜2悼,2,40,2,1.8825
9155687,201612,29788,11290,己合备,11290630,沥釜2悼,2,50,2,1.98875
9155694,201612,29788,11290,己合备,11290630,沥釜2悼,2,60,2,0.865625
9156093,201612,29792,11290,己合备,11290640,沥釜3悼,1,0,2,0.11733333
9156114,201612,29792,11290,己合备,11290640,沥釜3悼,1,30,2,0.053333335
9156121,201612,29792,11290,己合备,11290640,沥釜3悼,1,40,2,0.064
9156583,201612,29798,11290,己合备,11290630,沥釜2悼,1,0,2,57.476
9156590,201612,29798,11290,己合备,11290630,沥釜2悼,1,10,2,3.0615
9156597,201612,29798,11290,己合备,11290630,沥釜2悼,1,20,2,2.3665
9156604,201612,29798,11290,己合备,11290630,沥釜2悼,1,30,2,10.5765
9156611,201612,29798,11290,己合备,11290630,沥釜2悼,1,40,2,15.029
9156618,201612,29798,11290,己合备,11290630,沥釜2悼,1,50,2,14.0565
9156625,201612,29798,11290,己合备,11290630,沥釜2悼,1,60,2,12.386
9156632,201612,29798,11290,己合备,11290630,沥釜2悼,2,0,2,30.94125
9156639,201612,29798,11290,己合备,11290630,沥釜2悼,2,10,2,0.31875
9156646,201612,29798,11290,己合备,11290630,沥釜2悼,2,20,2,1.26625
9156653,201612,29798,11290,己合备,11290630,沥釜2悼,2,30,2,5.06375
9156660,201612,29798,11290,己合备,11290630,沥釜2悼,2,40,2,8.84125
9156667,201612,29798,11290,己合备,11290630,沥釜2悼,2,50,2,8.50375
9156674,201612,29798,11290,己合备,11290630,沥釜2悼,2,60,2,6.9475
9156681,201612,29799,11290,己合备,11290630,沥釜2悼,1,0,2,103.1615
9156688,201612,29799,11290,己合备,11290630,沥釜2悼,1,10,2,4.34525
9156695,201612,29799,11290,己合备,11290630,沥釜2悼,1,20,2,7.965
9156702,201612,29799,11290,己合备,11290630,沥釜2悼,1,30,2,19.79175
9156709,201612,29799,11290,己合备,11290630,沥釜2悼,1,40,2,24.22575
9156716,201612,29799,11290,己合备,11290630,沥釜2悼,1,50,2,23.4795
9156723,201612,29799,11290,己合备,11290630,沥釜2悼,1,60,2,23.35425
9156730,201612,29799,11290,己合备,11290630,沥釜2悼,2,0,2,55.7225
9156737,201612,29799,11290,己合备,11290630,沥釜2悼,2,10,2,0.4825
9156744,201612,29799,11290,己合备,11290630,沥釜2悼,2,20,2,3.3825
9156751,201612,29799,11290,己合备,11290630,沥釜2悼,2,30,2,10.329375
9156758,201612,29799,11290,己合备,11290630,沥釜2悼,2,40,2,14.455625
9156765,201612,29799,11290,己合备,11290630,沥釜2悼,2,50,2,14.35125
9156772,201612,29799,11290,己合备,11290630,沥釜2悼,2,60,2,12.72125
9159817,201612,29830,11290,己合备,11290630,沥釜2悼,1,0,2,3.276
9159824,201612,29830,11290,己合备,11290630,沥釜2悼,1,10,2,0.128
9159838,201612,29830,11290,己合备,11290630,沥釜2悼,1,30,2,0.667
9159845,201612,29830,11290,己合备,11290630,沥釜2悼,1,40,2,1.11
9159852,201612,29830,11290,己合备,11290630,沥釜2悼,1,50,2,0.923
9159859,201612,29830,11290,己合备,11290630,沥釜2悼,1,60,2,0.448
9159866,201612,29830,11290,己合备,11290630,沥釜2悼,2,0,2,1.095
9159887,201612,29830,11290,己合备,11290630,沥釜2悼,2,30,2,0.235
9159894,201612,29830,11290,己合备,11290630,沥釜2悼,2,40,2,0.3125
9159901,201612,29830,11290,己合备,11290630,沥釜2悼,2,50,2,0.39
9159908,201612,29830,11290,己合备,11290630,沥釜2悼,2,60,2,0.1575
9160209,201612,29834,11290,己合备,11290630,沥釜2悼,1,0,2,6.552
9160216,201612,29834,11290,己合备,11290630,沥釜2悼,1,10,2,0.256
9160230,201612,29834,11290,己合备,11290630,沥釜2悼,1,30,2,1.338
9160237,201612,29834,11290,己合备,11290630,沥釜2悼,1,40,2,2.225
9160244,201612,29834,11290,己合备,11290630,沥釜2悼,1,50,2,1.842
9160251,201612,29834,11290,己合备,11290630,沥釜2悼,1,60,2,0.891
9160258,201612,29834,11290,己合备,11290630,沥釜2悼,2,0,2,2.185
9160279,201612,29834,11290,己合备,11290630,沥釜2悼,2,30,2,0.47
9160286,201612,29834,11290,己合备,11290630,沥釜2悼,2,40,2,0.625
9160293,201612,29834,11290,己合备,11290630,沥釜2悼,2,50,2,0.7775
9160300,201612,29834,11290,己合备,11290630,沥釜2悼,2,60,2,0.3125
9160307,201612,29835,11290,己合备,11290640,沥釜3悼,1,0,2,13.8875
9160314,201612,29835,11290,己合备,11290640,沥釜3悼,1,10,2,0.342
9160328,201612,29835,11290,己合备,11290640,沥釜3悼,1,30,2,2.81325
9160335,201612,29835,11290,己合备,11290640,沥釜3悼,1,40,2,4.51325
9160342,201612,29835,11290,己合备,11290640,沥釜3悼,1,50,2,4.513
9160349,201612,29835,11290,己合备,11290640,沥釜3悼,1,60,2,1.706
9160356,201612,29835,11290,己合备,11290640,沥釜3悼,2,0,2,2.38
9160377,201612,29835,11290,己合备,11290640,沥釜3悼,2,30,2,0.35
9160384,201612,29835,11290,己合备,11290640,沥釜3悼,2,40,2,0.84
9160391,201612,29835,11290,己合备,11290640,沥釜3悼,2,50,2,0.91
9160398,201612,29835,11290,己合备,11290640,沥釜3悼,2,60,2,0.28
9160405,201612,29836,11290,己合备,11290640,沥釜3悼,1,0,2,14.973166
9160412,201612,29836,11290,己合备,11290640,沥釜3悼,1,10,2,0.285
9160426,201612,29836,11290,己合备,11290640,沥釜3悼,1,30,2,2.9338334
9160433,201612,29836,11290,己合备,11290640,沥釜3悼,1,40,2,5.0905
9160440,201612,29836,11290,己合备,11290640,沥釜3悼,1,50,2,4.958667
9160447,201612,29836,11290,己合备,11290640,沥釜3悼,1,60,2,1.7051667
9160454,201612,29836,11290,己合备,11290640,沥釜3悼,2,0,2,2.98625
9160475,201612,29836,11290,己合备,11290640,沥釜3悼,2,30,2,0.41958332
9160482,201612,29836,11290,己合备,11290640,沥釜3悼,2,40,2,1.0741667
9160489,201612,29836,11290,己合备,11290640,沥釜3悼,2,50,2,1.0729166
9160496,201612,29836,11290,己合备,11290640,沥釜3悼,2,60,2,0.41958332
9161091,201612,29842,11290,己合备,11290630,沥釜2悼,1,0,2,6.552
9161098,201612,29842,11290,己合备,11290630,沥釜2悼,1,10,2,0.256
9161112,201612,29842,11290,己合备,11290630,沥釜2悼,1,30,2,1.338
9161119,201612,29842,11290,己合备,11290630,沥釜2悼,1,40,2,2.225
9161126,201612,29842,11290,己合备,11290630,沥釜2悼,1,50,2,1.842
9161133,201612,29842,11290,己合备,11290630,沥釜2悼,1,60,2,0.891
9161140,201612,29842,11290,己合备,11290630,沥釜2悼,2,0,2,2.185
9161161,201612,29842,11290,己合备,11290630,沥釜2悼,2,30,2,0.47
9161168,201612,29842,11290,己合备,11290630,沥釜2悼,2,40,2,0.625
9161175,201612,29842,11290,己合备,11290630,沥釜2悼,2,50,2,0.7775
9161182,201612,29842,11290,己合备,11290630,沥釜2悼,2,60,2,0.3125
9161189,201612,29843,11290,己合备,11290630,沥釜2悼,1,0,2,4.356
9161196,201612,29843,11290,己合备,11290630,沥釜2悼,1,10,2,0.168
9161210,201612,29843,11290,己合备,11290630,沥釜2悼,1,30,2,0.888
9161217,201612,29843,11290,己合备,11290630,沥釜2悼,1,40,2,1.48
9161224,201612,29843,11290,己合备,11290630,沥釜2悼,1,50,2,1.227
9161231,201612,29843,11290,己合备,11290630,沥釜2悼,1,60,2,0.593
9161238,201612,29843,11290,己合备,11290630,沥釜2悼,2,0,2,1.4525
9161259,201612,29843,11290,己合备,11290630,沥釜2悼,2,30,2,0.3125
9161266,201612,29843,11290,己合备,11290630,沥釜2悼,2,40,2,0.415
9161273,201612,29843,11290,己合备,11290630,沥釜2悼,2,50,2,0.5175
9161280,201612,29843,11290,己合备,11290630,沥釜2悼,2,60,2,0.2075
9162365,201612,29855,11290,己合备,11290640,沥釜3悼,1,0,2,0.73714286
9162379,201612,29855,11290,己合备,11290640,沥釜3悼,1,20,2,0.73714286
9162463,201612,29856,11290,己合备,11290640,沥釜3悼,1,0,2,0.366
9162477,201612,29856,11290,己合备,11290640,沥釜3悼,1,20,2,0.366
9163541,201612,29867,11290,己合备,11290630,沥釜2悼,1,0,2,0.589
9163562,201612,29867,11290,己合备,11290630,沥釜2悼,1,30,2,0.105
9163569,201612,29867,11290,己合备,11290630,沥釜2悼,1,40,2,0.274
9163576,201612,29867,11290,己合备,11290630,沥釜2悼,1,50,2,0.105
9163583,201612,29867,11290,己合备,11290630,沥釜2悼,1,60,2,0.105
9163639,201612,29868,11290,己合备,11290630,沥釜2悼,1,0,2,1.087
9163667,201612,29868,11290,己合备,11290630,沥釜2悼,1,40,2,0.447
9163674,201612,29868,11290,己合备,11290630,沥釜2悼,1,50,2,0.32
9163681,201612,29868,11290,己合备,11290630,沥釜2悼,1,60,2,0.32
9163737,201612,29869,11290,己合备,11290630,沥釜2悼,1,0,2,15.235
9163744,201612,29869,11290,己合备,11290630,沥釜2悼,1,10,2,0.31
9163751,201612,29869,11290,己合备,11290630,沥釜2悼,1,20,2,1.2685
9163758,201612,29869,11290,己合备,11290630,沥釜2悼,1,30,2,3.37275
9163765,201612,29869,11290,己合备,11290630,沥釜2悼,1,40,2,3.90975
9163772,201612,29869,11290,己合备,11290630,沥釜2悼,1,50,2,3.52775
9163779,201612,29869,11290,己合备,11290630,沥釜2悼,1,60,2,2.84625
9163786,201612,29869,11290,己合备,11290630,沥釜2悼,2,0,2,6.86375
9163800,201612,29869,11290,己合备,11290630,沥釜2悼,2,20,2,0.365
9163807,201612,29869,11290,己合备,11290630,沥釜2悼,2,30,2,1.533125
9163814,201612,29869,11290,己合备,11290630,沥釜2悼,2,40,2,1.89875
9163821,201612,29869,11290,己合备,11290630,沥釜2悼,2,50,2,1.971875
9163828,201612,29869,11290,己合备,11290630,沥釜2悼,2,60,2,1.095
9165599,201612,29888,11290,己合备,11290630,沥釜2悼,1,0,2,21.991333
9165606,201612,29888,11290,己合备,11290630,沥釜2悼,1,10,2,0.88166666
9165620,201612,29888,11290,己合备,11290630,沥釜2悼,1,30,2,1.412
9165627,201612,29888,11290,己合备,11290630,沥釜2悼,1,40,2,7.339667
9165634,201612,29888,11290,己合备,11290630,沥釜2悼,1,50,2,5.573
9165641,201612,29888,11290,己合备,11290630,沥釜2悼,1,60,2,6.785
9165648,201612,29888,11290,己合备,11290630,沥釜2悼,2,0,2,7.41
9165669,201612,29888,11290,己合备,11290630,沥釜2悼,2,30,2,0.74666667
9165676,201612,29888,11290,己合备,11290630,沥釜2悼,2,40,2,2.6766667
9165683,201612,29888,11290,己合备,11290630,沥釜2悼,2,50,2,1.3066666
9165690,201612,29888,11290,己合备,11290630,沥釜2悼,2,60,2,2.68
9168343,201612,29915,11290,己合备,11290640,沥釜3悼,1,0,2,0.126
9168371,201612,29915,11290,己合备,11290640,沥釜3悼,1,40,2,0.063
9168378,201612,29915,11290,己合备,11290640,沥釜3悼,1,50,2,0.063
9168539,201612,29917,11290,己合备,11290640,沥釜3悼,1,0,2,0.829
9168553,201612,29917,11290,己合备,11290640,沥釜3悼,1,20,2,0.829
9168833,201612,29921,11290,己合备,11290630,沥釜2悼,1,0,2,1.452
9168840,201612,29921,11290,己合备,11290630,沥釜2悼,1,10,2,0.056
9168854,201612,29921,11290,己合备,11290630,沥釜2悼,1,30,2,0.296
9168861,201612,29921,11290,己合备,11290630,沥釜2悼,1,40,2,0.49333334
9168868,201612,29921,11290,己合备,11290630,沥釜2悼,1,50,2,0.409
9168875,201612,29921,11290,己合备,11290630,沥釜2悼,1,60,2,0.19766666
9168882,201612,29921,11290,己合备,11290630,沥釜2悼,2,0,2,0.48416665
9168903,201612,29921,11290,己合备,11290630,沥釜2悼,2,30,2,0.104166664
9168910,201612,29921,11290,己合备,11290630,沥釜2悼,2,40,2,0.13833334
9168917,201612,29921,11290,己合备,11290630,沥釜2悼,2,50,2,0.1725
9168924,201612,29921,11290,己合备,11290630,沥釜2悼,2,60,2,0.06916667
9171871,201612,29954,11290,己合备,11290640,沥釜3悼,1,0,2,12.267
9171878,201612,29954,11290,己合备,11290640,沥釜3悼,1,10,2,0.095
9171885,201612,29954,11290,己合备,11290640,沥釜3悼,1,20,2,1.5325
9171892,201612,29954,11290,己合备,11290640,沥釜3悼,1,30,2,1.875
9171899,201612,29954,11290,己合备,11290640,沥釜3悼,1,40,2,4.086
9171906,201612,29954,11290,己合备,11290640,沥釜3悼,1,50,2,3.5965
9171913,201612,29954,11290,己合备,11290640,沥釜3悼,1,60,2,1.082
9171920,201612,29954,11290,己合备,11290640,沥釜3悼,2,0,2,2.1
9171941,201612,29954,11290,己合备,11290640,沥釜3悼,2,30,2,0.23375
9171948,201612,29954,11290,己合备,11290640,沥釜3悼,2,40,2,0.9325
9171955,201612,29954,11290,己合备,11290640,沥釜3悼,2,50,2,0.7
9171962,201612,29954,11290,己合备,11290640,沥釜3悼,2,60,2,0.23375
9172067,201612,29956,11290,己合备,11290630,沥釜2悼,1,0,2,20.779
9172074,201612,29956,11290,己合备,11290630,沥釜2悼,1,10,2,0.84
9172088,201612,29956,11290,己合备,11290630,沥釜2悼,1,30,2,4.524
9172095,201612,29956,11290,己合备,11290630,沥釜2悼,1,40,2,6.869
9172102,201612,29956,11290,己合备,11290630,沥釜2悼,1,50,2,6.031
9172109,201612,29956,11290,己合备,11290630,沥釜2悼,1,60,2,2.515
9172116,201612,29956,11290,己合备,11290630,沥釜2悼,2,0,2,7.61
9172137,201612,29956,11290,己合备,11290630,沥釜2悼,2,30,2,1.1475
9172144,201612,29956,11290,己合备,11290630,沥釜2悼,2,40,2,3.04
9172151,201612,29956,11290,己合备,11290630,沥釜2悼,2,50,2,2.6575
9172158,201612,29956,11290,己合备,11290630,沥釜2悼,2,60,2,0.765
9172165,201612,29957,11290,己合备,11290640,沥釜3悼,1,0,2,0.126
9172193,201612,29957,11290,己合备,11290640,沥釜3悼,1,40,2,0.063
9172200,201612,29957,11290,己合备,11290640,沥釜3悼,1,50,2,0.063
9174811,201612,29983,11290,己合备,11290630,沥釜2悼,1,0,2,5.454
9174818,201612,29983,11290,己合备,11290630,沥釜2悼,1,10,2,0.212
9174832,201612,29983,11290,己合备,11290630,沥釜2悼,1,30,2,1.113
9174839,201612,29983,11290,己合备,11290630,沥釜2悼,1,40,2,1.8525
9174846,201612,29983,11290,己合备,11290630,沥釜2悼,1,50,2,1.5345
9174853,201612,29983,11290,己合备,11290630,沥釜2悼,1,60,2,0.742
9174860,201612,29983,11290,己合备,11290630,沥釜2悼,2,0,2,1.81875
9174881,201612,29983,11290,己合备,11290630,沥釜2悼,2,30,2,0.39125
9174888,201612,29983,11290,己合备,11290630,沥釜2悼,2,40,2,0.52
9174895,201612,29983,11290,己合备,11290630,沥釜2悼,2,50,2,0.6475
9174902,201612,29983,11290,己合备,11290630,沥釜2悼,2,60,2,0.26
9175203,201612,29989,11290,己合备,11290640,沥釜3悼,1,0,2,0.26
9175231,201612,29989,11290,己合备,11290640,沥釜3悼,1,40,2,0.13
9175238,201612,29989,11290,己合备,11290640,沥釜3悼,1,50,2,0.13
9175399,201612,29990,11290,己合备,11290640,沥釜3悼,1,0,2,0.172
9175427,201612,29990,11290,己合备,11290640,沥釜3悼,1,40,2,0.086
9175434,201612,29990,11290,己合备,11290640,沥釜3悼,1,50,2,0.086
9177359,201612,30008,11290,己合备,11290640,沥釜3悼,1,0,2,2.794
9177366,201612,30008,11290,己合备,11290640,沥釜3悼,1,10,2,0.0716
9177373,201612,30008,11290,己合备,11290640,沥釜3悼,1,20,2,1.974
9177387,201612,30008,11290,己合备,11290640,沥釜3悼,1,40,2,0.5336
9177394,201612,30008,11290,己合备,11290640,沥釜3悼,1,50,2,0.2148
9178045,201612,30017,11290,己合备,11290630,沥釜2悼,1,0,2,31.1595
9178052,201612,30017,11290,己合备,11290630,沥釜2悼,1,10,2,1.2575
9178066,201612,30017,11290,己合备,11290630,沥釜2悼,1,30,2,6.7845
9178073,201612,30017,11290,己合备,11290630,沥釜2悼,1,40,2,10.302
9178080,201612,30017,11290,己合备,11290630,沥釜2悼,1,50,2,9.0455
9178087,201612,30017,11290,己合备,11290630,沥釜2悼,1,60,2,3.77
9178094,201612,30017,11290,己合备,11290630,沥釜2悼,2,0,2,11.415
9178115,201612,30017,11290,己合备,11290630,沥釜2悼,2,30,2,1.72125
9178122,201612,30017,11290,己合备,11290630,沥釜2悼,2,40,2,4.56
9178129,201612,30017,11290,己合备,11290630,沥釜2悼,2,50,2,3.98625
9178136,201612,30017,11290,己合备,11290630,沥釜2悼,2,60,2,1.1475
9178633,201612,30022,11290,己合备,11290640,沥釜3悼,1,0,2,0.5784
9178647,201612,30022,11290,己合备,11290640,沥釜3悼,1,20,2,0.5784
9178731,201612,30023,11290,己合备,11290640,沥釜3悼,1,0,2,0.4825
9178745,201612,30023,11290,己合备,11290640,沥釜3悼,1,20,2,0.4825
9180495,201612,30046,11290,己合备,11290640,沥釜3悼,1,0,2,0.13363637
9180509,201612,30046,11290,己合备,11290640,沥釜3悼,1,20,2,0.12309091
9180523,201612,30046,11290,己合备,11290640,沥釜3悼,1,40,2,0.010545455
9180887,201612,30050,11290,己合备,11290630,沥釜2悼,1,0,2,3.81
9180908,201612,30050,11290,己合备,11290630,沥釜2悼,1,30,2,0.168
9180915,201612,30050,11290,己合备,11290630,沥釜2悼,1,40,2,1.144
9180922,201612,30050,11290,己合备,11290630,沥釜2悼,1,50,2,1.396
9180929,201612,30050,11290,己合备,11290630,沥釜2悼,1,60,2,1.102
9180936,201612,30050,11290,己合备,11290630,沥釜2悼,2,0,2,1.04
9180964,201612,30050,11290,己合备,11290630,沥釜2悼,2,40,2,0.105
9180971,201612,30050,11290,己合备,11290630,沥釜2悼,2,50,2,0.52
9180978,201612,30050,11290,己合备,11290630,沥釜2悼,2,60,2,0.415
9180985,201612,30051,11290,己合备,11290630,沥釜2悼,1,0,2,3.28775
9180992,201612,30051,11290,己合备,11290630,沥釜2悼,1,10,2,0.116
9181006,201612,30051,11290,己合备,11290630,沥釜2悼,1,30,2,0.663875
9181013,201612,30051,11290,己合备,11290630,沥釜2悼,1,40,2,1.138875
9181020,201612,30051,11290,己合备,11290630,沥釜2悼,1,50,2,0.928875
9181027,201612,30051,11290,己合备,11290630,沥釜2悼,1,60,2,0.440125
9181034,201612,30051,11290,己合备,11290630,沥釜2悼,2,0,2,1.078125
9181055,201612,30051,11290,己合备,11290630,沥釜2悼,2,30,2,0.228125
9181062,201612,30051,11290,己合备,11290630,沥釜2悼,2,40,2,0.3115625
9181069,201612,30051,11290,己合备,11290630,沥釜2悼,2,50,2,0.3821875
9181076,201612,30051,11290,己合备,11290630,沥釜2悼,2,60,2,0.15625
9181083,201612,30052,11290,己合备,11290630,沥釜2悼,1,0,2,4.356
9181090,201612,30052,11290,己合备,11290630,沥釜2悼,1,10,2,0.168
9181104,201612,30052,11290,己合备,11290630,沥釜2悼,1,30,2,0.888
9181111,201612,30052,11290,己合备,11290630,沥釜2悼,1,40,2,1.48
9181118,201612,30052,11290,己合备,11290630,沥釜2悼,1,50,2,1.227
9181125,201612,30052,11290,己合备,11290630,沥釜2悼,1,60,2,0.593
9181132,201612,30052,11290,己合备,11290630,沥釜2悼,2,0,2,1.4525
9181153,201612,30052,11290,己合备,11290630,沥釜2悼,2,30,2,0.3125
9181160,201612,30052,11290,己合备,11290630,沥釜2悼,2,40,2,0.415
9181167,201612,30052,11290,己合备,11290630,沥釜2悼,2,50,2,0.5175
9181174,201612,30052,11290,己合备,11290630,沥釜2悼,2,60,2,0.2075
9181377,201612,30055,11290,己合备,11290640,沥釜3悼,1,0,2,0.5046667
9181391,201612,30055,11290,己合备,11290640,沥釜3悼,1,20,2,0.5046667
9182259,201612,30063,11290,己合备,11290630,沥釜2悼,1,0,2,59.305
9182266,201612,30063,11290,己合备,11290630,沥釜2悼,1,10,2,1.675
9182273,201612,30063,11290,己合备,11290630,沥釜2悼,1,20,2,0.504
9182280,201612,30063,11290,己合备,11290630,沥釜2悼,1,30,2,12.062
9182287,201612,30063,11290,己合备,11290630,沥釜2悼,1,40,2,16.752
9182294,201612,30063,11290,己合备,11290630,沥釜2悼,1,50,2,15.579
9182301,201612,30063,11290,己合备,11290630,沥釜2悼,1,60,2,12.733
9182308,201612,30063,11290,己合备,11290630,沥釜2悼,2,0,2,31.4675
9182322,201612,30063,11290,己合备,11290630,沥釜2悼,2,20,2,0.3825
9182329,201612,30063,11290,己合备,11290630,沥釜2悼,2,30,2,4.57
9182336,201612,30063,11290,己合备,11290630,沥釜2悼,2,40,2,9.09
9182343,201612,30063,11290,己合备,11290630,沥釜2悼,2,50,2,9.835
9182350,201612,30063,11290,己合备,11290630,沥釜2悼,2,60,2,7.59
9182357,201612,30064,11290,己合备,11290630,沥釜2悼,1,0,2,61.628
9182364,201612,30064,11290,己合备,11290630,沥釜2悼,1,10,2,2.17225
9182371,201612,30064,11290,己合备,11290630,沥釜2悼,1,20,2,1.08625
9182378,201612,30064,11290,己合备,11290630,沥釜2悼,1,30,2,12.2005
9182385,201612,30064,11290,己合备,11290630,沥釜2悼,1,40,2,17.047
9182392,201612,30064,11290,己合备,11290630,沥釜2悼,1,50,2,15.877
9182399,201612,30064,11290,己合备,11290630,沥釜2悼,1,60,2,13.245
9182406,201612,30064,11290,己合备,11290630,沥釜2悼,2,0,2,32.87
9182413,201612,30064,11290,己合备,11290630,沥釜2悼,2,10,2,0.095625
9182420,201612,30064,11290,己合备,11290630,沥釜2悼,2,20,2,0.666875
9182427,201612,30064,11290,己合备,11290630,沥釜2悼,2,30,2,4.946875
9182434,201612,30064,11290,己合备,11290630,沥釜2悼,2,40,2,9.465
9182441,201612,30064,11290,己合备,11290630,沥釜2悼,2,50,2,9.92125
9182448,201612,30064,11290,己合备,11290630,沥釜2悼,2,60,2,7.774375
9183239,201612,30074,11290,己合备,11290640,沥釜3悼,1,0,2,1.9548
9183246,201612,30074,11290,己合备,11290640,沥釜3悼,1,10,2,0.0434
9183253,201612,30074,11290,己合备,11290640,沥釜3悼,1,20,2,1.4636
9183267,201612,30074,11290,己合备,11290640,沥釜3悼,1,40,2,0.3173
9183274,201612,30074,11290,己合备,11290640,沥釜3悼,1,50,2,0.1305
9183533,201612,30078,11290,己合备,11290640,沥釜3悼,1,0,2,0.126
9183547,201612,30078,11290,己合备,11290640,沥釜3悼,1,20,2,0.126
9184121,201612,30084,11290,己合备,11290640,沥釜3悼,1,0,2,0.6808
9184135,201612,30084,11290,己合备,11290640,沥釜3悼,1,20,2,0.641
9184149,201612,30084,11290,己合备,11290640,沥釜3悼,1,40,2,0.0398
9187845,201612,30122,11290,己合备,11290640,沥釜3悼,1,0,2,9.652
9187852,201612,30122,11290,己合备,11290640,沥釜3悼,1,10,2,0.114
9187866,201612,30122,11290,己合备,11290640,沥釜3悼,1,30,2,1.8155
9187873,201612,30122,11290,己合备,11290640,沥釜3悼,1,40,2,3.47225
9187880,201612,30122,11290,己合备,11290640,沥釜3悼,1,50,2,3.1615
9187887,201612,30122,11290,己合备,11290640,沥釜3悼,1,60,2,1.08875
9187894,201612,30122,11290,己合备,11290640,沥釜3悼,2,0,2,2.099375
9187915,201612,30122,11290,己合备,11290640,沥釜3悼,2,30,2,0.303125
9187922,201612,30122,11290,己合备,11290640,沥釜3悼,2,40,2,0.700625
9187929,201612,30122,11290,己合备,11290640,沥釜3悼,2,50,2,0.74625
9187936,201612,30122,11290,己合备,11290640,沥釜3悼,2,60,2,0.349375
9188433,201612,30128,11290,己合备,11290640,沥釜3悼,1,0,2,0.208
9188447,201612,30128,11290,己合备,11290640,沥釜3悼,1,20,2,0.208
9188923,201612,30132,11290,己合备,11290630,沥釜2悼,1,0,2,3.06
9188944,201612,30132,11290,己合备,11290630,沥釜2悼,1,30,2,0.136
9188951,201612,30132,11290,己合备,11290630,沥釜2悼,1,40,2,0.918
9188958,201612,30132,11290,己合备,11290630,沥釜2悼,1,50,2,1.122
9188965,201612,30132,11290,己合备,11290630,沥釜2悼,1,60,2,0.884
9188972,201612,30132,11290,己合备,11290630,沥釜2悼,2,0,2,0.84
9189000,201612,30132,11290,己合备,11290630,沥釜2悼,2,40,2,0.085
9189007,201612,30132,11290,己合备,11290630,沥釜2悼,2,50,2,0.42
9189014,201612,30132,11290,己合备,11290630,沥釜2悼,2,60,2,0.335
9189021,201612,30133,11290,己合备,11290630,沥釜2悼,1,0,2,10.9581
9189028,201612,30133,11290,己合备,11290630,沥釜2悼,1,10,2,0.4425
9189042,201612,30133,11290,己合备,11290630,沥釜2悼,1,30,2,2.3862
9189049,201612,30133,11290,己合备,11290630,沥釜2悼,1,40,2,3.6222
9189056,201612,30133,11290,己合备,11290630,沥釜2悼,1,50,2,3.1802
9189063,201612,30133,11290,己合备,11290630,沥釜2悼,1,60,2,1.327
9189070,201612,30133,11290,己合备,11290630,沥釜2悼,2,0,2,4.14225
9189091,201612,30133,11290,己合备,11290630,沥釜2悼,2,30,2,0.6235
9189098,201612,30133,11290,己合备,11290630,沥釜2悼,2,40,2,1.65525
9189105,201612,30133,11290,己合备,11290630,沥釜2悼,2,50,2,1.44825
9189112,201612,30133,11290,己合备,11290630,沥釜2悼,2,60,2,0.41525
9189413,201612,30138,11290,己合备,11290640,沥釜3悼,1,0,2,8.109143
9189420,201612,30138,11290,己合备,11290640,沥釜3悼,1,10,2,0.035285715
9189427,201612,30138,11290,己合备,11290640,沥釜3悼,1,20,2,0.84385717
9189434,201612,30138,11290,己合备,11290640,沥釜3悼,1,30,2,1.2545714
9189441,201612,30138,11290,己合备,11290640,沥釜3悼,1,40,2,2.902
9189448,201612,30138,11290,己合备,11290640,沥釜3悼,1,50,2,2.2545714
9189455,201612,30138,11290,己合备,11290640,沥釜3悼,1,60,2,0.81885713
9189462,201612,30138,11290,己合备,11290640,沥釜3悼,2,0,2,1.3266071
9189483,201612,30138,11290,己合备,11290640,沥釜3悼,2,30,2,0.14017858
9189490,201612,30138,11290,己合备,11290640,沥釜3悼,2,40,2,0.4530357
9189497,201612,30138,11290,己合备,11290640,沥釜3悼,2,50,2,0.48
9189504,201612,30138,11290,己合备,11290640,沥釜3悼,2,60,2,0.25339285
9191373,201612,30158,11290,己合备,11290640,沥釜3悼,1,0,2,0.010571429
9191408,201612,30158,11290,己合备,11290640,沥釜3悼,1,50,2,0.010571429
9192157,201612,30167,11290,己合备,11290630,沥釜2悼,1,0,2,24.4645
9192164,201612,30167,11290,己合备,11290630,沥釜2悼,1,10,2,1.022
9192178,201612,30167,11290,己合备,11290630,沥釜2悼,1,30,2,1.987
9192185,201612,30167,11290,己合备,11290630,沥釜2悼,1,40,2,8.9115
9192192,201612,30167,11290,己合备,11290630,沥釜2悼,1,50,2,5.903
9192199,201612,30167,11290,己合备,11290630,沥釜2悼,1,60,2,6.641
9192206,201612,30167,11290,己合备,11290630,沥釜2悼,2,0,2,8.40375
9192227,201612,30167,11290,己合备,11290630,沥釜2悼,2,30,2,0.98
9192234,201612,30167,11290,己合备,11290630,沥釜2悼,2,40,2,3.22
9192241,201612,30167,11290,己合备,11290630,沥釜2悼,2,50,2,1.26
9192248,201612,30167,11290,己合备,11290630,沥釜2悼,2,60,2,2.94375
9193137,201612,30176,11290,己合备,11290640,沥釜3悼,1,0,2,2.0445
9193158,201612,30176,11290,己合备,11290640,沥釜3悼,1,30,2,0.3775
9193165,201612,30176,11290,己合备,11290640,沥釜3悼,1,40,2,0.7955
9193172,201612,30176,11290,己合备,11290640,沥釜3悼,1,50,2,0.6815
9193179,201612,30176,11290,己合备,11290640,沥釜3悼,1,60,2,0.19
9193186,201612,30176,11290,己合备,11290640,沥釜3悼,2,0,2,0.56
9193207,201612,30176,11290,己合备,11290640,沥釜3悼,2,30,2,0.09375
9193214,201612,30176,11290,己合备,11290640,沥釜3悼,2,40,2,0.18625
9193221,201612,30176,11290,己合备,11290640,沥釜3悼,2,50,2,0.18625
9193228,201612,30176,11290,己合备,11290640,沥釜3悼,2,60,2,0.09375
9193235,201612,30177,11290,己合备,11290640,沥釜3悼,1,0,2,5.703
9193242,201612,30177,11290,己合备,11290640,沥釜3悼,1,10,2,0.0285
9193249,201612,30177,11290,己合备,11290640,沥釜3悼,1,20,2,1.204
9193256,201612,30177,11290,己合备,11290640,沥釜3悼,1,30,2,0.8435
9193263,201612,30177,11290,己合备,11290640,沥釜3悼,1,40,2,1.894
9193270,201612,30177,11290,己合备,11290640,沥釜3悼,1,50,2,1.4195
9193277,201612,30177,11290,己合备,11290640,沥釜3悼,1,60,2,0.3135
9193284,201612,30177,11290,己合备,11290640,沥釜3悼,2,0,2,0.63
9193305,201612,30177,11290,己合备,11290640,沥釜3悼,2,30,2,0.07
9193312,201612,30177,11290,己合备,11290640,沥釜3悼,2,40,2,0.28
9193319,201612,30177,11290,己合备,11290640,沥釜3悼,2,50,2,0.21
9193326,201612,30177,11290,己合备,11290640,沥釜3悼,2,60,2,0.07
9194117,201612,30186,11290,己合备,11290640,沥釜3悼,1,0,2,0.252
9194131,201612,30186,11290,己合备,11290640,沥釜3悼,1,20,2,0.252
9194509,201612,30190,11290,己合备,11290640,沥釜3悼,1,0,2,10.160666
9194516,201612,30190,11290,己合备,11290640,沥釜3悼,1,10,2,0.266
9194530,201612,30190,11290,己合备,11290640,沥釜3悼,1,30,2,2.0323334
9194537,201612,30190,11290,己合备,11290640,沥釜3悼,1,40,2,3.2683334
9194544,201612,30190,11290,己合备,11290640,沥釜3悼,1,50,2,3.3566666
9194551,201612,30190,11290,己合备,11290640,沥釜3悼,1,60,2,1.2373333
9194558,201612,30190,11290,己合备,11290640,沥釜3悼,2,0,2,1.7433333
9194579,201612,30190,11290,己合备,11290640,沥釜3悼,2,30,2,0.21833333
9194586,201612,30190,11290,己合备,11290640,沥釜3悼,2,40,2,0.6533333
9194593,201612,30190,11290,己合备,11290640,沥釜3悼,2,50,2,0.6533333
9194600,201612,30190,11290,己合备,11290640,沥釜3悼,2,60,2,0.21833333
9195097,201612,30196,11290,己合备,11290640,沥釜3悼,1,0,2,0.26
9195125,201612,30196,11290,己合备,11290640,沥釜3悼,1,40,2,0.13
9195132,201612,30196,11290,己合备,11290640,沥釜3悼,1,50,2,0.13
9197547,201612,30221,11290,己合备,11290640,沥釜3悼,1,0,2,0.184
9197575,201612,30221,11290,己合备,11290640,沥釜3悼,1,40,2,0.06125
9197582,201612,30221,11290,己合备,11290640,沥釜3悼,1,50,2,0.12275
9197841,201612,30225,11290,己合备,11290630,沥釜2悼,1,0,2,3.888
9197848,201612,30225,11290,己合备,11290630,沥釜2悼,1,10,2,0.1575
9197862,201612,30225,11290,己合备,11290630,沥釜2悼,1,30,2,0.846
9197869,201612,30225,11290,己合备,11290630,沥釜2悼,1,40,2,1.2855
9197876,201612,30225,11290,己合备,11290630,沥釜2悼,1,50,2,1.129
9197883,201612,30225,11290,己合备,11290630,沥釜2悼,1,60,2,0.47
9197890,201612,30225,11290,己合备,11290630,沥釜2悼,2,0,2,1.4075
9197911,201612,30225,11290,己合备,11290630,沥釜2悼,2,30,2,0.21375
9197918,201612,30225,11290,己合备,11290630,沥釜2悼,2,40,2,0.56125
9197925,201612,30225,11290,己合备,11290630,沥釜2悼,2,50,2,0.49
9197932,201612,30225,11290,己合备,11290630,沥釜2悼,2,60,2,0.1425
9199605,201612,30242,11290,己合备,11290640,沥釜3悼,1,0,2,4.089
9199626,201612,30242,11290,己合备,11290640,沥釜3悼,1,30,2,0.755
9199633,201612,30242,11290,己合备,11290640,沥釜3悼,1,40,2,1.591
9199640,201612,30242,11290,己合备,11290640,沥釜3悼,1,50,2,1.363
9199647,201612,30242,11290,己合备,11290640,沥釜3悼,1,60,2,0.38
9199654,201612,30242,11290,己合备,11290640,沥釜3悼,2,0,2,1.12
9199675,201612,30242,11290,己合备,11290640,沥釜3悼,2,30,2,0.1875
9199682,201612,30242,11290,己合备,11290640,沥釜3悼,2,40,2,0.3725
9199689,201612,30242,11290,己合备,11290640,沥釜3悼,2,50,2,0.3725
9199696,201612,30242,11290,己合备,11290640,沥釜3悼,2,60,2,0.1875
9200977,201612,30255,11290,己合备,11290630,沥釜2悼,1,0,2,11.99675
9200984,201612,30255,11290,己合备,11290630,沥釜2悼,1,10,2,0.485
9200998,201612,30255,11290,己合备,11290630,沥釜2悼,1,30,2,2.6115
9201005,201612,30255,11290,己合备,11290630,沥釜2悼,1,40,2,3.96625
9201012,201612,30255,11290,己合备,11290630,沥釜2悼,1,50,2,3.48275
9201019,201612,30255,11290,己合备,11290630,沥釜2悼,1,60,2,1.45125
9201026,201612,30255,11290,己合备,11290630,沥釜2悼,2,0,2,4.366875
9201047,201612,30255,11290,己合备,11290630,沥釜2悼,2,30,2,0.66125
9201054,201612,30255,11290,己合备,11290630,沥釜2悼,2,40,2,1.7425
9201061,201612,30255,11290,己合备,11290630,沥釜2悼,2,50,2,1.5225
9201068,201612,30255,11290,己合备,11290630,沥釜2悼,2,60,2,0.440625
9202937,201612,30273,11290,己合备,11290640,沥釜3悼,1,0,2,0.053
9202972,201612,30273,11290,己合备,11290640,沥釜3悼,1,50,2,0.053
9203525,201612,30280,11290,己合备,11290640,沥釜3悼,1,0,2,0.188
9203560,201612,30280,11290,己合备,11290640,沥釜3悼,1,50,2,0.188
9203623,201612,30281,11290,己合备,11290640,沥釜3悼,1,0,2,0.1474
9203651,201612,30281,11290,己合备,11290640,沥釜3悼,1,40,2,0.0408
9203658,201612,30281,11290,己合备,11290640,沥釜3悼,1,50,2,0.1066
9204799,201612,30294,11290,己合备,11290640,沥釜3悼,1,0,2,0.084
9204813,201612,30294,11290,己合备,11290640,沥釜3悼,1,20,2,0.084
9205289,201612,30299,11290,己合备,11290630,沥釜2悼,1,0,2,14.726666
9205296,201612,30299,11290,己合备,11290630,沥釜2悼,1,10,2,0.47
9205310,201612,30299,11290,己合备,11290630,沥釜2悼,1,30,2,3.0393333
9205317,201612,30299,11290,己合备,11290630,沥釜2悼,1,40,2,4.2926664
9205324,201612,30299,11290,己合备,11290630,沥釜2悼,1,50,2,4.0733333
9205331,201612,30299,11290,己合备,11290630,沥釜2悼,1,60,2,2.8513334
9205338,201612,30299,11290,己合备,11290630,沥釜2悼,2,0,2,6.4525
9205359,201612,30299,11290,己合备,11290630,沥釜2悼,2,30,2,0.9241667
9205366,201612,30299,11290,己合备,11290630,沥釜2悼,2,40,2,2.0966666
9205373,201612,30299,11290,己合备,11290630,沥釜2悼,2,50,2,2.165
9205380,201612,30299,11290,己合备,11290630,沥釜2悼,2,60,2,1.2666667
9205387,201612,30300,11290,己合备,11290630,沥釜2悼,1,0,2,52.79775
9205394,201612,30300,11290,己合备,11290630,沥釜2悼,1,10,2,1.49125
9205401,201612,30300,11290,己合备,11290630,沥釜2悼,1,20,2,0.4485
9205408,201612,30300,11290,己合备,11290630,沥釜2悼,1,30,2,10.7385
9205415,201612,30300,11290,己合备,11290630,沥釜2悼,1,40,2,14.914
9205422,201612,30300,11290,己合备,11290630,沥釜2悼,1,50,2,13.86975
9205429,201612,30300,11290,己合备,11290630,沥釜2悼,1,60,2,11.33575
9205436,201612,30300,11290,己合备,11290630,沥釜2悼,2,0,2,27.9525
9205450,201612,30300,11290,己合备,11290630,沥釜2悼,2,20,2,0.340625
9205457,201612,30300,11290,己合备,11290630,沥釜2悼,2,30,2,4.06375
9205464,201612,30300,11290,己合备,11290630,沥釜2悼,2,40,2,8.0725
9205471,201612,30300,11290,己合备,11290630,沥釜2悼,2,50,2,8.731875
9205478,201612,30300,11290,己合备,11290630,沥釜2悼,2,60,2,6.74375
9206073,201612,30307,11290,己合备,11290640,沥釜3悼,1,0,2,5.4143
9206080,201612,30307,11290,己合备,11290640,沥釜3悼,1,10,2,0.2125
9206087,201612,30307,11290,己合备,11290640,沥釜3悼,1,20,2,0.5304
9206094,201612,30307,11290,己合备,11290640,沥釜3悼,1,30,2,0.8178
9206101,201612,30307,11290,己合备,11290640,沥釜3悼,1,40,2,1.7935
9206108,201612,30307,11290,己合备,11290640,沥釜3悼,1,50,2,1.4993
9206115,201612,30307,11290,己合备,11290640,沥釜3悼,1,60,2,0.5608
9206122,201612,30307,11290,己合备,11290640,沥釜3悼,2,0,2,0.98925
9206143,201612,30307,11290,己合备,11290640,沥釜3悼,2,30,2,0.112
9206150,201612,30307,11290,己合备,11290640,沥釜3悼,2,40,2,0.42925
9206157,201612,30307,11290,己合备,11290640,沥釜3悼,2,50,2,0.336
9206164,201612,30307,11290,己合备,11290640,沥釜3悼,2,60,2,0.112
9207543,201612,30322,11290,己合备,11290640,沥釜3悼,1,0,2,2.903
9207550,201612,30322,11290,己合备,11290640,沥釜3悼,1,10,2,0.076
9207564,201612,30322,11290,己合备,11290640,沥釜3悼,1,30,2,0.58033335
9207571,201612,30322,11290,己合备,11290640,沥釜3悼,1,40,2,0.934
9207578,201612,30322,11290,己合备,11290640,沥釜3悼,1,50,2,0.95933336
9207585,201612,30322,11290,己合备,11290640,沥釜3悼,1,60,2,0.35333332
9207592,201612,30322,11290,己合备,11290640,沥釜3悼,2,0,2,0.49833333
9207613,201612,30322,11290,己合备,11290640,沥釜3悼,2,30,2,0.0625
9207620,201612,30322,11290,己合备,11290640,沥釜3悼,2,40,2,0.18666667
9207627,201612,30322,11290,己合备,11290640,沥釜3悼,2,50,2,0.18666667
9207634,201612,30322,11290,己合备,11290640,沥釜3悼,2,60,2,0.0625
9208817,201612,30339,11290,己合备,11290630,沥釜2悼,1,0,2,42.488
9208824,201612,30339,11290,己合备,11290630,沥釜2悼,1,10,2,0.94
9208831,201612,30339,11290,己合备,11290630,沥釜2悼,1,20,2,0.282
9208838,201612,30339,11290,己合备,11290630,沥釜2悼,1,30,2,8.272
9208845,201612,30339,11290,己合备,11290630,沥釜2悼,1,40,2,10.716
9208852,201612,30339,11290,己合备,11290630,沥釜2悼,1,50,2,10.81
9208859,201612,30339,11290,己合备,11290630,沥釜2悼,1,60,2,11.468
9208866,201612,30339,11290,己合备,11290630,沥釜2悼,2,0,2,24.0675
9208880,201612,30339,11290,己合备,11290630,沥釜2悼,2,20,2,0.215
9208887,201612,30339,11290,己合备,11290630,沥釜2悼,2,30,2,3.385
9208894,201612,30339,11290,己合备,11290630,沥釜2悼,2,40,2,6.2525
9208901,201612,30339,11290,己合备,11290630,沥釜2悼,2,50,2,7.4975
9208908,201612,30339,11290,己合备,11290630,沥釜2悼,2,60,2,6.7175
9209013,201612,30340,11290,己合备,11290630,沥釜2悼,1,0,2,68.1775
9209020,201612,30340,11290,己合备,11290630,沥釜2悼,1,10,2,1.675
9209027,201612,30340,11290,己合备,11290630,沥釜2悼,1,20,2,0.7545
9209034,201612,30340,11290,己合备,11290630,沥釜2悼,1,30,2,13.5685
9209041,201612,30340,11290,己合备,11290630,沥釜2悼,1,40,2,18.2585
9209048,201612,30340,11290,己合备,11290630,沥釜2悼,1,50,2,17.337
9209055,201612,30340,11290,己合备,11290630,沥釜2悼,1,60,2,16.584
9209062,201612,30340,11290,己合备,11290630,沥釜2悼,2,0,2,39.59125
9209076,201612,30340,11290,己合备,11290630,沥釜2悼,2,20,2,0.57375
9209083,201612,30340,11290,己合备,11290630,沥釜2悼,2,30,2,5.7075
9209090,201612,30340,11290,己合备,11290630,沥釜2悼,2,40,2,10.595
9209097,201612,30340,11290,己合备,11290630,沥釜2悼,2,50,2,12.095
9209104,201612,30340,11290,己合备,11290630,沥釜2悼,2,60,2,10.62
9210581,201612,30356,11290,己合备,11290640,沥釜3悼,1,0,2,0.430125
9210595,201612,30356,11290,己合备,11290640,沥釜3悼,1,20,2,0.430125
9211169,201612,30361,11290,己合备,11290630,沥釜2悼,1,0,2,14.402286
9211176,201612,30361,11290,己合备,11290630,沥釜2悼,1,10,2,0.7135714
9211190,201612,30361,11290,己合备,11290630,沥釜2悼,1,30,2,1.9467143
9211197,201612,30361,11290,己合备,11290630,沥釜2悼,1,40,2,6.4217143
9211204,201612,30361,11290,己合备,11290630,沥釜2悼,1,50,2,2.7897143
9211211,201612,30361,11290,己合备,11290630,沥釜2悼,1,60,2,2.5305715
9211218,201612,30361,11290,己合备,11290630,沥釜2悼,2,0,2,4.002143
9211239,201612,30361,11290,己合备,11290630,沥釜2悼,2,30,2,0.64
9211246,201612,30361,11290,己合备,11290630,沥釜2悼,2,40,2,1.76
9211253,201612,30361,11290,己合备,11290630,沥釜2悼,2,50,2,0.48
9211260,201612,30361,11290,己合备,11290630,沥釜2悼,2,60,2,1.1221429
9213227,201612,30381,11290,己合备,11290640,沥釜3悼,1,0,2,0.053
9213262,201612,30381,11290,己合备,11290640,沥釜3悼,1,50,2,0.053
9214697,201612,30395,11290,己合备,11290630,沥釜2悼,1,0,2,11.8765
9214704,201612,30395,11290,己合备,11290630,沥釜2悼,1,10,2,0.1575
9214718,201612,30395,11290,己合备,11290630,沥釜2悼,1,30,2,2.0675
9214725,201612,30395,11290,己合备,11290630,沥釜2悼,1,40,2,3.1655
9214732,201612,30395,11290,己合备,11290630,沥釜2悼,1,50,2,3.1965
9214739,201612,30395,11290,己合备,11290630,沥釜2悼,1,60,2,3.2895
9214746,201612,30395,11290,己合备,11290630,沥釜2悼,2,0,2,5.95
9214767,201612,30395,11290,己合备,11290630,沥釜2悼,2,30,2,0.6375
9214774,201612,30395,11290,己合备,11290630,沥釜2悼,2,40,2,1.61
9214781,201612,30395,11290,己合备,11290630,沥釜2悼,2,50,2,2.02125
9214788,201612,30395,11290,己合备,11290630,沥釜2悼,2,60,2,1.68125
9216755,201612,30414,11290,己合备,11290630,沥釜2悼,1,0,2,0.31733334
9216776,201612,30414,11290,己合备,11290630,沥釜2悼,1,30,2,0.022666667
9216783,201612,30414,11290,己合备,11290630,沥釜2悼,1,40,2,0.15866667
9216790,201612,30414,11290,己合备,11290630,沥釜2悼,1,50,2,0.11333334
9216797,201612,30414,11290,己合备,11290630,沥釜2悼,1,60,2,0.022666667
9216951,201612,30417,11290,己合备,11290630,沥釜2悼,1,0,2,0.315
9216979,201612,30417,11290,己合备,11290630,沥釜2悼,1,40,2,0.135
9216986,201612,30417,11290,己合备,11290630,沥釜2悼,1,50,2,0.18
9217049,201612,30418,11290,己合备,11290630,沥釜2悼,1,0,2,3.007
9217056,201612,30418,11290,己合备,11290630,沥釜2悼,1,10,2,0.116
9217070,201612,30418,11290,己合备,11290630,沥釜2悼,1,30,2,0.613
9217077,201612,30418,11290,己合备,11290630,沥釜2悼,1,40,2,1.0216666
9217084,201612,30418,11290,己合备,11290630,沥釜2悼,1,50,2,0.847
9217091,201612,30418,11290,己合备,11290630,沥釜2悼,1,60,2,0.40933332
9217098,201612,30418,11290,己合备,11290630,沥釜2悼,2,0,2,1.0041667
9217119,201612,30418,11290,己合备,11290630,沥釜2悼,2,30,2,0.21583334
9217126,201612,30418,11290,己合备,11290630,沥釜2悼,2,40,2,0.28666666
9217133,201612,30418,11290,己合备,11290630,沥釜2悼,2,50,2,0.35833332
9217140,201612,30418,11290,己合备,11290630,沥釜2悼,2,60,2,0.14333333
9218225,201612,30431,11290,己合备,11290630,沥釜2悼,1,0,2,0.1904
9218246,201612,30431,11290,己合备,11290630,沥釜2悼,1,30,2,0.0136
9218253,201612,30431,11290,己合备,11290630,沥釜2悼,1,40,2,0.0952
9218260,201612,30431,11290,己合备,11290630,沥釜2悼,1,50,2,0.068
9218267,201612,30431,11290,己合备,11290630,沥釜2悼,1,60,2,0.0136
9218323,201612,30432,11290,己合备,11290630,沥釜2悼,1,0,2,1.272
9218344,201612,30432,11290,己合备,11290630,沥釜2悼,1,30,2,0.091
9218351,201612,30432,11290,己合备,11290630,沥釜2悼,1,40,2,0.635
9218358,201612,30432,11290,己合备,11290630,沥釜2悼,1,50,2,0.455
9218365,201612,30432,11290,己合备,11290630,沥釜2悼,1,60,2,0.091
9219205,201612,30441,11290,己合备,11290630,沥釜2悼,1,0,2,8.007
9219226,201612,30441,11290,己合备,11290630,沥釜2悼,1,30,2,1.173
9219233,201612,30441,11290,己合备,11290630,沥釜2悼,1,40,2,2.346
9219240,201612,30441,11290,己合备,11290630,沥釜2悼,1,50,2,2.244
9219247,201612,30441,11290,己合备,11290630,沥釜2悼,1,60,2,2.244
9219254,201612,30441,11290,己合备,11290630,沥釜2悼,2,0,2,4.141875
9219275,201612,30441,11290,己合备,11290630,沥釜2悼,2,30,2,0.25125
9219282,201612,30441,11290,己合备,11290630,沥釜2悼,2,40,2,1.130625
9219289,201612,30441,11290,己合备,11290630,沥釜2悼,2,50,2,1.505625
9219296,201612,30441,11290,己合备,11290630,沥釜2悼,2,60,2,1.254375
9219891,201612,30449,11290,己合备,11290630,沥釜2悼,1,0,2,0.952
9219912,201612,30449,11290,己合备,11290630,沥釜2悼,1,30,2,0.068
9219919,201612,30449,11290,己合备,11290630,沥釜2悼,1,40,2,0.476
9219926,201612,30449,11290,己合备,11290630,沥釜2悼,1,50,2,0.34
9219933,201612,30449,11290,己合备,11290630,沥釜2悼,1,60,2,0.068
9220283,201612,30452,11290,己合备,11290630,沥釜2悼,1,0,2,6.094
9220304,201612,30452,11290,己合备,11290630,沥釜2悼,1,30,2,0.27514285
9220311,201612,30452,11290,己合备,11290630,沥釜2悼,1,40,2,1.8812857
9220318,201612,30452,11290,己合备,11290630,沥釜2悼,1,50,2,2.2374287
9220325,201612,30452,11290,己合备,11290630,沥釜2悼,1,60,2,1.7001429
9220332,201612,30452,11290,己合备,11290630,沥釜2悼,2,0,2,1.5946429
9220360,201612,30452,11290,己合备,11290630,沥釜2悼,2,40,2,0.15964286
9220367,201612,30452,11290,己合备,11290630,沥釜2悼,2,50,2,0.7975
9220374,201612,30452,11290,己合备,11290630,沥釜2悼,2,60,2,0.6375
9220479,201612,30454,11290,己合备,11290630,沥釜2悼,1,0,2,22.063858
9220486,201612,30454,11290,己合备,11290630,沥釜2悼,1,10,2,0.48142856
9220493,201612,30454,11290,己合备,11290630,沥釜2悼,1,20,2,0.2622857
9220500,201612,30454,11290,己合备,11290630,沥釜2悼,1,30,2,4.313
9220507,201612,30454,11290,己合备,11290630,沥釜2悼,1,40,2,5.642
9220514,201612,30454,11290,己合备,11290630,沥釜2悼,1,50,2,5.494571
9220521,201612,30454,11290,己合备,11290630,沥釜2悼,1,60,2,5.8705716
9220528,201612,30454,11290,己合备,11290630,沥釜2悼,2,0,2,13.268572
9220542,201612,30454,11290,己合备,11290630,沥釜2悼,2,20,2,0.19892856
9220549,201612,30454,11290,己合备,11290630,沥釜2悼,2,30,2,1.9057143
9220556,201612,30454,11290,己合备,11290630,沥釜2悼,2,40,2,3.3735714
9220563,201612,30454,11290,己合备,11290630,沥釜2悼,2,50,2,4.0057144
9220570,201612,30454,11290,己合备,11290630,沥釜2悼,2,60,2,3.784643
9221067,201612,30460,11290,己合备,11290630,沥釜2悼,1,0,2,0.714
9221088,201612,30460,11290,己合备,11290630,沥釜2悼,1,30,2,0.034
9221095,201612,30460,11290,己合备,11290630,沥釜2悼,1,40,2,0.34
9221102,201612,30460,11290,己合备,11290630,沥釜2悼,1,50,2,0.306
9221109,201612,30460,11290,己合备,11290630,沥釜2悼,1,60,2,0.034
9221655,201612,30467,11290,己合备,11290630,沥釜2悼,1,0,2,5.5924
9221676,201612,30467,11290,己合备,11290630,沥釜2悼,1,30,2,0.5006
9221683,201612,30467,11290,己合备,11290630,沥釜2悼,1,40,2,1.6688
9221690,201612,30467,11290,己合备,11290630,沥釜2悼,1,50,2,1.8404
9221697,201612,30467,11290,己合备,11290630,沥釜2悼,1,60,2,1.5826
9221704,201612,30467,11290,己合备,11290630,沥釜2悼,2,0,2,2.125
9221725,201612,30467,11290,己合备,11290630,沥釜2悼,2,30,2,0.079
9221732,201612,30467,11290,己合备,11290630,沥釜2悼,2,40,2,0.4355
9221739,201612,30467,11290,己合备,11290630,沥釜2悼,2,50,2,0.8865
9221746,201612,30467,11290,己合备,11290630,沥釜2悼,2,60,2,0.724
9222537,201612,30476,11290,己合备,11290630,沥釜2悼,1,0,2,4.986
9222558,201612,30476,11290,己合备,11290630,沥釜2悼,1,30,2,0.226
9222565,201612,30476,11290,己合备,11290630,沥釜2悼,1,40,2,1.677
9222572,201612,30476,11290,己合备,11290630,沥釜2悼,1,50,2,1.858
9222579,201612,30476,11290,己合备,11290630,沥釜2悼,1,60,2,1.225
9222586,201612,30476,11290,己合备,11290630,沥釜2悼,2,0,2,1.115
9222614,201612,30476,11290,己合备,11290630,沥釜2悼,2,40,2,0.1125
9222621,201612,30476,11290,己合备,11290630,沥釜2悼,2,50,2,0.5575
9222628,201612,30476,11290,己合备,11290630,沥釜2悼,2,60,2,0.445
9222929,201612,30480,11290,己合备,11290630,沥釜2悼,1,0,2,5.958667
9222950,201612,30480,11290,己合备,11290630,沥釜2悼,1,30,2,0.26133335
9222957,201612,30480,11290,己合备,11290630,沥釜2悼,1,40,2,1.8463334
9222964,201612,30480,11290,己合备,11290630,沥釜2悼,1,50,2,2.2032223
9222971,201612,30480,11290,己合备,11290630,沥釜2悼,1,60,2,1.6477778
9222978,201612,30480,11290,己合备,11290630,沥釜2悼,2,0,2,1.5497222
9223006,201612,30480,11290,己合备,11290630,沥釜2悼,2,40,2,0.15555556
9223013,201612,30480,11290,己合备,11290630,沥釜2悼,2,50,2,0.775
9223020,201612,30480,11290,己合备,11290630,沥釜2悼,2,60,2,0.6191667
9225379,201612,30503,11290,己合备,11290630,沥釜2悼,1,0,2,22.413334
9225386,201612,30503,11290,己合备,11290630,沥釜2悼,1,10,2,1.3016666
9225400,201612,30503,11290,己合备,11290630,沥釜2悼,1,30,2,4.763
9225407,201612,30503,11290,己合备,11290630,沥釜2悼,1,40,2,8.356667
9225414,201612,30503,11290,己合备,11290630,沥釜2悼,1,50,2,5.133333
9225421,201612,30503,11290,己合备,11290630,沥釜2悼,1,60,2,2.8586667
9225428,201612,30503,11290,己合备,11290630,沥釜2悼,2,0,2,10.493333
9225449,201612,30503,11290,己合备,11290630,沥釜2悼,2,30,2,2.3545833
9225456,201612,30503,11290,己合备,11290630,沥釜2悼,2,40,2,3.9533334
9225463,201612,30503,11290,己合备,11290630,沥釜2悼,2,50,2,2.5454166
9225470,201612,30503,11290,己合备,11290630,沥釜2悼,2,60,2,1.64
9225575,201612,30505,11290,己合备,11290630,沥釜2悼,1,0,2,1.9315
9225582,201612,30505,11290,己合备,11290630,沥釜2悼,1,10,2,0.066
9225596,201612,30505,11290,己合备,11290630,沥釜2悼,1,30,2,0.362125
9225603,201612,30505,11290,己合备,11290630,沥釜2悼,1,40,2,0.693875
9225610,201612,30505,11290,己合备,11290630,沥釜2悼,1,50,2,0.561625
9225617,201612,30505,11290,己合备,11290630,沥釜2悼,1,60,2,0.247875
9225624,201612,30505,11290,己合备,11290630,沥釜2悼,2,0,2,0.5675
9225645,201612,30505,11290,己合备,11290630,沥釜2悼,2,30,2,0.121875
9225652,201612,30505,11290,己合备,11290630,沥釜2悼,2,40,2,0.161875
9225659,201612,30505,11290,己合备,11290630,沥釜2悼,2,50,2,0.2025
9225666,201612,30505,11290,己合备,11290630,沥釜2悼,2,60,2,0.08125
9225673,201612,30506,11290,己合备,11290630,沥釜2悼,1,0,2,0.952
9225694,201612,30506,11290,己合备,11290630,沥釜2悼,1,30,2,0.068
9225701,201612,30506,11290,己合备,11290630,沥釜2悼,1,40,2,0.476
9225708,201612,30506,11290,己合备,11290630,沥釜2悼,1,50,2,0.34
9225715,201612,30506,11290,己合备,11290630,沥釜2悼,1,60,2,0.068
9227927,201612,30530,11290,己合备,11290630,沥釜2悼,1,0,2,0.68666667
9227948,201612,30530,11290,己合备,11290630,沥釜2悼,1,30,2,0.037666667
9227955,201612,30530,11290,己合备,11290630,沥釜2悼,1,40,2,0.33233333
9227962,201612,30530,11290,己合备,11290630,沥釜2悼,1,50,2,0.279
9227969,201612,30530,11290,己合备,11290630,沥釜2悼,1,60,2,0.037666667
9228025,201612,30532,11290,己合备,11290640,沥釜3悼,1,0,2,0.085
9228060,201612,30532,11290,己合备,11290640,沥釜3悼,1,50,2,0.085
9228319,201612,30535,11290,己合备,11290640,沥釜3悼,1,0,2,0.13516666
9228347,201612,30535,11290,己合备,11290640,沥釜3悼,1,40,2,0.025166666
9228354,201612,30535,11290,己合备,11290640,沥釜3悼,1,50,2,0.11
9229495,201612,30550,11290,己合备,11290640,沥釜3悼,1,0,2,0.38844445
9229509,201612,30550,11290,己合备,11290640,沥釜3悼,1,20,2,0.17944445
9229523,201612,30550,11290,己合备,11290640,沥釜3悼,1,40,2,0.082333334
9229530,201612,30550,11290,己合备,11290640,沥釜3悼,1,50,2,0.076
9229537,201612,30550,11290,己合备,11290640,沥釜3悼,1,60,2,0.050666668
9229544,201612,30550,11290,己合备,11290640,沥釜3悼,2,0,2,0.015555556
9229579,201612,30550,11290,己合备,11290640,沥釜3悼,2,50,2,0.015555556
9230671,201612,30564,11290,己合备,11290640,沥釜3悼,1,0,2,0.252
9230685,201612,30564,11290,己合备,11290640,沥釜3悼,1,20,2,0.252
9230769,201612,30565,11290,己合备,11290640,沥釜3悼,1,0,2,0.192
9230783,201612,30565,11290,己合备,11290640,沥釜3悼,1,20,2,0.192
9231553,201612,30576,11290,己合备,11290640,沥釜3悼,1,0,2,2.0833333
9231581,201612,30576,11290,己合备,11290640,沥釜3悼,1,40,2,0.80866665
9231588,201612,30576,11290,己合备,11290640,沥釜3悼,1,50,2,0.7773333
9231595,201612,30576,11290,己合备,11290640,沥釜3悼,1,60,2,0.49733335
9231602,201612,30576,11290,己合备,11290640,沥釜3悼,2,0,2,0.15375
9231637,201612,30576,11290,己合备,11290640,沥釜3悼,2,50,2,0.15375
9234591,201612,30606,11290,己合备,11290630,沥釜2悼,1,0,2,26.46075
9234598,201612,30606,11290,己合备,11290630,沥釜2悼,1,10,2,0.58625
9234605,201612,30606,11290,己合备,11290630,沥釜2悼,1,20,2,0.14175
9234612,201612,30606,11290,己合备,11290630,沥釜2悼,1,30,2,5.1475
9234619,201612,30606,11290,己合备,11290630,沥釜2悼,1,40,2,6.64975
9234626,201612,30606,11290,己合备,11290630,沥釜2悼,1,50,2,6.76825
9234633,201612,30606,11290,己合备,11290630,沥釜2悼,1,60,2,7.16725
9234640,201612,30606,11290,己合备,11290630,沥釜2悼,2,0,2,14.75375
9234654,201612,30606,11290,己合备,11290630,沥釜2悼,2,20,2,0.106875
9234661,201612,30606,11290,己合备,11290630,沥釜2悼,2,30,2,2.063125
9234668,201612,30606,11290,己合备,11290630,沥釜2悼,2,40,2,3.855625
9234675,201612,30606,11290,己合备,11290630,沥釜2悼,2,50,2,4.635625
9234682,201612,30606,11290,己合备,11290630,沥釜2悼,2,60,2,4.0925
9235669,201612,30618,11290,己合备,11290640,沥釜3悼,1,0,2,1.0857143
9235697,201612,30618,11290,己合备,11290640,沥釜3悼,1,40,2,0.428
9235704,201612,30618,11290,己合备,11290640,沥釜3悼,1,50,2,0.39485714
9235711,201612,30618,11290,己合备,11290640,沥釜3悼,1,60,2,0.26285714
9235718,201612,30618,11290,己合备,11290640,沥釜3悼,2,0,2,0.08107143
9235753,201612,30618,11290,己合备,11290640,沥釜3悼,2,50,2,0.08107143
9235767,201612,30619,11290,己合备,11290640,沥釜3悼,1,0,2,1.2515
9235795,201612,30619,11290,己合备,11290640,沥釜3悼,1,40,2,0.4925
9235802,201612,30619,11290,己合备,11290640,沥釜3悼,1,50,2,0.455
9235809,201612,30619,11290,己合备,11290640,沥釜3悼,1,60,2,0.304
9235816,201612,30619,11290,己合备,11290640,沥釜3悼,2,0,2,0.09375
9235851,201612,30619,11290,己合备,11290640,沥釜3悼,2,50,2,0.09375
9237825,201612,30640,11290,己合备,11290640,沥釜3悼,1,0,2,1.8158572
9237853,201612,30640,11290,己合备,11290640,沥釜3悼,1,40,2,0.7062857
9237860,201612,30640,11290,己合备,11290640,沥釜3悼,1,50,2,0.67414284
9237867,201612,30640,11290,己合备,11290640,沥釜3悼,1,60,2,0.43542856
9237874,201612,30640,11290,己合备,11290640,沥釜3悼,2,0,2,0.13357143
9237909,201612,30640,11290,己合备,11290640,沥釜3悼,2,50,2,0.13357143
9240275,201612,30664,11290,己合备,11290640,沥釜3悼,1,0,2,2.7538
9240303,201612,30664,11290,己合备,11290640,沥釜3悼,1,40,2,1.0838
9240310,201612,30664,11290,己合备,11290640,沥釜3悼,1,50,2,1.0012
9240317,201612,30664,11290,己合备,11290640,沥釜3悼,1,60,2,0.6688
9240324,201612,30664,11290,己合备,11290640,沥釜3悼,2,0,2,0.206
9240359,201612,30664,11290,己合备,11290640,沥釜3悼,2,50,2,0.206
9244783,201612,30709,11290,己合备,11290630,沥釜2悼,1,0,2,22.109667
9244790,201612,30709,11290,己合备,11290630,沥釜2悼,1,10,2,1.378
9244804,201612,30709,11290,己合备,11290630,沥釜2悼,1,30,2,5.126333
9244811,201612,30709,11290,己合备,11290630,沥釜2悼,1,40,2,8.314667
9244818,201612,30709,11290,己合备,11290630,沥釜2悼,1,50,2,4.9496665
9244825,201612,30709,11290,己合备,11290630,沥釜2悼,1,60,2,2.341
9244832,201612,30709,11290,己合备,11290630,沥釜2悼,2,0,2,10.3225
9244853,201612,30709,11290,己合备,11290630,沥釜2悼,2,30,2,2.4675
9244860,201612,30709,11290,己合备,11290630,沥釜2悼,2,40,2,4.0216665
9244867,201612,30709,11290,己合备,11290630,沥釜2悼,2,50,2,2.5208333
9244874,201612,30709,11290,己合备,11290630,沥釜2悼,2,60,2,1.3125
9245175,201612,30712,11290,己合备,11290630,沥釜2悼,1,0,2,4.294
9245196,201612,30712,11290,己合备,11290630,沥釜2悼,1,30,2,0.7562
9245203,201612,30712,11290,己合备,11290630,沥釜2悼,1,40,2,1.5358
9245210,201612,30712,11290,己合备,11290630,沥釜2悼,1,50,2,1.461
9245217,201612,30712,11290,己合备,11290630,沥釜2悼,1,60,2,0.541
9245224,201612,30712,11290,己合备,11290630,沥釜2悼,2,0,2,1.061
9245245,201612,30712,11290,己合备,11290630,沥釜2悼,2,30,2,0.177
9245252,201612,30712,11290,己合备,11290630,沥釜2悼,2,40,2,0.4415
9245259,201612,30712,11290,己合备,11290630,沥釜2悼,2,50,2,0.3535
9245266,201612,30712,11290,己合备,11290630,沥釜2悼,2,60,2,0.089
9246547,201612,30726,11290,己合备,11290630,沥釜2悼,1,0,2,23.792166
9246554,201612,30726,11290,己合备,11290630,沥釜2悼,1,10,2,0.52166665
9246561,201612,30726,11290,己合备,11290630,沥釜2悼,1,20,2,0.0945
9246568,201612,30726,11290,己合备,11290630,沥釜2悼,1,30,2,4.6173334
9246575,201612,30726,11290,己合备,11290630,沥釜2悼,1,40,2,6.0361667
9246582,201612,30726,11290,己合备,11290630,沥釜2悼,1,50,2,6.1101665
9246589,201612,30726,11290,己合备,11290630,沥釜2悼,1,60,2,6.4123335
9246596,201612,30726,11290,己合备,11290630,沥釜2悼,2,0,2,12.957916
9246610,201612,30726,11290,己合备,11290630,沥釜2悼,2,20,2,0.07125
9246617,201612,30726,11290,己合备,11290630,沥釜2悼,2,30,2,1.8120834
9246624,201612,30726,11290,己合备,11290630,沥釜2悼,2,40,2,3.405
9246631,201612,30726,11290,己合备,11290630,沥釜2悼,2,50,2,4.1
9246638,201612,30726,11290,己合备,11290630,沥釜2悼,2,60,2,3.5695834
9249683,201612,30756,11290,己合备,11290640,沥釜3悼,1,0,2,0.053
9249718,201612,30756,11290,己合备,11290640,沥釜3悼,1,50,2,0.053
9249781,201612,30757,11290,己合备,11290640,沥釜3悼,1,0,2,0.048
9249816,201612,30757,11290,己合备,11290640,沥釜3悼,1,50,2,0.048
9251643,201612,30777,11290,己合备,11290640,沥釜3悼,1,0,2,0.8237
9251657,201612,30777,11290,己合备,11290640,沥釜3悼,1,20,2,0.3581
9251664,201612,30777,11290,己合备,11290640,沥釜3悼,1,30,2,0.3492
9251671,201612,30777,11290,己合备,11290640,沥釜3悼,1,40,2,0.1164
9251692,201612,30777,11290,己合备,11290640,沥釜3悼,2,0,2,0.2865
9251706,201612,30777,11290,己合备,11290640,沥釜3悼,2,20,2,0.172
9251713,201612,30777,11290,己合备,11290640,沥釜3悼,2,30,2,0.1145
9252427,201612,30784,11290,己合备,11290630,沥釜2悼,1,0,2,1.9455
9252434,201612,30784,11290,己合备,11290630,沥釜2悼,1,10,2,0.0375
9252448,201612,30784,11290,己合备,11290630,沥釜2悼,1,30,2,0.26833335
9252455,201612,30784,11290,己合备,11290630,沥釜2悼,1,40,2,0.78566664
9252462,201612,30784,11290,己合备,11290630,沥釜2悼,1,50,2,0.69166666
9252469,201612,30784,11290,己合备,11290630,沥釜2悼,1,60,2,0.16233334
9252476,201612,30784,11290,己合备,11290630,沥釜2悼,2,0,2,0.39
9252497,201612,30784,11290,己合备,11290630,沥釜2悼,2,30,2,0.09291667
9252504,201612,30784,11290,己合备,11290630,沥釜2悼,2,40,2,0.14875
9252511,201612,30784,11290,己合备,11290630,沥釜2悼,2,50,2,0.09291667
9252518,201612,30784,11290,己合备,11290630,沥釜2悼,2,60,2,0.055416666
9252525,201612,30785,11290,己合备,11290630,沥釜2悼,1,0,2,0.952
9252546,201612,30785,11290,己合备,11290630,沥釜2悼,1,30,2,0.045
9252553,201612,30785,11290,己合备,11290630,沥釜2悼,1,40,2,0.453
9252560,201612,30785,11290,己合备,11290630,沥釜2悼,1,50,2,0.409
9252567,201612,30785,11290,己合备,11290630,沥釜2悼,1,60,2,0.045
9254387,201612,30802,11290,己合备,11290630,沥釜2悼,1,0,2,22.713
9254394,201612,30802,11290,己合备,11290630,沥釜2悼,1,10,2,0.225
9254408,201612,30802,11290,己合备,11290630,沥釜2悼,1,30,2,3.626
9254415,201612,30802,11290,己合备,11290630,沥釜2悼,1,40,2,6.302
9254422,201612,30802,11290,己合备,11290630,沥釜2悼,1,50,2,6.439
9254429,201612,30802,11290,己合备,11290630,沥釜2悼,1,60,2,6.121
9254436,201612,30802,11290,己合备,11290630,沥釜2悼,2,0,2,11.3675
9254457,201612,30802,11290,己合备,11290630,沥釜2悼,2,30,2,1.115
9254464,201612,30802,11290,己合备,11290630,沥釜2悼,2,40,2,3.01
9254471,201612,30802,11290,己合备,11290630,沥釜2悼,2,50,2,4.01
9254478,201612,30802,11290,己合备,11290630,沥釜2悼,2,60,2,3.2325
9254485,201612,30803,11290,己合备,11290630,沥釜2悼,1,0,2,29.1695
9254492,201612,30803,11290,己合备,11290630,沥釜2悼,1,10,2,0.3475
9254506,201612,30803,11290,己合备,11290630,沥釜2悼,1,30,2,4.915
9254513,201612,30803,11290,己合备,11290630,沥釜2悼,1,40,2,7.898
9254520,201612,30803,11290,己合备,11290630,沥釜2悼,1,50,2,8.0135
9254527,201612,30803,11290,己合备,11290630,沥釜2悼,1,60,2,7.9955
9254534,201612,30803,11290,己合备,11290630,沥釜2悼,2,0,2,14.61
9254555,201612,30803,11290,己合备,11290630,沥釜2悼,2,30,2,1.51375
9254562,201612,30803,11290,己合备,11290630,沥釜2悼,2,40,2,3.92
9254569,201612,30803,11290,己合备,11290630,沥釜2悼,2,50,2,5.0375
9254576,201612,30803,11290,己合备,11290630,沥釜2悼,2,60,2,4.13875
9255367,201612,30813,11290,己合备,11290630,沥釜2悼,1,0,2,9.843
9255388,201612,30813,11290,己合备,11290630,沥釜2悼,1,30,2,1.241
9255395,201612,30813,11290,己合备,11290630,沥釜2悼,1,40,2,2.958
9255402,201612,30813,11290,己合备,11290630,沥釜2悼,1,50,2,2.958
9255409,201612,30813,11290,己合备,11290630,沥釜2悼,1,60,2,2.686
9255416,201612,30813,11290,己合备,11290630,沥釜2悼,2,0,2,4.5625
9255437,201612,30813,11290,己合备,11290630,沥釜2悼,2,30,2,0.2525
9255444,201612,30813,11290,己合备,11290630,沥釜2悼,2,40,2,1.1725
9255451,201612,30813,11290,己合备,11290630,沥釜2悼,2,50,2,1.715
9255458,201612,30813,11290,己合备,11290630,沥釜2悼,2,60,2,1.4225
9255465,201612,30814,11290,己合备,11290630,沥釜2悼,1,0,2,1.6778
9255486,201612,30814,11290,己合备,11290630,沥釜2悼,1,30,2,0.1134
9255493,201612,30814,11290,己合备,11290630,沥釜2悼,1,40,2,0.8342
9255500,201612,30814,11290,己合备,11290630,沥釜2悼,1,50,2,0.6168
9255507,201612,30814,11290,己合备,11290630,沥釜2悼,1,60,2,0.1134
9255563,201612,30815,11290,己合备,11290630,沥釜2悼,1,0,2,2.5686667
9255584,201612,30815,11290,己合备,11290630,沥釜2悼,1,30,2,0.12066667
9255591,201612,30815,11290,己合备,11290630,沥釜2悼,1,40,2,1.0123333
9255598,201612,30815,11290,己合备,11290630,沥釜2悼,1,50,2,0.982
9255605,201612,30815,11290,己合备,11290630,沥釜2悼,1,60,2,0.45366666
9255612,201612,30815,11290,己合备,11290630,沥釜2悼,2,0,2,0.37166667
9255640,201612,30815,11290,己合备,11290630,沥釜2悼,2,40,2,0.0375
9255647,201612,30815,11290,己合备,11290630,沥釜2悼,2,50,2,0.18583333
9255654,201612,30815,11290,己合备,11290630,沥釜2悼,2,60,2,0.14833333
9255857,201612,30818,11290,己合备,11290630,沥釜2悼,1,0,2,10.1445
9255864,201612,30818,11290,己合备,11290630,沥釜2悼,1,10,2,0.085
9255871,201612,30818,11290,己合备,11290630,沥釜2悼,1,20,2,0.102
9255878,201612,30818,11290,己合备,11290630,沥釜2悼,1,30,2,1.6275
9255885,201612,30818,11290,己合备,11290630,沥釜2悼,1,40,2,2.8965
9255892,201612,30818,11290,己合备,11290630,沥釜2悼,1,50,2,2.7365
9255899,201612,30818,11290,己合备,11290630,沥釜2悼,1,60,2,2.697
9255906,201612,30818,11290,己合备,11290630,沥釜2悼,2,0,2,5.23
9255920,201612,30818,11290,己合备,11290630,沥釜2悼,2,20,2,0.0425
9255927,201612,30818,11290,己合备,11290630,沥釜2悼,2,30,2,0.53125
9255934,201612,30818,11290,己合备,11290630,沥釜2悼,2,40,2,1.38125
9255941,201612,30818,11290,己合备,11290630,沥釜2悼,2,50,2,1.7975
9255948,201612,30818,11290,己合备,11290630,沥釜2悼,2,60,2,1.4775
9256151,201612,30820,11290,己合备,11290630,沥釜2悼,1,0,2,0.462
9256179,201612,30820,11290,己合备,11290630,沥釜2悼,1,40,2,0.198
9256186,201612,30820,11290,己合备,11290630,沥釜2悼,1,50,2,0.264
9257229,201612,30830,11290,己合备,11290640,沥釜3悼,1,0,2,1.513
9257243,201612,30830,11290,己合备,11290640,沥釜3悼,1,20,2,0.537
9257250,201612,30830,11290,己合备,11290640,沥釜3悼,1,30,2,0.19538462
9257257,201612,30830,11290,己合备,11290640,沥釜3悼,1,40,2,0.48784617
9257264,201612,30830,11290,己合备,11290640,沥釜3悼,1,50,2,0.29276922
9257915,201612,30838,11290,己合备,11290630,沥釜2悼,1,0,2,4.073
9257922,201612,30838,11290,己合备,11290630,沥釜2悼,1,10,2,0.16
9257936,201612,30838,11290,己合备,11290630,沥釜2悼,1,30,2,0.923
9257943,201612,30838,11290,己合备,11290630,沥釜2悼,1,40,2,1.334
9257950,201612,30838,11290,己合备,11290630,沥釜2悼,1,50,2,1.176
9257957,201612,30838,11290,己合备,11290630,沥釜2悼,1,60,2,0.48
9257964,201612,30838,11290,己合备,11290630,沥釜2悼,2,0,2,1.64
9257985,201612,30838,11290,己合备,11290630,沥釜2悼,2,30,2,0.39
9257992,201612,30838,11290,己合备,11290630,沥釜2悼,2,40,2,0.625
9257999,201612,30838,11290,己合备,11290630,沥釜2悼,2,50,2,0.39
9258006,201612,30838,11290,己合备,11290630,沥釜2悼,2,60,2,0.235
9258013,201612,30839,11290,己合备,11290630,沥釜2悼,1,0,2,1.8838333
9258020,201612,30839,11290,己合备,11290630,沥釜2悼,1,10,2,0.0375
9258034,201612,30839,11290,己合备,11290630,沥釜2悼,1,30,2,0.33816665
9258041,201612,30839,11290,己合备,11290630,沥釜2悼,1,40,2,0.6623333
9258048,201612,30839,11290,己合备,11290630,沥釜2悼,1,50,2,0.6475
9258055,201612,30839,11290,己合备,11290630,沥釜2悼,1,60,2,0.19833334
9258062,201612,30839,11290,己合备,11290630,沥釜2悼,2,0,2,0.5575
9258083,201612,30839,11290,己合备,11290630,沥釜2悼,2,30,2,0.12083333
9258090,201612,30839,11290,己合备,11290630,沥釜2悼,2,40,2,0.21833333
9258097,201612,30839,11290,己合备,11290630,沥釜2悼,2,50,2,0.14875
9258104,201612,30839,11290,己合备,11290630,沥釜2悼,2,60,2,0.069583334
9260757,201612,30868,11290,己合备,11290640,沥釜3悼,1,0,2,0.716
9260771,201612,30868,11290,己合备,11290640,沥釜3悼,1,20,2,0.1652
9260778,201612,30868,11290,己合备,11290640,沥釜3悼,1,30,2,0.4126
9260785,201612,30868,11290,己合备,11290640,沥釜3悼,1,40,2,0.1382
9260806,201612,30868,11290,己合备,11290640,沥釜3悼,2,0,2,0.3395
9260820,201612,30868,11290,己合备,11290640,沥釜3悼,2,20,2,0.2035
9260827,201612,30868,11290,己合备,11290640,沥釜3悼,2,30,2,0.136
9262521,201612,30884,11290,己合备,11290630,沥釜2悼,1,0,2,21.9845
9262528,201612,30884,11290,己合备,11290630,沥釜2悼,1,10,2,0.34
9262535,201612,30884,11290,己合备,11290630,沥釜2悼,1,20,2,0.271
9262542,201612,30884,11290,己合备,11290630,沥釜2悼,1,30,2,3.921
9262549,201612,30884,11290,己合备,11290630,沥釜2悼,1,40,2,5.938
9262556,201612,30884,11290,己合备,11290630,沥釜2悼,1,50,2,5.598
9262563,201612,30884,11290,己合备,11290630,沥釜2悼,1,60,2,5.9165
9262570,201612,30884,11290,己合备,11290630,沥釜2悼,2,0,2,11.92125
9262584,201612,30884,11290,己合备,11290630,沥釜2悼,2,20,2,0.1125
9262591,201612,30884,11290,己合备,11290630,沥釜2悼,2,30,2,1.50625
9262598,201612,30884,11290,己合备,11290630,沥釜2悼,2,40,2,3.12
9262605,201612,30884,11290,己合备,11290630,沥釜2悼,2,50,2,3.95125
9262612,201612,30884,11290,己合备,11290630,沥釜2悼,2,60,2,3.23125
9262619,201612,30885,11290,己合备,11290630,沥釜2悼,1,0,2,25.041
9262626,201612,30885,11290,己合备,11290630,沥釜2悼,1,10,2,0.34
9262633,201612,30885,11290,己合备,11290630,沥釜2悼,1,20,2,0.102
9262640,201612,30885,11290,己合备,11290630,沥釜2悼,1,30,2,4.318
9262647,201612,30885,11290,己合备,11290630,沥釜2悼,1,40,2,6.749
9262654,201612,30885,11290,己合备,11290630,沥釜2悼,1,50,2,6.715
9262661,201612,30885,11290,己合备,11290630,沥釜2悼,1,60,2,6.817
9262668,201612,30885,11290,己合备,11290630,沥釜2悼,2,0,2,13.37875
9262682,201612,30885,11290,己合备,11290630,沥釜2悼,2,20,2,0.0425
9262689,201612,30885,11290,己合备,11290630,沥釜2悼,2,30,2,1.50875
9262696,201612,30885,11290,己合备,11290630,沥釜2悼,2,40,2,3.5525
9262703,201612,30885,11290,己合备,11290630,沥釜2悼,2,50,2,4.55375
9262710,201612,30885,11290,己合备,11290630,沥釜2悼,2,60,2,3.72125
9263697,201612,30896,11290,己合备,11290630,沥釜2悼,1,0,2,0.952
9263718,201612,30896,11290,己合备,11290630,沥釜2悼,1,30,2,0.045
9263725,201612,30896,11290,己合备,11290630,沥釜2悼,1,40,2,0.453
9263732,201612,30896,11290,己合备,11290630,沥釜2悼,1,50,2,0.409
9263739,201612,30896,11290,己合备,11290630,沥釜2悼,1,60,2,0.045
9264677,201612,30906,11290,己合备,11290630,沥釜2悼,1,0,2,5.9006667
9264684,201612,30906,11290,己合备,11290630,沥釜2悼,1,10,2,0.20666666
9264698,201612,30906,11290,己合备,11290630,沥釜2悼,1,30,2,1.2473333
9264705,201612,30906,11290,己合备,11290630,沥釜2悼,1,40,2,2.036
9264712,201612,30906,11290,己合备,11290630,沥釜2悼,1,50,2,1.746
9264719,201612,30906,11290,己合备,11290630,沥釜2悼,1,60,2,0.66466665
9264726,201612,30906,11290,己合备,11290630,沥釜2悼,2,0,2,2.1466668
9264747,201612,30906,11290,己合备,11290630,沥釜2悼,2,30,2,0.51166666
9264754,201612,30906,11290,己合备,11290630,沥釜2悼,2,40,2,0.8183333
9264761,201612,30906,11290,己合备,11290630,沥釜2悼,2,50,2,0.51166666
9264768,201612,30906,11290,己合备,11290630,沥釜2悼,2,60,2,0.305
9266049,201612,30921,11290,己合备,11290630,沥釜2悼,1,0,2,4.828
9266056,201612,30921,11290,己合备,11290630,沥釜2悼,1,10,2,0.17
9266070,201612,30921,11290,己合备,11290630,沥釜2悼,1,30,2,1.02
9266077,201612,30921,11290,己合备,11290630,沥釜2悼,1,40,2,1.666
9266084,201612,30921,11290,己合备,11290630,沥釜2悼,1,50,2,1.428
9266091,201612,30921,11290,己合备,11290630,沥釜2悼,1,60,2,0.544
9266098,201612,30921,11290,己合备,11290630,沥釜2悼,2,0,2,1.76
9266119,201612,30921,11290,己合备,11290630,沥釜2悼,2,30,2,0.42
9266126,201612,30921,11290,己合备,11290630,沥釜2悼,2,40,2,0.67
9266133,201612,30921,11290,己合备,11290630,沥釜2悼,2,50,2,0.42
9266140,201612,30921,11290,己合备,11290630,沥釜2悼,2,60,2,0.25
9266931,201612,30930,11290,己合备,11290630,沥釜2悼,1,0,2,6.4066668
9266938,201612,30930,11290,己合备,11290630,沥釜2悼,1,10,2,0.1
9266952,201612,30930,11290,己合备,11290630,沥釜2悼,1,30,2,1.2653333
9266959,201612,30930,11290,己合备,11290630,沥釜2悼,1,40,2,2.396
9266966,201612,30930,11290,己合备,11290630,沥釜2悼,1,50,2,1.922
9266973,201612,30930,11290,己合备,11290630,沥釜2悼,1,60,2,0.72333336
9266980,201612,30930,11290,己合备,11290630,沥釜2悼,2,0,2,1.5525
9267001,201612,30930,11290,己合备,11290630,沥釜2悼,2,30,2,0.28333333
9267008,201612,30930,11290,己合备,11290630,沥釜2悼,2,40,2,0.685
9267015,201612,30930,11290,己合备,11290630,沥釜2悼,2,50,2,0.4675
9267022,201612,30930,11290,己合备,11290630,沥釜2悼,2,60,2,0.11666667
9267323,201612,30934,11290,己合备,11290640,沥釜3悼,1,0,2,0.028666666
9267358,201612,30934,11290,己合备,11290640,沥釜3悼,1,50,2,0.028666666
9267813,201612,30939,11290,己合备,11290630,沥釜2悼,1,0,2,22.713
9267820,201612,30939,11290,己合备,11290630,沥釜2悼,1,10,2,0.225
9267834,201612,30939,11290,己合备,11290630,沥釜2悼,1,30,2,3.626
9267841,201612,30939,11290,己合备,11290630,沥釜2悼,1,40,2,6.302
9267848,201612,30939,11290,己合备,11290630,沥釜2悼,1,50,2,6.439
9267855,201612,30939,11290,己合备,11290630,沥釜2悼,1,60,2,6.121
9267862,201612,30939,11290,己合备,11290630,沥釜2悼,2,0,2,11.3675
9267883,201612,30939,11290,己合备,11290630,沥釜2悼,2,30,2,1.115
9267890,201612,30939,11290,己合备,11290630,沥釜2悼,2,40,2,3.01
9267897,201612,30939,11290,己合备,11290630,沥釜2悼,2,50,2,4.01
9267904,201612,30939,11290,己合备,11290630,沥釜2悼,2,60,2,3.2325
9270067,201612,30961,11290,己合备,11290630,沥釜2悼,1,0,2,0.969
9270088,201612,30961,11290,己合备,11290630,沥釜2悼,1,30,2,0.068
9270095,201612,30961,11290,己合备,11290630,沥釜2悼,1,40,2,0.476
9270102,201612,30961,11290,己合备,11290630,沥釜2悼,1,50,2,0.357
9270109,201612,30961,11290,己合备,11290630,沥釜2悼,1,60,2,0.068
9270165,201612,30962,11290,己合备,11290630,沥釜2悼,1,0,2,1.129
9270186,201612,30962,11290,己合备,11290630,沥釜2悼,1,30,2,0.0795
9270193,201612,30962,11290,己合备,11290630,沥釜2悼,1,40,2,0.5555
9270200,201612,30962,11290,己合备,11290630,沥釜2悼,1,50,2,0.4145
9270207,201612,30962,11290,己合备,11290630,沥釜2悼,1,60,2,0.0795
9273987,201612,31003,11290,己合备,11290630,沥釜2悼,1,0,2,24.31
9273994,201612,31003,11290,己合备,11290630,沥釜2悼,1,10,2,0.34
9274001,201612,31003,11290,己合备,11290630,沥釜2悼,1,20,2,0.204
9274008,201612,31003,11290,己合备,11290630,沥釜2悼,1,30,2,4.148
9274015,201612,31003,11290,己合备,11290630,沥釜2悼,1,40,2,6.63
9274022,201612,31003,11290,己合备,11290630,沥釜2悼,1,50,2,6.494
9274029,201612,31003,11290,己合备,11290630,沥釜2悼,1,60,2,6.494
9274036,201612,31003,11290,己合备,11290630,沥釜2悼,2,0,2,12.5475
9274050,201612,31003,11290,己合备,11290630,沥釜2悼,2,20,2,0.085
9274057,201612,31003,11290,己合备,11290630,沥釜2悼,2,30,2,1.51
9274064,201612,31003,11290,己合备,11290630,沥釜2悼,2,40,2,3.26
9274071,201612,31003,11290,己合备,11290630,沥釜2悼,2,50,2,4.2625
9274078,201612,31003,11290,己合备,11290630,沥釜2悼,2,60,2,3.43
9274085,201612,31004,11290,己合备,11290630,沥釜2悼,1,0,2,24.31
9274092,201612,31004,11290,己合备,11290630,沥釜2悼,1,10,2,0.34
9274099,201612,31004,11290,己合备,11290630,沥釜2悼,1,20,2,0.204
9274106,201612,31004,11290,己合备,11290630,沥釜2悼,1,30,2,4.148
9274113,201612,31004,11290,己合备,11290630,沥釜2悼,1,40,2,6.63
9274120,201612,31004,11290,己合备,11290630,沥釜2悼,1,50,2,6.494
9274127,201612,31004,11290,己合备,11290630,沥釜2悼,1,60,2,6.494
9274134,201612,31004,11290,己合备,11290630,沥釜2悼,2,0,2,12.5475
9274148,201612,31004,11290,己合备,11290630,沥釜2悼,2,20,2,0.085
9274155,201612,31004,11290,己合备,11290630,沥釜2悼,2,30,2,1.51
9274162,201612,31004,11290,己合备,11290630,沥釜2悼,2,40,2,3.26
9274169,201612,31004,11290,己合备,11290630,沥釜2悼,2,50,2,4.2625
9274176,201612,31004,11290,己合备,11290630,沥釜2悼,2,60,2,3.43
9274477,201612,31008,11290,己合备,11290630,沥釜2悼,1,0,2,0.986
9274498,201612,31008,11290,己合备,11290630,沥釜2悼,1,30,2,0.068
9274505,201612,31008,11290,己合备,11290630,沥釜2悼,1,40,2,0.476
9274512,201612,31008,11290,己合备,11290630,沥釜2悼,1,50,2,0.374
9274519,201612,31008,11290,己合备,11290630,沥釜2悼,1,60,2,0.068
9274575,201612,31009,11290,己合备,11290630,沥釜2悼,1,0,2,1.134
9274596,201612,31009,11290,己合备,11290630,沥釜2悼,1,30,2,0.068
9274603,201612,31009,11290,己合备,11290630,沥釜2悼,1,40,2,0.544
9274610,201612,31009,11290,己合备,11290630,沥釜2悼,1,50,2,0.454
9274617,201612,31009,11290,己合备,11290630,沥釜2悼,1,60,2,0.068
9276241,201612,31027,11290,己合备,11290640,沥釜3悼,1,0,2,0.27566665
9276255,201612,31027,11290,己合备,11290640,沥釜3悼,1,20,2,0.063666664
9276262,201612,31027,11290,己合备,11290640,沥釜3悼,1,30,2,0.15866667
9276269,201612,31027,11290,己合备,11290640,沥釜3悼,1,40,2,0.053333335
9276290,201612,31027,11290,己合备,11290640,沥釜3悼,2,0,2,0.13083333
9276304,201612,31027,11290,己合备,11290640,沥釜3悼,2,20,2,0.07833333
9276311,201612,31027,11290,己合备,11290640,沥釜3悼,2,30,2,0.0525
9276339,201612,31028,11290,己合备,11290640,沥釜3悼,1,0,2,1.0801333
9276346,201612,31028,11290,己合备,11290640,沥釜3悼,1,10,2,0.0176
9276353,201612,31028,11290,己合备,11290640,沥釜3悼,1,20,2,0.43846667
9276360,201612,31028,11290,己合备,11290640,沥釜3悼,1,30,2,0.34933335
9276367,201612,31028,11290,己合备,11290640,沥釜3悼,1,40,2,0.22193334
9276374,201612,31028,11290,己合备,11290640,沥釜3悼,1,50,2,0.0528
9276388,201612,31028,11290,己合备,11290640,沥釜3悼,2,0,2,0.28633332
9276402,201612,31028,11290,己合备,11290640,沥釜3悼,2,20,2,0.172
9276409,201612,31028,11290,己合备,11290640,沥釜3悼,2,30,2,0.11433333
9277809,201612,31046,11290,己合备,11290630,沥釜2悼,1,0,2,3.5365
9277816,201612,31046,11290,己合备,11290630,沥釜2悼,1,10,2,0.1125
9277830,201612,31046,11290,己合备,11290630,沥釜2悼,1,30,2,0.703
9277837,201612,31046,11290,己合备,11290630,沥釜2悼,1,40,2,1.269
9277844,201612,31046,11290,己合备,11290630,沥釜2悼,1,50,2,1.067
9277851,201612,31046,11290,己合备,11290630,沥釜2悼,1,60,2,0.385
9277858,201612,31046,11290,己合备,11290630,沥釜2悼,2,0,2,1.17
9277879,201612,31046,11290,己合备,11290630,沥釜2悼,2,30,2,0.27875
9277886,201612,31046,11290,己合备,11290630,沥釜2悼,2,40,2,0.44625
9277893,201612,31046,11290,己合备,11290630,沥釜2悼,2,50,2,0.27875
9277900,201612,31046,11290,己合备,11290630,沥釜2悼,2,60,2,0.16625
9282709,201612,31093,11290,己合备,11290630,沥釜2悼,1,0,2,12.052125
9282716,201612,31093,11290,己合备,11290630,沥釜2悼,1,10,2,0.134375
9282730,201612,31093,11290,己合备,11290630,沥釜2悼,1,30,2,1.94175
9282737,201612,31093,11290,己合备,11290630,沥釜2悼,1,40,2,3.597875
9282744,201612,31093,11290,己合备,11290630,沥釜2悼,1,50,2,3.42275
9282751,201612,31093,11290,己合备,11290630,沥釜2悼,1,60,2,2.955375
9282758,201612,31093,11290,己合备,11290630,沥釜2悼,2,0,2,5.441875
9282779,201612,31093,11290,己合备,11290630,沥釜2悼,2,30,2,0.658125
9282786,201612,31093,11290,己合备,11290630,沥釜2悼,2,40,2,1.403125
9282793,201612,31093,11290,己合备,11290630,沥釜2悼,2,50,2,1.8834375
9282800,201612,31093,11290,己合备,11290630,沥釜2悼,2,60,2,1.4971875
9284963,201612,31117,11290,己合备,11290630,沥釜2悼,1,0,2,10.1785
9284984,201612,31117,11290,己合备,11290630,沥釜2悼,1,30,2,0.531
9284991,201612,31117,11290,己合备,11290630,沥釜2悼,1,40,2,3.8965
9284998,201612,31117,11290,己合备,11290630,沥釜2悼,1,50,2,3.481
9285005,201612,31117,11290,己合备,11290630,沥釜2悼,1,60,2,2.27
9285012,201612,31117,11290,己合备,11290630,沥釜2悼,2,0,2,2.14625
9285040,201612,31117,11290,己合备,11290630,沥釜2悼,2,40,2,0.56
9285047,201612,31117,11290,己合备,11290630,沥釜2悼,2,50,2,1.02625
9285054,201612,31117,11290,己合备,11290630,沥釜2悼,2,60,2,0.56
9285061,201612,31118,11290,己合备,11290630,沥釜2悼,1,0,2,2.0759091
9285082,201612,31118,11290,己合备,11290630,沥釜2悼,1,30,2,0.09654546
9285089,201612,31118,11290,己合备,11290630,沥釜2悼,1,40,2,0.933
9285096,201612,31118,11290,己合备,11290630,沥釜2悼,1,50,2,0.63363636
9285103,201612,31118,11290,己合备,11290630,沥釜2悼,1,60,2,0.41272727
9285110,201612,31118,11290,己合备,11290630,沥釜2悼,2,0,2,0.39022726
9285138,201612,31118,11290,己合备,11290630,沥釜2悼,2,40,2,0.10181818
9285145,201612,31118,11290,己合备,11290630,沥釜2悼,2,50,2,0.18659091
9285152,201612,31118,11290,己合备,11290630,沥釜2悼,2,60,2,0.10181818
9291725,201612,31186,11290,己合备,11290630,沥釜2悼,1,0,2,0.678
9291746,201612,31186,11290,己合备,11290630,沥釜2悼,1,30,2,0.045
9291753,201612,31186,11290,己合备,11290630,沥釜2悼,1,40,2,0.317
9291760,201612,31186,11290,己合备,11290630,沥釜2悼,1,50,2,0.271
9291767,201612,31186,11290,己合备,11290630,沥釜2悼,1,60,2,0.045
9292607,201612,31195,11290,己合备,11290630,沥釜2悼,1,0,2,25.452454
9292614,201612,31195,11290,己合备,11290630,沥釜2悼,1,10,2,1.7181818
9292621,201612,31195,11290,己合备,11290630,沥釜2悼,1,20,2,1.1973636
9292628,201612,31195,11290,己合备,11290630,沥釜2悼,1,30,2,5.0886364
9292635,201612,31195,11290,己合备,11290630,沥釜2悼,1,40,2,7.804
9292642,201612,31195,11290,己合备,11290630,沥釜2悼,1,50,2,6.0128183
9292649,201612,31195,11290,己合备,11290630,沥釜2悼,1,60,2,3.6314545
9292656,201612,31195,11290,己合备,11290630,沥釜2悼,2,0,2,11.686591
9292663,201612,31195,11290,己合备,11290630,沥釜2悼,2,10,2,0.43818182
9292670,201612,31195,11290,己合备,11290630,沥釜2悼,2,20,2,0.80227274
9292677,201612,31195,11290,己合备,11290630,沥釜2悼,2,30,2,2.250909
9292684,201612,31195,11290,己合备,11290630,沥釜2悼,2,40,2,3.5465908
9292691,201612,31195,11290,己合备,11290630,沥釜2悼,2,50,2,2.9304545
9292698,201612,31195,11290,己合备,11290630,沥釜2悼,2,60,2,1.7181818
9292705,201612,31196,11290,己合备,11290630,沥釜2悼,1,0,2,8.516
9292712,201612,31196,11290,己合备,11290630,沥釜2悼,1,10,2,0.34
9292726,201612,31196,11290,己合备,11290630,沥釜2悼,1,30,2,1.982
9292733,201612,31196,11290,己合备,11290630,沥釜2悼,1,40,2,2.771
9292740,201612,31196,11290,己合备,11290630,沥釜2悼,1,50,2,2.398
9292747,201612,31196,11290,己合备,11290630,沥釜2悼,1,60,2,1.025
9292754,201612,31196,11290,己合备,11290630,沥釜2悼,2,0,2,3.585
9292775,201612,31196,11290,己合备,11290630,沥釜2悼,2,30,2,0.8525
9292782,201612,31196,11290,己合备,11290630,沥釜2悼,2,40,2,1.365
9292789,201612,31196,11290,己合备,11290630,沥釜2悼,2,50,2,0.855
9292796,201612,31196,11290,己合备,11290630,沥釜2悼,2,60,2,0.5125
9294763,201612,31216,11290,己合备,11290630,沥釜2悼,1,0,2,4.428
9294770,201612,31216,11290,己合备,11290630,沥釜2悼,1,10,2,0.152
9294784,201612,31216,11290,己合备,11290630,沥釜2悼,1,30,2,0.3775
9294791,201612,31216,11290,己合备,11290630,沥釜2悼,1,40,2,1.8925
9294798,201612,31216,11290,己合备,11290630,沥釜2悼,1,50,2,1.401
9294805,201612,31216,11290,己合备,11290630,沥釜2悼,1,60,2,0.605
9294812,201612,31216,11290,己合备,11290630,沥釜2悼,2,0,2,1.49375
9294833,201612,31216,11290,己合备,11290630,沥釜2悼,2,30,2,0.09375
9294840,201612,31216,11290,己合备,11290630,沥釜2悼,2,40,2,0.46625
9294847,201612,31216,11290,己合备,11290630,沥釜2悼,2,50,2,0.56
9294854,201612,31216,11290,己合备,11290630,沥釜2悼,2,60,2,0.37375
9294861,201612,31217,11290,己合备,11290630,沥釜2悼,1,0,2,2.438
9294868,201612,31217,11290,己合备,11290630,沥釜2悼,1,10,2,0.076
9294882,201612,31217,11290,己合备,11290630,沥釜2悼,1,30,2,0.19
9294889,201612,31217,11290,己合备,11290630,沥釜2悼,1,40,2,1.1683333
9294896,201612,31217,11290,己合备,11290630,沥釜2悼,1,50,2,0.6996667
9294903,201612,31217,11290,己合备,11290630,沥釜2悼,1,60,2,0.304
9294910,201612,31217,11290,己合备,11290630,沥釜2悼,2,0,2,0.74833333
9294931,201612,31217,11290,己合备,11290630,沥釜2悼,2,30,2,0.046666667
9294938,201612,31217,11290,己合备,11290630,沥釜2悼,2,40,2,0.23333333
9294945,201612,31217,11290,己合备,11290630,沥釜2悼,2,50,2,0.28083333
9294952,201612,31217,11290,己合备,11290630,沥釜2悼,2,60,2,0.1875
9295449,201612,31222,11290,己合备,11290630,沥釜2悼,1,0,2,34.675667
9295456,201612,31222,11290,己合备,11290630,沥釜2悼,1,10,2,0.48166665
9295463,201612,31222,11290,己合备,11290630,沥釜2悼,1,20,2,0.57766664
9295470,201612,31222,11290,己合备,11290630,沥釜2悼,1,30,2,5.732
9295477,201612,31222,11290,己合备,11290630,沥釜2悼,1,40,2,9.730667
9295484,201612,31222,11290,己合备,11290630,沥釜2悼,1,50,2,9.221666
9295491,201612,31222,11290,己合备,11290630,沥釜2悼,1,60,2,8.932
9295498,201612,31222,11290,己合备,11290630,沥釜2悼,2,0,2,16.7575
9295512,201612,31222,11290,己合备,11290630,沥釜2悼,2,20,2,0.23916666
9295519,201612,31222,11290,己合备,11290630,沥釜2悼,2,30,2,2.2225
9295526,201612,31222,11290,己合备,11290630,沥釜2悼,2,40,2,4.1566668
9295533,201612,31222,11290,己合备,11290630,沥釜2悼,2,50,2,5.705
9295540,201612,31222,11290,己合备,11290630,沥釜2悼,2,60,2,4.4341664
9295547,201612,31223,11290,己合备,11290630,沥釜2悼,1,0,2,30.475334
9295554,201612,31223,11290,己合备,11290630,沥釜2悼,1,10,2,0.50666666
9295561,201612,31223,11290,己合备,11290630,沥釜2悼,1,20,2,0.42433333
9295568,201612,31223,11290,己合备,11290630,沥釜2悼,1,30,2,5.260667
9295575,201612,31223,11290,己合备,11290630,沥釜2悼,1,40,2,8.309334
9295582,201612,31223,11290,己合备,11290630,沥釜2悼,1,50,2,8.048667
9295589,201612,31223,11290,己合备,11290630,沥釜2悼,1,60,2,7.925667
9295596,201612,31223,11290,己合备,11290630,沥釜2悼,2,0,2,15.2525
9295610,201612,31223,11290,己合备,11290630,沥釜2悼,2,20,2,0.17583333
9295617,201612,31223,11290,己合备,11290630,沥釜2悼,2,30,2,2.0966666
9295624,201612,31223,11290,己合备,11290630,沥釜2悼,2,40,2,3.8433332
9295631,201612,31223,11290,己合备,11290630,沥釜2悼,2,50,2,5.1183333
9295638,201612,31223,11290,己合备,11290630,沥釜2悼,2,60,2,4.0183334
9296625,201612,31234,11290,己合备,11290630,沥釜2悼,1,0,2,1.5348125
9296632,201612,31234,11290,己合备,11290630,沥釜2悼,1,10,2,0.0378125
9296639,201612,31234,11290,己合备,11290630,沥釜2悼,1,20,2,0.03775
9296646,201612,31234,11290,己合备,11290630,沥釜2悼,1,30,2,0.3446875
9296653,201612,31234,11290,己合备,11290630,沥釜2悼,1,40,2,0.49475
9296660,201612,31234,11290,己合备,11290630,沥釜2悼,1,50,2,0.378625
9296667,201612,31234,11290,己合备,11290630,沥釜2悼,1,60,2,0.2411875
9296674,201612,31234,11290,己合备,11290630,沥釜2悼,2,0,2,0.6979687
9296695,201612,31234,11290,己合备,11290630,沥釜2悼,2,30,2,0.1425
9296702,201612,31234,11290,己合备,11290630,沥釜2悼,2,40,2,0.23484375
9296709,201612,31234,11290,己合备,11290630,沥釜2悼,2,50,2,0.2315625
9296716,201612,31234,11290,己合备,11290630,沥釜2悼,2,60,2,0.0890625
9296821,201612,31236,11290,己合备,11290630,沥釜2悼,1,0,2,0.24875
9296842,201612,31236,11290,己合备,11290630,沥釜2悼,1,30,2,0.01125
9296849,201612,31236,11290,己合备,11290630,沥釜2悼,1,40,2,0.07925
9296856,201612,31236,11290,己合备,11290630,沥釜2悼,1,50,2,0.147
9296863,201612,31236,11290,己合备,11290630,沥釜2悼,1,60,2,0.01125
9301035,201612,31281,11290,己合备,11290630,沥釜2悼,1,0,2,8.07875
9301042,201612,31281,11290,己合备,11290630,沥釜2悼,1,10,2,0.20975
9301049,201612,31281,11290,己合备,11290630,沥釜2悼,1,20,2,0.697
9301056,201612,31281,11290,己合备,11290630,沥釜2悼,1,30,2,1.56625
9301063,201612,31281,11290,己合备,11290630,沥釜2悼,1,40,2,2.02
9301070,201612,31281,11290,己合备,11290630,沥釜2悼,1,50,2,1.84525
9301077,201612,31281,11290,己合备,11290630,沥釜2悼,1,60,2,1.7405
9301084,201612,31281,11290,己合备,11290630,沥釜2悼,2,0,2,3.86125
9301098,201612,31281,11290,己合备,11290630,沥釜2悼,2,20,2,0.085625
9301105,201612,31281,11290,己合备,11290630,沥釜2悼,2,30,2,0.686875
9301112,201612,31281,11290,己合备,11290630,沥釜2悼,2,40,2,0.944375
9301119,201612,31281,11290,己合备,11290630,沥釜2悼,2,50,2,1.200625
9301126,201612,31281,11290,己合备,11290630,沥釜2悼,2,60,2,0.94375
9304661,201612,31315,11290,己合备,11290630,沥釜2悼,1,0,2,27.216
9304668,201612,31315,11290,己合备,11290630,沥釜2悼,1,10,2,0.405
9304675,201612,31315,11290,己合备,11290630,沥釜2悼,1,20,2,0.486
9304682,201612,31315,11290,己合备,11290630,沥釜2悼,1,30,2,4.536
9304689,201612,31315,11290,己合备,11290630,沥釜2悼,1,40,2,7.614
9304696,201612,31315,11290,己合备,11290630,沥釜2悼,1,50,2,7.209
9304703,201612,31315,11290,己合备,11290630,沥釜2悼,1,60,2,6.966
9304710,201612,31315,11290,己合备,11290630,沥釜2悼,2,0,2,13.1075
9304724,201612,31315,11290,己合备,11290630,沥釜2悼,2,20,2,0.2
9304731,201612,31315,11290,己合备,11290630,沥釜2悼,2,30,2,1.8125
9304738,201612,31315,11290,己合备,11290630,沥釜2悼,2,40,2,3.225
9304745,201612,31315,11290,己合备,11290630,沥釜2悼,2,50,2,4.4425
9304752,201612,31315,11290,己合备,11290630,沥釜2悼,2,60,2,3.4275
9306327,201612,31330,11290,己合备,11290630,沥釜2悼,1,0,2,0.068
9306362,201612,31330,11290,己合备,11290630,沥釜2悼,1,50,2,0.068
9307895,201612,31347,11290,己合备,11290630,沥釜2悼,1,0,2,0.26366666
9307916,201612,31347,11290,己合备,11290630,沥釜2悼,1,30,2,0.015
9307923,201612,31347,11290,己合备,11290630,沥釜2悼,1,40,2,0.10566667
9307930,201612,31347,11290,己合备,11290630,沥釜2悼,1,50,2,0.128
9307937,201612,31347,11290,己合备,11290630,沥釜2悼,1,60,2,0.015
9308581,201612,31354,11290,己合备,11290630,沥釜2悼,1,0,2,8.5055
9308588,201612,31354,11290,己合备,11290630,沥釜2悼,1,10,2,0.35
9308602,201612,31354,11290,己合备,11290630,沥釜2悼,1,30,2,2.04
9308609,201612,31354,11290,己合备,11290630,沥釜2悼,1,40,2,2.7405
9308616,201612,31354,11290,己合备,11290630,沥釜2悼,1,50,2,2.32
9308623,201612,31354,11290,己合备,11290630,沥釜2悼,1,60,2,1.055
9308630,201612,31354,11290,己合备,11290630,沥釜2悼,2,0,2,3.69
9308651,201612,31354,11290,己合备,11290630,沥釜2悼,2,30,2,0.8775
9308658,201612,31354,11290,己合备,11290630,沥釜2悼,2,40,2,1.405
9308665,201612,31354,11290,己合备,11290630,沥釜2悼,2,50,2,0.88
9308672,201612,31354,11290,己合备,11290630,沥釜2悼,2,60,2,0.5275
9308679,201612,31355,11290,己合备,11290630,沥釜2悼,1,0,2,5.6127143
9308686,201612,31355,11290,己合备,11290630,沥釜2悼,1,10,2,0.22357143
9308700,201612,31355,11290,己合备,11290630,沥釜2悼,1,30,2,1.3052857
9308707,201612,31355,11290,己合备,11290630,沥釜2悼,1,40,2,1.8264285
9308714,201612,31355,11290,己合备,11290630,沥釜2悼,1,50,2,1.5824286
9308721,201612,31355,11290,己合备,11290630,沥釜2悼,1,60,2,0.675
9308728,201612,31355,11290,己合备,11290630,沥釜2悼,2,0,2,2.3285713
9308749,201612,31355,11290,己合备,11290630,沥釜2悼,2,30,2,0.555
9308756,201612,31355,11290,己合备,11290630,沥釜2悼,2,40,2,0.8875
9308763,201612,31355,11290,己合备,11290630,沥釜2悼,2,50,2,0.55464286
9308770,201612,31355,11290,己合备,11290630,沥釜2悼,2,60,2,0.33142856
9313873,201612,31404,11290,己合备,11290630,沥釜2悼,1,0,2,6.405
9313880,201612,31404,11290,己合备,11290630,沥釜2悼,1,10,2,0.265
9313894,201612,31404,11290,己合备,11290630,沥釜2悼,1,30,2,1.535
9313901,201612,31404,11290,己合备,11290630,沥釜2悼,1,40,2,2.0635
9313908,201612,31404,11290,己合备,11290630,沥釜2悼,1,50,2,1.7465
9313915,201612,31404,11290,己合备,11290630,沥釜2悼,1,60,2,0.795
9313922,201612,31404,11290,己合备,11290630,沥釜2悼,2,0,2,2.725
9313943,201612,31404,11290,己合备,11290630,沥釜2悼,2,30,2,0.65125
9313950,201612,31404,11290,己合备,11290630,沥釜2悼,2,40,2,1.0375
9313957,201612,31404,11290,己合备,11290630,沥釜2悼,2,50,2,0.6475
9313964,201612,31404,11290,己合备,11290630,沥釜2悼,2,60,2,0.38875
9313971,201612,31405,11290,己合备,11290630,沥釜2悼,1,0,2,5.8334
9313978,201612,31405,11290,己合备,11290630,沥釜2悼,1,10,2,0.226
9313992,201612,31405,11290,己合备,11290630,沥釜2悼,1,30,2,1.3284
9313999,201612,31405,11290,己合备,11290630,沥釜2悼,1,40,2,1.9306
9314006,201612,31405,11290,己合备,11290630,沥釜2悼,1,50,2,1.6548
9314013,201612,31405,11290,己合备,11290630,沥釜2悼,1,60,2,0.6936
9314020,201612,31405,11290,己合备,11290630,沥釜2悼,2,0,2,2.3425
9314041,201612,31405,11290,己合备,11290630,沥釜2悼,2,30,2,0.5585
9314048,201612,31405,11290,己合备,11290630,沥釜2悼,2,40,2,0.8925
9314055,201612,31405,11290,己合备,11290630,沥釜2悼,2,50,2,0.558
9314062,201612,31405,11290,己合备,11290630,沥釜2悼,2,60,2,0.3335
9317597,201612,31441,11290,己合备,11290630,沥釜2悼,1,0,2,0.05775
9317632,201612,31441,11290,己合备,11290630,沥釜2悼,1,50,2,0.05775
9319165,201612,31458,11290,己合备,11290630,沥釜2悼,1,0,2,9.738571
9319172,201612,31458,11290,己合备,11290630,沥釜2悼,1,10,2,0.14464286
9319179,201612,31458,11290,己合备,11290630,沥釜2悼,1,20,2,0.17357142
9319186,201612,31458,11290,己合备,11290630,沥釜2悼,1,30,2,1.599
9319193,201612,31458,11290,己合备,11290630,沥釜2悼,1,40,2,2.6871428
9319200,201612,31458,11290,己合备,11290630,沥釜2悼,1,50,2,2.5752857
9319207,201612,31458,11290,己合备,11290630,沥釜2悼,1,60,2,2.5589285
9319214,201612,31458,11290,己合备,11290630,沥釜2悼,2,0,2,4.920357
9319228,201612,31458,11290,己合备,11290630,沥釜2悼,2,20,2,0.071428575
9319235,201612,31458,11290,己合备,11290630,沥釜2悼,2,30,2,0.6475
9319242,201612,31458,11290,己合备,11290630,沥釜2悼,2,40,2,1.215
9319249,201612,31458,11290,己合备,11290630,沥釜2悼,2,50,2,1.6525
9319256,201612,31458,11290,己合备,11290630,沥釜2悼,2,60,2,1.3339286
9320439,201612,31471,11290,己合备,11290630,沥釜2悼,1,0,2,30.7414
9320446,201612,31471,11290,己合备,11290630,沥釜2悼,1,10,2,1.6076
9320453,201612,31471,11290,己合备,11290630,沥釜2悼,1,20,2,1.1522
9320460,201612,31471,11290,己合备,11290630,沥釜2悼,1,30,2,5.9572
9320467,201612,31471,11290,己合备,11290630,沥釜2悼,1,40,2,9.6002
9320474,201612,31471,11290,己合备,11290630,沥釜2悼,1,50,2,7.9496
9320481,201612,31471,11290,己合备,11290630,沥釜2悼,1,60,2,4.4746
9320488,201612,31471,11290,己合备,11290630,沥釜2悼,2,0,2,12.6695
9320495,201612,31471,11290,己合备,11290630,沥釜2悼,2,10,2,0.421
9320502,201612,31471,11290,己合备,11290630,沥釜2悼,2,20,2,0.772
9320509,201612,31471,11290,己合备,11290630,沥釜2悼,2,30,2,2.3795
9320516,201612,31471,11290,己合备,11290630,沥釜2悼,2,40,2,3.5415
9320523,201612,31471,11290,己合备,11290630,沥釜2悼,2,50,2,3.6245
9320530,201612,31471,11290,己合备,11290630,沥釜2悼,2,60,2,1.931
9320733,201612,31476,11290,己合备,11290630,沥釜2悼,1,0,2,19.415167
9320740,201612,31476,11290,己合备,11290630,沥釜2悼,1,10,2,0.37416667
9320747,201612,31476,11290,己合备,11290630,沥釜2悼,1,20,2,0.449
9320754,201612,31476,11290,己合备,11290630,沥釜2悼,1,30,2,3.6193333
9320761,201612,31476,11290,己合备,11290630,沥釜2悼,1,40,2,5.1831665
9320768,201612,31476,11290,己合备,11290630,沥釜2悼,1,50,2,4.6865
9320775,201612,31476,11290,己合备,11290630,沥釜2悼,1,60,2,5.103
9320782,201612,31476,11290,己合备,11290630,沥釜2悼,2,0,2,10.5975
9320796,201612,31476,11290,己合备,11290630,沥釜2悼,2,20,2,0.18583333
9320803,201612,31476,11290,己合备,11290630,沥釜2悼,2,30,2,1.5854167
9320810,201612,31476,11290,己合备,11290630,沥釜2悼,2,40,2,2.6879168
9320817,201612,31476,11290,己合备,11290630,沥釜2悼,2,50,2,3.4008334
9320824,201612,31476,11290,己合备,11290630,沥釜2悼,2,60,2,2.7375
9321909,201612,31487,11290,己合备,11290630,沥釜2悼,1,0,2,0.0085
9321944,201612,31487,11290,己合备,11290630,沥釜2悼,1,50,2,0.0085
9333669,201612,31602,11290,己合备,11290630,沥釜2悼,1,0,2,5.118
9333676,201612,31602,11290,己合备,11290630,沥釜2悼,1,10,2,0.21
9333690,201612,31602,11290,己合备,11290630,沥釜2悼,1,30,2,1.228
9333697,201612,31602,11290,己合备,11290630,沥釜2悼,1,40,2,1.649
9333704,201612,31602,11290,己合备,11290630,沥釜2悼,1,50,2,1.396
9333711,201612,31602,11290,己合备,11290630,沥釜2悼,1,60,2,0.635
9333718,201612,31602,11290,己合备,11290630,沥釜2悼,2,0,2,2.1775
9333739,201612,31602,11290,己合备,11290630,沥釜2悼,2,30,2,0.52
9333746,201612,31602,11290,己合备,11290630,沥釜2悼,2,40,2,0.83
9333753,201612,31602,11290,己合备,11290630,沥釜2悼,2,50,2,0.5175
9333760,201612,31602,11290,己合备,11290630,沥釜2悼,2,60,2,0.31
9333767,201612,31603,11290,己合备,11290630,沥釜2悼,1,0,2,1.2795
9333774,201612,31603,11290,己合备,11290630,沥釜2悼,1,10,2,0.0525
9333788,201612,31603,11290,己合备,11290630,沥釜2悼,1,30,2,0.307
9333795,201612,31603,11290,己合备,11290630,沥釜2悼,1,40,2,0.41225
9333802,201612,31603,11290,己合备,11290630,沥釜2悼,1,50,2,0.349
9333809,201612,31603,11290,己合备,11290630,沥釜2悼,1,60,2,0.15875
9333816,201612,31603,11290,己合备,11290630,沥釜2悼,2,0,2,0.544375
9333837,201612,31603,11290,己合备,11290630,沥釜2悼,2,30,2,0.13
9333844,201612,31603,11290,己合备,11290630,沥釜2悼,2,40,2,0.2075
9333851,201612,31603,11290,己合备,11290630,沥釜2悼,2,50,2,0.129375
9333858,201612,31603,11290,己合备,11290630,沥釜2悼,2,60,2,0.0775
9334943,201612,31615,11290,己合备,11290630,沥釜2悼,1,0,2,5.9896
9334950,201612,31615,11290,己合备,11290630,沥釜2悼,1,10,2,0.1534
9334957,201612,31615,11290,己合备,11290630,沥釜2悼,1,20,2,0.5096
9334964,201612,31615,11290,己合备,11290630,沥釜2悼,1,30,2,1.144
9334971,201612,31615,11290,己合备,11290630,沥釜2悼,1,40,2,1.4876
9334978,201612,31615,11290,己合备,11290630,沥釜2悼,1,50,2,1.3732
9334985,201612,31615,11290,己合备,11290630,沥釜2悼,1,60,2,1.3218
9334992,201612,31615,11290,己合备,11290630,沥釜2悼,2,0,2,2.803
9335006,201612,31615,11290,己合备,11290630,沥釜2悼,2,20,2,0.0625
9335013,201612,31615,11290,己合备,11290630,沥釜2悼,2,30,2,0.5
9335020,201612,31615,11290,己合备,11290630,沥釜2悼,2,40,2,0.6855
9335027,201612,31615,11290,己合备,11290630,沥釜2悼,2,50,2,0.8705
9335034,201612,31615,11290,己合备,11290630,沥釜2悼,2,60,2,0.6845
9335041,201612,31616,11290,己合备,11290630,沥釜2悼,1,0,2,28.305765
9335048,201612,31616,11290,己合备,11290630,沥釜2悼,1,10,2,0.7624118
9335055,201612,31616,11290,己合备,11290630,沥釜2悼,1,20,2,1.8411765
9335062,201612,31616,11290,己合备,11290630,沥釜2悼,1,30,2,4.7434707
9335069,201612,31616,11290,己合备,11290630,沥釜2悼,1,40,2,7.970706
9335076,201612,31616,11290,己合备,11290630,沥釜2悼,1,50,2,7.258941
9335083,201612,31616,11290,己合备,11290630,沥釜2悼,1,60,2,5.7290587
9335090,201612,31616,11290,己合备,11290630,沥釜2悼,2,0,2,12.618971
9335104,201612,31616,11290,己合备,11290630,沥釜2悼,2,20,2,0.22720589
9335111,201612,31616,11290,己合备,11290630,沥釜2悼,2,30,2,1.9482353
9335118,201612,31616,11290,己合备,11290630,沥釜2悼,2,40,2,3.232353
9335125,201612,31616,11290,己合备,11290630,沥釜2悼,2,50,2,4.1036763
9335132,201612,31616,11290,己合备,11290630,沥釜2悼,2,60,2,3.1075
9337197,201612,31639,11290,己合备,11290630,沥釜2悼,1,0,2,13.0085
9337204,201612,31639,11290,己合备,11290630,沥釜2悼,1,10,2,0.305
9337211,201612,31639,11290,己合备,11290630,沥釜2悼,1,20,2,0.3655
9337218,201612,31639,11290,己合备,11290630,沥釜2悼,1,30,2,2.5525
9337225,201612,31639,11290,己合备,11290630,沥釜2悼,1,40,2,3.403
9337232,201612,31639,11290,己合备,11290630,沥釜2悼,1,50,2,2.979
9337239,201612,31639,11290,己合备,11290630,沥釜2悼,1,60,2,3.4035
9337246,201612,31639,11290,己合备,11290630,沥釜2悼,2,0,2,7.27
9337260,201612,31639,11290,己合备,11290630,沥釜2悼,2,20,2,0.15125
9337267,201612,31639,11290,己合备,11290630,沥釜2悼,2,30,2,1.20875
9337274,201612,31639,11290,己合备,11290630,沥釜2悼,2,40,2,1.8175
9337281,201612,31639,11290,己合备,11290630,沥釜2悼,2,50,2,2.27625
9337288,201612,31639,11290,己合备,11290630,沥釜2悼,2,60,2,1.81625
9337393,201612,31640,11290,己合备,11290630,沥釜2悼,1,0,2,21.533
9337400,201612,31640,11290,己合备,11290630,沥釜2悼,1,10,2,0.365
9337407,201612,31640,11290,己合备,11290630,沥釜2悼,1,20,2,0.4378
9337414,201612,31640,11290,己合备,11290630,沥釜2悼,1,30,2,3.7426
9337421,201612,31640,11290,己合备,11290630,沥釜2悼,1,40,2,5.9296
9337428,201612,31640,11290,己合备,11290630,沥釜2悼,1,50,2,5.517
9337435,201612,31640,11290,己合备,11290630,沥釜2悼,1,60,2,5.541
9337442,201612,31640,11290,己合备,11290630,沥釜2悼,2,0,2,10.7725
9337456,201612,31640,11290,己合备,11290630,沥釜2悼,2,20,2,0.1805
9337463,201612,31640,11290,己合备,11290630,沥釜2悼,2,30,2,1.571
9337470,201612,31640,11290,己合备,11290630,沥釜2悼,2,40,2,2.662
9337477,201612,31640,11290,己合备,11290630,沥釜2悼,2,50,2,3.576
9337484,201612,31640,11290,己合备,11290630,沥釜2悼,2,60,2,2.783
9340921,201612,31675,11290,己合备,11290630,沥釜2悼,1,0,2,7.4294286
9340928,201612,31675,11290,己合备,11290630,沥釜2悼,1,10,2,0.19428572
9340942,201612,31675,11290,己合备,11290630,沥釜2悼,1,30,2,1.4935714
9340949,201612,31675,11290,己合备,11290630,沥釜2悼,1,40,2,2.6114285
9340956,201612,31675,11290,己合备,11290630,沥釜2悼,1,50,2,2.1632857
9340963,201612,31675,11290,己合备,11290630,沥釜2悼,1,60,2,0.96685714
9340970,201612,31675,11290,己合备,11290630,沥釜2悼,2,0,2,2.2182143
9340991,201612,31675,11290,己合备,11290630,沥釜2悼,2,30,2,0.42821428
9340998,201612,31675,11290,己合备,11290630,沥釜2悼,2,40,2,0.68
9341005,201612,31675,11290,己合备,11290630,沥釜2悼,2,50,2,0.8032143
9341012,201612,31675,11290,己合备,11290630,沥釜2悼,2,60,2,0.3067857
9341117,201612,31677,11290,己合备,11290630,沥釜2悼,1,0,2,10.931666
9341124,201612,31677,11290,己合备,11290630,沥釜2悼,1,10,2,0.42933333
9341138,201612,31677,11290,己合备,11290630,沥釜2悼,1,30,2,2.145
9341145,201612,31677,11290,己合备,11290630,沥釜2悼,1,40,2,3.75
9341152,201612,31677,11290,己合备,11290630,沥釜2悼,1,50,2,3.1063333
9341159,201612,31677,11290,己合备,11290630,沥釜2悼,1,60,2,1.501
9341166,201612,31677,11290,己合备,11290630,沥釜2悼,2,0,2,3.7441666
9341187,201612,31677,11290,己合备,11290630,沥釜2悼,2,30,2,0.8
9341194,201612,31677,11290,己合备,11290630,沥釜2悼,2,40,2,1.0708333
9341201,201612,31677,11290,己合备,11290630,沥釜2悼,2,50,2,1.34
9341208,201612,31677,11290,己合备,11290630,沥釜2悼,2,60,2,0.53333336
9345625,201612,31720,11290,己合备,11290630,沥釜2悼,1,0,2,11.82825
9345632,201612,31720,11290,己合备,11290630,沥釜2悼,1,10,2,0.30375
9345639,201612,31720,11290,己合备,11290630,沥釜2悼,1,20,2,0.18275
9345646,201612,31720,11290,己合备,11290630,沥釜2悼,1,30,2,2.335
9345653,201612,31720,11290,己合备,11290630,沥釜2悼,1,40,2,3.24425
9345660,201612,31720,11290,己合备,11290630,沥釜2悼,1,50,2,2.91125
9345667,201612,31720,11290,己合备,11290630,沥釜2悼,1,60,2,2.85125
9345674,201612,31720,11290,己合备,11290630,沥釜2悼,2,0,2,6.736875
9345688,201612,31720,11290,己合备,11290630,沥釜2悼,2,20,2,0.075625
9345695,201612,31720,11290,己合备,11290630,沥釜2悼,2,30,2,1.0575
9345702,201612,31720,11290,己合备,11290630,沥釜2悼,2,40,2,1.8925
9345709,201612,31720,11290,己合备,11290630,沥釜2悼,2,50,2,2.1975
9345716,201612,31720,11290,己合备,11290630,沥釜2悼,2,60,2,1.51375
9350623,201612,31774,11290,己合备,11290630,沥釜2悼,1,0,2,14.822857
9350630,201612,31774,11290,己合备,11290630,沥釜2悼,1,10,2,0.057857145
9350644,201612,31774,11290,己合备,11290630,沥釜2悼,1,30,2,1.5975714
9350651,201612,31774,11290,己合备,11290630,沥釜2悼,1,40,2,4.9977145
9350658,201612,31774,11290,己合备,11290630,沥釜2悼,1,50,2,4.979
9350665,201612,31774,11290,己合备,11290630,沥釜2悼,1,60,2,3.1907144
9350672,201612,31774,11290,己合备,11290630,沥釜2悼,2,0,2,5.0992856
9350693,201612,31774,11290,己合备,11290630,沥釜2悼,2,30,2,0.55392855
9350700,201612,31774,11290,己合备,11290630,沥釜2悼,2,40,2,1.4282143
9350707,201612,31774,11290,己合备,11290630,沥釜2悼,2,50,2,1.9414285
9350714,201612,31774,11290,己合备,11290630,沥釜2悼,2,60,2,1.1757143
9352877,201612,31800,11290,己合备,11290630,沥釜2悼,1,0,2,72.237
9352884,201612,31800,11290,己合备,11290630,沥釜2悼,1,10,2,6.292
9352891,201612,31800,11290,己合备,11290630,沥釜2悼,1,20,2,8.107
9352898,201612,31800,11290,己合备,11290630,沥釜2悼,1,30,2,12.1
9352905,201612,31800,11290,己合备,11290630,沥釜2悼,1,40,2,16.335
9352912,201612,31800,11290,己合备,11290630,沥釜2悼,1,50,2,14.52
9352919,201612,31800,11290,己合备,11290630,沥釜2悼,1,60,2,14.883
9352926,201612,31800,11290,己合备,11290630,沥釜2悼,2,0,2,43.6075
9352933,201612,31800,11290,己合备,11290630,沥釜2悼,2,10,2,3.03
9352940,201612,31800,11290,己合备,11290630,沥釜2悼,2,20,2,5.1525
9352947,201612,31800,11290,己合备,11290630,沥釜2悼,2,30,2,6.96
9352954,201612,31800,11290,己合备,11290630,沥釜2悼,2,40,2,9.385
9352961,201612,31800,11290,己合备,11290630,沥釜2悼,2,50,2,9.0875
9352968,201612,31800,11290,己合备,11290630,沥釜2悼,2,60,2,9.9925
9353171,201612,31804,11290,己合备,11290630,沥釜2悼,1,0,2,25.005167
9353178,201612,31804,11290,己合备,11290630,沥釜2悼,1,10,2,1.0061667
9353185,201612,31804,11290,己合备,11290630,沥釜2悼,1,20,2,1.0665
9353192,201612,31804,11290,己合备,11290630,沥釜2悼,1,30,2,4.3615
9353199,201612,31804,11290,己合备,11290630,沥釜2悼,1,40,2,6.8176665
9353206,201612,31804,11290,己合备,11290630,沥釜2悼,1,50,2,6.3521667
9353213,201612,31804,11290,己合备,11290630,沥釜2悼,1,60,2,5.4011664
9353220,201612,31804,11290,己合备,11290630,沥釜2悼,2,0,2,12.935
9353227,201612,31804,11290,己合备,11290630,沥釜2悼,2,10,2,0.33666667
9353234,201612,31804,11290,己合备,11290630,沥釜2悼,2,20,2,0.6404167
9353241,201612,31804,11290,己合备,11290630,沥釜2悼,2,30,2,2.1
9353248,201612,31804,11290,己合备,11290630,沥釜2悼,2,40,2,3.07625
9353255,201612,31804,11290,己合备,11290630,沥釜2悼,2,50,2,3.8541667
9353262,201612,31804,11290,己合备,11290630,沥釜2悼,2,60,2,2.9275
9353269,201612,31805,11290,己合备,11290630,沥釜2悼,1,0,2,20.093
9353276,201612,31805,11290,己合备,11290630,沥釜2悼,1,10,2,0.5075
9353290,201612,31805,11290,己合备,11290630,沥釜2悼,1,30,2,3.849
9353297,201612,31805,11290,己合备,11290630,沥釜2悼,1,40,2,6.48
9353304,201612,31805,11290,己合备,11290630,沥釜2悼,1,50,2,6.0155
9353311,201612,31805,11290,己合备,11290630,沥釜2悼,1,60,2,3.241
9353318,201612,31805,11290,己合备,11290630,沥釜2悼,2,0,2,9.6775
9353339,201612,31805,11290,己合备,11290630,沥釜2悼,2,30,2,2.115
9353346,201612,31805,11290,己合备,11290630,沥釜2悼,2,40,2,2.67
9353353,201612,31805,11290,己合备,11290630,沥釜2悼,2,50,2,3.4275
9353360,201612,31805,11290,己合备,11290630,沥釜2悼,2,60,2,1.465
9353367,201612,31806,11290,己合备,11290630,沥釜2悼,1,0,2,61.1915
9353374,201612,31806,11290,己合备,11290630,沥釜2悼,1,10,2,4.608
9353381,201612,31806,11290,己合备,11290630,沥釜2悼,1,20,2,5.416
9353388,201612,31806,11290,己合备,11290630,沥釜2悼,1,30,2,10.993
9353395,201612,31806,11290,己合备,11290630,沥釜2悼,1,40,2,14.955
9353402,201612,31806,11290,己合备,11290630,沥釜2悼,1,50,2,13.3375
9353409,201612,31806,11290,己合备,11290630,沥釜2悼,1,60,2,11.882
9353416,201612,31806,11290,己合备,11290630,沥釜2悼,2,0,2,35.94
9353423,201612,31806,11290,己合备,11290630,沥釜2悼,2,10,2,2.02
9353430,201612,31806,11290,己合备,11290630,沥釜2悼,2,20,2,3.4375
9353437,201612,31806,11290,己合备,11290630,沥釜2悼,2,30,2,6.25125
9353444,201612,31806,11290,己合备,11290630,沥釜2悼,2,40,2,8.075
9353451,201612,31806,11290,己合备,11290630,沥釜2悼,2,50,2,8.4825
9353458,201612,31806,11290,己合备,11290630,沥釜2悼,2,60,2,7.67375
9360815,201612,31884,11290,己合备,11290630,沥釜2悼,1,0,2,2.1216924
9360822,201612,31884,11290,己合备,11290630,沥釜2悼,1,10,2,0.04596154
9360829,201612,31884,11290,己合备,11290630,沥釜2悼,1,20,2,0.034576923
9360836,201612,31884,11290,己合备,11290630,沥釜2悼,1,30,2,0.45596153
9360843,201612,31884,11290,己合备,11290630,沥釜2悼,1,40,2,0.66457695
9360850,201612,31884,11290,己合备,11290630,沥釜2悼,1,50,2,0.50346154
9360857,201612,31884,11290,己合备,11290630,沥釜2悼,1,60,2,0.41715384
9360864,201612,31884,11290,己合备,11290630,沥釜2悼,2,0,2,0.9123077
9360885,201612,31884,11290,己合备,11290630,沥釜2悼,2,30,2,0.16884616
9360892,201612,31884,11290,己合备,11290630,沥釜2悼,2,40,2,0.28567308
9360899,201612,31884,11290,己合备,11290630,沥釜2悼,2,50,2,0.2991346
9360906,201612,31884,11290,己合备,11290630,沥釜2悼,2,60,2,0.15865384
9360913,201612,31885,11290,己合备,11290630,沥釜2悼,1,0,2,4.3716
9360920,201612,31885,11290,己合备,11290630,沥釜2悼,1,10,2,0.096
9360927,201612,31885,11290,己合备,11290630,沥釜2悼,1,20,2,0.0192
9360934,201612,31885,11290,己合备,11290630,沥釜2悼,1,30,2,0.858
9360941,201612,31885,11290,己合备,11290630,沥釜2悼,1,40,2,1.116
9360948,201612,31885,11290,己合备,11290630,沥釜2悼,1,50,2,1.1232
9360955,201612,31885,11290,己合备,11290630,沥釜2悼,1,60,2,1.1592
9360962,201612,31885,11290,己合备,11290630,沥釜2悼,2,0,2,2.055
9360983,201612,31885,11290,己合备,11290630,沥釜2悼,2,30,2,0.3285
9360990,201612,31885,11290,己合备,11290630,沥釜2悼,2,40,2,0.468
9360997,201612,31885,11290,己合备,11290630,沥釜2悼,2,50,2,0.6975
9361004,201612,31885,11290,己合备,11290630,沥釜2悼,2,60,2,0.561
9364147,201612,31918,11290,己合备,11290630,沥釜2悼,1,0,2,9.2694
9364154,201612,31918,11290,己合备,11290630,沥釜2悼,1,10,2,0.264
9364168,201612,31918,11290,己合备,11290630,沥釜2悼,1,30,2,1.8426
9364175,201612,31918,11290,己合备,11290630,沥釜2悼,1,40,2,2.6868
9364182,201612,31918,11290,己合备,11290630,沥釜2悼,1,50,2,2.4756
9364189,201612,31918,11290,己合备,11290630,沥釜2悼,1,60,2,2.0004
9364196,201612,31918,11290,己合备,11290630,沥釜2悼,2,0,2,5.3855
9364217,201612,31918,11290,己合备,11290630,沥釜2悼,2,30,2,0.7865
9364224,201612,31918,11290,己合备,11290630,沥釜2悼,2,40,2,1.7085
9364231,201612,31918,11290,己合备,11290630,沥釜2悼,2,50,2,1.838
9364238,201612,31918,11290,己合备,11290630,沥釜2悼,2,60,2,1.0525
9373653,201612,32011,11290,己合备,11290630,沥釜2悼,1,0,2,15.1975
9373660,201612,32011,11290,己合备,11290630,沥釜2悼,1,10,2,0.549
9373667,201612,32011,11290,己合备,11290630,沥釜2悼,1,20,2,0.6135
9373674,201612,32011,11290,己合备,11290630,沥釜2悼,1,30,2,2.8575
9373681,201612,32011,11290,己合备,11290630,沥釜2悼,1,40,2,3.726
9373688,201612,32011,11290,己合备,11290630,沥釜2悼,1,50,2,3.6835
9373695,201612,32011,11290,己合备,11290630,沥釜2悼,1,60,2,3.768
9373702,201612,32011,11290,己合备,11290630,沥釜2悼,2,0,2,7.46375
9373716,201612,32011,11290,己合备,11290630,沥釜2悼,2,20,2,0.15625
9373723,201612,32011,11290,己合备,11290630,沥釜2悼,2,30,2,1.2475
9373730,201612,32011,11290,己合备,11290630,沥釜2悼,2,40,2,1.71125
9373737,201612,32011,11290,己合备,11290630,沥釜2悼,2,50,2,2.38
9373744,201612,32011,11290,己合备,11290630,沥釜2悼,2,60,2,1.96875
9375417,201612,32029,11290,己合备,11290630,沥釜2悼,1,0,2,6.388143
9375424,201612,32029,11290,己合备,11290630,沥釜2悼,1,10,2,0.23114286
9375438,201612,32029,11290,己合备,11290630,沥釜2悼,1,30,2,1.0638572
9375445,201612,32029,11290,己合备,11290630,沥釜2悼,1,40,2,2.3851428
9375452,201612,32029,11290,己合备,11290630,沥釜2悼,1,50,2,1.9215714
9375459,201612,32029,11290,己合备,11290630,沥釜2悼,1,60,2,0.7864286
9375466,201612,32029,11290,己合备,11290630,沥釜2悼,2,0,2,1.7264286
9375487,201612,32029,11290,己合备,11290630,沥釜2悼,2,30,2,0.28714284
9375494,201612,32029,11290,己合备,11290630,沥釜2悼,2,40,2,0.5757143
9375501,201612,32029,11290,己合备,11290630,沥釜2悼,2,50,2,0.63357145
9375508,201612,32029,11290,己合备,11290630,沥釜2悼,2,60,2,0.23
9382081,201612,32092,11290,己合备,11290630,沥釜2悼,1,0,2,30.806
9382088,201612,32092,11290,己合备,11290630,沥釜2悼,1,10,2,1.335
9382095,201612,32092,11290,己合备,11290630,沥釜2悼,1,20,2,1.78
9382102,201612,32092,11290,己合备,11290630,沥釜2悼,1,30,2,5.715
9382109,201612,32092,11290,己合备,11290630,沥釜2悼,1,40,2,7.431
9382116,201612,32092,11290,己合备,11290630,沥釜2悼,1,50,2,7.241
9382123,201612,32092,11290,己合备,11290630,沥釜2悼,1,60,2,7.304
9382130,201612,32092,11290,己合备,11290630,沥釜2悼,2,0,2,15.5575
9382144,201612,32092,11290,己合备,11290630,沥釜2悼,2,20,2,0.47
9382151,201612,32092,11290,己合备,11290630,沥釜2悼,2,30,2,2.6525
9382158,201612,32092,11290,己合备,11290630,沥釜2悼,2,40,2,3.5775
9382165,201612,32092,11290,己合备,11290630,沥釜2悼,2,50,2,4.8125
9382172,201612,32092,11290,己合备,11290630,沥釜2悼,2,60,2,4.045
9383551,201612,32106,11290,己合备,11290630,沥釜2悼,1,0,2,9.752167
9383558,201612,32106,11290,己合备,11290630,沥釜2悼,1,10,2,0.27416667
9383572,201612,32106,11290,己合备,11290630,沥釜2悼,1,30,2,1.8763334
9383579,201612,32106,11290,己合备,11290630,沥釜2悼,1,40,2,2.8161666
9383586,201612,32106,11290,己合备,11290630,沥釜2悼,1,50,2,2.534
9383593,201612,32106,11290,己合备,11290630,沥釜2悼,1,60,2,2.2515
9383600,201612,32106,11290,己合备,11290630,沥釜2悼,2,0,2,5.5404167
9383621,201612,32106,11290,己合备,11290630,沥釜2悼,2,30,2,0.8691667
9383628,201612,32106,11290,己合备,11290630,沥釜2悼,2,40,2,1.66875
9383635,201612,32106,11290,己合备,11290630,沥釜2悼,2,50,2,1.8583333
9383642,201612,32106,11290,己合备,11290630,沥釜2悼,2,60,2,1.1441667
9386001,201612,32130,11290,己合备,11290630,沥釜2悼,1,0,2,2.874
9386008,201612,32130,11290,己合备,11290630,沥釜2悼,1,10,2,0.042
9386022,201612,32130,11290,己合备,11290630,沥釜2悼,1,30,2,0.402
9386029,201612,32130,11290,己合备,11290630,沥釜2悼,1,40,2,0.845
9386036,201612,32130,11290,己合备,11290630,沥釜2悼,1,50,2,0.845
9386043,201612,32130,11290,己合备,11290630,沥釜2悼,1,60,2,0.74
9386050,201612,32130,11290,己合备,11290630,沥釜2悼,2,0,2,1.24875
9386071,201612,32130,11290,己合备,11290630,沥釜2悼,2,30,2,0.105
9386078,201612,32130,11290,己合备,11290630,沥釜2悼,2,40,2,0.41625
9386085,201612,32130,11290,己合备,11290630,沥釜2悼,2,50,2,0.41625
9386092,201612,32130,11290,己合备,11290630,沥釜2悼,2,60,2,0.31125
9388647,201612,32156,11290,己合备,11290630,沥釜2悼,1,0,2,5.748
9388654,201612,32156,11290,己合备,11290630,沥釜2悼,1,10,2,0.084
9388668,201612,32156,11290,己合备,11290630,沥釜2悼,1,30,2,0.804
9388675,201612,32156,11290,己合备,11290630,沥釜2悼,1,40,2,1.69
9388682,201612,32156,11290,己合备,11290630,沥釜2悼,1,50,2,1.69
9388689,201612,32156,11290,己合备,11290630,沥釜2悼,1,60,2,1.48
9388696,201612,32156,11290,己合备,11290630,沥釜2悼,2,0,2,2.4975
9388717,201612,32156,11290,己合备,11290630,沥釜2悼,2,30,2,0.21
9388724,201612,32156,11290,己合备,11290630,沥釜2悼,2,40,2,0.8325
9388731,201612,32156,11290,己合备,11290630,沥釜2悼,2,50,2,0.8325
9388738,201612,32156,11290,己合备,11290630,沥釜2悼,2,60,2,0.6225
9390705,201612,32178,11290,己合备,11290630,沥釜2悼,1,0,2,46.6522
9390712,201612,32178,11290,己合备,11290630,沥釜2悼,1,10,2,3.0218
9390719,201612,32178,11290,己合备,11290630,沥釜2悼,1,20,2,3.2428
9390726,201612,32178,11290,己合备,11290630,沥釜2悼,1,30,2,8.371
9390733,201612,32178,11290,己合备,11290630,沥釜2悼,1,40,2,11.6798
9390740,201612,32178,11290,己合备,11290630,沥釜2悼,1,50,2,10.55
9390747,201612,32178,11290,己合备,11290630,沥釜2悼,1,60,2,9.7868
9390754,201612,32178,11290,己合备,11290630,沥釜2悼,2,0,2,27.781
9390761,201612,32178,11290,己合备,11290630,沥釜2悼,2,10,2,1.212
9390768,201612,32178,11290,己合备,11290630,沥釜2悼,2,20,2,2.061
9390775,201612,32178,11290,己合备,11290630,沥釜2悼,2,30,2,4.2935
9390782,201612,32178,11290,己合备,11290630,沥釜2悼,2,40,2,7.034
9390789,201612,32178,11290,己合备,11290630,沥釜2悼,2,50,2,7.165
9390796,201612,32178,11290,己合备,11290630,沥釜2悼,2,60,2,6.0155
9395017,201612,32221,11290,己合备,11290630,沥釜2悼,1,0,2,32.2575
9395024,201612,32221,11290,己合备,11290630,沥釜2悼,1,10,2,1.6515
9395031,201612,32221,11290,己合备,11290630,沥釜2悼,1,20,2,2.053
9395038,201612,32221,11290,己合备,11290630,沥釜2悼,1,30,2,5.778
9395045,201612,32221,11290,己合备,11290630,沥釜2悼,1,40,2,7.789
9395052,201612,32221,11290,己合备,11290630,沥釜2悼,1,50,2,7.4925
9395059,201612,32221,11290,己合备,11290630,沥釜2悼,1,60,2,7.4935
9395066,201612,32221,11290,己合备,11290630,沥釜2悼,2,0,2,16.8375
9395073,201612,32221,11290,己合备,11290630,沥釜2悼,2,10,2,0.31
9395080,201612,32221,11290,己合备,11290630,沥釜2悼,2,20,2,0.83125
9395087,201612,32221,11290,己合备,11290630,沥釜2悼,2,30,2,2.75
9395094,201612,32221,11290,己合备,11290630,沥釜2悼,2,40,2,3.7825
9395101,201612,32221,11290,己合备,11290630,沥釜2悼,2,50,2,4.76
9395108,201612,32221,11290,己合备,11290630,沥釜2悼,2,60,2,4.40375
9395311,201612,32224,11290,己合备,11290630,沥釜2悼,1,0,2,100.672
9395318,201612,32224,11290,己合备,11290630,沥釜2悼,1,10,2,8.227
9395325,201612,32224,11290,己合备,11290630,沥釜2悼,1,20,2,10.003
9395332,201612,32224,11290,己合备,11290630,沥釜2悼,1,30,2,16.941
9395339,201612,32224,11290,己合备,11290630,沥釜2悼,1,40,2,23.552
9395346,201612,32224,11290,己合备,11290630,沥釜2悼,1,50,2,20.975
9395353,201612,32224,11290,己合备,11290630,沥釜2悼,1,60,2,20.974
9395360,201612,32224,11290,己合备,11290630,沥釜2悼,2,0,2,58.7225
9395367,201612,32224,11290,己合备,11290630,沥釜2悼,2,10,2,3.23
9395374,201612,32224,11290,己合备,11290630,沥釜2悼,2,20,2,6.0575
9395381,201612,32224,11290,己合备,11290630,沥釜2悼,2,30,2,9.075
9395388,201612,32224,11290,己合备,11290630,沥釜2悼,2,40,2,13.315
9395395,201612,32224,11290,己合备,11290630,沥釜2悼,2,50,2,13.5225
9395402,201612,32224,11290,己合备,11290630,沥釜2悼,2,60,2,13.5225
9395409,201612,32225,11290,己合备,11290630,沥釜2悼,1,0,2,94.9608
9395416,201612,32225,11290,己合备,11290630,沥釜2悼,1,10,2,7.163
9395423,201612,32225,11290,己合备,11290630,沥釜2悼,1,20,2,8.4862
9395430,201612,32225,11290,己合备,11290630,沥釜2悼,1,30,2,16.4562
9395437,201612,32225,11290,己合备,11290630,沥釜2悼,1,40,2,22.7152
9395444,201612,32225,11290,己合备,11290630,沥釜2悼,1,50,2,20.3606
9395451,201612,32225,11290,己合备,11290630,沥釜2悼,1,60,2,19.7796
9395458,201612,32225,11290,己合备,11290630,沥釜2悼,2,0,2,56.5505
9395465,201612,32225,11290,己合备,11290630,沥釜2悼,2,10,2,3.07
9395472,201612,32225,11290,己合备,11290630,沥釜2悼,2,20,2,5.3335
9395479,201612,32225,11290,己合备,11290630,沥釜2悼,2,30,2,8.831
9395486,201612,32225,11290,己合备,11290630,沥釜2悼,2,40,2,13.319
9395493,201612,32225,11290,己合备,11290630,沥釜2悼,2,50,2,13.3625
9395500,201612,32225,11290,己合备,11290630,沥釜2悼,2,60,2,12.6345
9396389,201612,32234,11290,己合备,11290630,沥釜2悼,1,0,2,51.4645
9396396,201612,32234,11290,己合备,11290630,沥釜2悼,1,10,2,3.0581667
9396403,201612,32234,11290,己合备,11290630,沥釜2悼,1,20,2,3.0183334
9396410,201612,32234,11290,己合备,11290630,沥釜2悼,1,30,2,9.243
9396417,201612,32234,11290,己合备,11290630,沥釜2悼,1,40,2,13.195167
9396424,201612,32234,11290,己合备,11290630,沥釜2悼,1,50,2,11.851334
9396431,201612,32234,11290,己合备,11290630,沥釜2悼,1,60,2,11.0985
9396438,201612,32234,11290,己合备,11290630,沥釜2悼,2,0,2,30.064167
9396445,201612,32234,11290,己合备,11290630,沥釜2悼,2,10,2,1.0433333
9396452,201612,32234,11290,己合备,11290630,沥釜2悼,2,20,2,1.8683333
9396459,201612,32234,11290,己合备,11290630,沥釜2悼,2,30,2,4.66875
9396466,201612,32234,11290,己合备,11290630,沥釜2悼,2,40,2,7.7679167
9396473,201612,32234,11290,己合备,11290630,沥釜2悼,2,50,2,8.156667
9396480,201612,32234,11290,己合备,11290630,沥釜2悼,2,60,2,6.5591664
9401779,201612,32293,11290,己合备,11290630,沥釜2悼,1,0,2,51.75614
9401786,201612,32293,11290,己合备,11290630,沥釜2悼,1,10,2,3.0042858
9401793,201612,32293,11290,己合备,11290630,沥釜2悼,1,20,2,3.6871428
9401800,201612,32293,11290,己合备,11290630,沥釜2悼,1,30,2,9.654143
9401807,201612,32293,11290,己合备,11290630,沥釜2悼,1,40,2,12.947286
9401814,201612,32293,11290,己合备,11290630,沥釜2悼,1,50,2,12.062428
9401821,201612,32293,11290,己合备,11290630,沥釜2悼,1,60,2,10.400857
9401828,201612,32293,11290,己合备,11290630,沥釜2悼,2,0,2,28.283571
9401835,201612,32293,11290,己合备,11290630,沥釜2悼,2,10,2,0.30821428
9401842,201612,32293,11290,己合备,11290630,沥釜2悼,2,20,2,1.2321428
9401849,201612,32293,11290,己合备,11290630,沥釜2悼,2,30,2,5.3717856
9401856,201612,32293,11290,己合备,11290630,沥釜2悼,2,40,2,6.839643
9401863,201612,32293,11290,己合备,11290630,沥釜2悼,2,50,2,8.298928
9401870,201612,32293,11290,己合备,11290630,沥釜2悼,2,60,2,6.232857
9401877,201612,32294,11290,己合备,11290630,沥釜2悼,1,0,2,70.81
9401884,201612,32294,11290,己合备,11290630,沥釜2悼,1,10,2,4.4768333
9401891,201612,32294,11290,己合备,11290630,沥釜2悼,1,20,2,5.7093334
9401898,201612,32294,11290,己合备,11290630,沥釜2悼,1,30,2,12.359667
9401905,201612,32294,11290,己合备,11290630,沥釜2悼,1,40,2,16.5655
9401912,201612,32294,11290,己合备,11290630,沥釜2悼,1,50,2,15.781333
9401919,201612,32294,11290,己合备,11290630,沥釜2悼,1,60,2,15.917334
9401926,201612,32294,11290,己合备,11290630,沥釜2悼,2,0,2,40.41
9401933,201612,32294,11290,己合备,11290630,沥釜2悼,2,10,2,1.1458334
9401940,201612,32294,11290,己合备,11290630,沥釜2悼,2,20,2,2.5366666
9401947,201612,32294,11290,己合备,11290630,沥釜2悼,2,30,2,6.6375
9401954,201612,32294,11290,己合备,11290630,沥釜2悼,2,40,2,9.04375
9401961,201612,32294,11290,己合备,11290630,沥釜2悼,2,50,2,10.719167
9401968,201612,32294,11290,己合备,11290630,沥釜2悼,2,60,2,10.327084
9402955,201612,32308,11290,己合备,11290630,沥釜2悼,1,0,2,7.7825
9402962,201612,32308,11290,己合备,11290630,沥釜2悼,1,10,2,0.074
9402976,201612,32308,11290,己合备,11290630,沥釜2悼,1,30,2,1.075
9402983,201612,32308,11290,己合备,11290630,沥釜2悼,1,40,2,2.595
9402990,201612,32308,11290,己合备,11290630,沥釜2悼,1,50,2,2.408
9402997,201612,32308,11290,己合备,11290630,沥釜2悼,1,60,2,1.6305
9403004,201612,32308,11290,己合备,11290630,沥釜2悼,2,0,2,2.82375
9403025,201612,32308,11290,己合备,11290630,沥釜2悼,2,30,2,0.27375
9403032,201612,32308,11290,己合备,11290630,沥釜2悼,2,40,2,1.0025
9403039,201612,32308,11290,己合备,11290630,沥釜2悼,2,50,2,0.91
9403046,201612,32308,11290,己合备,11290630,沥釜2悼,2,60,2,0.6375
9404327,201612,32320,11290,己合备,11290630,沥釜2悼,1,0,2,2.4553332
9404334,201612,32320,11290,己合备,11290630,沥釜2悼,1,10,2,0.084
9404348,201612,32320,11290,己合备,11290630,沥釜2悼,1,30,2,0.36733332
9404355,201612,32320,11290,己合备,11290630,沥釜2悼,1,40,2,0.9586667
9404362,201612,32320,11290,己合备,11290630,沥釜2悼,1,50,2,0.762
9404369,201612,32320,11290,己合备,11290630,沥釜2悼,1,60,2,0.28333333
9404376,201612,32320,11290,己合备,11290630,沥釜2悼,2,0,2,0.5566667
9404397,201612,32320,11290,己合备,11290630,沥釜2悼,2,30,2,0.07
9404404,201612,32320,11290,己合备,11290630,沥釜2悼,2,40,2,0.20833333
9404411,201612,32320,11290,己合备,11290630,沥釜2悼,2,50,2,0.20833333
9404418,201612,32320,11290,己合备,11290630,沥釜2悼,2,60,2,0.07
9404915,201612,32326,11290,己合备,11290630,沥釜2悼,1,0,2,3.135
9404936,201612,32326,11290,己合备,11290630,沥釜2悼,1,30,2,0.42375
9404943,201612,32326,11290,己合备,11290630,沥釜2悼,1,40,2,1.27
9404950,201612,32326,11290,己合备,11290630,沥釜2悼,1,50,2,1.05975
9404957,201612,32326,11290,己合备,11290630,沥釜2悼,1,60,2,0.3815
9404964,201612,32326,11290,己合备,11290630,沥釜2悼,2,0,2,0.73125
9404985,201612,32326,11290,己合备,11290630,沥釜2悼,2,30,2,0.105
9404992,201612,32326,11290,己合备,11290630,沥釜2悼,2,40,2,0.313125
9404999,201612,32326,11290,己合备,11290630,沥釜2悼,2,50,2,0.208125
9405006,201612,32326,11290,己合备,11290630,沥釜2悼,2,60,2,0.105
9405601,201612,32332,11290,己合备,11290630,沥釜2悼,1,0,2,3.0691667
9405608,201612,32332,11290,己合备,11290630,沥釜2悼,1,10,2,0.105
9405622,201612,32332,11290,己合备,11290630,沥釜2悼,1,30,2,0.45916668
9405629,201612,32332,11290,己合备,11290630,沥釜2悼,1,40,2,1.1983334
9405636,201612,32332,11290,己合备,11290630,沥釜2悼,1,50,2,0.9525
9405643,201612,32332,11290,己合备,11290630,沥釜2悼,1,60,2,0.35416666
9405650,201612,32332,11290,己合备,11290630,沥釜2悼,2,0,2,0.6958333
9405671,201612,32332,11290,己合备,11290630,沥釜2悼,2,30,2,0.0875
9405678,201612,32332,11290,己合备,11290630,沥釜2悼,2,40,2,0.26041666
9405685,201612,32332,11290,己合备,11290630,沥釜2悼,2,50,2,0.26041666
9405692,201612,32332,11290,己合备,11290630,沥釜2悼,2,60,2,0.0875
9406581,201612,32342,11290,己合备,11290630,沥釜2悼,1,0,2,2.042
9406602,201612,32342,11290,己合备,11290630,沥釜2悼,1,30,2,0.277
9406609,201612,32342,11290,己合备,11290630,沥釜2悼,1,40,2,0.827
9406616,201612,32342,11290,己合备,11290630,沥釜2悼,1,50,2,0.6888
9406623,201612,32342,11290,己合备,11290630,沥釜2悼,1,60,2,0.2492
9406630,201612,32342,11290,己合备,11290630,沥釜2悼,2,0,2,0.4745
9406651,201612,32342,11290,己合备,11290630,沥釜2悼,2,30,2,0.0675
9406658,201612,32342,11290,己合备,11290630,沥釜2悼,2,40,2,0.2035
9406665,201612,32342,11290,己合备,11290630,沥釜2悼,2,50,2,0.136
9406672,201612,32342,11290,己合备,11290630,沥釜2悼,2,60,2,0.0675
9407855,201612,32355,11290,己合备,11290630,沥釜2悼,1,0,2,14.5344
9407862,201612,32355,11290,己合备,11290630,沥釜2悼,1,10,2,0.3372
9407876,201612,32355,11290,己合备,11290630,沥釜2悼,1,30,2,2.4378
9407883,201612,32355,11290,己合备,11290630,沥釜2悼,1,40,2,4.2096
9407890,201612,32355,11290,己合备,11290630,沥釜2悼,1,50,2,3.84
9407897,201612,32355,11290,己合备,11290630,沥釜2悼,1,60,2,3.7098
9407904,201612,32355,11290,己合备,11290630,沥釜2悼,2,0,2,7.408
9407925,201612,32355,11290,己合备,11290630,沥釜2悼,2,30,2,1.0955
9407932,201612,32355,11290,己合备,11290630,沥釜2悼,2,40,2,2.1635
9407939,201612,32355,11290,己合备,11290630,沥釜2悼,2,50,2,2.427
9407946,201612,32355,11290,己合备,11290630,沥釜2悼,2,60,2,1.722
9410109,201612,32377,11290,己合备,11290630,沥釜2悼,1,0,2,32.859
9410116,201612,32377,11290,己合备,11290630,沥釜2悼,1,10,2,1.7745
9410123,201612,32377,11290,己合备,11290630,沥釜2悼,1,20,2,1.984
9410130,201612,32377,11290,己合备,11290630,沥釜2悼,1,30,2,5.826
9410137,201612,32377,11290,己合备,11290630,沥釜2悼,1,40,2,8.028
9410144,201612,32377,11290,己合备,11290630,沥釜2悼,1,50,2,7.6635
9410151,201612,32377,11290,己合备,11290630,沥釜2悼,1,60,2,7.583
9410158,201612,32377,11290,己合备,11290630,沥釜2悼,2,0,2,17.5
9410165,201612,32377,11290,己合备,11290630,沥釜2悼,2,10,2,0.545
9410172,201612,32377,11290,己合备,11290630,沥釜2悼,2,20,2,1.02625
9410179,201612,32377,11290,己合备,11290630,沥釜2悼,2,30,2,2.75
9410186,201612,32377,11290,己合备,11290630,沥釜2悼,2,40,2,3.86
9410193,201612,32377,11290,己合备,11290630,沥釜2悼,2,50,2,4.69625
9410200,201612,32377,11290,己合备,11290630,沥釜2悼,2,60,2,4.6225
9412951,201612,32403,11290,己合备,11290630,沥釜2悼,1,0,2,8.89
9412958,201612,32403,11290,己合备,11290630,沥釜2悼,1,10,2,0.084
9412972,201612,32403,11290,己合备,11290630,沥釜2悼,1,30,2,1.227
9412979,201612,32403,11290,己合备,11290630,沥釜2悼,1,40,2,2.965
9412986,201612,32403,11290,己合备,11290630,沥釜2悼,1,50,2,2.751
9412993,201612,32403,11290,己合备,11290630,沥釜2悼,1,60,2,1.863
9413000,201612,32403,11290,己合备,11290630,沥釜2悼,2,0,2,3.225
9413021,201612,32403,11290,己合备,11290630,沥釜2悼,2,30,2,0.3125
9413028,201612,32403,11290,己合备,11290630,沥釜2悼,2,40,2,1.145
9413035,201612,32403,11290,己合备,11290630,沥釜2悼,2,50,2,1.04
9413042,201612,32403,11290,己合备,11290630,沥釜2悼,2,60,2,0.7275
9413049,201612,32404,11290,己合备,11290630,沥釜2悼,1,0,2,16.766
9413056,201612,32404,11290,己合备,11290630,沥釜2悼,1,10,2,0.37
9413070,201612,32404,11290,己合备,11290630,沥釜2悼,1,30,2,2.7493334
9413077,201612,32404,11290,己合备,11290630,沥釜2悼,1,40,2,4.8653336
9413084,201612,32404,11290,己合备,11290630,沥釜2悼,1,50,2,4.4966664
9413091,201612,32404,11290,己合备,11290630,沥釜2悼,1,60,2,4.2846665
9413098,201612,32404,11290,己合备,11290630,沥釜2悼,2,0,2,8.324166
9413119,201612,32404,11290,己合备,11290630,沥釜2悼,2,30,2,1.1725
9413126,201612,32404,11290,己合备,11290630,沥釜2悼,2,40,2,2.4716666
9413133,201612,32404,11290,己合备,11290630,沥釜2悼,2,50,2,2.73
9413140,201612,32404,11290,己合备,11290630,沥釜2悼,2,60,2,1.95
9413147,201612,32405,11290,己合备,11290630,沥釜2悼,1,0,2,17.975
9413154,201612,32405,11290,己合备,11290630,沥釜2悼,1,10,2,0.509
9413161,201612,32405,11290,己合备,11290630,沥釜2悼,1,20,2,0.057
9413168,201612,32405,11290,己合备,11290630,沥釜2悼,1,30,2,3.675
9413175,201612,32405,11290,己合备,11290630,沥釜2悼,1,40,2,5.086
9413182,201612,32405,11290,己合备,11290630,沥釜2悼,1,50,2,4.748
9413189,201612,32405,11290,己合备,11290630,沥釜2悼,1,60,2,3.9
9413196,201612,32405,11290,己合备,11290630,沥釜2悼,2,0,2,7.84
9413217,201612,32405,11290,己合备,11290630,沥釜2悼,2,30,2,1.3975
9413224,201612,32405,11290,己合备,11290630,沥釜2悼,2,40,2,1.96
9413231,201612,32405,11290,己合备,11290630,沥釜2悼,2,50,2,2.6625
9413238,201612,32405,11290,己合备,11290630,沥釜2悼,2,60,2,1.82
9413245,201612,32406,11290,己合备,11290630,沥釜2悼,1,0,2,26.4615
9413252,201612,32406,11290,己合备,11290630,沥釜2悼,1,10,2,1.583
9413259,201612,32406,11290,己合备,11290630,沥釜2悼,1,20,2,1.543
9413266,201612,32406,11290,己合备,11290630,沥釜2悼,1,30,2,4.634
9413273,201612,32406,11290,己合备,11290630,沥釜2悼,1,40,2,6.912
9413280,201612,32406,11290,己合备,11290630,沥釜2悼,1,50,2,6.3275
9413287,201612,32406,11290,己合备,11290630,沥釜2悼,1,60,2,5.462
9413294,201612,32406,11290,己合备,11290630,沥釜2悼,2,0,2,13.34875
9413301,201612,32406,11290,己合备,11290630,沥釜2悼,2,10,2,0.56
9413308,201612,32406,11290,己合备,11290630,沥釜2悼,2,20,2,0.9325
9413315,201612,32406,11290,己合备,11290630,沥釜2悼,2,30,2,2.19125
9413322,201612,32406,11290,己合备,11290630,沥釜2悼,2,40,2,3.08
9413329,201612,32406,11290,己合备,11290630,沥釜2悼,2,50,2,3.3625
9413336,201612,32406,11290,己合备,11290630,沥釜2悼,2,60,2,3.2225
9413343,201612,32408,11290,己合备,11290630,沥釜2悼,1,0,2,85.212875
9413350,201612,32408,11290,己合备,11290630,沥釜2悼,1,10,2,6.68375
9413357,201612,32408,11290,己合备,11290630,沥釜2悼,1,20,2,7.613875
9413364,201612,32408,11290,己合备,11290630,沥釜2悼,1,30,2,15.440375
9413371,201612,32408,11290,己合备,11290630,沥釜2悼,1,40,2,20.74525
9413378,201612,32408,11290,己合备,11290630,沥釜2悼,1,50,2,18.40225
9413385,201612,32408,11290,己合备,11290630,沥釜2悼,1,60,2,16.327375
9413392,201612,32408,11290,己合备,11290630,沥釜2悼,2,0,2,47.74375
9413399,201612,32408,11290,己合备,11290630,沥釜2悼,2,10,2,2.144375
9413406,201612,32408,11290,己合备,11290630,沥釜2悼,2,20,2,4.0321875
9413413,201612,32408,11290,己合备,11290630,沥釜2悼,2,30,2,8.49875
9413420,201612,32408,11290,己合备,11290630,沥釜2悼,2,40,2,11.105
9413427,201612,32408,11290,己合备,11290630,沥釜2悼,2,50,2,11.836562
9413434,201612,32408,11290,己合备,11290630,沥釜2悼,2,60,2,10.126875
9413441,201612,32409,11290,己合备,11290630,沥釜2悼,1,0,2,108.796
9413448,201612,32409,11290,己合备,11290630,沥釜2悼,1,10,2,8.77
9413455,201612,32409,11290,己合备,11290630,沥釜2悼,1,20,2,10.177333
9413462,201612,32409,11290,己合备,11290630,沥釜2悼,1,30,2,19.044666
9413469,201612,32409,11290,己合备,11290630,沥釜2悼,1,40,2,25.300333
9413476,201612,32409,11290,己合备,11290630,沥釜2悼,1,50,2,22.978666
9413483,201612,32409,11290,己合备,11290630,沥釜2悼,1,60,2,22.525
9413490,201612,32409,11290,己合备,11290630,沥釜2悼,2,0,2,59.1375
9413497,201612,32409,11290,己合备,11290630,沥釜2悼,2,10,2,2.2075
9413504,201612,32409,11290,己合备,11290630,沥釜2悼,2,20,2,4.4791665
9413511,201612,32409,11290,己合备,11290630,沥釜2悼,2,30,2,9.939167
9413518,201612,32409,11290,己合备,11290630,沥釜2悼,2,40,2,13.650833
9413525,201612,32409,11290,己合备,11290630,沥釜2悼,2,50,2,14.8275
9413532,201612,32409,11290,己合备,11290630,沥釜2悼,2,60,2,14.033334
9414127,201612,32417,11290,己合备,11290630,沥釜2悼,1,0,2,46.907
9414134,201612,32417,11290,己合备,11290630,沥釜2悼,1,10,2,2.85875
9414141,201612,32417,11290,己合备,11290630,沥釜2悼,1,20,2,3.481
9414148,201612,32417,11290,己合备,11290630,沥釜2悼,1,30,2,8.017
9414155,201612,32417,11290,己合备,11290630,沥釜2悼,1,40,2,11.25975
9414162,201612,32417,11290,己合备,11290630,沥釜2悼,1,50,2,10.68125
9414169,201612,32417,11290,己合备,11290630,沥釜2悼,1,60,2,10.60925
9414176,201612,32417,11290,己合备,11290630,沥釜2悼,2,0,2,25.62
9414183,201612,32417,11290,己合备,11290630,沥釜2悼,2,10,2,0.9225
9414190,201612,32417,11290,己合备,11290630,沥釜2悼,2,20,2,1.78875
9414197,201612,32417,11290,己合备,11290630,沥釜2悼,2,30,2,4.0325
9414204,201612,32417,11290,己合备,11290630,沥釜2悼,2,40,2,5.629375
9414211,201612,32417,11290,己合备,11290630,沥釜2悼,2,50,2,6.535625
9414218,201612,32417,11290,己合备,11290630,沥釜2悼,2,60,2,6.71125
9414323,201612,32419,11290,己合备,11290630,沥釜2悼,1,0,2,11.168
9414330,201612,32419,11290,己合备,11290630,沥釜2悼,1,10,2,0.452
9414344,201612,32419,11290,己合备,11290630,沥釜2悼,1,30,2,2.2575
9414351,201612,32419,11290,己合备,11290630,沥釜2悼,1,40,2,3.7215
9414358,201612,32419,11290,己合备,11290630,沥釜2悼,1,50,2,3.1575
9414365,201612,32419,11290,己合备,11290630,沥釜2悼,1,60,2,1.5795
9414372,201612,32419,11290,己合备,11290630,沥釜2悼,2,0,2,3.34875
9414393,201612,32419,11290,己合备,11290630,沥釜2悼,2,30,2,0.835
9414400,201612,32419,11290,己合备,11290630,沥釜2悼,2,40,2,1.1175
9414407,201612,32419,11290,己合备,11290630,沥釜2悼,2,50,2,1.1175
9414414,201612,32419,11290,己合备,11290630,沥釜2悼,2,60,2,0.27875
9415009,201612,32426,11290,己合备,11290630,沥釜2悼,1,0,2,10.375
9415016,201612,32426,11290,己合备,11290630,沥釜2悼,1,10,2,0.09866667
9415030,201612,32426,11290,己合备,11290630,沥釜2悼,1,30,2,1.433
9415037,201612,32426,11290,己合备,11290630,沥釜2悼,1,40,2,3.4583333
9415044,201612,32426,11290,己合备,11290630,沥釜2悼,1,50,2,3.2106667
9415051,201612,32426,11290,己合备,11290630,沥釜2悼,1,60,2,2.1743333
9415058,201612,32426,11290,己合备,11290630,沥釜2悼,2,0,2,3.765
9415079,201612,32426,11290,己合备,11290630,沥釜2悼,2,30,2,0.365
9415086,201612,32426,11290,己合备,11290630,沥釜2悼,2,40,2,1.3358333
9415093,201612,32426,11290,己合备,11290630,沥釜2悼,2,50,2,1.2141666
9415100,201612,32426,11290,己合备,11290630,沥釜2悼,2,60,2,0.85
9415499,201612,32432,11290,己合备,11290630,沥釜2悼,1,0,2,138.944
9415506,201612,32432,11290,己合备,11290630,沥釜2悼,1,10,2,11.357
9415513,201612,32432,11290,己合备,11290630,沥釜2悼,1,20,2,13.805
9415520,201612,32432,11290,己合备,11290630,沥釜2悼,1,30,2,23.379
9415527,201612,32432,11290,己合备,11290630,沥釜2悼,1,40,2,32.512
9415534,201612,32432,11290,己合备,11290630,沥釜2悼,1,50,2,28.945
9415541,201612,32432,11290,己合备,11290630,沥釜2悼,1,60,2,28.946
9415548,201612,32432,11290,己合备,11290630,沥釜2悼,2,0,2,73.365
9415555,201612,32432,11290,己合备,11290630,沥釜2悼,2,10,2,4.035
9415562,201612,32432,11290,己合备,11290630,沥釜2悼,2,20,2,7.5525
9415569,201612,32432,11290,己合备,11290630,沥釜2悼,2,30,2,11.3625
9415576,201612,32432,11290,己合备,11290630,沥釜2悼,2,40,2,16.6425
9415583,201612,32432,11290,己合备,11290630,沥釜2悼,2,50,2,16.8825
9415590,201612,32432,11290,己合备,11290630,沥釜2悼,2,60,2,16.89
9415793,201612,32435,11290,己合备,11290630,沥釜2悼,1,0,2,13.345
9415800,201612,32435,11290,己合备,11290630,沥釜2悼,1,10,2,0.128
9415814,201612,32435,11290,己合备,11290630,沥釜2悼,1,30,2,1.845
9415821,201612,32435,11290,己合备,11290630,沥釜2悼,1,40,2,4.445
9415828,201612,32435,11290,己合备,11290630,沥釜2悼,1,50,2,4.13
9415835,201612,32435,11290,己合备,11290630,沥釜2悼,1,60,2,2.797
9415842,201612,32435,11290,己合备,11290630,沥釜2悼,2,0,2,4.845
9415863,201612,32435,11290,己合备,11290630,沥釜2悼,2,30,2,0.47
9415870,201612,32435,11290,己合备,11290630,沥釜2悼,2,40,2,1.7175
9415877,201612,32435,11290,己合备,11290630,沥釜2悼,2,50,2,1.5625
9415884,201612,32435,11290,己合备,11290630,沥釜2悼,2,60,2,1.095
9417655,201612,32457,11290,己合备,11290630,沥釜2悼,1,0,2,93.24633
9417662,201612,32457,11290,己合备,11290630,沥釜2悼,1,10,2,6.125
9417669,201612,32457,11290,己合备,11290630,沥釜2悼,1,20,2,6.346
9417676,201612,32457,11290,己合备,11290630,沥釜2悼,1,30,2,15.709
9417683,201612,32457,11290,己合备,11290630,沥釜2悼,1,40,2,23.397333
9417690,201612,32457,11290,己合备,11290630,沥釜2悼,1,50,2,20.389
9417697,201612,32457,11290,己合备,11290630,沥釜2悼,1,60,2,21.28
9417704,201612,32457,11290,己合备,11290630,沥釜2悼,2,0,2,46.96
9417711,201612,32457,11290,己合备,11290630,沥釜2悼,2,10,2,1.515
9417718,201612,32457,11290,己合备,11290630,沥釜2悼,2,20,2,3.2775
9417725,201612,32457,11290,己合备,11290630,沥釜2悼,2,30,2,7.590833
9417732,201612,32457,11290,己合备,11290630,沥釜2悼,2,40,2,11.1175
9417739,201612,32457,11290,己合备,11290630,沥釜2悼,2,50,2,12.356667
9417746,201612,32457,11290,己合备,11290630,沥釜2悼,2,60,2,11.1025
9418537,201612,32465,11290,己合备,11290630,沥釜2悼,1,0,2,101.2714
9418544,201612,32465,11290,己合备,11290630,沥釜2悼,1,10,2,8.1144
9418551,201612,32465,11290,己合备,11290630,沥釜2悼,1,20,2,9.5279
9418558,201612,32465,11290,己合备,11290630,沥釜2悼,1,30,2,17.9536
9418565,201612,32465,11290,己合备,11290630,沥釜2悼,1,40,2,24.3345
9418572,201612,32465,11290,己合备,11290630,沥釜2悼,1,50,2,21.5905
9418579,201612,32465,11290,己合备,11290630,沥釜2悼,1,60,2,19.7505
9418586,201612,32465,11290,己合备,11290630,沥釜2悼,2,0,2,56.78375
9418593,201612,32465,11290,己合备,11290630,沥釜2悼,2,10,2,2.8705
9418600,201612,32465,11290,己合备,11290630,沥釜2悼,2,20,2,5.3185
9418607,201612,32465,11290,己合备,11290630,沥釜2悼,2,30,2,9.8135
9418614,201612,32465,11290,己合备,11290630,沥釜2悼,2,40,2,12.87025
9418621,201612,32465,11290,己合备,11290630,沥釜2悼,2,50,2,13.57025
9418628,201612,32465,11290,己合备,11290630,沥釜2悼,2,60,2,12.34075
9419615,201612,32477,11290,己合备,11290630,沥釜2悼,1,0,2,13.345
9419622,201612,32477,11290,己合备,11290630,沥釜2悼,1,10,2,0.128
9419636,201612,32477,11290,己合备,11290630,沥釜2悼,1,30,2,1.845
9419643,201612,32477,11290,己合备,11290630,沥釜2悼,1,40,2,4.445
9419650,201612,32477,11290,己合备,11290630,沥釜2悼,1,50,2,4.13
9419657,201612,32477,11290,己合备,11290630,沥釜2悼,1,60,2,2.797
9419664,201612,32477,11290,己合备,11290630,沥釜2悼,2,0,2,4.845
9419685,201612,32477,11290,己合备,11290630,沥釜2悼,2,30,2,0.47
9419692,201612,32477,11290,己合备,11290630,沥釜2悼,2,40,2,1.7175
9419699,201612,32477,11290,己合备,11290630,沥釜2悼,2,50,2,1.5625
9419706,201612,32477,11290,己合备,11290630,沥釜2悼,2,60,2,1.095
9420105,201612,32481,11290,己合备,11290630,沥釜2悼,1,0,2,54.1895
9420112,201612,32481,11290,己合备,11290630,沥釜2悼,1,10,2,3.3155
9420119,201612,32481,11290,己合备,11290630,沥釜2悼,1,20,2,3.777
9420126,201612,32481,11290,己合备,11290630,沥釜2悼,1,30,2,8.638
9420133,201612,32481,11290,己合备,11290630,沥釜2悼,1,40,2,13.2985
9420140,201612,32481,11290,己合备,11290630,沥釜2悼,1,50,2,12.8195
9420147,201612,32481,11290,己合备,11290630,沥釜2悼,1,60,2,12.341
9420154,201612,32481,11290,己合备,11290630,沥釜2悼,2,0,2,29.53375
9420161,201612,32481,11290,己合备,11290630,沥釜2悼,2,10,2,1.375
9420168,201612,32481,11290,己合备,11290630,沥釜2悼,2,20,2,2.28875
9420175,201612,32481,11290,己合备,11290630,沥釜2悼,2,30,2,4.34875
9420182,201612,32481,11290,己合备,11290630,沥釜2悼,2,40,2,6.2725
9420189,201612,32481,11290,己合备,11290630,沥釜2悼,2,50,2,7.3275
9420196,201612,32481,11290,己合备,11290630,沥釜2悼,2,60,2,7.92125
9420399,201612,32485,11290,己合备,11290630,沥釜2悼,1,0,2,44.167
9420406,201612,32485,11290,己合备,11290630,沥釜2悼,1,10,2,1.215
9420420,201612,32485,11290,己合备,11290630,沥釜2悼,1,30,2,8.02
9420427,201612,32485,11290,己合备,11290630,沥釜2悼,1,40,2,12.697
9420434,201612,32485,11290,己合备,11290630,沥釜2悼,1,50,2,10.935
9420441,201612,32485,11290,己合备,11290630,沥釜2悼,1,60,2,11.3
9420448,201612,32485,11290,己合备,11290630,沥釜2悼,2,0,2,24.37
9420469,201612,32485,11290,己合备,11290630,沥釜2悼,2,30,2,4.2275
9420476,201612,32485,11290,己合备,11290630,沥釜2悼,2,40,2,6.505
9420483,201612,32485,11290,己合备,11290630,沥釜2悼,2,50,2,8.03375
9420490,201612,32485,11290,己合备,11290630,沥釜2悼,2,60,2,5.60375
9422163,201612,32504,11290,己合备,11290630,沥釜2悼,1,0,2,121.573
9422170,201612,32504,11290,己合备,11290630,沥釜2悼,1,10,2,10.687
9422177,201612,32504,11290,己合备,11290630,沥釜2悼,1,20,2,13.025
9422184,201612,32504,11290,己合备,11290630,沥釜2悼,1,30,2,21.377
9422191,201612,32504,11290,己合备,11290630,沥釜2悼,1,40,2,28.945
9422198,201612,32504,11290,己合备,11290630,沥釜2悼,1,50,2,24.717
9422205,201612,32504,11290,己合备,11290630,沥釜2悼,1,60,2,22.822
9422212,201612,32504,11290,己合备,11290630,沥釜2悼,2,0,2,60.03
9422219,201612,32504,11290,己合备,11290630,沥釜2悼,2,10,2,1.77
9422226,201612,32504,11290,己合备,11290630,沥釜2悼,2,20,2,5.5575
9422233,201612,32504,11290,己合备,11290630,沥釜2悼,2,30,2,10.845
9422240,201612,32504,11290,己合备,11290630,沥釜2悼,2,40,2,14.37
9422247,201612,32504,11290,己合备,11290630,沥釜2悼,2,50,2,14.8575
9422254,201612,32504,11290,己合备,11290630,沥釜2悼,2,60,2,12.63
9423045,201612,32512,11290,己合备,11290630,沥釜2悼,1,0,2,7.4384284
9423052,201612,32512,11290,己合备,11290630,沥釜2悼,1,10,2,0.24833333
9423059,201612,32512,11290,己合备,11290630,沥釜2悼,1,20,2,0.21276191
9423066,201612,32512,11290,己合备,11290630,沥釜2悼,1,30,2,1.4369048
9423073,201612,32512,11290,己合备,11290630,沥釜2悼,1,40,2,1.8906667
9423080,201612,32512,11290,己合备,11290630,沥釜2悼,1,50,2,1.8439047
9423087,201612,32512,11290,己合备,11290630,沥釜2悼,1,60,2,1.8058572
9423094,201612,32512,11290,己合备,11290630,沥釜2悼,2,0,2,3.5366666
9423108,201612,32512,11290,己合备,11290630,沥釜2悼,2,20,2,0.05214286
9423115,201612,32512,11290,己合备,11290630,沥釜2悼,2,30,2,0.5995238
9423122,201612,32512,11290,己合备,11290630,沥釜2悼,2,40,2,0.8275
9423129,201612,32512,11290,己合备,11290630,沥釜2悼,2,50,2,1.1489285
9423136,201612,32512,11290,己合备,11290630,沥釜2悼,2,60,2,0.9085714
9424613,201612,32528,11290,己合备,11290630,沥釜2悼,1,0,2,12.2265
9424620,201612,32528,11290,己合备,11290630,沥釜2悼,1,10,2,0.262
9424634,201612,32528,11290,己合备,11290630,沥釜2悼,1,30,2,1.446
9424641,201612,32528,11290,己合备,11290630,沥釜2悼,1,40,2,3.9115
9424648,201612,32528,11290,己合备,11290630,沥釜2悼,1,50,2,4.042
9424655,201612,32528,11290,己合备,11290630,沥釜2悼,1,60,2,2.565
9424662,201612,32528,11290,己合备,11290630,沥釜2悼,2,0,2,3.57875
9424683,201612,32528,11290,己合备,11290630,沥釜2悼,2,30,2,0.4875
9424690,201612,32528,11290,己合备,11290630,沥釜2悼,2,40,2,0.81375
9424697,201612,32528,11290,己合备,11290630,沥釜2悼,2,50,2,1.46375
9424704,201612,32528,11290,己合备,11290630,沥釜2悼,2,60,2,0.81375
9425103,201612,32533,11290,己合备,11290630,沥釜2悼,1,0,2,20.592667
9425110,201612,32533,11290,己合备,11290630,沥釜2悼,1,10,2,0.45333335
9425124,201612,32533,11290,己合备,11290630,沥釜2悼,1,30,2,3.4113333
9425131,201612,32533,11290,己合备,11290630,沥釜2悼,1,40,2,6.086
9425138,201612,32533,11290,己合备,11290630,沥釜2悼,1,50,2,5.4513335
9425145,201612,32533,11290,己合备,11290630,沥釜2悼,1,60,2,5.1906667
9425152,201612,32533,11290,己合备,11290630,沥釜2悼,2,0,2,10.233334
9425173,201612,32533,11290,己合备,11290630,沥釜2悼,2,30,2,1.48
9425180,201612,32533,11290,己合备,11290630,沥釜2悼,2,40,2,2.9841666
9425187,201612,32533,11290,己合备,11290630,沥釜2悼,2,50,2,3.3708334
9425194,201612,32533,11290,己合备,11290630,沥釜2悼,2,60,2,2.3983333
9425201,201612,32534,11290,己合备,11290630,沥釜2悼,1,0,2,22.713
9425208,201612,32534,11290,己合备,11290630,沥釜2悼,1,10,2,0.545
9425222,201612,32534,11290,己合备,11290630,沥釜2悼,1,30,2,3.853
9425229,201612,32534,11290,己合备,11290630,沥釜2悼,1,40,2,6.572
9425236,201612,32534,11290,己合备,11290630,沥釜2悼,1,50,2,5.895
9425243,201612,32534,11290,己合备,11290630,沥釜2悼,1,60,2,5.848
9425250,201612,32534,11290,己合备,11290630,沥釜2悼,2,0,2,11.705
9425271,201612,32534,11290,己合备,11290630,沥釜2悼,2,30,2,1.7875
9425278,201612,32534,11290,己合备,11290630,沥釜2悼,2,40,2,3.2325
9425285,201612,32534,11290,己合备,11290630,沥釜2悼,2,50,2,3.8975
9425292,201612,32534,11290,己合备,11290630,沥釜2悼,2,60,2,2.7875
9427847,201612,32562,11290,己合备,11290630,沥釜2悼,1,0,2,47.7545
9427854,201612,32562,11290,己合备,11290630,沥釜2悼,1,10,2,2.9055
9427861,201612,32562,11290,己合备,11290630,沥釜2悼,1,20,2,3.0545
9427868,201612,32562,11290,己合备,11290630,沥釜2悼,1,30,2,7.897
9427875,201612,32562,11290,己合备,11290630,沥釜2悼,1,40,2,12.516
9427882,201612,32562,11290,己合备,11290630,沥釜2悼,1,50,2,11.3985
9427889,201612,32562,11290,己合备,11290630,沥釜2悼,1,60,2,9.983
9427896,201612,32562,11290,己合备,11290630,沥釜2悼,2,0,2,24.59125
9427903,201612,32562,11290,己合备,11290630,沥釜2悼,2,10,2,1.11
9427910,201612,32562,11290,己合备,11290630,沥釜2悼,2,20,2,1.8475
9427917,201612,32562,11290,己合备,11290630,沥釜2悼,2,30,2,3.69625
9427924,201612,32562,11290,己合备,11290630,沥釜2悼,2,40,2,5.54625
9427931,201612,32562,11290,己合备,11290630,沥釜2悼,2,50,2,6.1025
9427938,201612,32562,11290,己合备,11290630,沥釜2悼,2,60,2,6.28875
9429905,201612,32583,11290,己合备,11290630,沥釜2悼,1,0,2,42.053
9429912,201612,32583,11290,己合备,11290630,沥釜2悼,1,10,2,0.84
9429926,201612,32583,11290,己合备,11290630,沥釜2悼,1,30,2,7.541
9429933,201612,32583,11290,己合备,11290630,沥釜2悼,1,40,2,13.066
9429940,201612,32583,11290,己合备,11290630,沥釜2悼,1,50,2,11.224
9429947,201612,32583,11290,己合备,11290630,沥釜2悼,1,60,2,9.382
9429954,201612,32583,11290,己合备,11290630,沥釜2悼,2,0,2,17.475
9429975,201612,32583,11290,己合备,11290630,沥釜2悼,2,30,2,3.05
9429982,201612,32583,11290,己合备,11290630,沥釜2悼,2,40,2,4.9425
9429989,201612,32583,11290,己合备,11290630,沥釜2悼,2,50,2,5.6875
9429996,201612,32583,11290,己合备,11290630,沥釜2悼,2,60,2,3.795
9434021,201612,32625,11290,己合备,11290630,沥釜2悼,1,0,2,14.7935
9434028,201612,32625,11290,己合备,11290630,沥釜2悼,1,10,2,0.22325
9434042,201612,32625,11290,己合备,11290630,沥釜2悼,1,30,2,2.3065
9434049,201612,32625,11290,己合备,11290630,沥釜2悼,1,40,2,4.836
9434056,201612,32625,11290,己合备,11290630,沥釜2悼,1,50,2,4.055
9434063,201612,32625,11290,己合备,11290630,沥釜2悼,1,60,2,3.37275
9434070,201612,32625,11290,己合备,11290630,沥釜2悼,2,0,2,6.430625
9434091,201612,32625,11290,己合备,11290630,沥釜2悼,2,30,2,0.84375
9434098,201612,32625,11290,己合备,11290630,沥釜2悼,2,40,2,1.935625
9434105,201612,32625,11290,己合备,11290630,沥釜2悼,2,50,2,2.168125
9434112,201612,32625,11290,己合备,11290630,沥釜2悼,2,60,2,1.483125
9434217,201612,32628,11290,己合备,11290630,沥釜2悼,1,0,2,33.532
9434224,201612,32628,11290,己合备,11290630,沥釜2悼,1,10,2,0.88
9434238,201612,32628,11290,己合备,11290630,沥釜2悼,1,30,2,5.937
9434245,201612,32628,11290,己合备,11290630,沥釜2悼,1,40,2,9.665
9434252,201612,32628,11290,己合备,11290630,沥釜2悼,1,50,2,8.415
9434259,201612,32628,11290,己合备,11290630,沥釜2悼,1,60,2,8.635
9434266,201612,32628,11290,己合备,11290630,沥釜2悼,2,0,2,18.1125
9434287,201612,32628,11290,己合备,11290630,沥釜2悼,2,30,2,3.0075
9434294,201612,32628,11290,己合备,11290630,沥釜2悼,2,40,2,4.7925
9434301,201612,32628,11290,己合备,11290630,沥釜2悼,2,50,2,6.04125
9434308,201612,32628,11290,己合备,11290630,沥釜2悼,2,60,2,4.27125
9434805,201612,32634,11290,己合备,11290630,沥釜2悼,1,0,2,42.43025
9434812,201612,32634,11290,己合备,11290630,沥釜2悼,1,10,2,2.365
9434819,201612,32634,11290,己合备,11290630,沥釜2悼,1,20,2,2.48325
9434826,201612,32634,11290,己合备,11290630,沥釜2悼,1,30,2,6.5065
9434833,201612,32634,11290,己合备,11290630,沥釜2悼,1,40,2,11.26425
9434840,201612,32634,11290,己合备,11290630,沥釜2悼,1,50,2,10.64825
9434847,201612,32634,11290,己合备,11290630,沥釜2悼,1,60,2,9.163
9434854,201612,32634,11290,己合备,11290630,沥釜2悼,2,0,2,21.035625
9434861,201612,32634,11290,己合备,11290630,沥釜2悼,2,10,2,0.90375
9434868,201612,32634,11290,己合备,11290630,沥釜2悼,2,20,2,1.5025
9434875,201612,32634,11290,己合备,11290630,沥釜2悼,2,30,2,3.0075
9434882,201612,32634,11290,己合备,11290630,沥釜2悼,2,40,2,4.61375
9434889,201612,32634,11290,己合备,11290630,沥釜2悼,2,50,2,5.48
9434896,201612,32634,11290,己合备,11290630,沥釜2悼,2,60,2,5.528125
9435785,201612,32645,11290,己合备,11290630,沥釜2悼,1,0,2,13.137
9435792,201612,32645,11290,己合备,11290630,沥釜2悼,1,10,2,0.074
9435806,201612,32645,11290,己合备,11290630,沥釜2悼,1,30,2,1.758
9435813,201612,32645,11290,己合备,11290630,沥釜2悼,1,40,2,4.4175
9435820,201612,32645,11290,己合备,11290630,沥釜2悼,1,50,2,4.0655
9435827,201612,32645,11290,己合备,11290630,沥釜2悼,1,60,2,2.822
9435834,201612,32645,11290,己合备,11290630,沥釜2悼,2,0,2,4.515
9435855,201612,32645,11290,己合备,11290630,沥釜2悼,2,30,2,0.40375
9435862,201612,32645,11290,己合备,11290630,沥釜2悼,2,40,2,1.445
9435869,201612,32645,11290,己合备,11290630,沥釜2悼,2,50,2,1.62625
9435876,201612,32645,11290,己合备,11290630,沥釜2悼,2,60,2,1.04
9435883,201612,32646,11290,己合备,11290630,沥釜2悼,1,0,2,12.136
9435890,201612,32646,11290,己合备,11290630,沥釜2悼,1,10,2,0.064
9435904,201612,32646,11290,己合备,11290630,沥釜2悼,1,30,2,1.653
9435911,201612,32646,11290,己合备,11290630,沥釜2悼,1,40,2,4.222
9435918,201612,32646,11290,己合备,11290630,沥釜2悼,1,50,2,3.686
9435925,201612,32646,11290,己合备,11290630,沥釜2悼,1,60,2,2.511
9435932,201612,32646,11290,己合备,11290630,沥釜2悼,2,0,2,4.1425
9435953,201612,32646,11290,己合备,11290630,沥釜2悼,2,30,2,0.39
9435960,201612,32646,11290,己合备,11290630,沥釜2悼,2,40,2,1.33
9435967,201612,32646,11290,己合备,11290630,沥釜2悼,2,50,2,1.485
9435974,201612,32646,11290,己合备,11290630,沥釜2悼,2,60,2,0.9375
9439901,201612,32687,11290,己合备,11290630,沥釜2悼,1,0,2,18.724
9439908,201612,32687,11290,己合备,11290630,沥釜2悼,1,10,2,0.455
9439922,201612,32687,11290,己合备,11290630,沥釜2悼,1,30,2,3.354
9439929,201612,32687,11290,己合备,11290630,沥釜2悼,1,40,2,5.847
9439936,201612,32687,11290,己合备,11290630,沥釜2悼,1,50,2,4.58
9439943,201612,32687,11290,己合备,11290630,沥釜2悼,1,60,2,4.488
9439950,201612,32687,11290,己合备,11290630,沥釜2悼,2,0,2,9.695
9439971,201612,32687,11290,己合备,11290630,沥釜2悼,2,30,2,1.675
9439978,201612,32687,11290,己合备,11290630,沥釜2悼,2,40,2,2.5625
9439985,201612,32687,11290,己合备,11290630,沥釜2悼,2,50,2,3.2275
9439992,201612,32687,11290,己合备,11290630,沥釜2悼,2,60,2,2.23
9439999,201612,32688,11290,己合备,11290630,沥釜2悼,1,0,2,40.212666
9440006,201612,32688,11290,己合备,11290630,沥釜2悼,1,10,2,0.92333335
9440020,201612,32688,11290,己合备,11290630,沥釜2悼,1,30,2,7.21
9440027,201612,32688,11290,己合备,11290630,沥釜2悼,1,40,2,12.111333
9440034,201612,32688,11290,己合备,11290630,沥釜2悼,1,50,2,10.354667
9440041,201612,32688,11290,己合备,11290630,沥釜2悼,1,60,2,9.613334
9440048,201612,32688,11290,己合备,11290630,沥釜2悼,2,0,2,18.337084
9440069,201612,32688,11290,己合备,11290630,沥釜2悼,2,30,2,3.1741667
9440076,201612,32688,11290,己合备,11290630,沥釜2悼,2,40,2,4.8533335
9440083,201612,32688,11290,己合备,11290630,沥釜2悼,2,50,2,6.0979166
9440090,201612,32688,11290,己合备,11290630,沥釜2悼,2,60,2,4.2116666
9440587,201612,32693,11290,己合备,11290630,沥釜2悼,1,0,2,18.666
9440594,201612,32693,11290,己合备,11290630,沥釜2悼,1,10,2,0.408
9440608,201612,32693,11290,己合备,11290630,沥釜2悼,1,30,2,3.162
9440615,201612,32693,11290,己合备,11290630,沥釜2悼,1,40,2,5.746
9440622,201612,32693,11290,己合备,11290630,沥釜2悼,1,50,2,4.794
9440629,201612,32693,11290,己合备,11290630,沥釜2悼,1,60,2,4.556
9440636,201612,32693,11290,己合备,11290630,沥釜2悼,2,0,2,9.285
9440657,201612,32693,11290,己合备,11290630,沥釜2悼,2,30,2,1.425
9440664,201612,32693,11290,己合备,11290630,沥釜2悼,2,40,2,2.5925
9440671,201612,32693,11290,己合备,11290630,沥釜2悼,2,50,2,3.0925
9440678,201612,32693,11290,己合备,11290630,沥釜2悼,2,60,2,2.175
9443821,201612,32727,11290,己合备,11290630,沥釜2悼,1,0,2,18.724
9443828,201612,32727,11290,己合备,11290630,沥釜2悼,1,10,2,0.455
9443842,201612,32727,11290,己合备,11290630,沥釜2悼,1,30,2,3.354
9443849,201612,32727,11290,己合备,11290630,沥釜2悼,1,40,2,5.847
9443856,201612,32727,11290,己合备,11290630,沥釜2悼,1,50,2,4.58
9443863,201612,32727,11290,己合备,11290630,沥釜2悼,1,60,2,4.488
9443870,201612,32727,11290,己合备,11290630,沥釜2悼,2,0,2,9.695
9443891,201612,32727,11290,己合备,11290630,沥釜2悼,2,30,2,1.675
9443898,201612,32727,11290,己合备,11290630,沥釜2悼,2,40,2,2.5625
9443905,201612,32727,11290,己合备,11290630,沥釜2悼,2,50,2,3.2275
9443912,201612,32727,11290,己合备,11290630,沥釜2悼,2,60,2,2.23
9444115,201612,32730,11290,己合备,11290630,沥釜2悼,1,0,2,102.869
9444122,201612,32730,11290,己合备,11290630,沥釜2悼,1,10,2,8.905
9444129,201612,32730,11290,己合备,11290630,沥釜2悼,1,20,2,10.577
9444136,201612,32730,11290,己合备,11290630,沥釜2悼,1,30,2,16.589
9444143,201612,32730,11290,己合备,11290630,沥釜2悼,1,40,2,24.603
9444150,201612,32730,11290,己合备,11290630,沥釜2悼,1,50,2,20.819
9444157,201612,32730,11290,己合备,11290630,沥釜2悼,1,60,2,21.376
9444164,201612,32730,11290,己合备,11290630,沥釜2悼,2,0,2,53.2275
9444171,201612,32730,11290,己合备,11290630,沥釜2悼,2,10,2,3.03
9444178,201612,32730,11290,己合备,11290630,沥釜2悼,2,20,2,5.55
9444185,201612,32730,11290,己合备,11290630,沥釜2悼,2,30,2,8.0775
9444192,201612,32730,11290,己合备,11290630,沥釜2悼,2,40,2,11.61
9444199,201612,32730,11290,己合备,11290630,沥釜2悼,2,50,2,11.85
9444206,201612,32730,11290,己合备,11290630,沥釜2悼,2,60,2,13.11
9444213,201612,32731,11290,己合备,11290630,沥釜2悼,1,0,2,119.31238
9444220,201612,32731,11290,己合备,11290630,沥釜2悼,1,10,2,10.6495
9444227,201612,32731,11290,己合备,11290630,沥釜2悼,1,20,2,12.675
9444234,201612,32731,11290,己合备,11290630,沥釜2悼,1,30,2,19.84575
9444241,201612,32731,11290,己合备,11290630,沥釜2悼,1,40,2,28.128876
9444248,201612,32731,11290,己合备,11290630,沥釜2悼,1,50,2,23.798
9444255,201612,32731,11290,己合备,11290630,沥釜2悼,1,60,2,24.21525
9444262,201612,32731,11290,己合备,11290630,沥釜2悼,2,0,2,62.215313
9444269,201612,32731,11290,己合备,11290630,沥釜2悼,2,10,2,3.0234375
9444276,201612,32731,11290,己合备,11290630,沥釜2悼,2,20,2,6.22375
9444283,201612,32731,11290,己合备,11290630,沥釜2悼,2,30,2,10.030313
9444290,201612,32731,11290,己合备,11290630,沥釜2悼,2,40,2,13.9765625
9444297,201612,32731,11290,己合备,11290630,沥釜2悼,2,50,2,14.3075
9444304,201612,32731,11290,己合备,11290630,沥釜2悼,2,60,2,14.65375
9444311,201612,32732,11290,己合备,11290630,沥釜2悼,1,0,2,18.666
9444318,201612,32732,11290,己合备,11290630,沥釜2悼,1,10,2,0.408
9444332,201612,32732,11290,己合备,11290630,沥釜2悼,1,30,2,3.162
9444339,201612,32732,11290,己合备,11290630,沥釜2悼,1,40,2,5.746
9444346,201612,32732,11290,己合备,11290630,沥釜2悼,1,50,2,4.794
9444353,201612,32732,11290,己合备,11290630,沥釜2悼,1,60,2,4.556
9444360,201612,32732,11290,己合备,11290630,沥釜2悼,2,0,2,9.285
9444381,201612,32732,11290,己合备,11290630,沥釜2悼,2,30,2,1.425
9444388,201612,32732,11290,己合备,11290630,沥釜2悼,2,40,2,2.5925
9444395,201612,32732,11290,己合备,11290630,沥釜2悼,2,50,2,3.0925
9444402,201612,32732,11290,己合备,11290630,沥釜2悼,2,60,2,2.175
9444409,201612,32734,11290,己合备,11290630,沥釜2悼,1,0,2,13.04
9444416,201612,32734,11290,己合备,11290630,沥釜2悼,1,10,2,0.084
9444430,201612,32734,11290,己合备,11290630,沥釜2悼,1,30,2,1.779
9444437,201612,32734,11290,己合备,11290630,沥釜2悼,1,40,2,4.361
9444444,201612,32734,11290,己合备,11290630,沥釜2悼,1,50,2,3.853
9444451,201612,32734,11290,己合备,11290630,沥釜2悼,1,60,2,2.963
9444458,201612,32734,11290,己合备,11290630,沥釜2悼,2,0,2,4.7825
9444479,201612,32734,11290,己合备,11290630,沥釜2悼,2,30,2,0.4175
9444486,201612,32734,11290,己合备,11290630,沥釜2悼,2,40,2,1.455
9444493,201612,32734,11290,己合备,11290630,沥釜2悼,2,50,2,1.7675
9444500,201612,32734,11290,己合备,11290630,沥釜2悼,2,60,2,1.1425
9444507,201612,32735,11290,己合备,11290630,沥釜2悼,1,0,2,16.685
9444514,201612,32735,11290,己合备,11290630,沥釜2悼,1,10,2,0.317
9444528,201612,32735,11290,己合备,11290630,沥釜2悼,1,30,2,2.72
9444535,201612,32735,11290,己合备,11290630,沥釜2悼,1,40,2,5.304
9444542,201612,32735,11290,己合备,11290630,沥釜2悼,1,50,2,4.355
9444549,201612,32735,11290,己合备,11290630,沥釜2悼,1,60,2,3.989
9444556,201612,32735,11290,己合备,11290630,沥釜2悼,2,0,2,7.9175
9444577,201612,32735,11290,己合备,11290630,沥釜2悼,2,30,2,1.115
9444584,201612,32735,11290,己合备,11290630,沥釜2悼,2,40,2,2.2325
9444591,201612,32735,11290,己合备,11290630,沥釜2悼,2,50,2,2.675
9444598,201612,32735,11290,己合备,11290630,沥釜2悼,2,60,2,1.895
9446173,201612,32752,11290,己合备,11290630,沥釜2悼,1,0,2,118.85934
9446180,201612,32752,11290,己合备,11290630,沥釜2悼,1,10,2,10.486
9446187,201612,32752,11290,己合备,11290630,沥釜2悼,1,20,2,12.268
9446194,201612,32752,11290,己合备,11290630,沥釜2悼,1,30,2,20.783
9446201,201612,32752,11290,己合备,11290630,沥釜2悼,1,40,2,28.448334
9446208,201612,32752,11290,己合备,11290630,沥釜2悼,1,50,2,23.827
9446215,201612,32752,11290,己合备,11290630,沥釜2悼,1,60,2,23.047
9446222,201612,32752,11290,己合备,11290630,沥釜2悼,2,0,2,61.930832
9446229,201612,32752,11290,己合备,11290630,沥釜2悼,2,10,2,2.235
9446236,201612,32752,11290,己合备,11290630,沥釜2悼,2,20,2,5.4341664
9446243,201612,32752,11290,己合备,11290630,沥釜2悼,2,30,2,10.849167
9446250,201612,32752,11290,己合备,11290630,沥釜2悼,2,40,2,14.751667
9446257,201612,32752,11290,己合备,11290630,沥釜2悼,2,50,2,15.069167
9446264,201612,32752,11290,己合备,11290630,沥釜2悼,2,60,2,13.591666
9446271,201612,32753,11290,己合备,11290630,沥釜2悼,1,0,2,78.70817
9446278,201612,32753,11290,己合备,11290630,沥釜2悼,1,10,2,5.7095
9446285,201612,32753,11290,己合备,11290630,沥釜2悼,1,20,2,6.574167
9446292,201612,32753,11290,己合备,11290630,沥釜2悼,1,30,2,13.697166
9446299,201612,32753,11290,己合备,11290630,沥釜2悼,1,40,2,20.083
9446306,201612,32753,11290,己合备,11290630,沥釜2悼,1,50,2,17.547167
9446313,201612,32753,11290,己合备,11290630,沥釜2悼,1,60,2,15.097167
9446320,201612,32753,11290,己合备,11290630,沥釜2悼,2,0,2,38.985832
9446327,201612,32753,11290,己合备,11290630,沥釜2悼,2,10,2,1.08625
9446334,201612,32753,11290,己合备,11290630,沥釜2悼,2,20,2,2.89125
9446341,201612,32753,11290,己合备,11290630,沥釜2悼,2,30,2,6.70875
9446348,201612,32753,11290,己合备,11290630,沥釜2悼,2,40,2,9.45625
9446355,201612,32753,11290,己合备,11290630,沥釜2悼,2,50,2,10.064167
9446362,201612,32753,11290,己合备,11290630,沥釜2悼,2,60,2,8.779166
9448035,201612,32772,11290,己合备,11290630,沥釜2悼,1,0,2,74.983
9448042,201612,32772,11290,己合备,11290630,沥釜2悼,1,10,2,5.845
9448049,201612,32772,11290,己合备,11290630,沥釜2悼,1,20,2,6.346
9448056,201612,32772,11290,己合备,11290630,沥釜2悼,1,30,2,12.358
9448063,201612,32772,11290,己合备,11290630,沥釜2悼,1,40,2,19.205
9448070,201612,32772,11290,己合备,11290630,沥釜2悼,1,50,2,15.698
9448077,201612,32772,11290,己合备,11290630,沥釜2悼,1,60,2,15.531
9448084,201612,32772,11290,己合备,11290630,沥釜2悼,2,0,2,39.7525
9448091,201612,32772,11290,己合备,11290630,沥釜2悼,2,10,2,2.275
9448098,201612,32772,11290,己合备,11290630,沥釜2悼,2,20,2,3.41
9448105,201612,32772,11290,己合备,11290630,沥釜2悼,2,30,2,6.065
9448112,201612,32772,11290,己合备,11290630,沥釜2悼,2,40,2,9.09
9448119,201612,32772,11290,己合备,11290630,沥釜2悼,2,50,2,9.08
9448126,201612,32772,11290,己合备,11290630,沥釜2悼,2,60,2,9.8325
9448525,201612,32777,11290,己合备,11290630,沥釜2悼,1,0,2,0.056285713
9448553,201612,32777,11290,己合备,11290630,沥釜2悼,1,40,2,0.028142856
9448560,201612,32777,11290,己合备,11290630,沥釜2悼,1,50,2,0.028142856
9452249,201612,32816,11290,己合备,11290630,沥釜2悼,1,0,2,13.04
9452256,201612,32816,11290,己合备,11290630,沥釜2悼,1,10,2,0.084
9452270,201612,32816,11290,己合备,11290630,沥釜2悼,1,30,2,1.779
9452277,201612,32816,11290,己合备,11290630,沥釜2悼,1,40,2,4.361
9452284,201612,32816,11290,己合备,11290630,沥釜2悼,1,50,2,3.853
9452291,201612,32816,11290,己合备,11290630,沥釜2悼,1,60,2,2.963
9452298,201612,32816,11290,己合备,11290630,沥釜2悼,2,0,2,4.7825
9452319,201612,32816,11290,己合备,11290630,沥釜2悼,2,30,2,0.4175
9452326,201612,32816,11290,己合备,11290630,沥釜2悼,2,40,2,1.455
9452333,201612,32816,11290,己合备,11290630,沥釜2悼,2,50,2,1.7675
9452340,201612,32816,11290,己合备,11290630,沥釜2悼,2,60,2,1.1425
9452347,201612,32817,11290,己合备,11290630,沥釜2悼,1,0,2,16.685
9452354,201612,32817,11290,己合备,11290630,沥釜2悼,1,10,2,0.317
9452368,201612,32817,11290,己合备,11290630,沥釜2悼,1,30,2,2.72
9452375,201612,32817,11290,己合备,11290630,沥釜2悼,1,40,2,5.304
9452382,201612,32817,11290,己合备,11290630,沥釜2悼,1,50,2,4.355
9452389,201612,32817,11290,己合备,11290630,沥釜2悼,1,60,2,3.989
9452396,201612,32817,11290,己合备,11290630,沥釜2悼,2,0,2,7.9175
9452417,201612,32817,11290,己合备,11290630,沥釜2悼,2,30,2,1.115
9452424,201612,32817,11290,己合备,11290630,沥釜2悼,2,40,2,2.2325
9452431,201612,32817,11290,己合备,11290630,沥釜2悼,2,50,2,2.675
9452438,201612,32817,11290,己合备,11290630,沥釜2悼,2,60,2,1.895
9452641,201612,32820,11290,己合备,11290630,沥釜2悼,1,0,2,39.284
9452648,201612,32820,11290,己合备,11290630,沥釜2悼,1,10,2,0.69875
9452662,201612,32820,11290,己合备,11290630,沥釜2悼,1,30,2,6.95275
9452669,201612,32820,11290,己合备,11290630,沥釜2悼,1,40,2,12.4515
9452676,201612,32820,11290,己合备,11290630,沥釜2悼,1,50,2,10.5815
9452683,201612,32820,11290,己合备,11290630,沥釜2悼,1,60,2,8.5995
9452690,201612,32820,11290,己合备,11290630,沥釜2悼,2,0,2,15.58875
9452711,201612,32820,11290,己合备,11290630,沥釜2悼,2,30,2,2.669375
9452718,201612,32820,11290,己合备,11290630,沥釜2悼,2,40,2,4.125
9452725,201612,32820,11290,己合备,11290630,沥釜2悼,2,50,2,5.249375
9452732,201612,32820,11290,己合备,11290630,沥釜2悼,2,60,2,3.545
9452739,201612,32821,11290,己合备,11290630,沥釜2悼,1,0,2,70.123
9452746,201612,32821,11290,己合备,11290630,沥釜2悼,1,10,2,4.466
9452753,201612,32821,11290,己合备,11290630,沥釜2悼,1,20,2,4.244
9452760,201612,32821,11290,己合备,11290630,沥釜2悼,1,30,2,12.728
9452767,201612,32821,11290,己合备,11290630,沥釜2悼,1,40,2,18.647
9452774,201612,32821,11290,己合备,11290630,沥釜2悼,1,50,2,16.079
9452781,201612,32821,11290,己合备,11290630,沥釜2悼,1,60,2,13.959
9452788,201612,32821,11290,己合备,11290630,沥釜2悼,2,0,2,36.89
9452795,201612,32821,11290,己合备,11290630,沥釜2悼,2,10,2,1.515
9452802,201612,32821,11290,己合备,11290630,沥釜2悼,2,20,2,2.275
9452809,201612,32821,11290,己合备,11290630,沥釜2悼,2,30,2,5.825
9452816,201612,32821,11290,己合备,11290630,沥釜2悼,2,40,2,9.5975
9452823,201612,32821,11290,己合备,11290630,沥釜2悼,2,50,2,9.5975
9452830,201612,32821,11290,己合备,11290630,沥釜2悼,2,60,2,8.08
9453621,201612,32834,11290,己合备,11290630,沥釜2悼,1,0,2,13.8
9453628,201612,32834,11290,己合备,11290630,沥釜2悼,1,10,2,0.375
9453635,201612,32834,11290,己合备,11290630,沥釜2悼,1,20,2,0.075
9453642,201612,32834,11290,己合备,11290630,沥釜2悼,1,30,2,3.225
9453649,201612,32834,11290,己合备,11290630,沥釜2悼,1,40,2,3.975
9453656,201612,32834,11290,己合备,11290630,沥釜2悼,1,50,2,3.75
9453663,201612,32834,11290,己合备,11290630,沥釜2悼,1,60,2,2.4
9453670,201612,32834,11290,己合备,11290630,沥釜2悼,2,0,2,7.24
9453691,201612,32834,11290,己合备,11290630,沥釜2悼,2,30,2,1.6675
9453698,201612,32834,11290,己合备,11290630,沥釜2悼,2,40,2,2.23
9453705,201612,32834,11290,己合备,11290630,沥釜2悼,2,50,2,2.2275
9453712,201612,32834,11290,己合备,11290630,沥釜2悼,2,60,2,1.115
9458717,201612,32891,11290,己合备,11290630,沥釜2悼,1,0,2,48.063
9458724,201612,32891,11290,己合备,11290630,沥釜2悼,1,10,2,1.11
9458738,201612,32891,11290,己合备,11290630,沥釜2悼,1,30,2,9.435
9458745,201612,32891,11290,己合备,11290630,沥釜2悼,1,40,2,14.541
9458752,201612,32891,11290,己合备,11290630,沥釜2悼,1,50,2,12.987
9458759,201612,32891,11290,己合备,11290630,沥釜2悼,1,60,2,9.99
9458766,201612,32891,11290,己合备,11290630,沥釜2悼,2,0,2,22.1275
9458787,201612,32891,11290,己合备,11290630,沥釜2悼,2,30,2,3.785
9458794,201612,32891,11290,己合备,11290630,沥釜2悼,2,40,2,6.5325
9458801,201612,32891,11290,己合备,11290630,沥釜2悼,2,50,2,7.535
9458808,201612,32891,11290,己合备,11290630,沥釜2悼,2,60,2,4.275
9462735,201612,32933,11290,己合备,11290630,沥釜2悼,1,0,2,39.407288
9462742,201612,32933,11290,己合备,11290630,沥釜2悼,1,10,2,2.0927143
9462749,201612,32933,11290,己合备,11290630,沥釜2悼,1,20,2,1.8672857
9462756,201612,32933,11290,己合备,11290630,沥釜2悼,1,30,2,7.089857
9462763,201612,32933,11290,己合备,11290630,沥釜2悼,1,40,2,10.584286
9462770,201612,32933,11290,己合备,11290630,沥釜2悼,1,50,2,9.190143
9462777,201612,32933,11290,己合备,11290630,沥釜2悼,1,60,2,8.583
9462784,201612,32933,11290,己合备,11290630,沥釜2悼,2,0,2,19.330357
9462791,201612,32933,11290,己合备,11290630,沥釜2悼,2,10,2,0.19785714
9462798,201612,32933,11290,己合备,11290630,沥釜2悼,2,20,2,0.97821426
9462805,201612,32933,11290,己合备,11290630,沥釜2悼,2,30,2,3.1325
9462812,201612,32933,11290,己合备,11290630,沥釜2悼,2,40,2,4.9085712
9462819,201612,32933,11290,己合备,11290630,沥釜2悼,2,50,2,5.794286
9462826,201612,32933,11290,己合备,11290630,沥釜2悼,2,60,2,4.3189287
9465283,201612,32961,11290,己合备,11290630,沥釜2悼,1,0,2,12.756667
9465290,201612,32961,11290,己合备,11290630,沥釜2悼,1,10,2,0.11133333
9465304,201612,32961,11290,己合备,11290630,沥釜2悼,1,30,2,1.9258333
9465311,201612,32961,11290,己合备,11290630,沥釜2悼,1,40,2,4.350333
9465318,201612,32961,11290,己合备,11290630,沥釜2悼,1,50,2,3.7165
9465325,201612,32961,11290,己合备,11290630,沥釜2悼,1,60,2,2.6526666
9465332,201612,32961,11290,己合备,11290630,沥釜2悼,2,0,2,4.733333
9465353,201612,32961,11290,己合备,11290630,沥釜2悼,2,30,2,0.55916667
9465360,201612,32961,11290,己合备,11290630,沥釜2悼,2,40,2,1.4608333
9465367,201612,32961,11290,己合备,11290630,沥釜2悼,2,50,2,1.7079166
9465374,201612,32961,11290,己合备,11290630,沥釜2悼,2,60,2,1.0054166
9465381,201612,32962,11290,己合备,11290630,沥釜2悼,1,0,2,14.2762
9465388,201612,32962,11290,己合备,11290630,沥釜2悼,1,10,2,0.2712
9465402,201612,32962,11290,己合备,11290630,沥釜2悼,1,30,2,2.6712
9465409,201612,32962,11290,己合备,11290630,沥釜2悼,1,40,2,4.6402
9465416,201612,32962,11290,己合备,11290630,沥釜2悼,1,50,2,3.751
9465423,201612,32962,11290,己合备,11290630,沥釜2悼,1,60,2,2.9426
9465430,201612,32962,11290,己合备,11290630,沥釜2悼,2,0,2,6.5415
9465451,201612,32962,11290,己合备,11290630,沥釜2悼,2,30,2,1.091
9465458,201612,32962,11290,己合备,11290630,沥釜2悼,2,40,2,2.0245
9465465,201612,32962,11290,己合备,11290630,沥釜2悼,2,50,2,2.19
9465472,201612,32962,11290,己合备,11290630,沥釜2悼,2,60,2,1.236
9467537,201612,32983,11290,己合备,11290630,沥釜2悼,1,0,2,20.94
9467544,201612,32983,11290,己合备,11290630,沥釜2悼,1,10,2,0.6665
9467551,201612,32983,11290,己合备,11290630,沥釜2悼,1,20,2,0.8815
9467558,201612,32983,11290,己合备,11290630,沥釜2悼,1,30,2,4.2295
9467565,201612,32983,11290,己合备,11290630,沥釜2悼,1,40,2,5.598
9467572,201612,32983,11290,己合备,11290630,沥釜2悼,1,50,2,5.3815
9467579,201612,32983,11290,己合备,11290630,沥釜2悼,1,60,2,4.183
9467586,201612,32983,11290,己合备,11290630,沥釜2悼,2,0,2,12.15125
9467600,201612,32983,11290,己合备,11290630,沥釜2悼,2,20,2,0.325
9467607,201612,32983,11290,己合备,11290630,沥釜2悼,2,30,2,2.4125
9467614,201612,32983,11290,己合备,11290630,沥釜2悼,2,40,2,3.605
9467621,201612,32983,11290,己合备,11290630,沥釜2悼,2,50,2,3.44
9467628,201612,32983,11290,己合备,11290630,沥釜2悼,2,60,2,2.36875
9468419,201612,32991,11290,己合备,11290630,沥釜2悼,1,0,2,51.9095
9468426,201612,32991,11290,己合备,11290630,沥釜2悼,1,10,2,2.9975
9468433,201612,32991,11290,己合备,11290630,沥釜2悼,1,20,2,2.8015
9468440,201612,32991,11290,己合备,11290630,沥釜2悼,1,30,2,9.6395
9468447,201612,32991,11290,己合备,11290630,沥釜2悼,1,40,2,13.5455
9468454,201612,32991,11290,己合备,11290630,沥釜2悼,1,50,2,12.179
9468461,201612,32991,11290,己合备,11290630,沥釜2悼,1,60,2,10.7465
9468468,201612,32991,11290,己合备,11290630,沥釜2悼,2,0,2,25.66
9468475,201612,32991,11290,己合备,11290630,沥釜2悼,2,10,2,0.2975
9468482,201612,32991,11290,己合备,11290630,沥釜2悼,2,20,2,1.4675
9468489,201612,32991,11290,己合备,11290630,沥釜2悼,2,30,2,4.1175
9468496,201612,32991,11290,己合备,11290630,沥釜2悼,2,40,2,6.74
9468503,201612,32991,11290,己合备,11290630,沥釜2悼,2,50,2,7.6125
9468510,201612,32991,11290,己合备,11290630,沥釜2悼,2,60,2,5.425
9470575,201612,33013,11290,己合备,11290630,沥釜2悼,1,0,2,11.744269
9470582,201612,33013,11290,己合备,11290630,沥釜2悼,1,10,2,0.3726154
9470589,201612,33013,11290,己合备,11290630,沥釜2悼,1,20,2,0.2855
9470596,201612,33013,11290,己合备,11290630,沥釜2悼,1,30,2,1.3020769
9470603,201612,33013,11290,己合备,11290630,沥釜2悼,1,40,2,3.6083846
9470610,201612,33013,11290,己合备,11290630,沥釜2悼,1,50,2,3.6328077
9470617,201612,33013,11290,己合备,11290630,沥釜2悼,1,60,2,2.5428846
9470624,201612,33013,11290,己合备,11290630,沥釜2悼,2,0,2,4.2289424
9470631,201612,33013,11290,己合备,11290630,沥釜2悼,2,10,2,0.10288461
9470638,201612,33013,11290,己合备,11290630,沥釜2悼,2,20,2,0.17153846
9470645,201612,33013,11290,己合备,11290630,沥釜2悼,2,30,2,0.4648077
9470652,201612,33013,11290,己合备,11290630,沥釜2悼,2,40,2,0.88884616
9470659,201612,33013,11290,己合备,11290630,沥釜2悼,2,50,2,1.4408654
9470666,201612,33013,11290,己合备,11290630,沥釜2悼,2,60,2,1.16
9471359,201612,33021,11290,己合备,11290630,沥釜2悼,1,0,2,23.805
9471366,201612,33021,11290,己合备,11290630,沥釜2悼,1,10,2,0.733
9471373,201612,33021,11290,己合备,11290630,沥釜2悼,1,20,2,0.788
9471380,201612,33021,11290,己合备,11290630,沥釜2悼,1,30,2,5.009
9471387,201612,33021,11290,己合备,11290630,沥釜2悼,1,40,2,6.471
9471394,201612,33021,11290,己合备,11290630,沥釜2悼,1,50,2,6.188
9471401,201612,33021,11290,己合备,11290630,沥釜2悼,1,60,2,4.616
9471408,201612,33021,11290,己合备,11290630,沥釜2悼,2,0,2,13.5225
9471422,201612,33021,11290,己合备,11290630,沥釜2悼,2,20,2,0.28
9471429,201612,33021,11290,己合备,11290630,沥釜2悼,2,30,2,2.7825
9471436,201612,33021,11290,己合备,11290630,沥釜2悼,2,40,2,4.0475
9471443,201612,33021,11290,己合备,11290630,沥釜2悼,2,50,2,3.905
9471450,201612,33021,11290,己合备,11290630,沥釜2悼,2,60,2,2.5075
9471457,201612,33022,11290,己合备,11290630,沥釜2悼,1,0,2,86.07125
9471464,201612,33022,11290,己合备,11290630,沥釜2悼,1,10,2,6.32225
9471471,201612,33022,11290,己合备,11290630,沥釜2悼,1,20,2,6.941875
9471478,201612,33022,11290,己合备,11290630,沥釜2悼,1,30,2,14.7835
9471485,201612,33022,11290,己合备,11290630,沥釜2悼,1,40,2,22.590376
9471492,201612,33022,11290,己合备,11290630,沥釜2悼,1,50,2,18.8725
9471499,201612,33022,11290,己合备,11290630,沥釜2悼,1,60,2,16.56075
9471506,201612,33022,11290,己合备,11290630,沥釜2悼,2,0,2,43.173126
9471513,201612,33022,11290,己合备,11290630,沥釜2悼,2,10,2,1.418125
9471520,201612,33022,11290,己合备,11290630,沥釜2悼,2,20,2,3.3553126
9471527,201612,33022,11290,己合备,11290630,沥釜2悼,2,30,2,7.5953126
9471534,201612,33022,11290,己合备,11290630,沥釜2悼,2,40,2,10.675
9471541,201612,33022,11290,己合备,11290630,沥釜2悼,2,50,2,10.915937
9471548,201612,33022,11290,己合备,11290630,沥釜2悼,2,60,2,9.213437
9473809,201612,33048,11290,己合备,11290630,沥釜2悼,1,0,2,64.75486
9473816,201612,33048,11290,己合备,11290630,沥釜2悼,1,10,2,3.6587143
9473823,201612,33048,11290,己合备,11290630,沥釜2悼,1,20,2,3.474
9473830,201612,33048,11290,己合备,11290630,沥釜2悼,1,30,2,10.910857
9473837,201612,33048,11290,己合备,11290630,沥釜2悼,1,40,2,17.571142
9473844,201612,33048,11290,己合备,11290630,沥釜2悼,1,50,2,15.758429
9473851,201612,33048,11290,己合备,11290630,沥釜2悼,1,60,2,13.381714
9473858,201612,33048,11290,己合备,11290630,沥釜2悼,2,0,2,32.727856
9473865,201612,33048,11290,己合备,11290630,沥釜2悼,2,10,2,1.2421429
9473872,201612,33048,11290,己合备,11290630,沥釜2悼,2,20,2,1.8621428
9473879,201612,33048,11290,己合备,11290630,沥釜2悼,2,30,2,5.075714
9473886,201612,33048,11290,己合备,11290630,沥釜2悼,2,40,2,8.470357
9473893,201612,33048,11290,己合备,11290630,沥釜2悼,2,50,2,8.8160715
9473900,201612,33048,11290,己合备,11290630,沥釜2悼,2,60,2,7.2614284
9475181,201612,33061,11290,己合备,11290630,沥釜2悼,1,0,2,46.857666
9475188,201612,33061,11290,己合备,11290630,沥釜2悼,1,10,2,1.2505
9475195,201612,33061,11290,己合备,11290630,沥釜2悼,1,20,2,0.5273333
9475202,201612,33061,11290,己合备,11290630,沥釜2悼,1,30,2,8.655
9475209,201612,33061,11290,己合备,11290630,沥釜2悼,1,40,2,14.120833
9475216,201612,33061,11290,己合备,11290630,沥釜2悼,1,50,2,13.224
9475223,201612,33061,11290,己合备,11290630,沥釜2悼,1,60,2,9.08
9475230,201612,33061,11290,己合备,11290630,沥釜2悼,2,0,2,20.91
9475237,201612,33061,11290,己合备,11290630,沥釜2悼,2,10,2,0.18833333
9475244,201612,33061,11290,己合备,11290630,沥釜2悼,2,20,2,0.2825
9475251,201612,33061,11290,己合备,11290630,沥釜2悼,2,30,2,3.4170833
9475258,201612,33061,11290,己合备,11290630,沥釜2悼,2,40,2,6.3816667
9475265,201612,33061,11290,己合备,11290630,沥釜2悼,2,50,2,6.829167
9475272,201612,33061,11290,己合备,11290630,沥釜2悼,2,60,2,3.81125
9475279,201612,33062,11290,己合备,11290630,沥釜2悼,1,0,2,58.158
9475286,201612,33062,11290,己合备,11290630,沥釜2悼,1,10,2,2.9796667
9475293,201612,33062,11290,己合备,11290630,沥釜2悼,1,20,2,2.785
9475300,201612,33062,11290,己合备,11290630,沥釜2悼,1,30,2,10.619667
9475307,201612,33062,11290,己合备,11290630,沥釜2悼,1,40,2,15.724667
9475314,201612,33062,11290,己合备,11290630,沥釜2悼,1,50,2,14.550667
9475321,201612,33062,11290,己合备,11290630,沥釜2悼,1,60,2,11.498333
9475328,201612,33062,11290,己合备,11290630,沥釜2悼,2,0,2,27.4875
9475335,201612,33062,11290,己合备,11290630,沥釜2悼,2,10,2,0.295
9475342,201612,33062,11290,己合备,11290630,沥釜2悼,2,20,2,1.4658333
9475349,201612,33062,11290,己合备,11290630,沥釜2悼,2,30,2,4.3641667
9475356,201612,33062,11290,己合备,11290630,沥釜2悼,2,40,2,7.570833
9475363,201612,33062,11290,己合备,11290630,沥釜2悼,2,50,2,8.285833
9475370,201612,33062,11290,己合备,11290630,沥釜2悼,2,60,2,5.505833
9475867,201612,33068,11290,己合备,11290630,沥釜2悼,1,0,2,39.4745
9475874,201612,33068,11290,己合备,11290630,沥釜2悼,1,10,2,1.2195
9475881,201612,33068,11290,己合备,11290630,沥釜2悼,1,20,2,1.314
9475888,201612,33068,11290,己合备,11290630,沥釜2悼,1,30,2,8.3445
9475895,201612,33068,11290,己合备,11290630,沥釜2悼,1,40,2,10.6885
9475902,201612,33068,11290,己合备,11290630,沥釜2悼,1,50,2,10.22
9475909,201612,33068,11290,己合备,11290630,沥釜2悼,1,60,2,7.688
9475916,201612,33068,11290,己合备,11290630,沥釜2悼,2,0,2,22.52875
9475930,201612,33068,11290,己合备,11290630,沥釜2悼,2,20,2,0.4625
9475937,201612,33068,11290,己合备,11290630,沥釜2悼,2,30,2,4.63875
9475944,201612,33068,11290,己合备,11290630,沥釜2悼,2,40,2,6.74125
9475951,201612,33068,11290,己合备,11290630,沥釜2悼,2,50,2,6.50375
9475958,201612,33068,11290,己合备,11290630,沥釜2悼,2,60,2,4.1825
9475965,201612,33069,11290,己合备,11290630,沥釜2悼,1,0,2,23.775
9475972,201612,33069,11290,己合备,11290630,沥釜2悼,1,10,2,0.6
9475979,201612,33069,11290,己合备,11290630,沥釜2悼,1,20,2,0.975
9475986,201612,33069,11290,己合备,11290630,沥釜2悼,1,30,2,4.425
9475993,201612,33069,11290,己合备,11290630,沥釜2悼,1,40,2,6.825
9476000,201612,33069,11290,己合备,11290630,沥釜2悼,1,50,2,6.375
9476007,201612,33069,11290,己合备,11290630,沥釜2悼,1,60,2,4.575
9476014,201612,33069,11290,己合备,11290630,沥釜2悼,2,0,2,12.075
9476028,201612,33069,11290,己合备,11290630,沥釜2悼,2,20,2,0.37
9476035,201612,33069,11290,己合备,11290630,沥釜2悼,2,30,2,2.2275
9476042,201612,33069,11290,己合备,11290630,沥釜2悼,2,40,2,3.5325
9476049,201612,33069,11290,己合备,11290630,沥釜2悼,2,50,2,3.345
9476056,201612,33069,11290,己合备,11290630,沥釜2悼,2,60,2,2.6
9477533,201612,33087,11290,己合备,11290630,沥釜2悼,1,0,2,45.558
9477540,201612,33087,11290,己合备,11290630,沥釜2悼,1,10,2,2.883
9477547,201612,33087,11290,己合备,11290630,沥釜2悼,1,20,2,2.695
9477554,201612,33087,11290,己合备,11290630,沥釜2悼,1,30,2,8.523
9477561,201612,33087,11290,己合备,11290630,沥釜2悼,1,40,2,11.405
9477568,201612,33087,11290,己合备,11290630,沥釜2悼,1,50,2,10.339
9477575,201612,33087,11290,己合备,11290630,沥釜2悼,1,60,2,9.713
9477582,201612,33087,11290,己合备,11290630,沥釜2悼,2,0,2,23.6075
9477589,201612,33087,11290,己合备,11290630,沥釜2悼,2,10,2,0.285
9477596,201612,33087,11290,己合备,11290630,沥釜2悼,2,20,2,1.4
9477603,201612,33087,11290,己合备,11290630,沥釜2悼,2,30,2,3.7875
9477610,201612,33087,11290,己合备,11290630,沥釜2悼,2,40,2,6.1375
9477617,201612,33087,11290,己合备,11290630,沥釜2悼,2,50,2,6.9675
9477624,201612,33087,11290,己合备,11290630,沥釜2悼,2,60,2,5.03
9477631,201612,33088,11290,己合备,11290630,沥釜2悼,1,0,2,74.37
9477638,201612,33088,11290,己合备,11290630,沥釜2悼,1,10,2,4.44
9477645,201612,33088,11290,己合备,11290630,沥釜2悼,1,20,2,4.218
9477652,201612,33088,11290,己合备,11290630,沥釜2悼,1,30,2,12.321
9477659,201612,33088,11290,己合备,11290630,沥釜2悼,1,40,2,19.647
9477666,201612,33088,11290,己合备,11290630,沥釜2悼,1,50,2,17.871
9477673,201612,33088,11290,己合备,11290630,沥釜2悼,1,60,2,15.873
9477680,201612,33088,11290,己合备,11290630,沥釜2悼,2,0,2,39.175
9477687,201612,33088,11290,己合备,11290630,沥釜2悼,2,10,2,1.51
9477694,201612,33088,11290,己合备,11290630,沥釜2悼,2,20,2,2.26
9477701,201612,33088,11290,己合备,11290630,沥釜2悼,2,30,2,6.04
9477708,201612,33088,11290,己合备,11290630,沥釜2悼,2,40,2,10.04
9477715,201612,33088,11290,己合备,11290630,沥釜2悼,2,50,2,10.545
9477722,201612,33088,11290,己合备,11290630,沥釜2悼,2,60,2,8.78
9478121,201612,33093,11290,己合备,11290630,沥釜2悼,1,0,2,70.596
9478128,201612,33093,11290,己合备,11290630,沥釜2悼,1,10,2,4.44
9478135,201612,33093,11290,己合备,11290630,沥釜2悼,1,20,2,4.218
9478142,201612,33093,11290,己合备,11290630,沥釜2悼,1,30,2,11.322
9478149,201612,33093,11290,己合备,11290630,沥釜2悼,1,40,2,19.203
9478156,201612,33093,11290,己合备,11290630,沥釜2悼,1,50,2,16.761
9478163,201612,33093,11290,己合备,11290630,沥釜2悼,1,60,2,14.652
9478170,201612,33093,11290,己合备,11290630,沥釜2悼,2,0,2,35.9325
9478177,201612,33093,11290,己合备,11290630,沥釜2悼,2,10,2,1.51
9478184,201612,33093,11290,己合备,11290630,沥釜2悼,2,20,2,2.26
9478191,201612,33093,11290,己合备,11290630,沥釜2悼,2,30,2,5.785
9478198,201612,33093,11290,己合备,11290630,沥釜2悼,2,40,2,8.8025
9478205,201612,33093,11290,己合备,11290630,沥釜2悼,2,50,2,9.295
9478212,201612,33093,11290,己合备,11290630,沥釜2悼,2,60,2,8.28
9479493,201612,33108,11290,己合备,11290630,沥釜2悼,1,0,2,52.98975
9479500,201612,33108,11290,己合备,11290630,沥釜2悼,1,10,2,3.458
9479507,201612,33108,11290,己合备,11290630,沥釜2悼,1,20,2,3.5655
9479514,201612,33108,11290,己合备,11290630,沥釜2悼,1,30,2,9.92275
9479521,201612,33108,11290,己合备,11290630,沥釜2悼,1,40,2,13.47525
9479528,201612,33108,11290,己合备,11290630,沥釜2悼,1,50,2,12.303
9479535,201612,33108,11290,己合备,11290630,沥釜2悼,1,60,2,10.26525
9479542,201612,33108,11290,己合备,11290630,沥釜2悼,2,0,2,26.08375
9479549,201612,33108,11290,己合备,11290630,沥釜2悼,2,10,2,0.3775
9479556,201612,33108,11290,己合备,11290630,沥釜2悼,2,20,2,1.86875
9479563,201612,33108,11290,己合备,11290630,沥釜2悼,2,30,2,4.113125
9479570,201612,33108,11290,己合备,11290630,沥釜2悼,2,40,2,6.970625
9479577,201612,33108,11290,己合备,11290630,沥釜2悼,2,50,2,7.450625
9479584,201612,33108,11290,己合备,11290630,沥釜2悼,2,60,2,5.303125
9479689,201612,33110,11290,己合备,11290630,沥釜2悼,1,0,2,31.575
9479696,201612,33110,11290,己合备,11290630,沥釜2悼,1,10,2,0.975
9479703,201612,33110,11290,己合备,11290630,沥釜2悼,1,20,2,1.05
9479710,201612,33110,11290,己合备,11290630,沥釜2悼,1,30,2,6.675
9479717,201612,33110,11290,己合备,11290630,沥釜2悼,1,40,2,8.55
9479724,201612,33110,11290,己合备,11290630,沥釜2悼,1,50,2,8.175
9479731,201612,33110,11290,己合备,11290630,沥釜2悼,1,60,2,6.15
9479738,201612,33110,11290,己合备,11290630,沥釜2悼,2,0,2,18.02
9479752,201612,33110,11290,己合备,11290630,沥釜2悼,2,20,2,0.37
9479759,201612,33110,11290,己合备,11290630,沥釜2悼,2,30,2,3.71
9479766,201612,33110,11290,己合备,11290630,沥釜2悼,2,40,2,5.3925
9479773,201612,33110,11290,己合备,11290630,沥釜2悼,2,50,2,5.2025
9479780,201612,33110,11290,己合备,11290630,沥釜2悼,2,60,2,3.345
9480375,201612,33117,11290,己合备,11290630,沥釜2悼,1,0,2,61.4155
9480382,201612,33117,11290,己合备,11290630,沥釜2悼,1,10,2,2.6375
9480389,201612,33117,11290,己合备,11290630,沥釜2悼,1,20,2,2.109
9480396,201612,33117,11290,己合备,11290630,沥釜2悼,1,30,2,10.24
9480403,201612,33117,11290,己合备,11290630,沥釜2悼,1,40,2,17.1505
9480410,201612,33117,11290,己合备,11290630,沥釜2悼,1,50,2,16.345
9480417,201612,33117,11290,己合备,11290630,沥釜2悼,1,60,2,12.9335
9480424,201612,33117,11290,己合备,11290630,沥釜2悼,2,0,2,30.3425
9480431,201612,33117,11290,己合备,11290630,沥釜2悼,2,10,2,0.755
9480438,201612,33117,11290,己合备,11290630,沥釜2悼,2,20,2,1.13
9480445,201612,33117,11290,己合备,11290630,沥釜2悼,2,30,2,4.725
9480452,201612,33117,11290,己合备,11290630,沥釜2悼,2,40,2,8.41
9480459,201612,33117,11290,己合备,11290630,沥釜2悼,2,50,2,9.0475
9480466,201612,33117,11290,己合备,11290630,沥釜2悼,2,60,2,6.275
9482237,201612,33136,11290,己合备,11290630,沥釜2悼,1,0,2,26.487
9482244,201612,33136,11290,己合备,11290630,沥釜2悼,1,10,2,1.5111111
9482251,201612,33136,11290,己合备,11290630,沥釜2悼,1,20,2,1.3906667
9482258,201612,33136,11290,己合备,11290630,沥釜2悼,1,30,2,4.832222
9482265,201612,33136,11290,己合备,11290630,沥釜2悼,1,40,2,6.9758887
9482272,201612,33136,11290,己合备,11290630,沥釜2悼,1,50,2,5.9147778
9482279,201612,33136,11290,己合备,11290630,沥釜2悼,1,60,2,5.8623333
9482286,201612,33136,11290,己合备,11290630,沥釜2悼,2,0,2,14.265833
9482293,201612,33136,11290,己合备,11290630,沥釜2悼,2,10,2,0.15777777
9482300,201612,33136,11290,己合备,11290630,沥釜2悼,2,20,2,0.78055555
9482307,201612,33136,11290,己合备,11290630,沥釜2悼,2,30,2,2.2925
9482314,201612,33136,11290,己合备,11290630,沥釜2悼,2,40,2,3.6130555
9482321,201612,33136,11290,己合备,11290630,沥釜2悼,2,50,2,4.2119446
9482328,201612,33136,11290,己合备,11290630,沥釜2悼,2,60,2,3.21
9482335,201612,33137,11290,己合备,11290630,沥釜2悼,1,0,2,31.4955
9482342,201612,33137,11290,己合备,11290630,沥釜2悼,1,10,2,1.9725
9482349,201612,33137,11290,己合备,11290630,沥釜2悼,1,20,2,1.8845
9482356,201612,33137,11290,己合备,11290630,沥釜2悼,1,30,2,5.908
9482363,201612,33137,11290,己合备,11290630,沥釜2悼,1,40,2,7.69
9482370,201612,33137,11290,己合备,11290630,沥釜2悼,1,50,2,7.0075
9482377,201612,33137,11290,己合备,11290630,沥釜2悼,1,60,2,7.033
9482384,201612,33137,11290,己合备,11290630,沥釜2悼,2,0,2,17.68125
9482391,201612,33137,11290,己合备,11290630,沥釜2悼,2,10,2,0.2175
9482398,201612,33137,11290,己合备,11290630,沥釜2悼,2,20,2,1.07625
9482405,201612,33137,11290,己合备,11290630,沥釜2悼,2,30,2,2.79875
9482412,201612,33137,11290,己合备,11290630,沥釜2悼,2,40,2,4.5125
9482419,201612,33137,11290,己合备,11290630,沥釜2悼,2,50,2,5.10125
9482426,201612,33137,11290,己合备,11290630,沥釜2悼,2,60,2,3.975
9482433,201612,33138,11290,己合备,11290630,沥釜2悼,1,0,2,34.403
9482440,201612,33138,11290,己合备,11290630,沥釜2悼,1,10,2,2.568
9482447,201612,33138,11290,己合备,11290630,沥釜2悼,1,20,2,2.695
9482454,201612,33138,11290,己合备,11290630,沥釜2悼,1,30,2,6.58
9482461,201612,33138,11290,己合备,11290630,沥釜2悼,1,40,2,8.334
9482468,201612,33138,11290,己合备,11290630,沥釜2悼,1,50,2,7.521
9482475,201612,33138,11290,己合备,11290630,沥釜2悼,1,60,2,6.705
9482482,201612,33138,11290,己合备,11290630,沥釜2悼,2,0,2,17.855
9482489,201612,33138,11290,己合备,11290630,沥釜2悼,2,10,2,0.285
9482496,201612,33138,11290,己合备,11290630,沥釜2悼,2,20,2,1.4
9482503,201612,33138,11290,己合备,11290630,沥釜2悼,2,30,2,2.8
9482510,201612,33138,11290,己合备,11290630,沥釜2悼,2,40,2,4.7275
9482517,201612,33138,11290,己合备,11290630,沥釜2悼,2,50,2,5.0125
9482524,201612,33138,11290,己合备,11290630,沥釜2悼,2,60,2,3.63
9482727,201612,33140,11290,己合备,11290630,沥釜2悼,1,0,2,49.506
9482734,201612,33140,11290,己合备,11290630,沥釜2悼,1,10,2,1.11
9482748,201612,33140,11290,己合备,11290630,沥釜2悼,1,30,2,9.213
9482755,201612,33140,11290,己合备,11290630,沥釜2悼,1,40,2,15.318
9482762,201612,33140,11290,己合备,11290630,沥釜2悼,1,50,2,14.541
9482769,201612,33140,11290,己合备,11290630,沥釜2悼,1,60,2,9.324
9482776,201612,33140,11290,己合备,11290630,沥釜2悼,2,0,2,22.89
9482797,201612,33140,11290,己合备,11290630,沥釜2悼,2,30,2,4.0375
9482804,201612,33140,11290,己合备,11290630,沥釜2悼,2,40,2,7.285
9482811,201612,33140,11290,己合备,11290630,沥釜2悼,2,50,2,7.8025
9482818,201612,33140,11290,己合备,11290630,沥釜2悼,2,60,2,3.765
9483119,201612,33144,11290,己合备,11290630,沥釜2悼,1,0,2,40.425
9483126,201612,33144,11290,己合备,11290630,沥釜2悼,1,10,2,1.35
9483133,201612,33144,11290,己合备,11290630,沥釜2悼,1,20,2,1.05
9483140,201612,33144,11290,己合备,11290630,沥釜2悼,1,30,2,8.775
9483147,201612,33144,11290,己合备,11290630,沥釜2悼,1,40,2,11.4
9483154,201612,33144,11290,己合备,11290630,沥釜2悼,1,50,2,10.575
9483161,201612,33144,11290,己合备,11290630,沥釜2悼,1,60,2,7.275
9483168,201612,33144,11290,己合备,11290630,沥釜2悼,2,0,2,21.7325
9483182,201612,33144,11290,己合备,11290630,沥釜2悼,2,20,2,0.37
9483189,201612,33144,11290,己合备,11290630,沥釜2悼,2,30,2,4.45
9483196,201612,33144,11290,己合备,11290630,沥釜2悼,2,40,2,6.8775
9483203,201612,33144,11290,己合备,11290630,沥釜2悼,2,50,2,6.1325
9483210,201612,33144,11290,己合备,11290630,沥釜2悼,2,60,2,3.9025
9484785,201612,33161,11290,己合备,11290630,沥釜2悼,1,0,2,30.324
9484792,201612,33161,11290,己合备,11290630,沥釜2悼,1,10,2,1.013
9484799,201612,33161,11290,己合备,11290630,沥釜2悼,1,20,2,0.788
9484806,201612,33161,11290,己合备,11290630,沥釜2悼,1,30,2,6.584
9484813,201612,33161,11290,己合备,11290630,沥釜2悼,1,40,2,8.551
9484820,201612,33161,11290,己合备,11290630,沥釜2悼,1,50,2,7.931
9484827,201612,33161,11290,己合备,11290630,沥釜2悼,1,60,2,5.457
9484834,201612,33161,11290,己合备,11290630,沥釜2悼,2,0,2,16.3075
9484848,201612,33161,11290,己合备,11290630,沥釜2悼,2,20,2,0.28
9484855,201612,33161,11290,己合备,11290630,沥釜2悼,2,30,2,3.34
9484862,201612,33161,11290,己合备,11290630,沥釜2悼,2,40,2,5.16
9484869,201612,33161,11290,己合备,11290630,沥釜2悼,2,50,2,4.6
9484876,201612,33161,11290,己合备,11290630,沥釜2悼,2,60,2,2.9275
9487725,201612,33192,11290,己合备,11290630,沥釜2悼,1,0,2,27.4814
9487732,201612,33192,11290,己合备,11290630,沥釜2悼,1,10,2,0.732
9487739,201612,33192,11290,己合备,11290630,沥釜2悼,1,20,2,0.9756
9487746,201612,33192,11290,己合备,11290630,沥釜2悼,1,30,2,5.1346
9487753,201612,33192,11290,己合备,11290630,沥釜2悼,1,40,2,8.1124
9487760,201612,33192,11290,己合备,11290630,沥釜2悼,1,50,2,7.4526
9487767,201612,33192,11290,己合备,11290630,沥釜2悼,1,60,2,5.0742
9487774,201612,33192,11290,己合备,11290630,沥釜2悼,2,0,2,13.834
9487788,201612,33192,11290,己合备,11290630,沥釜2悼,2,20,2,0.371
9487795,201612,33192,11290,己合备,11290630,沥釜2悼,2,30,2,2.553
9487802,201612,33192,11290,己合备,11290630,沥釜2悼,2,40,2,4.1185
9487809,201612,33192,11290,己合备,11290630,沥釜2悼,2,50,2,3.9305
9487816,201612,33192,11290,己合备,11290630,沥釜2悼,2,60,2,2.861
9491351,201612,33227,11290,己合备,11290630,沥釜2悼,1,0,2,40.425
9491358,201612,33227,11290,己合备,11290630,沥釜2悼,1,10,2,1.35
9491365,201612,33227,11290,己合备,11290630,沥釜2悼,1,20,2,1.05
9491372,201612,33227,11290,己合备,11290630,沥釜2悼,1,30,2,8.775
9491379,201612,33227,11290,己合备,11290630,沥釜2悼,1,40,2,11.4
9491386,201612,33227,11290,己合备,11290630,沥釜2悼,1,50,2,10.575
9491393,201612,33227,11290,己合备,11290630,沥釜2悼,1,60,2,7.275
9491400,201612,33227,11290,己合备,11290630,沥釜2悼,2,0,2,21.7325
9491414,201612,33227,11290,己合备,11290630,沥釜2悼,2,20,2,0.37
9491421,201612,33227,11290,己合备,11290630,沥釜2悼,2,30,2,4.45
9491428,201612,33227,11290,己合备,11290630,沥釜2悼,2,40,2,6.8775
9491435,201612,33227,11290,己合备,11290630,沥釜2悼,2,50,2,6.1325
9491442,201612,33227,11290,己合备,11290630,沥釜2悼,2,60,2,3.9025
9493213,201612,33247,11290,己合备,11290630,沥釜2悼,1,0,2,30.90675
9493220,201612,33247,11290,己合备,11290630,沥釜2悼,1,10,2,1.06825
9493227,201612,33247,11290,己合备,11290630,沥釜2悼,1,20,2,0.67375
9493234,201612,33247,11290,己合备,11290630,沥釜2悼,1,30,2,5.6295
9493241,201612,33247,11290,己合备,11290630,沥釜2悼,1,40,2,9.033
9493248,201612,33247,11290,己合备,11290630,沥釜2悼,1,50,2,8.4715
9493255,201612,33247,11290,己合备,11290630,沥釜2悼,1,60,2,6.03075
9493262,201612,33247,11290,己合备,11290630,沥釜2悼,2,0,2,14.341875
9493269,201612,33247,11290,己合备,11290630,沥釜2悼,2,10,2,0.07125
9493276,201612,33247,11290,己合备,11290630,沥釜2悼,2,20,2,0.35
9493283,201612,33247,11290,己合备,11290630,沥釜2悼,2,30,2,2.344375
9493290,201612,33247,11290,己合备,11290630,沥釜2悼,2,40,2,4.306875
9493297,201612,33247,11290,己合备,11290630,沥釜2悼,2,50,2,4.676875
9493304,201612,33247,11290,己合备,11290630,沥釜2悼,2,60,2,2.5925
9493311,201612,33248,11290,己合备,11290630,沥釜2悼,1,0,2,48.461
9493318,201612,33248,11290,己合备,11290630,沥釜2悼,1,10,2,0.835
9493332,201612,33248,11290,己合备,11290630,沥釜2悼,1,30,2,8.159
9493339,201612,33248,11290,己合备,11290630,沥釜2悼,1,40,2,14.654
9493346,201612,33248,11290,己合备,11290630,沥釜2悼,1,50,2,14.819
9493353,201612,33248,11290,己合备,11290630,沥釜2悼,1,60,2,9.994
9493360,201612,33248,11290,己合备,11290630,沥釜2悼,2,0,2,21.51
9493381,201612,33248,11290,己合备,11290630,沥釜2悼,2,30,2,3.41
9493388,201612,33248,11290,己合备,11290630,沥釜2悼,2,40,2,6.78
9493395,201612,33248,11290,己合备,11290630,沥釜2悼,2,50,2,7.55
9493402,201612,33248,11290,己合备,11290630,沥釜2悼,2,60,2,3.77
9493997,201612,33254,11290,己合备,11290630,沥釜2悼,1,0,2,32.25
9494004,201612,33254,11290,己合备,11290630,沥釜2悼,1,10,2,1.97
9494011,201612,33254,11290,己合备,11290630,沥釜2悼,1,20,2,1.882
9494018,201612,33254,11290,己合备,11290630,沥釜2悼,1,30,2,6.169
9494025,201612,33254,11290,己合备,11290630,沥釜2悼,1,40,2,7.745
9494032,201612,33254,11290,己合备,11290630,沥釜2悼,1,50,2,7.22
9494039,201612,33254,11290,己合备,11290630,沥釜2悼,1,60,2,7.264
9494046,201612,33254,11290,己合备,11290630,沥釜2悼,2,0,2,16.3025
9494053,201612,33254,11290,己合备,11290630,沥釜2悼,2,10,2,0.2
9494060,201612,33254,11290,己合备,11290630,沥釜2悼,2,20,2,0.9775
9494067,201612,33254,11290,己合备,11290630,沥釜2悼,2,30,2,2.5475
9494074,201612,33254,11290,己合备,11290630,沥釜2悼,2,40,2,4.19
9494081,201612,33254,11290,己合备,11290630,沥釜2悼,2,50,2,4.67
9494088,201612,33254,11290,己合备,11290630,沥釜2悼,2,60,2,3.7175
9494095,201612,33255,11290,己合备,11290630,沥釜2悼,1,0,2,25.77
9494102,201612,33255,11290,己合备,11290630,沥釜2悼,1,10,2,0.733
9494109,201612,33255,11290,己合备,11290630,沥釜2悼,1,20,2,0.731
9494116,201612,33255,11290,己合备,11290630,沥釜2悼,1,30,2,4.84
9494123,201612,33255,11290,己合备,11290630,沥釜2悼,1,40,2,7.875
9494130,201612,33255,11290,己合备,11290630,沥釜2悼,1,50,2,7.09
9494137,201612,33255,11290,己合备,11290630,沥釜2悼,1,60,2,4.501
9494144,201612,33255,11290,己合备,11290630,沥釜2悼,2,0,2,12.825
9494158,201612,33255,11290,己合备,11290630,沥釜2悼,2,20,2,0.28
9494165,201612,33255,11290,己合备,11290630,沥釜2悼,2,30,2,2.3675
9494172,201612,33255,11290,己合备,11290630,沥釜2悼,2,40,2,3.905
9494179,201612,33255,11290,己合备,11290630,沥釜2悼,2,50,2,3.765
9494186,201612,33255,11290,己合备,11290630,沥釜2悼,2,60,2,2.5075
9494389,201612,33258,11290,己合备,11290630,沥釜2悼,1,0,2,31.158
9494396,201612,33258,11290,己合备,11290630,沥釜2悼,1,10,2,0.98766667
9494403,201612,33258,11290,己合备,11290630,沥釜2悼,1,20,2,0.9626667
9494410,201612,33258,11290,己合备,11290630,沥釜2悼,1,30,2,6.6446667
9494417,201612,33258,11290,己合备,11290630,沥釜2悼,1,40,2,8.550333
9494424,201612,33258,11290,己合备,11290630,沥釜2悼,1,50,2,8.093667
9494431,201612,33258,11290,己合备,11290630,沥釜2悼,1,60,2,5.919
9494438,201612,33258,11290,己合备,11290630,沥釜2悼,2,0,2,17.449167
9494452,201612,33258,11290,己合备,11290630,沥釜2悼,2,20,2,0.34
9494459,201612,33258,11290,己合备,11290630,沥釜2悼,2,30,2,3.5866666
9494466,201612,33258,11290,己合备,11290630,沥釜2悼,2,40,2,5.315
9494473,201612,33258,11290,己合备,11290630,沥釜2悼,2,50,2,5.0016665
9494480,201612,33258,11290,己合备,11290630,沥釜2悼,2,60,2,3.2058334
9494585,201612,33260,11290,己合备,11290630,沥釜2悼,1,0,2,30.324
9494592,201612,33260,11290,己合备,11290630,沥釜2悼,1,10,2,1.013
9494599,201612,33260,11290,己合备,11290630,沥釜2悼,1,20,2,0.788
9494606,201612,33260,11290,己合备,11290630,沥釜2悼,1,30,2,6.584
9494613,201612,33260,11290,己合备,11290630,沥釜2悼,1,40,2,8.551
9494620,201612,33260,11290,己合备,11290630,沥釜2悼,1,50,2,7.931
9494627,201612,33260,11290,己合备,11290630,沥釜2悼,1,60,2,5.457
9494634,201612,33260,11290,己合备,11290630,沥釜2悼,2,0,2,16.3075
9494648,201612,33260,11290,己合备,11290630,沥釜2悼,2,20,2,0.28
9494655,201612,33260,11290,己合备,11290630,沥釜2悼,2,30,2,3.34
9494662,201612,33260,11290,己合备,11290630,沥釜2悼,2,40,2,5.16
9494669,201612,33260,11290,己合备,11290630,沥釜2悼,2,50,2,4.6
9494676,201612,33260,11290,己合备,11290630,沥釜2悼,2,60,2,2.9275
9495173,201612,33266,11290,己合备,11290630,沥釜2悼,1,0,2,28.110666
9495180,201612,33266,11290,己合备,11290630,沥釜2悼,1,10,2,0.7543333
9495187,201612,33266,11290,己合备,11290630,沥釜2悼,1,20,2,0.56866664
9495194,201612,33266,11290,己合备,11290630,沥釜2悼,1,30,2,5.2373333
9495201,201612,33266,11290,己合备,11290630,沥釜2悼,1,40,2,8.998667
9495208,201612,33266,11290,己合备,11290630,沥釜2悼,1,50,2,7.9453335
9495215,201612,33266,11290,己合备,11290630,沥釜2悼,1,60,2,4.6063333
9495222,201612,33266,11290,己合备,11290630,沥釜2悼,2,0,2,13.066667
9495236,201612,33266,11290,己合备,11290630,沥釜2悼,2,20,2,0.21666667
9495243,201612,33266,11290,己合备,11290630,沥釜2悼,2,30,2,2.3875
9495250,201612,33266,11290,己合备,11290630,沥釜2悼,2,40,2,4.0375
9495257,201612,33266,11290,己合备,11290630,沥釜2悼,2,50,2,3.9283333
9495264,201612,33266,11290,己合备,11290630,沥釜2悼,2,60,2,2.4966667
9496055,201612,33276,11290,己合备,11290630,沥釜2悼,1,0,2,22.9014
9496062,201612,33276,11290,己合备,11290630,沥釜2悼,1,10,2,1.2248
9496069,201612,33276,11290,己合备,11290630,沥釜2悼,1,20,2,1.0406
9496076,201612,33276,11290,己合备,11290630,沥釜2悼,1,30,2,4.4058
9496083,201612,33276,11290,己合备,11290630,沥釜2悼,1,40,2,6.2698
9496090,201612,33276,11290,己合备,11290630,沥釜2悼,1,50,2,5.307
9496097,201612,33276,11290,己合备,11290630,沥釜2悼,1,60,2,4.6534
9496104,201612,33276,11290,己合备,11290630,沥釜2悼,2,0,2,11.0315
9496111,201612,33276,11290,己合备,11290630,沥釜2悼,2,10,2,0.11
9496118,201612,33276,11290,己合备,11290630,沥釜2悼,2,20,2,0.5405
9496125,201612,33276,11290,己合备,11290630,沥釜2悼,2,30,2,1.8715
9496132,201612,33276,11290,己合备,11290630,沥釜2悼,2,40,2,3.171
9496139,201612,33276,11290,己合备,11290630,沥釜2悼,2,50,2,3.1835
9496146,201612,33276,11290,己合备,11290630,沥釜2悼,2,60,2,2.155
9498603,201612,33303,11290,己合备,11290630,沥釜2悼,1,0,2,36.343113
9498610,201612,33303,11290,己合备,11290630,沥釜2悼,1,10,2,2.1428888
9498617,201612,33303,11290,己合备,11290630,沥釜2悼,1,20,2,1.9382222
9498624,201612,33303,11290,己合备,11290630,沥釜2悼,1,30,2,7.1934443
9498631,201612,33303,11290,己合备,11290630,沥釜2悼,1,40,2,9.160444
9498638,201612,33303,11290,己合备,11290630,沥釜2悼,1,50,2,8.427778
9498645,201612,33303,11290,己合备,11290630,沥釜2悼,1,60,2,7.4803333
9498652,201612,33303,11290,己合备,11290630,沥釜2悼,2,0,2,18.837778
9498659,201612,33303,11290,己合备,11290630,沥釜2悼,2,10,2,0.20777778
9498666,201612,33303,11290,己合备,11290630,沥釜2悼,2,20,2,1.0186111
9498673,201612,33303,11290,己合备,11290630,沥釜2悼,2,30,2,2.9766667
9498680,201612,33303,11290,己合备,11290630,沥釜2悼,2,40,2,5.0794444
9498687,201612,33303,11290,己合备,11290630,沥釜2悼,2,50,2,5.5805554
9498694,201612,33303,11290,己合备,11290630,沥釜2悼,2,60,2,3.9747221
9498701,201612,33304,11290,己合备,11290630,沥釜2悼,1,0,2,21.275
9498708,201612,33304,11290,己合备,11290630,沥釜2悼,1,10,2,0.5475
9498722,201612,33304,11290,己合备,11290630,沥釜2悼,1,30,2,4.379
9498729,201612,33304,11290,己合备,11290630,沥釜2悼,1,40,2,6.6585
9498736,201612,33304,11290,己合备,11290630,沥釜2悼,1,50,2,5.9605
9498743,201612,33304,11290,己合备,11290630,沥釜2悼,1,60,2,3.7295
9498750,201612,33304,11290,己合备,11290630,沥釜2悼,2,0,2,10.0375
9498771,201612,33304,11290,己合备,11290630,沥釜2悼,2,30,2,1.8375
9498778,201612,33304,11290,己合备,11290630,沥釜2悼,2,40,2,3.2675
9498785,201612,33304,11290,己合备,11290630,沥釜2悼,2,50,2,3.38
9498792,201612,33304,11290,己合备,11290630,沥釜2悼,2,60,2,1.5525
9498799,201612,33305,11290,己合备,11290630,沥釜2悼,1,0,2,42.166
9498806,201612,33305,11290,己合备,11290630,沥釜2悼,1,10,2,2.9174
9498813,201612,33305,11290,己合备,11290630,沥釜2悼,1,20,2,3.0108
9498820,201612,33305,11290,己合备,11290630,沥釜2悼,1,30,2,7.991
9498827,201612,33305,11290,己合备,11290630,沥釜2悼,1,40,2,9.9168
9498834,201612,33305,11290,己合备,11290630,沥釜2悼,1,50,2,9.0888
9498841,201612,33305,11290,己合备,11290630,沥釜2悼,1,60,2,9.2412
9498848,201612,33305,11290,己合备,11290630,沥釜2悼,2,0,2,21.6265
9498855,201612,33305,11290,己合备,11290630,沥釜2悼,2,10,2,0.319
9498862,201612,33305,11290,己合备,11290630,沥釜2悼,2,20,2,1.5635
9498869,201612,33305,11290,己合备,11290630,沥釜2悼,2,30,2,3.2845
9498876,201612,33305,11290,己合备,11290630,沥釜2悼,2,40,2,5.268
9498883,201612,33305,11290,己合备,11290630,沥釜2悼,2,50,2,6.035
9498890,201612,33305,11290,己合备,11290630,沥釜2悼,2,60,2,5.1565
9500759,201612,33323,11290,己合备,11290630,沥釜2悼,1,0,2,33.215
9500766,201612,33323,11290,己合备,11290630,沥釜2悼,1,10,2,2.013
9500773,201612,33323,11290,己合备,11290630,沥釜2悼,1,20,2,1.882
9500780,201612,33323,11290,己合备,11290630,沥釜2悼,1,30,2,6.565
9500787,201612,33323,11290,己合备,11290630,沥釜2悼,1,40,2,8.271
9500794,201612,33323,11290,己合备,11290630,沥釜2悼,1,50,2,7.57
9500801,201612,33323,11290,己合备,11290630,沥釜2悼,1,60,2,6.914
9500808,201612,33323,11290,己合备,11290630,沥釜2悼,2,0,2,16.9625
9500815,201612,33323,11290,己合备,11290630,沥釜2悼,2,10,2,0.2
9500822,201612,33323,11290,己合备,11290630,沥釜2悼,2,20,2,0.9775
9500829,201612,33323,11290,己合备,11290630,沥釜2悼,2,30,2,2.6475
9500836,201612,33323,11290,己合备,11290630,沥釜2悼,2,40,2,4.47
9500843,201612,33323,11290,己合备,11290630,沥釜2悼,2,50,2,4.9575
9500850,201612,33323,11290,己合备,11290630,沥釜2悼,2,60,2,3.71
9502425,201612,33340,11290,己合备,11290630,沥釜2悼,1,0,2,93.187
9502432,201612,33340,11290,己合备,11290630,沥釜2悼,1,10,2,8.239
9502439,201612,33340,11290,己合备,11290630,沥釜2悼,1,20,2,9.1365
9502446,201612,33340,11290,己合备,11290630,沥釜2悼,1,30,2,15.0765
9502453,201612,33340,11290,己合备,11290630,沥釜2悼,1,40,2,21.6905
9502460,201612,33340,11290,己合备,11290630,沥釜2悼,1,50,2,19.1085
9502467,201612,33340,11290,己合备,11290630,沥釜2悼,1,60,2,19.936
9502474,201612,33340,11290,己合备,11290630,沥釜2悼,2,0,2,58.855
9502481,201612,33340,11290,己合备,11290630,沥釜2悼,2,10,2,3.4075
9502488,201612,33340,11290,己合备,11290630,沥釜2悼,2,20,2,5.015
9502495,201612,33340,11290,己合备,11290630,沥釜2悼,2,30,2,10.0375
9502502,201612,33340,11290,己合备,11290630,沥釜2悼,2,40,2,13.06625
9502509,201612,33340,11290,己合备,11290630,沥釜2悼,2,50,2,13.32375
9502516,201612,33340,11290,己合备,11290630,沥釜2悼,2,60,2,14.005
9504189,201612,33358,11290,己合备,11290630,沥釜2悼,1,0,2,25.505667
9504196,201612,33358,11290,己合备,11290630,沥釜2悼,1,10,2,0.68833333
9504203,201612,33358,11290,己合备,11290630,沥釜2悼,1,20,2,0.58533335
9504210,201612,33358,11290,己合备,11290630,沥釜2悼,1,30,2,5.055
9504217,201612,33358,11290,己合备,11290630,沥釜2悼,1,40,2,6.600333
9504224,201612,33358,11290,己合备,11290630,沥釜2悼,1,50,2,6.2473335
9504231,201612,33358,11290,己合备,11290630,沥釜2悼,1,60,2,6.3293333
9504238,201612,33358,11290,己合备,11290630,沥釜2悼,2,0,2,13.1625
9504252,201612,33358,11290,己合备,11290630,沥釜2悼,2,20,2,0.19
9504259,201612,33358,11290,己合备,11290630,沥釜2悼,2,30,2,2.205
9504266,201612,33358,11290,己合备,11290630,沥釜2悼,2,40,2,3.7733333
9504273,201612,33358,11290,己合备,11290630,沥釜2悼,2,50,2,4.088333
9504280,201612,33358,11290,己合备,11290630,沥釜2悼,2,60,2,2.9058332
9505169,201612,33367,11290,己合备,11290630,沥釜2悼,1,0,2,33.833
9505176,201612,33367,11290,己合备,11290630,沥釜2悼,1,10,2,2.393
9505183,201612,33367,11290,己合备,11290630,沥釜2悼,1,20,2,2.508
9505190,201612,33367,11290,己合备,11290630,沥釜2悼,1,30,2,6.415
9505197,201612,33367,11290,己合备,11290630,沥釜2悼,1,40,2,7.991
9505204,201612,33367,11290,己合备,11290630,沥釜2悼,1,50,2,7.175
9505211,201612,33367,11290,己合备,11290630,沥釜2悼,1,60,2,7.351
9505218,201612,33367,11290,己合备,11290630,沥釜2悼,2,0,2,17.2775
9505225,201612,33367,11290,己合备,11290630,沥釜2悼,2,10,2,0.265
9505232,201612,33367,11290,己合备,11290630,沥釜2悼,2,20,2,1.3025
9505239,201612,33367,11290,己合备,11290630,沥釜2悼,2,30,2,2.605
9505246,201612,33367,11290,己合备,11290630,沥釜2悼,2,40,2,4.15
9505253,201612,33367,11290,己合备,11290630,沥釜2悼,2,50,2,4.79
9505260,201612,33367,11290,己合备,11290630,沥釜2悼,2,60,2,4.165
9507129,201612,33387,11290,己合备,11290630,沥釜2悼,1,0,2,26.775
9507136,201612,33387,11290,己合备,11290630,沥釜2悼,1,10,2,0.975
9507143,201612,33387,11290,己合备,11290630,沥釜2悼,1,20,2,0.975
9507150,201612,33387,11290,己合备,11290630,沥釜2悼,1,30,2,5.55
9507157,201612,33387,11290,己合备,11290630,沥釜2悼,1,40,2,7.5
9507164,201612,33387,11290,己合备,11290630,沥釜2悼,1,50,2,6.9
9507171,201612,33387,11290,己合备,11290630,沥釜2悼,1,60,2,4.875
9507178,201612,33387,11290,己合备,11290630,沥釜2悼,2,0,2,14.4925
9507192,201612,33387,11290,己合备,11290630,沥釜2悼,2,20,2,0.37
9507199,201612,33387,11290,己合备,11290630,沥釜2悼,2,30,2,2.7825
9507206,201612,33387,11290,己合备,11290630,沥釜2悼,2,40,2,4.6475
9507213,201612,33387,11290,己合备,11290630,沥釜2悼,2,50,2,3.905
9507220,201612,33387,11290,己合备,11290630,沥釜2悼,2,60,2,2.7875
9507423,201612,33391,11290,己合备,11290630,沥釜2悼,1,0,2,23.04
9507430,201612,33391,11290,己合备,11290630,沥釜2悼,1,10,2,0.585
9507444,201612,33391,11290,己合备,11290630,沥釜2悼,1,30,2,5.073
9507451,201612,33391,11290,己合备,11290630,沥釜2悼,1,40,2,6.532
9507458,201612,33391,11290,己合备,11290630,沥釜2悼,1,50,2,6.009
9507465,201612,33391,11290,己合备,11290630,沥釜2悼,1,60,2,4.841
9507472,201612,33391,11290,己合备,11290630,沥釜2悼,2,0,2,11.3175
9507493,201612,33391,11290,己合备,11290630,沥釜2悼,2,30,2,1.84
9507500,201612,33391,11290,己合备,11290630,沥釜2悼,2,40,2,3.37
9507507,201612,33391,11290,己合备,11290630,沥釜2悼,2,50,2,3.76
9507514,201612,33391,11290,己合备,11290630,沥釜2悼,2,60,2,2.3475
9507521,201612,33392,11290,己合备,11290630,沥釜2悼,1,0,2,23.0305
9507528,201612,33392,11290,己合备,11290630,沥釜2悼,1,10,2,0.625
9507542,201612,33392,11290,己合备,11290630,沥釜2悼,1,30,2,5.1085
9507549,201612,33392,11290,己合备,11290630,沥釜2悼,1,40,2,6.8315
9507556,201612,33392,11290,己合备,11290630,沥釜2悼,1,50,2,6.109
9507563,201612,33392,11290,己合备,11290630,沥釜2悼,1,60,2,4.3565
9507570,201612,33392,11290,己合备,11290630,沥釜2悼,2,0,2,11.3325
9507591,201612,33392,11290,己合备,11290630,沥釜2悼,2,30,2,1.9775
9507598,201612,33392,11290,己合备,11290630,沥釜2悼,2,40,2,3.555
9507605,201612,33392,11290,己合备,11290630,沥釜2悼,2,50,2,3.77
9507612,201612,33392,11290,己合备,11290630,沥釜2悼,2,60,2,2.03
9507619,201612,33393,11290,己合备,11290630,沥釜2悼,1,0,2,26.57
9507626,201612,33393,11290,己合备,11290630,沥釜2悼,1,10,2,0.751
9507633,201612,33393,11290,己合备,11290630,沥釜2悼,1,20,2,0.878
9507640,201612,33393,11290,己合备,11290630,沥釜2悼,1,30,2,5.138
9507647,201612,33393,11290,己合备,11290630,沥釜2悼,1,40,2,6.767
9507654,201612,33393,11290,己合备,11290630,沥釜2悼,1,50,2,6.394
9507661,201612,33393,11290,己合备,11290630,沥釜2悼,1,60,2,6.642
9507668,201612,33393,11290,己合备,11290630,沥釜2悼,2,0,2,14.135
9507682,201612,33393,11290,己合备,11290630,沥釜2悼,2,20,2,0.285
9507689,201612,33393,11290,己合备,11290630,沥釜2悼,2,30,2,2.39
9507696,201612,33393,11290,己合备,11290630,沥釜2悼,2,40,2,4.05
9507703,201612,33393,11290,己合备,11290630,沥釜2悼,2,50,2,4.3175
9507710,201612,33393,11290,己合备,11290630,沥釜2悼,2,60,2,3.0925
9509579,201612,33414,11290,己合备,11290630,沥釜2悼,1,0,2,101.08089
9509586,201612,33414,11290,己合备,11290630,沥釜2悼,1,10,2,6.3274446
9509593,201612,33414,11290,己合备,11290630,沥釜2悼,1,20,2,8.784778
9509600,201612,33414,11290,己合备,11290630,沥釜2悼,1,30,2,15.746445
9509607,201612,33414,11290,己合备,11290630,沥釜2悼,1,40,2,23.211334
9509614,201612,33414,11290,己合备,11290630,沥釜2悼,1,50,2,23.363777
9509621,201612,33414,11290,己合备,11290630,沥釜2悼,1,60,2,23.647112
9509628,201612,33414,11290,己合备,11290630,沥釜2悼,2,0,2,61.53361
9509635,201612,33414,11290,己合备,11290630,沥釜2悼,2,10,2,3.0052779
9509642,201612,33414,11290,己合备,11290630,沥釜2悼,2,20,2,5.5052776
9509649,201612,33414,11290,己合备,11290630,沥釜2悼,2,30,2,9.504444
9509656,201612,33414,11290,己合备,11290630,沥釜2悼,2,40,2,13.070833
9509663,201612,33414,11290,己合备,11290630,沥釜2悼,2,50,2,14.948889
9509670,201612,33414,11290,己合备,11290630,沥釜2悼,2,60,2,15.498889
9510755,201612,33426,11290,己合备,11290630,沥釜2悼,1,0,2,150.636
9510762,201612,33426,11290,己合备,11290630,沥釜2悼,1,10,2,11.168
9510769,201612,33426,11290,己合备,11290630,沥釜2悼,1,20,2,12.394
9510776,201612,33426,11290,己合备,11290630,沥釜2悼,1,30,2,24.007
9510783,201612,33426,11290,己合备,11290630,沥釜2悼,1,40,2,34.058
9510790,201612,33426,11290,己合备,11290630,沥釜2悼,1,50,2,33.164
9510797,201612,33426,11290,己合备,11290630,沥釜2悼,1,60,2,35.845
9510804,201612,33426,11290,己合备,11290630,沥釜2悼,2,0,2,87.0625
9510811,201612,33426,11290,己合备,11290630,沥釜2悼,2,10,2,4.79
9510818,201612,33426,11290,己合备,11290630,沥釜2悼,2,20,2,6.825
9510825,201612,33426,11290,己合备,11290630,沥釜2悼,2,30,2,13.6375
9510832,201612,33426,11290,己合备,11290630,沥釜2悼,2,40,2,19.43
9510839,201612,33426,11290,己合备,11290630,沥釜2悼,2,50,2,20.9325
9510846,201612,33426,11290,己合备,11290630,沥釜2悼,2,60,2,21.4475
9510853,201612,33427,11290,己合备,11290630,沥釜2悼,1,0,2,44.27275
9510860,201612,33427,11290,己合备,11290630,沥釜2悼,1,10,2,2.643
9510867,201612,33427,11290,己合备,11290630,沥釜2悼,1,20,2,3.0105
9510874,201612,33427,11290,己合备,11290630,沥釜2悼,1,30,2,7.66275
9510881,201612,33427,11290,己合备,11290630,沥釜2悼,1,40,2,10.37275
9510888,201612,33427,11290,己合备,11290630,沥釜2悼,1,50,2,9.62275
9510895,201612,33427,11290,己合备,11290630,沥釜2悼,1,60,2,10.961
9510902,201612,33427,11290,己合备,11290630,沥釜2悼,2,0,2,24.933125
9510909,201612,33427,11290,己合备,11290630,沥釜2悼,2,10,2,0.78
9510916,201612,33427,11290,己合备,11290630,沥釜2悼,2,20,2,1.296875
9510923,201612,33427,11290,己合备,11290630,沥釜2悼,2,30,2,4.0975
9510930,201612,33427,11290,己合备,11290630,沥釜2悼,2,40,2,6.285625
9510937,201612,33427,11290,己合备,11290630,沥釜2悼,2,50,2,6.479375
9510944,201612,33427,11290,己合备,11290630,沥釜2悼,2,60,2,5.99375
9510951,201612,33428,11290,己合备,11290630,沥釜2悼,1,0,2,19.9434
9510958,201612,33428,11290,己合备,11290630,沥釜2悼,1,10,2,0.4712
9510972,201612,33428,11290,己合备,11290630,沥釜2悼,1,30,2,4.1726
9510979,201612,33428,11290,己合备,11290630,沥釜2悼,1,40,2,5.266
9510986,201612,33428,11290,己合备,11290630,沥釜2悼,1,50,2,5.0422
9510993,201612,33428,11290,己合备,11290630,沥釜2悼,1,60,2,4.9914
9511000,201612,33428,11290,己合备,11290630,沥釜2悼,2,0,2,9.552
9511021,201612,33428,11290,己合备,11290630,沥釜2悼,2,30,2,1.513
9511028,201612,33428,11290,己合备,11290630,沥釜2悼,2,40,2,2.606
9511035,201612,33428,11290,己合备,11290630,沥釜2悼,2,50,2,3.0945
9511042,201612,33428,11290,己合备,11290630,沥釜2悼,2,60,2,2.3385
9511735,201612,33435,11290,己合备,11290630,沥釜2悼,1,0,2,5.515222
9511742,201612,33435,11290,己合备,11290630,沥釜2悼,1,10,2,0.185
9511756,201612,33435,11290,己合备,11290630,沥釜2悼,1,30,2,1.0479444
9511763,201612,33435,11290,己合备,11290630,沥釜2悼,1,40,2,1.924
9511770,201612,33435,11290,己合备,11290630,沥釜2悼,1,50,2,1.6132778
9511777,201612,33435,11290,己合备,11290630,沥釜2悼,1,60,2,0.745
9511784,201612,33435,11290,己合备,11290630,沥釜2悼,2,0,2,2.5318055
9511805,201612,33435,11290,己合备,11290630,沥釜2悼,2,30,2,0.46625
9511812,201612,33435,11290,己合备,11290630,沥釜2悼,2,40,2,0.8401389
9511819,201612,33435,11290,己合备,11290630,沥釜2悼,2,50,2,0.8401389
9511826,201612,33435,11290,己合备,11290630,沥釜2悼,2,60,2,0.38527778
9515949,201612,33478,11290,己合备,11290630,沥釜2悼,1,0,2,11.591666
9515956,201612,33478,11290,己合备,11290630,沥釜2悼,1,10,2,0.46166667
9515970,201612,33478,11290,己合备,11290630,沥釜2悼,1,30,2,2.6713333
9515977,201612,33478,11290,己合备,11290630,沥釜2悼,1,40,2,3.8506668
9515984,201612,33478,11290,己合备,11290630,沥釜2悼,1,50,2,3.1513333
9515991,201612,33478,11290,己合备,11290630,沥釜2悼,1,60,2,1.4566667
9515998,201612,33478,11290,己合备,11290630,沥釜2悼,2,0,2,4.786667
9516019,201612,33478,11290,己合备,11290630,沥釜2悼,2,30,2,0.95416665
9516026,201612,33478,11290,己合备,11290630,沥釜2悼,2,40,2,1.9141667
9516033,201612,33478,11290,己合备,11290630,沥釜2悼,2,50,2,1.1875
9516040,201612,33478,11290,己合备,11290630,沥釜2悼,2,60,2,0.73083335
9516635,201612,33484,11290,己合备,11290630,沥釜2悼,1,0,2,8.679
9516642,201612,33484,11290,己合备,11290630,沥釜2悼,1,10,2,0.275
9516656,201612,33484,11290,己合备,11290630,沥釜2悼,1,30,2,1.824
9516663,201612,33484,11290,己合备,11290630,沥釜2悼,1,40,2,3.15
9516670,201612,33484,11290,己合备,11290630,沥釜2悼,1,50,2,2.38
9516677,201612,33484,11290,己合备,11290630,沥釜2悼,1,60,2,1.05
9516684,201612,33484,11290,己合备,11290630,沥釜2悼,2,0,2,3.42
9516705,201612,33484,11290,己合备,11290630,沥釜2悼,2,30,2,0.6825
9516712,201612,33484,11290,己合备,11290630,沥釜2悼,2,40,2,1.3675
9516719,201612,33484,11290,己合备,11290630,沥釜2悼,2,50,2,0.8225
9516726,201612,33484,11290,己合备,11290630,沥釜2悼,2,60,2,0.5475
9519673,201612,33513,11290,己合备,11290630,沥釜2悼,1,0,2,24.0642
9519680,201612,33513,11290,己合备,11290630,沥釜2悼,1,10,2,0.6674
9519687,201612,33513,11290,己合备,11290630,沥釜2悼,1,20,2,1.0968
9519694,201612,33513,11290,己合备,11290630,沥釜2悼,1,30,2,4.9284
9519701,201612,33513,11290,己合备,11290630,沥釜2悼,1,40,2,6.7458
9519708,201612,33513,11290,己合备,11290630,沥釜2悼,1,50,2,5.8694
9519715,201612,33513,11290,己合备,11290630,沥釜2悼,1,60,2,4.7564
9519722,201612,33513,11290,己合备,11290630,沥釜2悼,2,0,2,11.162
9519736,201612,33513,11290,己合备,11290630,沥釜2悼,2,20,2,0.357
9519743,201612,33513,11290,己合备,11290630,沥釜2悼,2,30,2,2.0415
9519750,201612,33513,11290,己合备,11290630,沥釜2悼,2,40,2,3.1845
9519757,201612,33513,11290,己合备,11290630,沥釜2悼,2,50,2,3.463
9519764,201612,33513,11290,己合备,11290630,沥釜2悼,2,60,2,2.116
9520947,201612,33529,11290,己合备,11290630,沥釜2悼,1,0,2,12.091538
9520954,201612,33529,11290,己合备,11290630,沥釜2悼,1,10,2,0.32692307
9520968,201612,33529,11290,己合备,11290630,沥釜2悼,1,30,2,2.2162309
9520975,201612,33529,11290,己合备,11290630,沥釜2悼,1,40,2,4.4546924
9520982,201612,33529,11290,己合备,11290630,沥釜2悼,1,50,2,3.520077
9520989,201612,33529,11290,己合备,11290630,沥釜2悼,1,60,2,1.5736154
9520996,201612,33529,11290,己合备,11290630,沥釜2悼,2,0,2,5.066154
9521017,201612,33529,11290,己合备,11290630,沥釜2悼,2,30,2,0.94096154
9521024,201612,33529,11290,己合备,11290630,沥釜2悼,2,40,2,1.7396154
9521031,201612,33529,11290,己合备,11290630,沥釜2悼,2,50,2,1.5638461
9521038,201612,33529,11290,己合备,11290630,沥釜2悼,2,60,2,0.8217308
9521143,201612,33531,11290,己合备,11290630,沥釜2悼,1,0,2,16.506714
9521150,201612,33531,11290,己合备,11290630,沥釜2悼,1,10,2,0.63757145
9521157,201612,33531,11290,己合备,11290630,沥釜2悼,1,20,2,0.35828573
9521164,201612,33531,11290,己合备,11290630,沥釜2悼,1,30,2,3.41
9521171,201612,33531,11290,己合备,11290630,沥釜2悼,1,40,2,4.346143
9521178,201612,33531,11290,己合备,11290630,沥釜2悼,1,50,2,3.9148571
9521185,201612,33531,11290,己合备,11290630,沥釜2悼,1,60,2,3.839857
9521192,201612,33531,11290,己合备,11290630,沥釜2悼,2,0,2,7.9857144
9521199,201612,33531,11290,己合备,11290630,沥釜2悼,2,10,2,0.03785714
9521206,201612,33531,11290,己合备,11290630,沥釜2悼,2,20,2,0.18607143
9521213,201612,33531,11290,己合备,11290630,沥釜2悼,2,30,2,1.2232143
9521220,201612,33531,11290,己合备,11290630,沥釜2悼,2,40,2,2.0532143
9521227,201612,33531,11290,己合备,11290630,沥釜2悼,2,50,2,2.465
9521234,201612,33531,11290,己合备,11290630,沥釜2悼,2,60,2,2.0203571
9521241,201612,33532,11290,己合备,11290630,沥釜2悼,1,0,2,13.166
9521248,201612,33532,11290,己合备,11290630,沥釜2悼,1,10,2,0.495
9521262,201612,33532,11290,己合备,11290630,沥釜2悼,1,30,2,2.8086
9521269,201612,33532,11290,己合备,11290630,沥釜2悼,1,40,2,4.093
9521276,201612,33532,11290,己合备,11290630,沥釜2悼,1,50,2,3.1066
9521283,201612,33532,11290,己合备,11290630,沥釜2悼,1,60,2,2.6628
9521290,201612,33532,11290,己合备,11290630,沥釜2悼,2,0,2,5.7175
9521311,201612,33532,11290,己合备,11290630,沥釜2悼,2,30,2,0.9035
9521318,201612,33532,11290,己合备,11290630,沥釜2悼,2,40,2,1.6815
9521325,201612,33532,11290,己合备,11290630,沥釜2悼,2,50,2,1.7855
9521332,201612,33532,11290,己合备,11290630,沥釜2悼,2,60,2,1.347
9521339,201612,33533,11290,己合备,11290630,沥釜2悼,1,0,2,19.552
9521346,201612,33533,11290,己合备,11290630,沥釜2悼,1,10,2,0.517
9521353,201612,33533,11290,己合备,11290630,沥釜2悼,1,20,2,0.658
9521360,201612,33533,11290,己合备,11290630,沥釜2悼,1,30,2,4.089
9521367,201612,33533,11290,己合备,11290630,沥釜2悼,1,40,2,5.499
9521374,201612,33533,11290,己合备,11290630,沥釜2悼,1,50,2,4.841
9521381,201612,33533,11290,己合备,11290630,沥釜2悼,1,60,2,3.948
9521388,201612,33533,11290,己合备,11290630,沥釜2悼,2,0,2,8.9375
9521402,201612,33533,11290,己合备,11290630,沥釜2悼,2,20,2,0.215
9521409,201612,33533,11290,己合备,11290630,沥釜2悼,2,30,2,1.5925
9521416,201612,33533,11290,己合备,11290630,沥釜2悼,2,40,2,2.515
9521423,201612,33533,11290,己合备,11290630,沥釜2悼,2,50,2,2.8225
9521430,201612,33533,11290,己合备,11290630,沥釜2悼,2,60,2,1.7925
9521437,201612,33534,11290,己合备,11290630,沥釜2悼,1,0,2,19.552
9521444,201612,33534,11290,己合备,11290630,沥釜2悼,1,10,2,0.517
9521451,201612,33534,11290,己合备,11290630,沥釜2悼,1,20,2,0.658
9521458,201612,33534,11290,己合备,11290630,沥釜2悼,1,30,2,4.089
9521465,201612,33534,11290,己合备,11290630,沥釜2悼,1,40,2,5.499
9521472,201612,33534,11290,己合备,11290630,沥釜2悼,1,50,2,4.841
9521479,201612,33534,11290,己合备,11290630,沥釜2悼,1,60,2,3.948
9521486,201612,33534,11290,己合备,11290630,沥釜2悼,2,0,2,8.9375
9521500,201612,33534,11290,己合备,11290630,沥釜2悼,2,20,2,0.215
9521507,201612,33534,11290,己合备,11290630,沥釜2悼,2,30,2,1.5925
9521514,201612,33534,11290,己合备,11290630,沥釜2悼,2,40,2,2.515
9521521,201612,33534,11290,己合备,11290630,沥釜2悼,2,50,2,2.8225
9521528,201612,33534,11290,己合备,11290630,沥釜2悼,2,60,2,1.7925
9524671,201612,33567,11290,己合备,11290630,沥釜2悼,1,0,2,19.552
9524678,201612,33567,11290,己合备,11290630,沥釜2悼,1,10,2,0.517
9524685,201612,33567,11290,己合备,11290630,沥釜2悼,1,20,2,0.658
9524692,201612,33567,11290,己合备,11290630,沥釜2悼,1,30,2,4.089
9524699,201612,33567,11290,己合备,11290630,沥釜2悼,1,40,2,5.499
9524706,201612,33567,11290,己合备,11290630,沥釜2悼,1,50,2,4.841
9524713,201612,33567,11290,己合备,11290630,沥釜2悼,1,60,2,3.948
9524720,201612,33567,11290,己合备,11290630,沥釜2悼,2,0,2,8.9375
9524734,201612,33567,11290,己合备,11290630,沥釜2悼,2,20,2,0.215
9524741,201612,33567,11290,己合备,11290630,沥釜2悼,2,30,2,1.5925
9524748,201612,33567,11290,己合备,11290630,沥釜2悼,2,40,2,2.515
9524755,201612,33567,11290,己合备,11290630,沥釜2悼,2,50,2,2.8225
9524762,201612,33567,11290,己合备,11290630,沥釜2悼,2,60,2,1.7925
9525259,201612,33574,11290,己合备,11290630,沥釜2悼,1,0,2,8.679
9525266,201612,33574,11290,己合备,11290630,沥釜2悼,1,10,2,0.275
9525280,201612,33574,11290,己合备,11290630,沥釜2悼,1,30,2,1.824
9525287,201612,33574,11290,己合备,11290630,沥釜2悼,1,40,2,3.15
9525294,201612,33574,11290,己合备,11290630,沥釜2悼,1,50,2,2.38
9525301,201612,33574,11290,己合备,11290630,沥釜2悼,1,60,2,1.05
9525308,201612,33574,11290,己合备,11290630,沥釜2悼,2,0,2,3.42
9525329,201612,33574,11290,己合备,11290630,沥釜2悼,2,30,2,0.6825
9525336,201612,33574,11290,己合备,11290630,沥釜2悼,2,40,2,1.3675
9525343,201612,33574,11290,己合备,11290630,沥釜2悼,2,50,2,0.8225
9525350,201612,33574,11290,己合备,11290630,沥釜2悼,2,60,2,0.5475
9532119,201612,33642,11290,己合备,11290630,沥釜2悼,1,0,2,23.686666
9532126,201612,33642,11290,己合备,11290630,沥釜2悼,1,10,2,0.63166666
9532133,201612,33642,11290,己合备,11290630,沥釜2悼,1,20,2,0.80466664
9532140,201612,33642,11290,己合备,11290630,沥釜2悼,1,30,2,4.997
9532147,201612,33642,11290,己合备,11290630,沥釜2悼,1,40,2,6.720333
9532154,201612,33642,11290,己合备,11290630,沥釜2悼,1,50,2,5.8756666
9532161,201612,33642,11290,己合备,11290630,沥釜2悼,1,60,2,4.6573334
9532168,201612,33642,11290,己合备,11290630,沥釜2悼,2,0,2,10.919167
9532182,201612,33642,11290,己合备,11290630,沥釜2悼,2,20,2,0.26166666
9532189,201612,33642,11290,己合备,11290630,沥釜2悼,2,30,2,1.9441667
9532196,201612,33642,11290,己合备,11290630,沥釜2悼,2,40,2,3.0733333
9532203,201612,33642,11290,己合备,11290630,沥釜2悼,2,50,2,3.4491668
9532210,201612,33642,11290,己合备,11290630,沥釜2悼,2,60,2,2.1908333
9532217,201612,33643,11290,己合备,11290630,沥釜2悼,1,0,2,16.358
9532224,201612,33643,11290,己合备,11290630,沥釜2悼,1,10,2,0.625
9532238,201612,33643,11290,己合备,11290630,沥釜2悼,1,30,2,3.45
9532245,201612,33643,11290,己合备,11290630,沥釜2悼,1,40,2,4.951
9532252,201612,33643,11290,己合备,11290630,沥釜2悼,1,50,2,3.948
9532259,201612,33643,11290,己合备,11290630,沥釜2悼,1,60,2,3.384
9532266,201612,33643,11290,己合备,11290630,沥釜2悼,2,0,2,7.15
9532287,201612,33643,11290,己合备,11290630,沥釜2悼,2,30,2,1.1325
9532294,201612,33643,11290,己合备,11290630,沥釜2悼,2,40,2,2.1025
9532301,201612,33643,11290,己合备,11290630,沥釜2悼,2,50,2,2.23
9532308,201612,33643,11290,己合备,11290630,沥釜2悼,2,60,2,1.685
9534275,201612,33662,11290,己合备,11290630,沥釜2悼,1,0,2,30.298
9534282,201612,33662,11290,己合备,11290630,沥釜2悼,1,10,2,0.838
9534289,201612,33662,11290,己合备,11290630,沥釜2悼,1,20,2,1.5573334
9534296,201612,33662,11290,己合备,11290630,沥釜2悼,1,30,2,5.438667
9534303,201612,33662,11290,己合备,11290630,沥釜2悼,1,40,2,9.661
9534310,201612,33662,11290,己合备,11290630,沥釜2悼,1,50,2,8.294666
9534317,201612,33662,11290,己合备,11290630,沥釜2悼,1,60,2,4.508333
9534324,201612,33662,11290,己合备,11290630,沥釜2悼,2,0,2,12.620833
9534338,201612,33662,11290,己合备,11290630,沥釜2悼,2,20,2,0.335
9534345,201612,33662,11290,己合备,11290630,沥釜2悼,2,30,2,2.4991667
9534352,201612,33662,11290,己合备,11290630,沥釜2悼,2,40,2,4.025833
9534359,201612,33662,11290,己合备,11290630,沥釜2悼,2,50,2,4.025
9534366,201612,33662,11290,己合备,11290630,沥釜2悼,2,60,2,1.7358333
9535157,201612,33670,11290,己合备,11290630,沥釜2悼,1,0,2,21.4
9535164,201612,33670,11290,己合备,11290630,沥釜2悼,1,10,2,0.59
9535171,201612,33670,11290,己合备,11290630,沥釜2悼,1,20,2,0.95066667
9535178,201612,33670,11290,己合备,11290630,沥釜2悼,1,30,2,4.496
9535185,201612,33670,11290,己合备,11290630,沥釜2悼,1,40,2,6.188
9535192,201612,33670,11290,己合备,11290630,沥釜2悼,1,50,2,5.28
9535199,201612,33670,11290,己合备,11290630,沥釜2悼,1,60,2,3.8953333
9535206,201612,33670,11290,己合备,11290630,沥釜2悼,2,0,2,9.689167
9535220,201612,33670,11290,己合备,11290630,沥釜2悼,2,20,2,0.31
9535227,201612,33670,11290,己合备,11290630,沥釜2悼,2,30,2,1.8041667
9535234,201612,33670,11290,己合备,11290630,沥釜2悼,2,40,2,2.795
9535241,201612,33670,11290,己合备,11290630,沥釜2悼,2,50,2,3.0333333
9535248,201612,33670,11290,己合备,11290630,沥釜2悼,2,60,2,1.7466667
9535255,201612,33671,11290,己合备,11290630,沥釜2悼,1,0,2,18.675
9535262,201612,33671,11290,己合备,11290630,沥釜2悼,1,10,2,0.627
9535269,201612,33671,11290,己合备,11290630,沥釜2悼,1,20,2,0.878
9535276,201612,33671,11290,己合备,11290630,沥釜2悼,1,30,2,3.884
9535283,201612,33671,11290,己合备,11290630,沥釜2悼,1,40,2,6.018
9535290,201612,33671,11290,己合备,11290630,沥釜2悼,1,50,2,4.825
9535297,201612,33671,11290,己合备,11290630,沥釜2悼,1,60,2,2.443
9535304,201612,33671,11290,己合备,11290630,沥釜2悼,2,0,2,6.6075
9535318,201612,33671,11290,己合备,11290630,沥釜2悼,2,20,2,0.285
9535325,201612,33671,11290,己合备,11290630,沥釜2悼,2,30,2,1.275
9535332,201612,33671,11290,己合备,11290630,沥釜2悼,2,40,2,2.105
9535339,201612,33671,11290,己合备,11290630,沥釜2悼,2,50,2,2.095
9535346,201612,33671,11290,己合备,11290630,沥釜2悼,2,60,2,0.8475
9538195,201612,33700,11290,己合备,11290630,沥釜2悼,1,0,2,9.271
9538202,201612,33700,11290,己合备,11290630,沥釜2悼,1,10,2,0.563
9538216,201612,33700,11290,己合备,11290630,沥釜2悼,1,30,2,1.88
9538223,201612,33700,11290,己合备,11290630,沥釜2悼,1,40,2,3.634
9538230,201612,33700,11290,己合备,11290630,沥釜2悼,1,50,2,2.38
9538237,201612,33700,11290,己合备,11290630,沥釜2悼,1,60,2,0.814
9538244,201612,33700,11290,己合备,11290630,沥釜2悼,2,0,2,1.845
9538265,201612,33700,11290,己合备,11290630,沥釜2悼,2,30,2,0.285
9538272,201612,33700,11290,己合备,11290630,沥釜2悼,2,40,2,0.855
9538279,201612,33700,11290,己合备,11290630,沥釜2悼,2,50,2,0.5625
9538286,201612,33700,11290,己合备,11290630,沥釜2悼,2,60,2,0.1425
9538685,201612,33705,11290,己合备,11290630,沥釜2悼,1,0,2,18.894
9538692,201612,33705,11290,己合备,11290630,沥釜2悼,1,10,2,0.564
9538699,201612,33705,11290,己合备,11290630,沥釜2悼,1,20,2,1.316
9538706,201612,33705,11290,己合备,11290630,沥釜2悼,1,30,2,3.948
9538713,201612,33705,11290,己合备,11290630,沥釜2悼,1,40,2,5.734
9538720,201612,33705,11290,己合备,11290630,沥釜2悼,1,50,2,4.606
9538727,201612,33705,11290,己合备,11290630,沥釜2悼,1,60,2,2.726
9538734,201612,33705,11290,己合备,11290630,沥釜2悼,2,0,2,8.22
9538748,201612,33705,11290,己合备,11290630,沥釜2悼,2,20,2,0.43
9538755,201612,33705,11290,己合备,11290630,沥釜2悼,2,30,2,1.7
9538762,201612,33705,11290,己合备,11290630,沥釜2悼,2,40,2,2.5175
9538769,201612,33705,11290,己合备,11290630,沥釜2悼,2,50,2,2.515
9538776,201612,33705,11290,己合备,11290630,沥釜2悼,2,60,2,1.0575
9540939,201612,33728,11290,己合备,11290630,沥釜2悼,1,0,2,44.559666
9540946,201612,33728,11290,己合备,11290630,沥釜2悼,1,10,2,2.1333334
9540953,201612,33728,11290,己合备,11290630,沥釜2悼,1,20,2,3.2746665
9540960,201612,33728,11290,己合备,11290630,沥釜2悼,1,30,2,8.312
9540967,201612,33728,11290,己合备,11290630,沥釜2悼,1,40,2,12.045333
9540974,201612,33728,11290,己合备,11290630,沥釜2悼,1,50,2,10.537
9540981,201612,33728,11290,己合备,11290630,沥釜2悼,1,60,2,8.257334
9540988,201612,33728,11290,己合备,11290630,沥釜2悼,2,0,2,22.3825
9540995,201612,33728,11290,己合备,11290630,沥釜2悼,2,10,2,0.66583335
9541002,201612,33728,11290,己合备,11290630,沥釜2悼,2,20,2,1.4241667
9541009,201612,33728,11290,己合备,11290630,沥釜2悼,2,30,2,4.011667
9541016,201612,33728,11290,己合备,11290630,沥釜2悼,2,40,2,5.995
9541023,201612,33728,11290,己合备,11290630,沥釜2悼,2,50,2,6.076667
9541030,201612,33728,11290,己合备,11290630,沥釜2悼,2,60,2,4.2091665
9546329,201612,33785,11290,己合备,11290630,沥釜2悼,1,0,2,77.5595
9546336,201612,33785,11290,己合备,11290630,沥釜2悼,1,10,2,4.737
9546343,201612,33785,11290,己合备,11290630,沥釜2悼,1,20,2,5.95
9546350,201612,33785,11290,己合备,11290630,沥釜2悼,1,30,2,13.331
9546357,201612,33785,11290,己合备,11290630,沥釜2悼,1,40,2,19.28
9546364,201612,33785,11290,己合备,11290630,沥釜2悼,1,50,2,17.957
9546371,201612,33785,11290,己合备,11290630,沥釜2悼,1,60,2,16.3045
9546378,201612,33785,11290,己合备,11290630,沥釜2悼,2,0,2,42.63875
9546385,201612,33785,11290,己合备,11290630,沥釜2悼,2,10,2,1.99375
9546392,201612,33785,11290,己合备,11290630,沥釜2悼,2,20,2,3.0025
9546399,201612,33785,11290,己合备,11290630,沥釜2悼,2,30,2,6.99
9546406,201612,33785,11290,己合备,11290630,沥釜2悼,2,40,2,10.4675
9546413,201612,33785,11290,己合备,11290630,沥釜2悼,2,50,2,10.71125
9546420,201612,33785,11290,己合备,11290630,沥釜2悼,2,60,2,9.47375
9546427,201612,33786,11290,己合备,11290630,沥釜2悼,1,0,2,55.153667
9546434,201612,33786,11290,己合备,11290630,沥釜2悼,1,10,2,2.961
9546441,201612,33786,11290,己合备,11290630,沥釜2悼,1,20,2,3.496
9546448,201612,33786,11290,己合备,11290630,沥釜2悼,1,30,2,10.059334
9546455,201612,33786,11290,己合备,11290630,沥釜2悼,1,40,2,15.116667
9546462,201612,33786,11290,己合备,11290630,沥釜2悼,1,50,2,13.368667
9546469,201612,33786,11290,己合备,11290630,沥釜2悼,1,60,2,10.152
9546476,201612,33786,11290,己合备,11290630,沥釜2悼,2,0,2,26.296667
9546483,201612,33786,11290,己合备,11290630,沥釜2悼,2,10,2,1.0
9546490,201612,33786,11290,己合备,11290630,沥釜2悼,2,20,2,1.6733333
9546497,201612,33786,11290,己合备,11290630,沥釜2悼,2,30,2,4.383333
9546504,201612,33786,11290,己合备,11290630,沥釜2悼,2,40,2,6.8758335
9546511,201612,33786,11290,己合备,11290630,沥釜2悼,2,50,2,6.99
9546518,201612,33786,11290,己合备,11290630,沥釜2悼,2,60,2,5.3741665
9546917,201612,33790,11290,己合备,11290630,沥釜2悼,1,0,2,35.52
9546924,201612,33790,11290,己合备,11290630,沥釜2悼,1,10,2,0.999
9546931,201612,33790,11290,己合备,11290630,沥釜2悼,1,20,2,2.553
9546938,201612,33790,11290,己合备,11290630,沥釜2悼,1,30,2,6.549
9546945,201612,33790,11290,己合备,11290630,沥釜2悼,1,40,2,10.545
9546952,201612,33790,11290,己合备,11290630,沥釜2悼,1,50,2,9.324
9546959,201612,33790,11290,己合备,11290630,沥釜2悼,1,60,2,5.55
9546966,201612,33790,11290,己合备,11290630,沥釜2悼,2,0,2,15.9475
9546980,201612,33790,11290,己合备,11290630,沥釜2悼,2,20,2,0.55
9546987,201612,33790,11290,己合备,11290630,沥釜2悼,2,30,2,3.2975
9546994,201612,33790,11290,己合备,11290630,沥釜2悼,2,40,2,4.9525
9547001,201612,33790,11290,己合备,11290630,沥釜2悼,2,50,2,4.95
9547008,201612,33790,11290,己合备,11290630,沥釜2悼,2,60,2,2.1975
9547015,201612,33791,11290,己合备,11290630,沥釜2悼,1,0,2,18.304955
9547022,201612,33791,11290,己合备,11290630,沥釜2悼,1,10,2,0.82922727
9547029,201612,33791,11290,己合备,11290630,沥釜2悼,1,20,2,0.016181817
9547036,201612,33791,11290,己合备,11290630,沥釜2悼,1,30,2,3.7885454
9547043,201612,33791,11290,己合备,11290630,沥釜2悼,1,40,2,5.6722274
9547050,201612,33791,11290,己合备,11290630,沥釜2悼,1,50,2,4.975318
9547057,201612,33791,11290,己合备,11290630,沥釜2悼,1,60,2,3.0234544
9547064,201612,33791,11290,己合备,11290630,沥釜2悼,2,0,2,8.506704
9547085,201612,33791,11290,己合备,11290630,沥釜2悼,2,30,2,1.7429545
9547092,201612,33791,11290,己合备,11290630,沥釜2悼,2,40,2,2.9964774
9547099,201612,33791,11290,己合备,11290630,沥釜2悼,2,50,2,2.4361362
9547106,201612,33791,11290,己合备,11290630,沥釜2悼,2,60,2,1.3311363
9548975,201612,33811,11290,己合备,11290630,沥釜2悼,1,0,2,19.161444
9548982,201612,33811,11290,己合备,11290630,沥釜2悼,1,10,2,0.832
9548989,201612,33811,11290,己合备,11290630,沥釜2悼,1,20,2,0.38044444
9548996,201612,33811,11290,己合备,11290630,沥釜2悼,1,30,2,3.7194445
9549003,201612,33811,11290,己合备,11290630,沥釜2悼,1,40,2,6.0746665
9549010,201612,33811,11290,己合备,11290630,沥釜2悼,1,50,2,4.4897776
9549017,201612,33811,11290,己合备,11290630,沥釜2悼,1,60,2,3.665111
9549024,201612,33811,11290,己合备,11290630,沥釜2悼,2,0,2,8.493889
9549038,201612,33811,11290,己合备,11290630,沥釜2悼,2,20,2,0.08111111
9549045,201612,33811,11290,己合备,11290630,沥釜2悼,2,30,2,1.3872222
9549052,201612,33811,11290,己合备,11290630,沥釜2悼,2,40,2,2.6233332
9549059,201612,33811,11290,己合备,11290630,沥釜2悼,2,50,2,2.6480556
9549066,201612,33811,11290,己合备,11290630,沥釜2悼,2,60,2,1.7541667
9549073,201612,33812,11290,己合备,11290630,沥釜2悼,1,0,2,32.936
9549080,201612,33812,11290,己合备,11290630,沥釜2悼,1,10,2,1.2042
9549087,201612,33812,11290,己合备,11290630,沥釜2悼,1,20,2,2.0536
9549094,201612,33812,11290,己合备,11290630,沥釜2悼,1,30,2,6.572
9549101,201612,33812,11290,己合备,11290630,沥釜2悼,1,40,2,9.7228
9549108,201612,33812,11290,己合备,11290630,沥釜2悼,1,50,2,7.9998
9549115,201612,33812,11290,己合备,11290630,沥釜2悼,1,60,2,5.3836
9549122,201612,33812,11290,己合备,11290630,沥釜2悼,2,0,2,16.165
9549136,201612,33812,11290,己合备,11290630,沥釜2悼,2,20,2,0.439
9549143,201612,33812,11290,己合备,11290630,沥釜2悼,2,30,2,3.384
9549150,201612,33812,11290,己合备,11290630,沥釜2悼,2,40,2,5.0105
9549157,201612,33812,11290,己合备,11290630,沥釜2悼,2,50,2,4.938
9549164,201612,33812,11290,己合备,11290630,沥釜2悼,2,60,2,2.3935
9550935,201612,33832,11290,己合备,11290630,沥釜2悼,1,0,2,43.965
9550942,201612,33832,11290,己合备,11290630,沥釜2悼,1,10,2,1.2605
9550949,201612,33832,11290,己合备,11290630,沥釜2悼,1,20,2,3.409
9550956,201612,33832,11290,己合备,11290630,沥釜2悼,1,30,2,8.599
9550963,201612,33832,11290,己合备,11290630,沥釜2悼,1,40,2,11.826
9550970,201612,33832,11290,己合备,11290630,沥釜2悼,1,50,2,10.7505
9550977,201612,33832,11290,己合备,11290630,沥釜2悼,1,60,2,8.12
9550984,201612,33832,11290,己合备,11290630,沥釜2悼,2,0,2,22.7775
9550998,201612,33832,11290,己合备,11290630,沥釜2悼,2,20,2,0.73
9551005,201612,33832,11290,己合备,11290630,沥釜2悼,2,30,2,4.6775
9551012,201612,33832,11290,己合备,11290630,沥釜2悼,2,40,2,6.52625
9551019,201612,33832,11290,己合备,11290630,沥釜2悼,2,50,2,7.07875
9551026,201612,33832,11290,己合备,11290630,沥釜2悼,2,60,2,3.765
9551033,201612,33833,11290,己合备,11290630,沥釜2悼,1,0,2,35.52
9551040,201612,33833,11290,己合备,11290630,沥釜2悼,1,10,2,0.999
9551047,201612,33833,11290,己合备,11290630,沥釜2悼,1,20,2,2.553
9551054,201612,33833,11290,己合备,11290630,沥釜2悼,1,30,2,6.549
9551061,201612,33833,11290,己合备,11290630,沥釜2悼,1,40,2,10.545
9551068,201612,33833,11290,己合备,11290630,沥釜2悼,1,50,2,9.324
9551075,201612,33833,11290,己合备,11290630,沥釜2悼,1,60,2,5.55
9551082,201612,33833,11290,己合备,11290630,沥釜2悼,2,0,2,15.9475
9551096,201612,33833,11290,己合备,11290630,沥釜2悼,2,20,2,0.55
9551103,201612,33833,11290,己合备,11290630,沥釜2悼,2,30,2,3.2975
9551110,201612,33833,11290,己合备,11290630,沥釜2悼,2,40,2,4.9525
9551117,201612,33833,11290,己合备,11290630,沥釜2悼,2,50,2,4.95
9551124,201612,33833,11290,己合备,11290630,沥釜2悼,2,60,2,2.1975
9551425,201612,33838,11290,己合备,11290630,沥釜2悼,1,0,2,43.512
9551432,201612,33838,11290,己合备,11290630,沥釜2悼,1,10,2,1.1655
9551439,201612,33838,11290,己合备,11290630,沥釜2悼,1,20,2,3.8295
9551446,201612,33838,11290,己合备,11290630,沥釜2悼,1,30,2,8.3805
9551453,201612,33838,11290,己合备,11290630,沥釜2悼,1,40,2,11.9325
9551460,201612,33838,11290,己合备,11290630,沥釜2悼,1,50,2,10.989
9551467,201612,33838,11290,己合备,11290630,沥釜2悼,1,60,2,7.215
9551474,201612,33838,11290,己合备,11290630,沥釜2悼,2,0,2,21.45125
9551488,201612,33838,11290,己合备,11290630,沥釜2悼,2,20,2,0.8225
9551495,201612,33838,11290,己合备,11290630,沥釜2悼,2,30,2,4.67125
9551502,201612,33838,11290,己合备,11290630,沥釜2悼,2,40,2,6.33125
9551509,201612,33838,11290,己合备,11290630,沥釜2悼,2,50,2,6.60375
9551516,201612,33838,11290,己合备,11290630,沥釜2悼,2,60,2,3.0225
9551523,201612,33839,11290,己合备,11290630,沥釜2悼,1,0,2,35.52
9551530,201612,33839,11290,己合备,11290630,沥釜2悼,1,10,2,0.999
9551537,201612,33839,11290,己合备,11290630,沥釜2悼,1,20,2,2.553
9551544,201612,33839,11290,己合备,11290630,沥釜2悼,1,30,2,6.549
9551551,201612,33839,11290,己合备,11290630,沥釜2悼,1,40,2,10.545
9551558,201612,33839,11290,己合备,11290630,沥釜2悼,1,50,2,9.324
9551565,201612,33839,11290,己合备,11290630,沥釜2悼,1,60,2,5.55
9551572,201612,33839,11290,己合备,11290630,沥釜2悼,2,0,2,15.9475
9551586,201612,33839,11290,己合备,11290630,沥釜2悼,2,20,2,0.55
9551593,201612,33839,11290,己合备,11290630,沥釜2悼,2,30,2,3.2975
9551600,201612,33839,11290,己合备,11290630,沥釜2悼,2,40,2,4.9525
9551607,201612,33839,11290,己合备,11290630,沥釜2悼,2,50,2,4.95
9551614,201612,33839,11290,己合备,11290630,沥釜2悼,2,60,2,2.1975
9552307,201612,33847,11290,己合备,11290630,沥釜2悼,1,0,2,33.876667
9552314,201612,33847,11290,己合备,11290630,沥釜2悼,1,10,2,1.1643333
9552321,201612,33847,11290,己合备,11290630,沥釜2悼,1,20,2,1.1413333
9552328,201612,33847,11290,己合备,11290630,沥釜2悼,1,30,2,6.4426665
9552335,201612,33847,11290,己合备,11290630,沥釜2悼,1,40,2,9.825
9552342,201612,33847,11290,己合备,11290630,沥釜2悼,1,50,2,8.202666
9552349,201612,33847,11290,己合备,11290630,沥釜2悼,1,60,2,7.1006665
9552356,201612,33847,11290,己合备,11290630,沥釜2悼,2,0,2,17.19
9552370,201612,33847,11290,己合备,11290630,沥釜2悼,2,20,2,0.24333334
9552377,201612,33847,11290,己合备,11290630,沥釜2悼,2,30,2,2.85
9552384,201612,33847,11290,己合备,11290630,沥釜2悼,2,40,2,4.9425
9552391,201612,33847,11290,己合备,11290630,沥釜2悼,2,50,2,5.5008335
9552398,201612,33847,11290,己合备,11290630,沥釜2悼,2,60,2,3.6533334
9554267,201612,33866,11290,己合备,11290630,沥釜2悼,1,0,2,28.162
9554274,201612,33866,11290,己合备,11290630,沥釜2悼,1,10,2,1.111
9554288,201612,33866,11290,己合备,11290630,沥釜2悼,1,30,2,5.392
9554295,201612,33866,11290,己合备,11290630,沥釜2悼,1,40,2,9.045
9554302,201612,33866,11290,己合备,11290630,沥釜2悼,1,50,2,7.14
9554309,201612,33866,11290,己合备,11290630,沥釜2悼,1,60,2,5.474
9554316,201612,33866,11290,己合备,11290630,沥釜2悼,2,0,2,11.895
9554337,201612,33866,11290,己合备,11290630,沥釜2悼,2,30,2,1.5825
9554344,201612,33866,11290,己合备,11290630,沥釜2悼,2,40,2,3.565
9554351,201612,33866,11290,己合备,11290630,沥釜2悼,2,50,2,3.97
9554358,201612,33866,11290,己合备,11290630,沥釜2悼,2,60,2,2.7775
9554855,201612,33871,11290,己合备,11290630,沥釜2悼,1,0,2,25.87875
9554862,201612,33871,11290,己合备,11290630,沥釜2悼,1,10,2,1.10725
9554876,201612,33871,11290,己合备,11290630,沥釜2悼,1,30,2,5.002
9554883,201612,33871,11290,己合备,11290630,沥釜2悼,1,40,2,8.5965
9554890,201612,33871,11290,己合备,11290630,沥釜2悼,1,50,2,6.574
9554897,201612,33871,11290,己合备,11290630,沥釜2悼,1,60,2,4.599
9554904,201612,33871,11290,己合备,11290630,沥釜2悼,2,0,2,9.201875
9554925,201612,33871,11290,己合备,11290630,沥釜2悼,2,30,2,1.250625
9554932,201612,33871,11290,己合备,11290630,沥釜2悼,2,40,2,2.898125
9554939,201612,33871,11290,己合备,11290630,沥釜2悼,2,50,2,3.036875
9554946,201612,33871,11290,己合备,11290630,沥釜2悼,2,60,2,2.01625
9554953,201612,33873,11290,己合备,11290630,沥釜2悼,1,0,2,116.16
9554960,201612,33873,11290,己合备,11290630,沥釜2悼,1,10,2,7.095
9554967,201612,33873,11290,己合备,11290630,沥釜2悼,1,20,2,8.91
9554974,201612,33873,11290,己合备,11290630,沥釜2悼,1,30,2,19.965
9554981,201612,33873,11290,己合备,11290630,沥釜2悼,1,40,2,28.875
9554988,201612,33873,11290,己合备,11290630,沥釜2悼,1,50,2,26.895
9554995,201612,33873,11290,己合备,11290630,沥釜2悼,1,60,2,24.42
9555002,201612,33873,11290,己合备,11290630,沥釜2悼,2,0,2,63.8625
9555009,201612,33873,11290,己合备,11290630,沥釜2悼,2,10,2,2.9875
9555016,201612,33873,11290,己合备,11290630,沥釜2悼,2,20,2,4.4975
9555023,201612,33873,11290,己合备,11290630,沥釜2悼,2,30,2,10.47
9555030,201612,33873,11290,己合备,11290630,沥釜2悼,2,40,2,15.6775
9555037,201612,33873,11290,己合备,11290630,沥釜2悼,2,50,2,16.0425
9555044,201612,33873,11290,己合备,11290630,沥釜2悼,2,60,2,14.1875
9555149,201612,33875,11290,己合备,11290630,沥釜2悼,1,0,2,35.52
9555156,201612,33875,11290,己合备,11290630,沥釜2悼,1,10,2,0.999
9555163,201612,33875,11290,己合备,11290630,沥釜2悼,1,20,2,2.553
9555170,201612,33875,11290,己合备,11290630,沥釜2悼,1,30,2,6.549
9555177,201612,33875,11290,己合备,11290630,沥釜2悼,1,40,2,10.545
9555184,201612,33875,11290,己合备,11290630,沥釜2悼,1,50,2,9.324
9555191,201612,33875,11290,己合备,11290630,沥釜2悼,1,60,2,5.55
9555198,201612,33875,11290,己合备,11290630,沥釜2悼,2,0,2,15.9475
9555212,201612,33875,11290,己合备,11290630,沥釜2悼,2,20,2,0.55
9555219,201612,33875,11290,己合备,11290630,沥釜2悼,2,30,2,3.2975
9555226,201612,33875,11290,己合备,11290630,沥釜2悼,2,40,2,4.9525
9555233,201612,33875,11290,己合备,11290630,沥釜2悼,2,50,2,4.95
9555240,201612,33875,11290,己合备,11290630,沥釜2悼,2,60,2,2.1975
9555247,201612,33876,11290,己合备,11290630,沥釜2悼,1,0,2,24.864
9555254,201612,33876,11290,己合备,11290630,沥釜2悼,1,10,2,0.777
9555261,201612,33876,11290,己合备,11290630,沥釜2悼,1,20,2,0.851
9555268,201612,33876,11290,己合备,11290630,沥釜2悼,1,30,2,4.107
9555275,201612,33876,11290,己合备,11290630,沥釜2悼,1,40,2,8.695
9555282,201612,33876,11290,己合备,11290630,沥釜2悼,1,50,2,7.104
9555289,201612,33876,11290,己合备,11290630,沥釜2悼,1,60,2,3.33
9555296,201612,33876,11290,己合备,11290630,沥釜2悼,2,0,2,8.600833
9555310,201612,33876,11290,己合备,11290630,沥釜2悼,2,20,2,0.18333334
9555317,201612,33876,11290,己合备,11290630,沥釜2悼,2,30,2,1.4641666
9555324,201612,33876,11290,己合备,11290630,沥釜2悼,2,40,2,3.1108334
9555331,201612,33876,11290,己合备,11290630,沥釜2悼,2,50,2,2.745
9555338,201612,33876,11290,己合备,11290630,沥釜2悼,2,60,2,1.0975
9555737,201612,33880,11290,己合备,11290630,沥釜2悼,1,0,2,54.570168
9555744,201612,33880,11290,己合备,11290630,沥釜2悼,1,10,2,3.0545
9555751,201612,33880,11290,己合备,11290630,沥釜2悼,1,20,2,2.971
9555758,201612,33880,11290,己合备,11290630,沥釜2悼,1,30,2,9.641
9555765,201612,33880,11290,己合备,11290630,沥釜2悼,1,40,2,14.645667
9555772,201612,33880,11290,己合备,11290630,沥釜2悼,1,50,2,13.201667
9555779,201612,33880,11290,己合备,11290630,沥釜2悼,1,60,2,11.056334
9555786,201612,33880,11290,己合备,11290630,沥釜2悼,2,0,2,26.742083
9555793,201612,33880,11290,己合备,11290630,沥釜2悼,2,10,2,1.0829166
9555800,201612,33880,11290,己合备,11290630,沥釜2悼,2,20,2,1.5458333
9555807,201612,33880,11290,己合备,11290630,沥釜2悼,2,30,2,4.13625
9555814,201612,33880,11290,己合备,11290630,沥釜2悼,2,40,2,6.77375
9555821,201612,33880,11290,己合备,11290630,沥釜2悼,2,50,2,7.1216664
9555828,201612,33880,11290,己合备,11290630,沥釜2悼,2,60,2,6.0816665
9561127,201612,33933,11290,己合备,11290630,沥釜2悼,1,0,2,180.4175
9561134,201612,33933,11290,己合备,11290630,沥釜2悼,1,10,2,13.4
9561141,201612,33933,11290,己合备,11290630,沥釜2悼,1,20,2,20.4125
9561148,201612,33933,11290,己合备,11290630,沥釜2悼,1,30,2,30.45725
9561155,201612,33933,11290,己合备,11290630,沥釜2悼,1,40,2,41.0165
9561162,201612,33933,11290,己合备,11290630,沥釜2悼,1,50,2,37.31125
9561169,201612,33933,11290,己合备,11290630,沥釜2悼,1,60,2,37.82
9561176,201612,33933,11290,己合备,11290630,沥釜2悼,2,0,2,102.77125
9561183,201612,33933,11290,己合备,11290630,沥釜2悼,2,10,2,6.93125
9561190,201612,33933,11290,己合备,11290630,沥釜2悼,2,20,2,11.36
9561197,201612,33933,11290,己合备,11290630,沥釜2悼,2,30,2,16.03875
9561204,201612,33933,11290,己合备,11290630,沥釜2悼,2,40,2,21.78375
9561211,201612,33933,11290,己合备,11290630,沥釜2悼,2,50,2,23.171875
9561218,201612,33933,11290,己合备,11290630,沥釜2悼,2,60,2,23.485624
9563577,201612,33963,11290,己合备,11290630,沥釜2悼,1,0,2,88.243
9563584,201612,33963,11290,己合备,11290630,沥釜2悼,1,10,2,5.1775
9563591,201612,33963,11290,己合备,11290630,沥釜2悼,1,20,2,5.95
9563598,201612,33963,11290,己合备,11290630,沥釜2悼,1,30,2,15.5335
9563605,201612,33963,11290,己合备,11290630,沥釜2悼,1,40,2,23.1345
9563612,201612,33963,11290,己合备,11290630,沥釜2悼,1,50,2,21.0415
9563619,201612,33963,11290,己合备,11290630,沥釜2悼,1,60,2,17.406
9563626,201612,33963,11290,己合备,11290630,沥釜2悼,2,0,2,44.65
9563633,201612,33963,11290,己合备,11290630,沥釜2悼,2,10,2,1.99375
9563640,201612,33963,11290,己合备,11290630,沥釜2悼,2,20,2,3.0025
9563647,201612,33963,11290,己合备,11290630,沥釜2悼,2,30,2,7.2425
9563654,201612,33963,11290,己合备,11290630,沥釜2悼,2,40,2,11.225
9563661,201612,33963,11290,己合备,11290630,沥釜2悼,2,50,2,11.46125
9563668,201612,33963,11290,己合备,11290630,沥釜2悼,2,60,2,9.725
9566223,201612,33991,11290,己合备,11290630,沥釜2悼,1,0,2,19.536
9566230,201612,33991,11290,己合备,11290630,沥釜2悼,1,10,2,0.666
9566244,201612,33991,11290,己合备,11290630,沥釜2悼,1,30,2,2.886
9566251,201612,33991,11290,己合备,11290630,沥釜2悼,1,40,2,7.77
9566258,201612,33991,11290,己合备,11290630,沥釜2悼,1,50,2,5.994
9566265,201612,33991,11290,己合备,11290630,沥釜2悼,1,60,2,2.22
9566272,201612,33991,11290,己合备,11290630,沥釜2悼,2,0,2,4.9275
9566293,201612,33991,11290,己合备,11290630,沥釜2悼,2,30,2,0.5475
9566300,201612,33991,11290,己合备,11290630,沥釜2悼,2,40,2,2.19
9566307,201612,33991,11290,己合备,11290630,沥釜2悼,2,50,2,1.6425
9566314,201612,33991,11290,己合备,11290630,沥釜2悼,2,60,2,0.5475
9566321,201612,33992,11290,己合备,11290630,沥釜2悼,1,0,2,19.536
9566328,201612,33992,11290,己合备,11290630,沥釜2悼,1,10,2,0.666
9566342,201612,33992,11290,己合备,11290630,沥釜2悼,1,30,2,2.886
9566349,201612,33992,11290,己合备,11290630,沥釜2悼,1,40,2,7.77
9566356,201612,33992,11290,己合备,11290630,沥釜2悼,1,50,2,5.994
9566363,201612,33992,11290,己合备,11290630,沥釜2悼,1,60,2,2.22
9566370,201612,33992,11290,己合备,11290630,沥釜2悼,2,0,2,4.9275
9566391,201612,33992,11290,己合备,11290630,沥釜2悼,2,30,2,0.5475
9566398,201612,33992,11290,己合备,11290630,沥釜2悼,2,40,2,2.19
9566405,201612,33992,11290,己合备,11290630,沥釜2悼,2,50,2,1.6425
9566412,201612,33992,11290,己合备,11290630,沥釜2悼,2,60,2,0.5475
9568477,201612,34014,11290,己合备,11290630,沥釜2悼,1,0,2,42.1245
9568484,201612,34014,11290,己合备,11290630,沥釜2悼,1,10,2,1.11
9568491,201612,34014,11290,己合备,11290630,沥釜2悼,1,20,2,2.553
9568498,201612,34014,11290,己合备,11290630,沥釜2悼,1,30,2,7.9365
9568505,201612,34014,11290,己合备,11290630,沥釜2悼,1,40,2,11.7105
9568512,201612,34014,11290,己合备,11290630,沥釜2悼,1,50,2,10.7115
9568519,201612,34014,11290,己合备,11290630,沥釜2悼,1,60,2,8.103
9568526,201612,34014,11290,己合备,11290630,沥釜2悼,2,0,2,21.174376
9568540,201612,34014,11290,己合备,11290630,沥釜2悼,2,20,2,0.5475
9568547,201612,34014,11290,己合备,11290630,沥釜2悼,2,30,2,3.9825
9568554,201612,34014,11290,己合备,11290630,沥釜2悼,2,40,2,6.0525
9568561,201612,34014,11290,己合备,11290630,沥釜2悼,2,50,2,6.7425
9568568,201612,34014,11290,己合备,11290630,沥釜2悼,2,60,2,3.849375
9570437,201612,34037,11290,己合备,11290630,沥釜2悼,1,0,2,46.161
9570444,201612,34037,11290,己合备,11290630,沥釜2悼,1,10,2,1.115
9570458,201612,34037,11290,己合备,11290630,沥釜2悼,1,30,2,8.474
9570465,201612,34037,11290,己合备,11290630,沥釜2悼,1,40,2,12.488
9570472,201612,34037,11290,己合备,11290630,沥釜2悼,1,50,2,11.596
9570479,201612,34037,11290,己合备,11290630,沥釜2悼,1,60,2,12.488
9570486,201612,34037,11290,己合备,11290630,沥釜2悼,2,0,2,25.9775
9570507,201612,34037,11290,己合备,11290630,沥釜2悼,2,30,2,3.3075
9570514,201612,34037,11290,己合备,11290630,沥釜2悼,2,40,2,6.63
9570521,201612,34037,11290,己合备,11290630,沥釜2悼,2,50,2,8.8525
9570528,201612,34037,11290,己合备,11290630,沥釜2悼,2,60,2,7.1875
9571613,201612,34049,11290,己合备,11290630,沥釜2悼,1,0,2,63.0402
9571620,201612,34049,11290,己合备,11290630,沥釜2悼,1,10,2,3.5346
9571627,201612,34049,11290,己合备,11290630,沥釜2悼,1,20,2,3.1004
9571634,201612,34049,11290,己合备,11290630,沥釜2悼,1,30,2,10.9778
9571641,201612,34049,11290,己合备,11290630,沥釜2悼,1,40,2,16.6884
9571648,201612,34049,11290,己合备,11290630,沥釜2悼,1,50,2,15.3848
9571655,201612,34049,11290,己合备,11290630,沥釜2悼,1,60,2,13.3542
9571662,201612,34049,11290,己合备,11290630,沥釜2悼,2,0,2,31.0375
9571669,201612,34049,11290,己合备,11290630,沥釜2悼,2,10,2,1.299
9571676,201612,34049,11290,己合备,11290630,沥釜2悼,2,20,2,1.703
9571683,201612,34049,11290,己合备,11290630,沥釜2悼,2,30,2,4.5865
9571690,201612,34049,11290,己合备,11290630,沥釜2悼,2,40,2,7.68
9571697,201612,34049,11290,己合备,11290630,沥釜2悼,2,50,2,8.3215
9571704,201612,34049,11290,己合备,11290630,沥釜2悼,2,60,2,7.4475
9571809,201612,34050,11290,己合备,11290630,沥釜2悼,1,0,2,39.483
9571816,201612,34050,11290,己合备,11290630,沥釜2悼,1,10,2,1.312
9571830,201612,34050,11290,己合备,11290630,沥釜2悼,1,30,2,7.544
9571837,201612,34050,11290,己合备,11290630,沥釜2悼,1,40,2,12.136
9571844,201612,34050,11290,己合备,11290630,沥釜2悼,1,50,2,10.25
9571851,201612,34050,11290,己合备,11290630,沥釜2悼,1,60,2,8.241
9571858,201612,34050,11290,己合备,11290630,沥釜2悼,2,0,2,15.84
9571879,201612,34050,11290,己合备,11290630,沥釜2悼,2,30,2,2.06125
9571886,201612,34050,11290,己合备,11290630,沥釜2悼,2,40,2,4.48125
9571893,201612,34050,11290,己合备,11290630,沥釜2悼,2,50,2,5.38875
9571900,201612,34050,11290,己合备,11290630,沥釜2悼,2,60,2,3.90875
9572005,201612,34052,11290,己合备,11290630,沥釜2悼,1,0,2,36.833
9572012,201612,34052,11290,己合备,11290630,沥釜2悼,1,10,2,1.099
9572026,201612,34052,11290,己合备,11290630,沥釜2悼,1,30,2,6.9226665
9572033,201612,34052,11290,己合备,11290630,沥釜2悼,1,40,2,10.7873335
9572040,201612,34052,11290,己合备,11290630,沥釜2悼,1,50,2,9.418667
9572047,201612,34052,11290,己合备,11290630,沥釜2悼,1,60,2,8.605333
9572054,201612,34052,11290,己合备,11290630,沥釜2悼,2,0,2,18.079166
9572075,201612,34052,11290,己合备,11290630,沥釜2悼,2,30,2,2.3225
9572082,201612,34052,11290,己合备,11290630,沥釜2悼,2,40,2,4.885
9572089,201612,34052,11290,己合备,11290630,沥釜2悼,2,50,2,6.1608334
9572096,201612,34052,11290,己合备,11290630,沥釜2悼,2,60,2,4.7108335
9572103,201612,34053,11290,己合备,11290630,沥釜2悼,1,0,2,30.299
9572110,201612,34053,11290,己合备,11290630,沥釜2悼,1,10,2,0.56333333
9572124,201612,34053,11290,己合备,11290630,沥釜2悼,1,30,2,4.266333
9572131,201612,34053,11290,己合备,11290630,沥釜2悼,1,40,2,8.191667
9572138,201612,34053,11290,己合备,11290630,沥釜2悼,1,50,2,8.751
9572145,201612,34053,11290,己合备,11290630,沥釜2悼,1,60,2,8.526667
9572152,201612,34053,11290,己合备,11290630,沥釜2悼,2,0,2,14.733334
9572173,201612,34053,11290,己合备,11290630,沥釜2悼,2,30,2,1.665
9572180,201612,34053,11290,己合备,11290630,沥釜2悼,2,40,2,3.3375
9572187,201612,34053,11290,己合备,11290630,沥釜2悼,2,50,2,5.5608335
9572194,201612,34053,11290,己合备,11290630,沥釜2悼,2,60,2,4.17
9572299,201612,34055,11290,己合备,11290630,沥釜2悼,1,0,2,26.692
9572306,201612,34055,11290,己合备,11290630,沥釜2悼,1,10,2,0.65533334
9572320,201612,34055,11290,己合备,11290630,沥釜2悼,1,30,2,4.218
9572327,201612,34055,11290,己合备,11290630,沥釜2悼,1,40,2,7.856
9572334,201612,34055,11290,己合备,11290630,沥釜2悼,1,50,2,7.7083335
9572341,201612,34055,11290,己合备,11290630,沥釜2悼,1,60,2,6.2543335
9572348,201612,34055,11290,己合备,11290630,沥釜2悼,2,0,2,11.085834
9572369,201612,34055,11290,己合备,11290630,沥釜2悼,2,30,2,1.27
9572376,201612,34055,11290,己合备,11290630,沥釜2悼,2,40,2,2.725
9572383,201612,34055,11290,己合备,11290630,沥釜2悼,2,50,2,4.1825
9572390,201612,34055,11290,己合备,11290630,沥釜2悼,2,60,2,2.9083333
9578277,201612,34117,11290,己合备,11290630,沥釜2悼,1,0,2,200.49333
9578284,201612,34117,11290,己合备,11290630,沥釜2悼,1,10,2,15.088333
9578291,201612,34117,11290,己合备,11290630,沥釜2悼,1,20,2,23.741667
9578298,201612,34117,11290,己合备,11290630,沥釜2悼,1,30,2,33.696667
9578305,201612,34117,11290,己合备,11290630,沥釜2悼,1,40,2,44.513332
9578312,201612,34117,11290,己合备,11290630,沥釜2悼,1,50,2,41.103333
9578319,201612,34117,11290,己合备,11290630,沥釜2悼,1,60,2,42.35
9578326,201612,34117,11290,己合备,11290630,沥釜2悼,2,0,2,114.06416
9578333,201612,34117,11290,己合备,11290630,沥釜2悼,2,10,2,8.208333
9578340,201612,34117,11290,己合备,11290630,沥釜2悼,2,20,2,13.233334
9578347,201612,34117,11290,己合备,11290630,沥釜2悼,2,30,2,17.245832
9578354,201612,34117,11290,己合备,11290630,沥釜2悼,2,40,2,23.385
9578361,201612,34117,11290,己合备,11290630,沥釜2悼,2,50,2,25.300833
9578368,201612,34117,11290,己合备,11290630,沥釜2悼,2,60,2,26.690834
9584647,201612,34180,11290,己合备,11290630,沥釜2悼,1,0,2,171.105
9584654,201612,34180,11290,己合备,11290630,沥釜2悼,1,10,2,11.22
9584661,201612,34180,11290,己合备,11290630,沥釜2悼,1,20,2,23.925
9584668,201612,34180,11290,己合备,11290630,沥釜2悼,1,30,2,31.515
9584675,201612,34180,11290,己合备,11290630,沥釜2悼,1,40,2,38.775
9584682,201612,34180,11290,己合备,11290630,沥釜2悼,1,50,2,34.32
9584689,201612,34180,11290,己合备,11290630,沥釜2悼,1,60,2,31.35
9584696,201612,34180,11290,己合备,11290630,沥釜2悼,2,0,2,86.9425
9584703,201612,34180,11290,己合备,11290630,沥釜2悼,2,10,2,6.7175
9584710,201612,34180,11290,己合备,11290630,沥釜2悼,2,20,2,12.3125
9584717,201612,34180,11290,己合备,11290630,沥釜2悼,2,30,2,12.69
9584724,201612,34180,11290,己合备,11290630,沥釜2悼,2,40,2,16.81
9584731,201612,34180,11290,己合备,11290630,沥釜2悼,2,50,2,19.385
9584738,201612,34180,11290,己合备,11290630,沥釜2悼,2,60,2,19.0275
9584745,201612,34181,11290,己合备,11290630,沥釜2悼,1,0,2,174.8245
9584752,201612,34181,11290,己合备,11290630,沥釜2悼,1,10,2,12.330167
9584759,201612,34181,11290,己合备,11290630,沥釜2悼,1,20,2,20.025333
9584766,201612,34181,11290,己合备,11290630,沥釜2悼,1,30,2,30.268833
9584773,201612,34181,11290,己合备,11290630,沥釜2悼,1,40,2,39.671
9584780,201612,34181,11290,己合备,11290630,沥釜2悼,1,50,2,36.585667
9584787,201612,34181,11290,己合备,11290630,沥釜2悼,1,60,2,35.9435
9584794,201612,34181,11290,己合备,11290630,沥釜2悼,2,0,2,98.41417
9584801,201612,34181,11290,己合备,11290630,沥釜2悼,2,10,2,6.7375
9584808,201612,34181,11290,己合备,11290630,沥釜2悼,2,20,2,11.149167
9584815,201612,34181,11290,己合备,11290630,沥釜2悼,2,30,2,15.08
9584822,201612,34181,11290,己合备,11290630,沥釜2悼,2,40,2,20.428333
9584829,201612,34181,11290,己合备,11290630,沥釜2悼,2,50,2,22.445
9584836,201612,34181,11290,己合备,11290630,沥釜2悼,2,60,2,22.574167
9585235,201612,34186,11290,己合备,11290630,沥釜2悼,1,0,2,29.77925
9585242,201612,34186,11290,己合备,11290630,沥釜2悼,1,10,2,0.83375
9585256,201612,34186,11290,己合备,11290630,沥釜2悼,1,30,2,6.38875
9585263,201612,34186,11290,己合备,11290630,沥釜2悼,1,40,2,10.0
9585270,201612,34186,11290,己合备,11290630,沥釜2悼,1,50,2,8.223
9585277,201612,34186,11290,己合备,11290630,沥釜2悼,1,60,2,4.33375
9585284,201612,34186,11290,己合备,11290630,沥釜2悼,2,0,2,13.745625
9585305,201612,34186,11290,己合备,11290630,沥釜2悼,2,30,2,2.60875
9585312,201612,34186,11290,己合备,11290630,沥釜2悼,2,40,2,4.5325
9585319,201612,34186,11290,己合备,11290630,沥釜2悼,2,50,2,4.811875
9585326,201612,34186,11290,己合备,11290630,沥釜2悼,2,60,2,1.7925
9585333,201612,34187,11290,己合备,11290630,沥釜2悼,1,0,2,19.429667
9585340,201612,34187,11290,己合备,11290630,沥釜2悼,1,10,2,0.18666667
9585354,201612,34187,11290,己合备,11290630,沥釜2悼,1,30,2,3.1533334
9585361,201612,34187,11290,己合备,11290630,沥釜2悼,1,40,2,7.4133334
9585368,201612,34187,11290,己合备,11290630,沥釜2悼,1,50,2,6.154
9585375,201612,34187,11290,己合备,11290630,沥釜2悼,1,60,2,2.5223334
9585382,201612,34187,11290,己合备,11290630,沥釜2悼,2,0,2,6.055
9585403,201612,34187,11290,己合备,11290630,沥釜2悼,2,30,2,1.0091667
9585410,201612,34187,11290,己合备,11290630,沥釜2悼,2,40,2,2.2916667
9585417,201612,34187,11290,己合备,11290630,沥釜2悼,2,50,2,1.9275
9585424,201612,34187,11290,己合备,11290630,沥釜2悼,2,60,2,0.82666665
9587097,201612,34203,11290,己合备,11290630,沥釜2悼,1,0,2,69.01356
9587104,201612,34203,11290,己合备,11290630,沥釜2悼,1,10,2,4.342111
9587111,201612,34203,11290,己合备,11290630,沥釜2悼,1,20,2,3.9177778
9587118,201612,34203,11290,己合备,11290630,沥釜2悼,1,30,2,12.074445
9587125,201612,34203,11290,己合备,11290630,沥釜2悼,1,40,2,17.800667
9587132,201612,34203,11290,己合备,11290630,沥釜2悼,1,50,2,16.705334
9587139,201612,34203,11290,己合备,11290630,沥釜2悼,1,60,2,14.173223
9587146,201612,34203,11290,己合备,11290630,沥釜2悼,2,0,2,36.143612
9587153,201612,34203,11290,己合备,11290630,沥釜2悼,2,10,2,1.7741667
9587160,201612,34203,11290,己合备,11290630,沥釜2悼,2,20,2,2.2222223
9587167,201612,34203,11290,己合备,11290630,沥釜2悼,2,30,2,5.746111
9587174,201612,34203,11290,己合备,11290630,沥釜2悼,2,40,2,8.850278
9587181,201612,34203,11290,己合备,11290630,沥釜2悼,2,50,2,9.195
9587188,201612,34203,11290,己合备,11290630,沥釜2悼,2,60,2,8.355833
9591311,201612,34244,11290,己合备,11290630,沥釜2悼,1,0,2,34.573
9591318,201612,34244,11290,己合备,11290630,沥釜2悼,1,10,2,1.1225
9591332,201612,34244,11290,己合备,11290630,沥釜2悼,1,30,2,7.8575
9591339,201612,34244,11290,己合备,11290630,沥釜2悼,1,40,2,11.225
9591346,201612,34244,11290,己合备,11290630,沥釜2悼,1,50,2,9.2045
9591353,201612,34244,11290,己合备,11290630,沥釜2悼,1,60,2,5.1635
9591360,201612,34244,11290,己合备,11290630,沥釜2悼,2,0,2,17.21625
9591381,201612,34244,11290,己合备,11290630,沥釜2悼,2,30,2,3.32875
9591388,201612,34244,11290,己合备,11290630,沥釜2悼,2,40,2,5.55
9591395,201612,34244,11290,己合备,11290630,沥釜2悼,2,50,2,6.11
9591402,201612,34244,11290,己合备,11290630,沥釜2悼,2,60,2,2.2275
9601601,201612,34344,11290,己合备,11290630,沥釜2悼,1,0,2,30.4235
9601608,201612,34344,11290,己合备,11290630,沥釜2悼,1,10,2,0.8525
9601622,201612,34344,11290,己合备,11290630,沥釜2悼,1,30,2,6.5275
9601629,201612,34344,11290,己合备,11290630,沥釜2悼,1,40,2,10.215
9601636,201612,34344,11290,己合备,11290630,沥釜2悼,1,50,2,8.4005
9601643,201612,34344,11290,己合备,11290630,沥釜2悼,1,60,2,4.428
9601650,201612,34344,11290,己合备,11290630,沥釜2悼,2,0,2,14.04625
9601671,201612,34344,11290,己合备,11290630,沥釜2悼,2,30,2,2.66625
9601678,201612,34344,11290,己合备,11290630,沥釜2悼,2,40,2,4.63125
9601685,201612,34344,11290,己合备,11290630,沥釜2悼,2,50,2,4.9175
9601692,201612,34344,11290,己合备,11290630,沥釜2悼,2,60,2,1.83125
9601699,201612,34345,11290,己合备,11290630,沥釜2悼,1,0,2,25.889
9601706,201612,34345,11290,己合备,11290630,沥釜2悼,1,10,2,0.57
9601720,201612,34345,11290,己合备,11290630,沥釜2悼,1,30,2,5.11
9601727,201612,34345,11290,己合备,11290630,沥釜2悼,1,40,2,9.08
9601734,201612,34345,11290,己合备,11290630,沥釜2悼,1,50,2,7.494
9601741,201612,34345,11290,己合备,11290630,沥釜2悼,1,60,2,3.635
9601748,201612,34345,11290,己合备,11290630,沥釜2悼,2,0,2,10.6725
9601769,201612,34345,11290,己合备,11290630,沥釜2悼,2,30,2,1.965
9601776,201612,34345,11290,己合备,11290630,沥釜2悼,2,40,2,3.6475
9601783,201612,34345,11290,己合备,11290630,沥釜2悼,2,50,2,3.6525
9601790,201612,34345,11290,己合备,11290630,沥釜2悼,2,60,2,1.4075
9608167,201612,34413,11290,己合备,11290630,沥釜2悼,1,0,2,22.473
9608174,201612,34413,11290,己合备,11290630,沥釜2悼,1,10,2,0.28375
9608188,201612,34413,11290,己合备,11290630,沥釜2悼,1,30,2,2.1565
9608195,201612,34413,11290,己合备,11290630,沥釜2悼,1,40,2,6.07225
9608202,201612,34413,11290,己合备,11290630,沥釜2悼,1,50,2,7.3775
9608209,201612,34413,11290,己合备,11290630,沥釜2悼,1,60,2,6.583
9608216,201612,34413,11290,己合备,11290630,沥釜2悼,2,0,2,9.131875
9608237,201612,34413,11290,己合备,11290630,沥釜2悼,2,30,2,0.841875
9608244,201612,34413,11290,己合备,11290630,沥釜2悼,2,40,2,1.6875
9608251,201612,34413,11290,己合备,11290630,沥釜2悼,2,50,2,3.933125
9608258,201612,34413,11290,己合备,11290630,沥釜2悼,2,60,2,2.669375
9608265,201612,34414,11290,己合备,11290630,沥釜2悼,1,0,2,34.958
9608272,201612,34414,11290,己合备,11290630,沥釜2悼,1,10,2,1.135
9608286,201612,34414,11290,己合备,11290630,沥釜2悼,1,30,2,7.945
9608293,201612,34414,11290,己合备,11290630,沥釜2悼,1,40,2,11.35
9608300,201612,34414,11290,己合备,11290630,沥釜2悼,1,50,2,9.307
9608307,201612,34414,11290,己合备,11290630,沥釜2悼,1,60,2,5.221
9608314,201612,34414,11290,己合备,11290630,沥釜2悼,2,0,2,17.42
9608335,201612,34414,11290,己合备,11290630,沥釜2悼,2,30,2,3.3675
9608342,201612,34414,11290,己合备,11290630,沥釜2悼,2,40,2,5.615
9608349,201612,34414,11290,己合备,11290630,沥釜2悼,2,50,2,6.1825
9608356,201612,34414,11290,己合备,11290630,沥釜2悼,2,60,2,2.255
9638547,201612,34735,11290,己合备,11290630,沥釜2悼,1,0,2,14.725572
9638554,201612,34735,11290,己合备,11290630,沥釜2悼,1,10,2,0.27142859
9638568,201612,34735,11290,己合备,11290630,沥釜2悼,1,30,2,2.7564285
9638575,201612,34735,11290,己合备,11290630,沥釜2悼,1,40,2,5.2978573
9638582,201612,34735,11290,己合备,11290630,沥釜2悼,1,50,2,4.379286
9638589,201612,34735,11290,己合备,11290630,沥釜2悼,1,60,2,2.0205715
9638596,201612,34735,11290,己合备,11290630,沥釜2悼,2,0,2,5.640357
9638617,201612,34735,11290,己合备,11290630,沥釜2悼,2,30,2,1.0157143
9638624,201612,34735,11290,己合备,11290630,沥釜2悼,2,40,2,1.9757143
9638631,201612,34735,11290,己合备,11290630,沥釜2悼,2,50,2,1.8992857
9638638,201612,34735,11290,己合备,11290630,沥釜2悼,2,60,2,0.74964285
9638645,201612,34736,11290,己合备,11290630,沥釜2悼,1,0,2,4.201
9638666,201612,34736,11290,己合备,11290630,沥釜2悼,1,30,2,0.5675
9638673,201612,34736,11290,己合备,11290630,沥釜2悼,1,40,2,1.7025
9638680,201612,34736,11290,己合备,11290630,沥釜2悼,1,50,2,1.42
9638687,201612,34736,11290,己合备,11290630,沥釜2悼,1,60,2,0.511
9638694,201612,34736,11290,己合备,11290630,沥釜2悼,2,0,2,0.98
9638715,201612,34736,11290,己合备,11290630,沥釜2悼,2,30,2,0.14
9638722,201612,34736,11290,己合备,11290630,沥釜2悼,2,40,2,0.42
9638729,201612,34736,11290,己合备,11290630,沥釜2悼,2,50,2,0.28
9638736,201612,34736,11290,己合备,11290630,沥釜2悼,2,60,2,0.14
9643153,201612,34783,11290,己合备,11290630,沥釜2悼,1,0,2,55.809
9643160,201612,34783,11290,己合备,11290630,沥釜2悼,1,10,2,2.789
9643167,201612,34783,11290,己合备,11290630,沥釜2悼,1,20,2,6.374
9643174,201612,34783,11290,己合备,11290630,沥釜2悼,1,30,2,10.8145
9643181,201612,34783,11290,己合备,11290630,沥釜2悼,1,40,2,13.67275
9643188,201612,34783,11290,己合备,11290630,沥釜2悼,1,50,2,11.76125
9643195,201612,34783,11290,己合备,11290630,沥釜2悼,1,60,2,10.3975
9643202,201612,34783,11290,己合备,11290630,沥釜2悼,2,0,2,26.99875
9643209,201612,34783,11290,己合备,11290630,沥釜2悼,2,10,2,1.395
9643216,201612,34783,11290,己合备,11290630,沥釜2悼,2,20,2,2.515
9643223,201612,34783,11290,己合备,11290630,沥釜2悼,2,30,2,4.00625
9643230,201612,34783,11290,己合备,11290630,沥釜2悼,2,40,2,6.226875
9643237,201612,34783,11290,己合备,11290630,沥釜2悼,2,50,2,6.628125
9643244,201612,34783,11290,己合备,11290630,沥釜2悼,2,60,2,6.2275
9652365,201612,34879,11290,己合备,11290630,沥釜2悼,1,0,2,11.954643
9652372,201612,34879,11290,己合备,11290630,沥釜2悼,1,10,2,0.19892856
9652386,201612,34879,11290,己合备,11290630,沥釜2悼,1,30,2,2.1775
9652393,201612,34879,11290,己合备,11290630,沥釜2悼,1,40,2,4.3525
9652400,201612,34879,11290,己合备,11290630,沥釜2悼,1,50,2,3.6021428
9652407,201612,34879,11290,己合备,11290630,沥釜2悼,1,60,2,1.6235714
9652414,201612,34879,11290,己合备,11290630,沥釜2悼,2,0,2,4.417143
9652435,201612,34879,11290,己合备,11290630,沥釜2悼,2,30,2,0.78517854
9652442,201612,34879,11290,己合备,11290630,沥釜2悼,2,40,2,1.5692858
9652449,201612,34879,11290,己合备,11290630,沥釜2悼,2,50,2,1.4725
9652456,201612,34879,11290,己合备,11290630,沥釜2悼,2,60,2,0.59017855
9652953,201612,34885,11290,己合备,11290630,沥釜2悼,1,0,2,2.4436667
9652974,201612,34885,11290,己合备,11290630,沥釜2悼,1,30,2,0.43666667
9652981,201612,34885,11290,己合备,11290630,沥釜2悼,1,40,2,1.09
9652988,201612,34885,11290,己合备,11290630,沥釜2悼,1,50,2,0.6113333
9652995,201612,34885,11290,己合备,11290630,沥釜2悼,1,60,2,0.30566666
9653002,201612,34885,11290,己合备,11290630,沥釜2悼,2,0,2,0.645
9653023,201612,34885,11290,己合备,11290630,沥釜2悼,2,30,2,0.10791667
9653030,201612,34885,11290,己合备,11290630,沥釜2悼,2,40,2,0.21458334
9653037,201612,34885,11290,己合备,11290630,沥釜2悼,2,50,2,0.21458334
9653044,201612,34885,11290,己合备,11290630,沥釜2悼,2,60,2,0.10791667
9658735,201612,34941,11290,己合备,11290630,沥釜2悼,1,0,2,104.45463
9658742,201612,34941,11290,己合备,11290630,沥釜2悼,1,10,2,7.91475
9658749,201612,34941,11290,己合备,11290630,沥釜2悼,1,20,2,11.45075
9658756,201612,34941,11290,己合备,11290630,沥釜2悼,1,30,2,18.709875
9658763,201612,34941,11290,己合备,11290630,沥釜2悼,1,40,2,24.99925
9658770,201612,34941,11290,己合备,11290630,沥釜2悼,1,50,2,21.271376
9658777,201612,34941,11290,己合备,11290630,沥釜2悼,1,60,2,20.108625
9658784,201612,34941,11290,己合备,11290630,沥釜2悼,2,0,2,59.18375
9658791,201612,34941,11290,己合备,11290630,沥釜2悼,2,10,2,4.3128123
9658798,201612,34941,11290,己合备,11290630,沥釜2悼,2,20,2,6.5746875
9658805,201612,34941,11290,己合备,11290630,沥釜2悼,2,30,2,9.509375
9658812,201612,34941,11290,己合备,11290630,沥釜2悼,2,40,2,12.446563
9658819,201612,34941,11290,己合备,11290630,沥釜2悼,2,50,2,12.704375
9658826,201612,34941,11290,己合备,11290630,沥釜2悼,2,60,2,13.635938
9658833,201612,34942,11290,己合备,11290590,捣鞠2悼,1,0,2,71.177
9658840,201612,34942,11290,己合备,11290590,捣鞠2悼,1,10,2,4.821
9658847,201612,34942,11290,己合备,11290590,捣鞠2悼,1,20,2,9.72
9658854,201612,34942,11290,己合备,11290590,捣鞠2悼,1,30,2,11.89
9658861,201612,34942,11290,己合备,11290590,捣鞠2悼,1,40,2,15.023
9658868,201612,34942,11290,己合备,11290590,捣鞠2悼,1,50,2,14.3
9658875,201612,34942,11290,己合备,11290590,捣鞠2悼,1,60,2,15.423
9658882,201612,34942,11290,己合备,11290590,捣鞠2悼,2,0,2,40.9
9658889,201612,34942,11290,己合备,11290590,捣鞠2悼,2,10,2,2.005
9658896,201612,34942,11290,己合备,11290590,捣鞠2悼,2,20,2,4.81
9658903,201612,34942,11290,己合备,11290590,捣鞠2悼,2,30,2,5.8075
9658910,201612,34942,11290,己合备,11290590,捣鞠2悼,2,40,2,8.2225
9658917,201612,34942,11290,己合备,11290590,捣鞠2悼,2,50,2,9.63
9658924,201612,34942,11290,己合备,11290590,捣鞠2悼,2,60,2,10.425
9679707,201612,35164,11290,己合备,11290590,捣鞠2悼,1,0,2,48.50532
9679714,201612,35164,11290,己合备,11290590,捣鞠2悼,1,10,2,1.06808
9679721,201612,35164,11290,己合备,11290590,捣鞠2悼,1,20,2,2.6222
9679728,201612,35164,11290,己合备,11290590,捣鞠2悼,1,30,2,8.08864
9679735,201612,35164,11290,己合备,11290590,捣鞠2悼,1,40,2,11.84552
9679742,201612,35164,11290,己合备,11290590,捣鞠2悼,1,50,2,11.8384
9679749,201612,35164,11290,己合备,11290590,捣鞠2悼,1,60,2,13.04248
9679756,201612,35164,11290,己合备,11290590,捣鞠2悼,2,0,2,25.2444
9679763,201612,35164,11290,己合备,11290590,捣鞠2悼,2,10,2,0.1124
9679770,201612,35164,11290,己合备,11290590,捣鞠2悼,2,20,2,0.6131
9679777,201612,35164,11290,己合备,11290590,捣鞠2悼,2,30,2,3.4117
9679784,201612,35164,11290,己合备,11290590,捣鞠2悼,2,40,2,6.0758
9679791,201612,35164,11290,己合备,11290590,捣鞠2悼,2,50,2,7.5242
9679798,201612,35164,11290,己合备,11290590,捣鞠2悼,2,60,2,7.5072
9679805,201612,35165,11290,己合备,11290630,沥釜2悼,1,0,2,37.419334
9679812,201612,35165,11290,己合备,11290630,沥釜2悼,1,10,2,1.0593333
9679819,201612,35165,11290,己合备,11290630,沥釜2悼,1,20,2,1.8916667
9679826,201612,35165,11290,己合备,11290630,沥釜2悼,1,30,2,7.245333
9679833,201612,35165,11290,己合备,11290630,沥釜2悼,1,40,2,9.799334
9679840,201612,35165,11290,己合备,11290630,沥釜2悼,1,50,2,8.8915
9679847,201612,35165,11290,己合备,11290630,沥釜2悼,1,60,2,8.5321665
9679854,201612,35165,11290,己合备,11290630,沥釜2悼,2,0,2,20.533333
9679861,201612,35165,11290,己合备,11290630,沥釜2悼,2,10,2,0.18666667
9679868,201612,35165,11290,己合备,11290630,沥釜2悼,2,20,2,0.37333333
9679875,201612,35165,11290,己合备,11290630,沥釜2悼,2,30,2,3.3725
9679882,201612,35165,11290,己合备,11290630,沥釜2悼,2,40,2,5.2025
9679889,201612,35165,11290,己合备,11290630,沥釜2悼,2,50,2,6.05
9679896,201612,35165,11290,己合备,11290630,沥釜2悼,2,60,2,5.3483334
9688821,201612,35264,11290,己合备,11290630,沥釜2悼,1,0,2,16.192
9688835,201612,35264,11290,己合备,11290630,沥釜2悼,1,20,2,0.228
9688842,201612,35264,11290,己合备,11290630,沥釜2悼,1,30,2,3.33
9688849,201612,35264,11290,己合备,11290630,沥釜2悼,1,40,2,5.067
9688856,201612,35264,11290,己合备,11290630,沥釜2悼,1,50,2,4.69
9688863,201612,35264,11290,己合备,11290630,沥釜2悼,1,60,2,2.877
9688870,201612,35264,11290,己合备,11290630,沥釜2悼,2,0,2,4.8525
9688891,201612,35264,11290,己合备,11290630,沥釜2悼,2,30,2,0.9325
9688898,201612,35264,11290,己合备,11290630,沥釜2悼,2,40,2,1.495
9688905,201612,35264,11290,己合备,11290630,沥釜2悼,2,50,2,1.68
9688912,201612,35264,11290,己合备,11290630,沥釜2悼,2,60,2,0.745
9697837,201612,35364,11290,己合备,11290630,沥釜2悼,1,0,2,9.100555
9697858,201612,35364,11290,己合备,11290630,沥釜2悼,1,30,2,1.4066666
9697865,201612,35364,11290,己合备,11290630,沥釜2悼,1,40,2,3.6471112
9697872,201612,35364,11290,己合备,11290630,沥釜2悼,1,50,2,2.5463333
9697879,201612,35364,11290,己合备,11290630,沥釜2悼,1,60,2,1.5004444
9697886,201612,35364,11290,己合备,11290630,沥釜2悼,2,0,2,2.2161112
9697907,201612,35364,11290,己合备,11290630,沥釜2悼,2,30,2,0.34666666
9697914,201612,35364,11290,己合备,11290630,沥釜2悼,2,40,2,0.6938889
9697921,201612,35364,11290,己合备,11290630,沥釜2悼,2,50,2,0.6938889
9697928,201612,35364,11290,己合备,11290630,沥釜2悼,2,60,2,0.48166665
9700777,201612,35392,11290,己合备,11290630,沥釜2悼,1,0,2,12.104
9700791,201612,35392,11290,己合备,11290630,沥釜2悼,1,20,2,0.049875
9700798,201612,35392,11290,己合备,11290630,沥釜2悼,1,30,2,2.077375
9700805,201612,35392,11290,己合备,11290630,沥釜2悼,1,40,2,4.593125
9700812,201612,35392,11290,己合备,11290630,沥釜2悼,1,50,2,3.4955
9700819,201612,35392,11290,己合备,11290630,沥釜2悼,1,60,2,1.888125
9700826,201612,35392,11290,己合备,11290630,沥釜2悼,2,0,2,3.126875
9700847,201612,35392,11290,己合备,11290630,沥釜2悼,2,30,2,0.53625
9700854,201612,35392,11290,己合备,11290630,沥釜2悼,2,40,2,0.9921875
9700861,201612,35392,11290,己合备,11290630,沥釜2悼,2,50,2,1.0328125
9700868,201612,35392,11290,己合备,11290630,沥釜2悼,2,60,2,0.565625
9710381,201612,35497,11290,己合备,11290630,沥釜2悼,1,0,2,105.828
9710388,201612,35497,11290,己合备,11290630,沥釜2悼,1,10,2,6.9027143
9710395,201612,35497,11290,己合备,11290630,沥釜2悼,1,20,2,10.651
9710402,201612,35497,11290,己合备,11290630,沥釜2悼,1,30,2,18.678429
9710409,201612,35497,11290,己合备,11290630,沥釜2悼,1,40,2,25.105143
9710416,201612,35497,11290,己合备,11290630,沥釜2悼,1,50,2,22.780428
9710423,201612,35497,11290,己合备,11290630,沥釜2悼,1,60,2,21.710285
9710430,201612,35497,11290,己合备,11290630,沥釜2悼,2,0,2,60.299644
9710437,201612,35497,11290,己合备,11290630,沥釜2悼,2,10,2,3.5296428
9710444,201612,35497,11290,己合备,11290630,沥釜2悼,2,20,2,5.8896427
9710451,201612,35497,11290,己合备,11290630,沥釜2悼,2,30,2,9.690714
9710458,201612,35497,11290,己合备,11290630,沥釜2悼,2,40,2,13.282143
9710465,201612,35497,11290,己合备,11290630,沥釜2悼,2,50,2,13.498929
9710472,201612,35497,11290,己合备,11290630,沥釜2悼,2,60,2,14.408571
9716996,201612,35564,11290,己合备,11290590,捣鞠2悼,1,0,2,113.8492
9717003,201612,35564,11290,己合备,11290590,捣鞠2悼,1,10,2,8.6165
9717010,201612,35564,11290,己合备,11290590,捣鞠2悼,1,20,2,13.4976
9717017,201612,35564,11290,己合备,11290590,捣鞠2悼,1,30,2,19.0022
9717024,201612,35564,11290,己合备,11290590,捣鞠2悼,1,40,2,24.6443
9717031,201612,35564,11290,己合备,11290590,捣鞠2悼,1,50,2,23.8188
9717038,201612,35564,11290,己合备,11290590,捣鞠2悼,1,60,2,24.2698
9717045,201612,35564,11290,己合备,11290590,捣鞠2悼,2,0,2,67.8865
9717052,201612,35564,11290,己合备,11290590,捣鞠2悼,2,10,2,4.20275
9717059,201612,35564,11290,己合备,11290590,捣鞠2悼,2,20,2,7.99925
9717066,201612,35564,11290,己合备,11290590,捣鞠2悼,2,30,2,10.41275
9717073,201612,35564,11290,己合备,11290590,捣鞠2悼,2,40,2,13.35325
9717080,201612,35564,11290,己合备,11290590,捣鞠2悼,2,50,2,14.853
9717087,201612,35564,11290,己合备,11290590,捣鞠2悼,2,60,2,17.0655
9721504,201612,35610,11290,己合备,11290630,沥釜2悼,1,0,2,16.798
9721518,201612,35610,11290,己合备,11290630,沥釜2悼,1,20,2,0.228
9721525,201612,35610,11290,己合备,11290630,沥釜2悼,1,30,2,3.33
9721532,201612,35610,11290,己合备,11290630,沥釜2悼,1,40,2,5.143
9721539,201612,35610,11290,己合备,11290630,沥釜2悼,1,50,2,5.145
9721546,201612,35610,11290,己合备,11290630,沥釜2悼,1,60,2,2.952
9721553,201612,35610,11290,己合备,11290630,沥釜2悼,2,0,2,4.8525
9721574,201612,35610,11290,己合备,11290630,沥釜2悼,2,30,2,0.9325
9721581,201612,35610,11290,己合备,11290630,沥釜2悼,2,40,2,1.495
9721588,201612,35610,11290,己合备,11290630,沥釜2悼,2,50,2,1.68
9721595,201612,35610,11290,己合备,11290630,沥釜2悼,2,60,2,0.745
9721896,201612,35614,11290,己合备,11290630,沥釜2悼,1,0,2,16.798
9721910,201612,35614,11290,己合备,11290630,沥釜2悼,1,20,2,0.228
9721917,201612,35614,11290,己合备,11290630,沥釜2悼,1,30,2,3.33
9721924,201612,35614,11290,己合备,11290630,沥釜2悼,1,40,2,5.143
9721931,201612,35614,11290,己合备,11290630,沥釜2悼,1,50,2,5.145
9721938,201612,35614,11290,己合备,11290630,沥釜2悼,1,60,2,2.952
9721945,201612,35614,11290,己合备,11290630,沥釜2悼,2,0,2,4.8525
9721966,201612,35614,11290,己合备,11290630,沥釜2悼,2,30,2,0.9325
9721973,201612,35614,11290,己合备,11290630,沥釜2悼,2,40,2,1.495
9721980,201612,35614,11290,己合备,11290630,沥釜2悼,2,50,2,1.68
9721987,201612,35614,11290,己合备,11290630,沥釜2悼,2,60,2,0.745
9721994,201612,35615,11290,己合备,11290630,沥釜2悼,1,0,2,15.782
9722008,201612,35615,11290,己合备,11290630,沥釜2悼,1,20,2,0.171
9722015,201612,35615,11290,己合备,11290630,沥釜2悼,1,30,2,3.064
9722022,201612,35615,11290,己合备,11290630,沥釜2悼,1,40,2,5.279
9722029,201612,35615,11290,己合备,11290630,沥釜2悼,1,50,2,4.657
9722036,201612,35615,11290,己合备,11290630,沥釜2悼,1,60,2,2.611
9722043,201612,35615,11290,己合备,11290630,沥釜2悼,2,0,2,4.48
9722064,201612,35615,11290,己合备,11290630,沥釜2悼,2,30,2,0.84
9722071,201612,35615,11290,己合备,11290630,沥釜2悼,2,40,2,1.4
9722078,201612,35615,11290,己合备,11290630,沥釜2悼,2,50,2,1.54
9722085,201612,35615,11290,己合备,11290630,沥釜2悼,2,60,2,0.7
9722974,201612,35626,11290,己合备,11290630,沥釜2悼,1,0,2,21.28
9722988,201612,35626,11290,己合备,11290630,沥釜2悼,1,20,2,0.2835
9722995,201612,35626,11290,己合备,11290630,沥釜2悼,1,30,2,4.5305
9723002,201612,35626,11290,己合备,11290630,沥釜2悼,1,40,2,7.174
9723009,201612,35626,11290,己合备,11290630,沥釜2悼,1,50,2,6.1945
9723016,201612,35626,11290,己合备,11290630,沥釜2悼,1,60,2,3.0975
9723023,201612,35626,11290,己合备,11290630,沥釜2悼,2,0,2,6.37875
9723044,201612,35626,11290,己合备,11290630,沥釜2悼,2,30,2,1.2575
9723051,201612,35626,11290,己合备,11290630,沥釜2悼,2,40,2,2.04875
9723058,201612,35626,11290,己合备,11290630,沥釜2悼,2,50,2,2.28125
9723065,201612,35626,11290,己合备,11290630,沥釜2悼,2,60,2,0.79125
9726012,201612,35656,11290,己合备,11290590,捣鞠2悼,1,0,2,135.0635
9726019,201612,35656,11290,己合备,11290590,捣鞠2悼,1,10,2,9.1325
9726026,201612,35656,11290,己合备,11290590,捣鞠2悼,1,20,2,14.9255
9726033,201612,35656,11290,己合备,11290590,捣鞠2悼,1,30,2,23.139
9726040,201612,35656,11290,己合备,11290590,捣鞠2悼,1,40,2,29.064
9726047,201612,35656,11290,己合备,11290590,捣鞠2悼,1,50,2,28.7635
9726054,201612,35656,11290,己合备,11290590,捣鞠2悼,1,60,2,30.039
9726061,201612,35656,11290,己合备,11290590,捣鞠2悼,2,0,2,81.22625
9726068,201612,35656,11290,己合备,11290590,捣鞠2悼,2,10,2,4.60125
9726075,201612,35656,11290,己合备,11290590,捣鞠2悼,2,20,2,8.50625
9726082,201612,35656,11290,己合备,11290590,捣鞠2悼,2,30,2,12.4125
9726089,201612,35656,11290,己合备,11290590,捣鞠2悼,2,40,2,16.59625
9726096,201612,35656,11290,己合备,11290590,捣鞠2悼,2,50,2,18.085
9726103,201612,35656,11290,己合备,11290590,捣鞠2悼,2,60,2,21.025
9731990,201612,35717,11290,己合备,11290630,沥釜2悼,1,0,2,16.086
9731997,201612,35717,11290,己合备,11290630,沥釜2悼,1,10,2,0.0625
9732004,201612,35717,11290,己合备,11290630,沥釜2悼,1,20,2,0.138
9732011,201612,35717,11290,己合备,11290630,沥釜2悼,1,30,2,3.2265
9732018,201612,35717,11290,己合备,11290630,沥釜2悼,1,40,2,5.8398333
9732025,201612,35717,11290,己合备,11290630,沥釜2悼,1,50,2,4.5216665
9732032,201612,35717,11290,己合备,11290630,沥釜2悼,1,60,2,2.2975
9732039,201612,35717,11290,己合备,11290630,沥釜2悼,2,0,2,5.0191665
9732060,201612,35717,11290,己合备,11290630,沥釜2悼,2,30,2,0.94416666
9732067,201612,35717,11290,己合备,11290630,沥釜2悼,2,40,2,1.6116667
9732074,201612,35717,11290,己合备,11290630,沥釜2悼,2,50,2,1.7354167
9732081,201612,35717,11290,己合备,11290630,沥釜2悼,2,60,2,0.72791666
9775796,201612,36164,11290,己合备,11290590,捣鞠2悼,1,0,2,25.438667
9775803,201612,36164,11290,己合备,11290590,捣鞠2悼,1,10,2,0.43833333
9775810,201612,36164,11290,己合备,11290590,捣鞠2悼,1,20,2,0.24366666
9775817,201612,36164,11290,己合备,11290590,捣鞠2悼,1,30,2,5.2183332
9775824,201612,36164,11290,己合备,11290590,捣鞠2悼,1,40,2,8.400333
9775831,201612,36164,11290,己合备,11290590,捣鞠2悼,1,50,2,7.4626665
9775838,201612,36164,11290,己合备,11290590,捣鞠2悼,1,60,2,3.6753333
9775845,201612,36164,11290,己合备,11290590,捣鞠2悼,2,0,2,9.314167
9775866,201612,36164,11290,己合备,11290590,捣鞠2悼,2,30,2,1.8508333
9775873,201612,36164,11290,己合备,11290590,捣鞠2悼,2,40,2,3.2283332
9775880,201612,36164,11290,己合备,11290590,捣鞠2悼,2,50,2,2.9358332
9775887,201612,36164,11290,己合备,11290590,捣鞠2悼,2,60,2,1.2991667
9782362,201612,36234,11290,己合备,11290590,捣鞠2悼,1,0,2,131.79184
9782369,201612,36234,11290,己合备,11290590,捣鞠2悼,1,10,2,8.650833
9782376,201612,36234,11290,己合备,11290590,捣鞠2悼,1,20,2,13.881333
9782383,201612,36234,11290,己合备,11290590,捣鞠2悼,1,30,2,21.613167
9782390,201612,36234,11290,己合备,11290590,捣鞠2悼,1,40,2,28.8765
9782397,201612,36234,11290,己合备,11290590,捣鞠2悼,1,50,2,28.394667
9782404,201612,36234,11290,己合备,11290590,捣鞠2悼,1,60,2,30.375334
9782411,201612,36234,11290,己合备,11290590,捣鞠2悼,2,0,2,79.769585
9782418,201612,36234,11290,己合备,11290590,捣鞠2悼,2,10,2,4.0420833
9782425,201612,36234,11290,己合备,11290590,捣鞠2悼,2,20,2,7.8708334
9782432,201612,36234,11290,己合备,11290590,捣鞠2悼,2,30,2,12.382083
9782439,201612,36234,11290,己合备,11290590,捣鞠2悼,2,40,2,15.989583
9782446,201612,36234,11290,己合备,11290590,捣鞠2悼,2,50,2,18.225834
9782453,201612,36234,11290,己合备,11290590,捣鞠2悼,2,60,2,21.259167
9791280,201612,36325,11290,己合备,11290590,捣鞠2悼,1,0,2,125.317665
9791287,201612,36325,11290,己合备,11290590,捣鞠2悼,1,10,2,9.335889
9791294,201612,36325,11290,己合备,11290590,捣鞠2悼,1,20,2,12.776778
9791301,201612,36325,11290,己合备,11290590,捣鞠2悼,1,30,2,18.959223
9791308,201612,36325,11290,己合备,11290590,捣鞠2悼,1,40,2,27.158556
9791315,201612,36325,11290,己合备,11290590,捣鞠2悼,1,50,2,26.746
9791322,201612,36325,11290,己合备,11290590,捣鞠2悼,1,60,2,30.341223
9791329,201612,36325,11290,己合备,11290590,捣鞠2悼,2,0,2,74.42889
9791336,201612,36325,11290,己合备,11290590,捣鞠2悼,2,10,2,3.5686111
9791343,201612,36325,11290,己合备,11290590,捣鞠2悼,2,20,2,7.1325
9791350,201612,36325,11290,己合备,11290590,捣鞠2悼,2,30,2,11.110556
9791357,201612,36325,11290,己合备,11290590,捣鞠2悼,2,40,2,14.725
9791364,201612,36325,11290,己合备,11290590,捣鞠2悼,2,50,2,17.1075
9791371,201612,36325,11290,己合备,11290590,捣鞠2悼,2,60,2,20.784721
9794220,201612,36355,11290,己合备,11290630,沥釜2悼,1,0,2,0.399
9794241,201612,36355,11290,己合备,11290630,沥釜2悼,1,30,2,0.0285
9794248,201612,36355,11290,己合备,11290630,沥釜2悼,1,40,2,0.2565
9794255,201612,36355,11290,己合备,11290630,沥釜2悼,1,50,2,0.114
9795004,201612,36362,11290,己合备,11290630,沥釜2悼,1,0,2,0.798
9795025,201612,36362,11290,己合备,11290630,沥釜2悼,1,30,2,0.057
9795032,201612,36362,11290,己合备,11290630,沥釜2悼,1,40,2,0.513
9795039,201612,36362,11290,己合备,11290630,沥釜2悼,1,50,2,0.228
9798140,201612,36393,11290,己合备,11290590,捣鞠2悼,1,0,2,22.772
9798147,201612,36393,11290,己合备,11290590,捣鞠2悼,1,10,2,0.5413333
9798154,201612,36393,11290,己合备,11290590,捣鞠2悼,1,20,2,0.123333335
9798161,201612,36393,11290,己合备,11290590,捣鞠2悼,1,30,2,2.777
9798168,201612,36393,11290,己合备,11290590,捣鞠2悼,1,40,2,7.245333
9798175,201612,36393,11290,己合备,11290590,捣鞠2悼,1,50,2,7.490667
9798182,201612,36393,11290,己合备,11290590,捣鞠2悼,1,60,2,4.594333
9798189,201612,36393,11290,己合备,11290590,捣鞠2悼,2,0,2,7.275833
9798203,201612,36393,11290,己合备,11290590,捣鞠2悼,2,20,2,0.12083333
9798210,201612,36393,11290,己合备,11290590,捣鞠2悼,2,30,2,0.36333334
9798217,201612,36393,11290,己合备,11290590,捣鞠2悼,2,40,2,2.6691666
9798224,201612,36393,11290,己合备,11290590,捣鞠2悼,2,50,2,2.3616667
9798231,201612,36393,11290,己合备,11290590,捣鞠2悼,2,60,2,1.7608334
9799218,201612,36403,11290,己合备,11290630,沥釜2悼,1,0,2,2.3294
9799239,201612,36403,11290,己合备,11290630,沥釜2悼,1,30,2,0.523
9799246,201612,36403,11290,己合备,11290630,沥釜2悼,1,40,2,0.8892
9799253,201612,36403,11290,己合备,11290630,沥釜2悼,1,50,2,0.7598
9799260,201612,36403,11290,己合备,11290630,沥釜2悼,1,60,2,0.1574
9799267,201612,36403,11290,己合备,11290630,沥釜2悼,2,0,2,0.387
9799288,201612,36403,11290,己合备,11290630,沥釜2悼,2,30,2,0.0645
9799295,201612,36403,11290,己合备,11290630,沥釜2悼,2,40,2,0.129
9799302,201612,36403,11290,己合备,11290630,沥釜2悼,2,50,2,0.129
9799309,201612,36403,11290,己合备,11290630,沥釜2悼,2,60,2,0.0645
9799806,201612,36409,11290,己合备,11290630,沥釜2悼,1,0,2,3.3693333
9799827,201612,36409,11290,己合备,11290630,沥釜2悼,1,30,2,0.75666666
9799834,201612,36409,11290,己合备,11290630,沥釜2悼,1,40,2,1.286
9799841,201612,36409,11290,己合备,11290630,沥釜2悼,1,50,2,1.0986667
9799848,201612,36409,11290,己合备,11290630,沥釜2悼,1,60,2,0.228
9799855,201612,36409,11290,己合备,11290630,沥釜2悼,2,0,2,0.56
9799876,201612,36409,11290,己合备,11290630,沥釜2悼,2,30,2,0.093333334
9799883,201612,36409,11290,己合备,11290630,沥釜2悼,2,40,2,0.18666667
9799890,201612,36409,11290,己合备,11290630,沥釜2悼,2,50,2,0.18666667
9799897,201612,36409,11290,己合备,11290630,沥釜2悼,2,60,2,0.093333334
9802060,201612,36430,11290,己合备,11290590,捣鞠2悼,1,0,2,54.878834
9802067,201612,36430,11290,己合备,11290590,捣鞠2悼,1,10,2,2.0368333
9802074,201612,36430,11290,己合备,11290590,捣鞠2悼,1,20,2,3.6441667
9802081,201612,36430,11290,己合备,11290590,捣鞠2悼,1,30,2,9.242333
9802088,201612,36430,11290,己合备,11290590,捣鞠2悼,1,40,2,14.922
9802095,201612,36430,11290,己合备,11290590,捣鞠2悼,1,50,2,14.1295
9802102,201612,36430,11290,己合备,11290590,捣鞠2悼,1,60,2,10.904
9802109,201612,36430,11290,己合备,11290590,捣鞠2悼,2,0,2,29.837917
9802116,201612,36430,11290,己合备,11290590,捣鞠2悼,2,10,2,0.64875
9802123,201612,36430,11290,己合备,11290590,捣鞠2悼,2,20,2,1.98625
9802130,201612,36430,11290,己合备,11290590,捣鞠2悼,2,30,2,4.702083
9802137,201612,36430,11290,己合备,11290590,捣鞠2悼,2,40,2,7.9245834
9802144,201612,36430,11290,己合备,11290590,捣鞠2悼,2,50,2,7.5716667
9802151,201612,36430,11290,己合备,11290590,捣鞠2悼,2,60,2,7.0045834
9814114,201612,36559,11290,己合备,11290590,捣鞠2悼,1,0,2,106.2005
9814121,201612,36559,11290,己合备,11290590,捣鞠2悼,1,10,2,8.3245
9814128,201612,36559,11290,己合备,11290590,捣鞠2悼,1,20,2,8.212
9814135,201612,36559,11290,己合备,11290590,捣鞠2悼,1,30,2,15.067
9814142,201612,36559,11290,己合备,11290590,捣鞠2悼,1,40,2,24.012
9814149,201612,36559,11290,己合备,11290590,捣鞠2悼,1,50,2,23.5415
9814156,201612,36559,11290,己合备,11290590,捣鞠2悼,1,60,2,27.0435
9814163,201612,36559,11290,己合备,11290590,捣鞠2悼,2,0,2,64.695
9814170,201612,36559,11290,己合备,11290590,捣鞠2悼,2,10,2,3.035
9814177,201612,36559,11290,己合备,11290590,捣鞠2悼,2,20,2,4.99625
9814184,201612,36559,11290,己合备,11290590,捣鞠2悼,2,30,2,9.8075
9814191,201612,36559,11290,己合备,11290590,捣鞠2悼,2,40,2,13.07625
9814198,201612,36559,11290,己合备,11290590,捣鞠2悼,2,50,2,15.325
9814205,201612,36559,11290,己合备,11290590,捣鞠2悼,2,60,2,18.455
9828422,201612,36708,11290,己合备,11290590,捣鞠2悼,1,0,2,85.70775
9828429,201612,36708,11290,己合备,11290590,捣鞠2悼,1,10,2,5.6235
9828436,201612,36708,11290,己合备,11290590,捣鞠2悼,1,20,2,4.55025
9828443,201612,36708,11290,己合备,11290590,捣鞠2悼,1,30,2,13.16775
9828450,201612,36708,11290,己合备,11290590,捣鞠2悼,1,40,2,19.9485
9828457,201612,36708,11290,己合备,11290590,捣鞠2悼,1,50,2,19.9395
9828464,201612,36708,11290,己合备,11290590,捣鞠2悼,1,60,2,22.47825
9828471,201612,36708,11290,己合备,11290590,捣鞠2悼,2,0,2,53.159374
9828478,201612,36708,11290,己合备,11290590,捣鞠2悼,2,10,2,2.07625
9828485,201612,36708,11290,己合备,11290590,捣鞠2悼,2,20,2,2.9125
9828492,201612,36708,11290,己合备,11290590,捣鞠2悼,2,30,2,8.115
9828499,201612,36708,11290,己合备,11290590,捣鞠2悼,2,40,2,11.64375
9828506,201612,36708,11290,己合备,11290590,捣鞠2悼,2,50,2,13.2525
9828513,201612,36708,11290,己合备,11290590,捣鞠2悼,2,60,2,15.159375
9829696,201612,36721,11290,己合备,11290590,捣鞠2悼,1,0,2,24.429
9829703,201612,36721,11290,己合备,11290590,捣鞠2悼,1,10,2,0.9978
9829710,201612,36721,11290,己合备,11290590,捣鞠2悼,1,20,2,0.9612
9829717,201612,36721,11290,己合备,11290590,捣鞠2悼,1,30,2,5.0478
9829724,201612,36721,11290,己合备,11290590,捣鞠2悼,1,40,2,7.6194
9829731,201612,36721,11290,己合备,11290590,捣鞠2悼,1,50,2,6.4614
9829738,201612,36721,11290,己合备,11290590,捣鞠2悼,1,60,2,3.3414
9829745,201612,36721,11290,己合备,11290590,捣鞠2悼,2,0,2,10.7385
9829759,201612,36721,11290,己合备,11290590,捣鞠2悼,2,20,2,0.4725
9829766,201612,36721,11290,己合备,11290590,捣鞠2悼,2,30,2,2.16
9829773,201612,36721,11290,己合备,11290590,捣鞠2悼,2,40,2,3.7585
9829780,201612,36721,11290,己合备,11290590,捣鞠2悼,2,50,2,3.0555
9829787,201612,36721,11290,己合备,11290590,捣鞠2悼,2,60,2,1.292
9830284,201612,36728,11290,己合备,11290630,沥釜2悼,1,0,2,36.429333
9830291,201612,36728,11290,己合备,11290630,沥釜2悼,1,10,2,1.1266667
9830298,201612,36728,11290,己合备,11290630,沥釜2悼,1,20,2,3.8303332
9830305,201612,36728,11290,己合备,11290630,沥釜2悼,1,30,2,7.661667
9830312,201612,36728,11290,己合备,11290630,沥釜2悼,1,40,2,9.765
9830319,201612,36728,11290,己合备,11290630,沥釜2悼,1,50,2,8.037
9830326,201612,36728,11290,己合备,11290630,沥釜2悼,1,60,2,6.0086665
9830333,201612,36728,11290,己合备,11290630,沥釜2悼,2,0,2,17.6675
9830347,201612,36728,11290,己合备,11290630,沥釜2悼,2,20,2,1.855
9830354,201612,36728,11290,己合备,11290630,沥釜2悼,2,30,2,3.3466666
9830361,201612,36728,11290,己合备,11290630,沥釜2悼,2,40,2,5.21
9830368,201612,36728,11290,己合备,11290630,沥釜2悼,2,50,2,4.84
9830375,201612,36728,11290,己合备,11290630,沥釜2悼,2,60,2,2.4158332
9832342,201612,36748,11290,己合备,11290590,捣鞠2悼,1,0,2,31.633333
9832349,201612,36748,11290,己合备,11290590,捣鞠2悼,1,10,2,1.4733334
9832356,201612,36748,11290,己合备,11290590,捣鞠2悼,1,20,2,0.91
9832363,201612,36748,11290,己合备,11290590,捣鞠2悼,1,30,2,6.4133334
9832370,201612,36748,11290,己合备,11290590,捣鞠2悼,1,40,2,10.746667
9832377,201612,36748,11290,己合备,11290590,捣鞠2悼,1,50,2,9.143333
9832384,201612,36748,11290,己合备,11290590,捣鞠2悼,1,60,2,2.9466667
9832391,201612,36748,11290,己合备,11290590,捣鞠2悼,2,0,2,11.116667
9832405,201612,36748,11290,己合备,11290590,捣鞠2悼,2,20,2,0.53583336
9832412,201612,36748,11290,己合备,11290590,捣鞠2悼,2,30,2,1.6066667
9832419,201612,36748,11290,己合备,11290590,捣鞠2悼,2,40,2,4.590833
9832426,201612,36748,11290,己合备,11290590,捣鞠2悼,2,50,2,3.315
9832433,201612,36748,11290,己合备,11290590,捣鞠2悼,2,60,2,1.0683334
9833126,201612,36755,11290,己合备,11290630,沥釜2悼,1,0,2,12.93475
9833133,201612,36755,11290,己合备,11290630,沥釜2悼,1,10,2,0.4515
9833140,201612,36755,11290,己合备,11290630,沥釜2悼,1,20,2,0.79125
9833147,201612,36755,11290,己合备,11290630,沥釜2悼,1,30,2,2.7295
9833154,201612,36755,11290,己合备,11290630,沥釜2悼,1,40,2,4.10475
9833161,201612,36755,11290,己合备,11290630,沥釜2悼,1,50,2,3.483
9833168,201612,36755,11290,己合备,11290630,沥釜2悼,1,60,2,1.37475
9833175,201612,36755,11290,己合备,11290630,沥釜2悼,2,0,2,4.8875
9833189,201612,36755,11290,己合备,11290630,沥釜2悼,2,20,2,0.418125
9833196,201612,36755,11290,己合备,11290630,沥釜2悼,2,30,2,0.930625
9833203,201612,36755,11290,己合备,11290630,沥釜2悼,2,40,2,1.76875
9833210,201612,36755,11290,己合备,11290630,沥釜2悼,2,50,2,1.398125
9833217,201612,36755,11290,己合备,11290630,沥釜2悼,2,60,2,0.371875
9836360,201612,36786,11290,己合备,11290590,捣鞠2悼,1,0,2,76.47454
9836367,201612,36786,11290,己合备,11290590,捣鞠2悼,1,10,2,3.7946153
9836374,201612,36786,11290,己合备,11290590,捣鞠2悼,1,20,2,6.1152306
9836381,201612,36786,11290,己合备,11290590,捣鞠2悼,1,30,2,13.122231
9836388,201612,36786,11290,己合备,11290590,捣鞠2悼,1,40,2,18.88477
9836395,201612,36786,11290,己合备,11290590,捣鞠2悼,1,50,2,17.981232
9836402,201612,36786,11290,己合备,11290590,捣鞠2悼,1,60,2,16.576462
9836409,201612,36786,11290,己合备,11290590,捣鞠2悼,2,0,2,45.567307
9836416,201612,36786,11290,己合备,11290590,捣鞠2悼,2,10,2,1.2301923
9836423,201612,36786,11290,己合备,11290590,捣鞠2悼,2,20,2,3.0475
9836430,201612,36786,11290,己合备,11290590,捣鞠2悼,2,30,2,7.789231
9836437,201612,36786,11290,己合备,11290590,捣鞠2悼,2,40,2,11.0740385
9836444,201612,36786,11290,己合备,11290590,捣鞠2悼,2,50,2,11.7775
9836451,201612,36786,11290,己合备,11290590,捣鞠2悼,2,60,2,10.648847
9838712,201612,36812,11290,己合备,11290590,捣鞠2悼,1,0,2,27.7723
9838719,201612,36812,11290,己合备,11290590,捣鞠2悼,1,10,2,1.2515
9838726,201612,36812,11290,己合备,11290590,捣鞠2悼,1,20,2,0.7327
9838733,201612,36812,11290,己合备,11290590,捣鞠2悼,1,30,2,4.9155
9838740,201612,36812,11290,己合备,11290590,捣鞠2悼,1,40,2,8.7369
9838747,201612,36812,11290,己合备,11290590,捣鞠2悼,1,50,2,8.213
9838754,201612,36812,11290,己合备,11290590,捣鞠2悼,1,60,2,3.9227
9838761,201612,36812,11290,己合备,11290590,捣鞠2悼,2,0,2,8.53875
9838775,201612,36812,11290,己合备,11290590,捣鞠2悼,2,20,2,0.472
9838782,201612,36812,11290,己合备,11290590,捣鞠2悼,2,30,2,1.18125
9838789,201612,36812,11290,己合备,11290590,捣鞠2悼,2,40,2,2.87575
9838796,201612,36812,11290,己合备,11290590,捣鞠2悼,2,50,2,2.5755
9838803,201612,36812,11290,己合备,11290590,捣鞠2悼,2,60,2,1.43425
9840476,201612,36830,11290,己合备,11290630,沥釜2悼,1,0,2,4.9334445
9840483,201612,36830,11290,己合备,11290630,沥釜2悼,1,10,2,0.031666666
9840497,201612,36830,11290,己合备,11290630,沥釜2悼,1,30,2,0.6628889
9840504,201612,36830,11290,己合备,11290630,沥釜2悼,1,40,2,2.533
9840511,201612,36830,11290,己合备,11290630,沥釜2悼,1,50,2,1.358
9840518,201612,36830,11290,己合备,11290630,沥釜2悼,1,60,2,0.3478889
9840525,201612,36830,11290,己合备,11290630,沥釜2悼,2,0,2,0.95055556
9840546,201612,36830,11290,己合备,11290630,沥釜2悼,2,30,2,0.11416667
9840553,201612,36830,11290,己合备,11290630,沥釜2悼,2,40,2,0.5188889
9840560,201612,36830,11290,己合备,11290630,沥釜2悼,2,50,2,0.27055556
9840567,201612,36830,11290,己合备,11290630,沥釜2悼,2,60,2,0.046944443
9840574,201612,36831,11290,己合备,11290630,沥釜2悼,1,0,2,4.7902856
9840595,201612,36831,11290,己合备,11290630,沥釜2悼,1,30,2,0.60328573
9840602,201612,36831,11290,己合备,11290630,沥釜2悼,1,40,2,2.4065714
9840609,201612,36831,11290,己合备,11290630,沥釜2悼,1,50,2,1.3348095
9840616,201612,36831,11290,己合备,11290630,沥釜2悼,1,60,2,0.44561905
9840623,201612,36831,11290,己合备,11290630,沥釜2悼,2,0,2,0.8495238
9840644,201612,36831,11290,己合备,11290630,沥釜2悼,2,30,2,0.05940476
9840651,201612,36831,11290,己合备,11290630,沥釜2悼,2,40,2,0.4475
9840658,201612,36831,11290,己合备,11290630,沥釜2悼,2,50,2,0.28321427
9840665,201612,36831,11290,己合备,11290630,沥釜2悼,2,60,2,0.05940476
9840672,201612,36832,11290,己合备,11290630,沥釜2悼,1,0,2,19.378
9840679,201612,36832,11290,己合备,11290630,沥釜2悼,1,10,2,0.753
9840686,201612,36832,11290,己合备,11290630,沥釜2悼,1,20,2,1.3185
9840693,201612,36832,11290,己合备,11290630,沥釜2悼,1,30,2,4.1235
9840700,201612,36832,11290,己合备,11290630,沥釜2悼,1,40,2,5.9885
9840707,201612,36832,11290,己合备,11290630,沥釜2悼,1,50,2,5.029
9840714,201612,36832,11290,己合备,11290630,沥釜2悼,1,60,2,2.1655
9840721,201612,36832,11290,己合备,11290630,沥釜2悼,2,0,2,7.59
9840735,201612,36832,11290,己合备,11290630,沥釜2悼,2,20,2,0.6975
9840742,201612,36832,11290,己合备,11290630,沥釜2悼,2,30,2,1.49
9840749,201612,36832,11290,己合备,11290630,沥釜2悼,2,40,2,2.70125
9840756,201612,36832,11290,己合备,11290630,沥釜2悼,2,50,2,2.14375
9840763,201612,36832,11290,己合备,11290630,沥釜2悼,2,60,2,0.5575
9846748,201612,36893,11290,己合备,11290590,捣鞠2悼,1,0,2,36.538
9846755,201612,36893,11290,己合备,11290590,捣鞠2悼,1,10,2,1.13
9846762,201612,36893,11290,己合备,11290590,捣鞠2悼,1,20,2,3.841
9846769,201612,36893,11290,己合备,11290590,捣鞠2悼,1,30,2,7.685
9846776,201612,36893,11290,己合备,11290590,捣鞠2悼,1,40,2,9.795
9846783,201612,36893,11290,己合备,11290590,捣鞠2悼,1,50,2,8.061
9846790,201612,36893,11290,己合备,11290590,捣鞠2悼,1,60,2,6.026
9846797,201612,36893,11290,己合备,11290590,捣鞠2悼,2,0,2,17.7175
9846811,201612,36893,11290,己合备,11290590,捣鞠2悼,2,20,2,1.86
9846818,201612,36893,11290,己合备,11290590,捣鞠2悼,2,30,2,3.355
9846825,201612,36893,11290,己合备,11290590,捣鞠2悼,2,40,2,5.225
9846832,201612,36893,11290,己合备,11290590,捣鞠2悼,2,50,2,4.855
9846839,201612,36893,11290,己合备,11290590,捣鞠2悼,2,60,2,2.4225
9847826,201612,36902,11290,己合备,11290630,沥釜2悼,1,0,2,38.99975
9847833,201612,36902,11290,己合备,11290630,沥釜2悼,1,10,2,1.13075
9847840,201612,36902,11290,己合备,11290630,沥釜2悼,1,20,2,3.8425
9847847,201612,36902,11290,己合备,11290630,沥釜2悼,1,30,2,8.16525
9847854,201612,36902,11290,己合备,11290630,沥釜2悼,1,40,2,10.75525
9847861,201612,36902,11290,己合备,11290630,沥釜2悼,1,50,2,8.9375
9847868,201612,36902,11290,己合备,11290630,沥釜2悼,1,60,2,6.1685
9847875,201612,36902,11290,己合备,11290630,沥釜2悼,2,0,2,18.353125
9847889,201612,36902,11290,己合备,11290630,沥釜2悼,2,20,2,1.861875
9847896,201612,36902,11290,己合备,11290630,沥釜2悼,2,30,2,3.428125
9847903,201612,36902,11290,己合备,11290630,沥釜2悼,2,40,2,5.505
9847910,201612,36902,11290,己合备,11290630,沥釜2悼,2,50,2,5.064375
9847917,201612,36902,11290,己合备,11290630,沥釜2悼,2,60,2,2.49375
9848218,201612,36906,11290,己合备,11290590,捣鞠2悼,1,0,2,52.09193
9848225,201612,36906,11290,己合备,11290590,捣鞠2悼,1,10,2,3.1299286
9848232,201612,36906,11290,己合备,11290590,捣鞠2悼,1,20,2,2.9858572
9848239,201612,36906,11290,己合备,11290590,捣鞠2悼,1,30,2,8.074429
9848246,201612,36906,11290,己合备,11290590,捣鞠2悼,1,40,2,12.041785
9848253,201612,36906,11290,己合备,11290590,捣鞠2悼,1,50,2,11.849714
9848260,201612,36906,11290,己合备,11290590,捣鞠2悼,1,60,2,14.010214
9848267,201612,36906,11290,己合备,11290590,捣鞠2悼,2,0,2,31.3275
9848274,201612,36906,11290,己合备,11290590,捣鞠2悼,2,10,2,0.9407143
9848281,201612,36906,11290,己合备,11290590,捣鞠2悼,2,20,2,1.8051785
9848288,201612,36906,11290,己合备,11290590,捣鞠2悼,2,30,2,4.7735715
9848295,201612,36906,11290,己合备,11290590,捣鞠2悼,2,40,2,6.569107
9848302,201612,36906,11290,己合备,11290590,捣鞠2悼,2,50,2,8.021786
9848309,201612,36906,11290,己合备,11290590,捣鞠2悼,2,60,2,9.217143
9848316,201612,36907,11290,己合备,11290590,捣鞠2悼,1,0,2,2.175
9848337,201612,36907,11290,己合备,11290590,捣鞠2悼,1,30,2,0.425
9848344,201612,36907,11290,己合备,11290590,捣鞠2悼,1,40,2,0.85
9848351,201612,36907,11290,己合备,11290590,捣鞠2悼,1,50,2,0.775
9848358,201612,36907,11290,己合备,11290590,捣鞠2悼,1,60,2,0.125
9848365,201612,36907,11290,己合备,11290590,捣鞠2悼,2,0,2,0.5625
9848386,201612,36907,11290,己合备,11290590,捣鞠2悼,2,30,2,0.0625
9848393,201612,36907,11290,己合备,11290590,捣鞠2悼,2,40,2,0.25
9848400,201612,36907,11290,己合备,11290590,捣鞠2悼,2,50,2,0.1875
9848407,201612,36907,11290,己合备,11290590,捣鞠2悼,2,60,2,0.0625
9849590,201612,36920,11290,己合备,11290590,捣鞠2悼,1,0,2,85.85
9849597,201612,36920,11290,己合备,11290590,捣鞠2悼,1,10,2,6.725
9849604,201612,36920,11290,己合备,11290590,捣鞠2悼,1,20,2,6.525
9849611,201612,36920,11290,己合备,11290590,捣鞠2悼,1,30,2,13.375
9849618,201612,36920,11290,己合备,11290590,捣鞠2悼,1,40,2,19.9
9849625,201612,36920,11290,己合备,11290590,捣鞠2悼,1,50,2,19.0
9849632,201612,36920,11290,己合备,11290590,捣鞠2悼,1,60,2,20.325
9849639,201612,36920,11290,己合备,11290590,捣鞠2悼,2,0,2,52.07
9849646,201612,36920,11290,己合备,11290590,捣鞠2悼,2,10,2,2.4175
9849653,201612,36920,11290,己合备,11290590,捣鞠2悼,2,20,2,3.965
9849660,201612,36920,11290,己合备,11290590,捣鞠2悼,2,30,2,8.055
9849667,201612,36920,11290,己合备,11290590,捣鞠2悼,2,40,2,11.654166
9849674,201612,36920,11290,己合备,11290590,捣鞠2悼,2,50,2,12.835
9849681,201612,36920,11290,己合备,11290590,捣鞠2悼,2,60,2,13.143333
9850080,201612,36926,11290,己合备,11290590,捣鞠2悼,1,0,2,18.023777
9850087,201612,36926,11290,己合备,11290590,捣鞠2悼,1,10,2,0.6713333
9850094,201612,36926,11290,己合备,11290590,捣鞠2悼,1,20,2,0.6431111
9850101,201612,36926,11290,己合备,11290590,捣鞠2悼,1,30,2,3.843889
9850108,201612,36926,11290,己合备,11290590,捣鞠2悼,1,40,2,5.569667
9850115,201612,36926,11290,己合备,11290590,捣鞠2悼,1,50,2,4.7
9850122,201612,36926,11290,己合备,11290590,捣鞠2悼,1,60,2,2.5957778
9850129,201612,36926,11290,己合备,11290590,捣鞠2悼,2,0,2,8.119722
9850143,201612,36926,11290,己合备,11290590,捣鞠2悼,2,20,2,0.2936111
9850150,201612,36926,11290,己合备,11290590,捣鞠2悼,2,30,2,1.6127778
9850157,201612,36926,11290,己合备,11290590,捣鞠2悼,2,40,2,2.7444444
9850164,201612,36926,11290,己合备,11290590,捣鞠2悼,2,50,2,2.4208333
9850171,201612,36926,11290,己合备,11290590,捣鞠2悼,2,60,2,1.0480555
9851844,201612,36945,11290,己合备,11290630,沥釜2悼,1,0,2,6.7396665
9851865,201612,36945,11290,己合备,11290630,沥釜2悼,1,30,2,1.515
9851872,201612,36945,11290,己合备,11290630,沥釜2悼,1,40,2,2.573
9851879,201612,36945,11290,己合备,11290630,沥釜2悼,1,50,2,2.196
9851886,201612,36945,11290,己合备,11290630,沥釜2悼,1,60,2,0.45566666
9851893,201612,36945,11290,己合备,11290630,沥釜2悼,2,0,2,1.12
9851914,201612,36945,11290,己合备,11290630,沥釜2悼,2,30,2,0.18666667
9851921,201612,36945,11290,己合备,11290630,沥釜2悼,2,40,2,0.37333333
9851928,201612,36945,11290,己合备,11290630,沥釜2悼,2,50,2,0.37333333
9851935,201612,36945,11290,己合备,11290630,沥釜2悼,2,60,2,0.18666667
9852824,201612,36954,11290,己合备,11290590,捣鞠2悼,1,0,2,27.356667
9852831,201612,36954,11290,己合备,11290590,捣鞠2悼,1,10,2,0.7216667
9852838,201612,36954,11290,己合备,11290590,捣鞠2悼,1,20,2,2.397
9852845,201612,36954,11290,己合备,11290590,捣鞠2悼,1,30,2,6.038
9852852,201612,36954,11290,己合备,11290590,捣鞠2悼,1,40,2,7.655667
9852859,201612,36954,11290,己合备,11290590,捣鞠2悼,1,50,2,6.701667
9852866,201612,36954,11290,己合备,11290590,捣鞠2悼,1,60,2,3.8426666
9852873,201612,36954,11290,己合备,11290590,捣鞠2悼,2,0,2,14.57
9852887,201612,36954,11290,己合备,11290590,捣鞠2悼,2,20,2,0.7133333
9852894,201612,36954,11290,己合备,11290590,捣鞠2悼,2,30,2,2.8516667
9852901,201612,36954,11290,己合备,11290590,捣鞠2悼,2,40,2,4.7525
9852908,201612,36954,11290,己合备,11290590,捣鞠2悼,2,50,2,4.548333
9852915,201612,36954,11290,己合备,11290590,捣鞠2悼,2,60,2,1.7041667
9854588,201612,36973,11290,己合备,11290590,捣鞠2悼,1,0,2,55.298428
9854595,201612,36973,11290,己合备,11290590,捣鞠2悼,1,10,2,2.4414287
9854602,201612,36973,11290,己合备,11290590,捣鞠2悼,1,20,2,5.8331428
9854609,201612,36973,11290,己合备,11290590,捣鞠2悼,1,30,2,10.623
9854616,201612,36973,11290,己合备,11290590,捣鞠2悼,1,40,2,14.072143
9854623,201612,36973,11290,己合备,11290590,捣鞠2悼,1,50,2,12.991143
9854630,201612,36973,11290,己合备,11290590,捣鞠2悼,1,60,2,9.337571
9854637,201612,36973,11290,己合备,11290590,捣鞠2悼,2,0,2,29.784286
9854644,201612,36973,11290,己合备,11290590,捣鞠2悼,2,10,2,0.64928573
9854651,201612,36973,11290,己合备,11290590,捣鞠2悼,2,20,2,2.352857
9854658,201612,36973,11290,己合备,11290590,捣鞠2悼,2,30,2,5.352857
9854665,201612,36973,11290,己合备,11290590,捣鞠2悼,2,40,2,8.15
9854672,201612,36973,11290,己合备,11290590,捣鞠2悼,2,50,2,8.244286
9854679,201612,36973,11290,己合备,11290590,捣鞠2悼,2,60,2,5.035
9855470,201612,36983,11290,己合备,11290630,沥釜2悼,1,0,2,3.9185
9855491,201612,36983,11290,己合备,11290630,沥釜2悼,1,30,2,0.4835
9855498,201612,36983,11290,己合备,11290630,沥釜2悼,1,40,2,2.1855
9855505,201612,36983,11290,己合备,11290630,沥釜2悼,1,50,2,1.0785
9855512,201612,36983,11290,己合备,11290630,沥釜2悼,1,60,2,0.171
9855519,201612,36983,11290,己合备,11290630,沥釜2悼,2,0,2,0.28
9855540,201612,36983,11290,己合备,11290630,沥釜2悼,2,30,2,0.07
9855547,201612,36983,11290,己合备,11290630,沥釜2悼,2,40,2,0.14
9855554,201612,36983,11290,己合备,11290630,沥釜2悼,2,50,2,0.07
9855568,201612,36984,11290,己合备,11290630,沥釜2悼,1,0,2,1.6888572
9855589,201612,36984,11290,己合备,11290630,沥釜2悼,1,30,2,0.17628571
9855596,201612,36984,11290,己合备,11290630,沥釜2悼,1,40,2,0.9842857
9855603,201612,36984,11290,己合备,11290630,沥釜2悼,1,50,2,0.493
9855610,201612,36984,11290,己合备,11290630,沥釜2悼,1,60,2,0.035285715
9864682,201612,37077,11290,己合备,11290590,捣鞠2悼,1,0,2,78.48325
9864689,201612,37077,11290,己合备,11290590,捣鞠2悼,1,10,2,6.836
9864696,201612,37077,11290,己合备,11290590,捣鞠2悼,1,20,2,7.593
9864703,201612,37077,11290,己合备,11290590,捣鞠2悼,1,30,2,12.564
9864710,201612,37077,11290,己合备,11290590,捣鞠2悼,1,40,2,18.6525
9864717,201612,37077,11290,己合备,11290590,捣鞠2悼,1,50,2,17.08875
9864724,201612,37077,11290,己合备,11290590,捣鞠2悼,1,60,2,15.749
9864731,201612,37077,11290,己合备,11290590,捣鞠2悼,2,0,2,44.498123
9864738,201612,37077,11290,己合备,11290590,捣鞠2悼,2,10,2,2.47125
9864745,201612,37077,11290,己合备,11290590,捣鞠2悼,2,20,2,4.346875
9864752,201612,37077,11290,己合备,11290590,捣鞠2悼,2,30,2,6.9625
9864759,201612,37077,11290,己合备,11290590,捣鞠2悼,2,40,2,10.4275
9864766,201612,37077,11290,己合备,11290590,捣鞠2悼,2,50,2,10.725
9864773,201612,37077,11290,己合备,11290590,捣鞠2悼,2,60,2,9.565
9865172,201612,37081,11290,己合备,11290590,捣鞠2悼,1,0,2,13.813
9865179,201612,37081,11290,己合备,11290590,捣鞠2悼,1,10,2,0.7943636
9865186,201612,37081,11290,己合备,11290590,捣鞠2悼,1,20,2,0.99163634
9865193,201612,37081,11290,己合备,11290590,捣鞠2悼,1,30,2,4.044909
9865200,201612,37081,11290,己合备,11290590,捣鞠2悼,1,40,2,4.267273
9865207,201612,37081,11290,己合备,11290590,捣鞠2悼,1,50,2,3.1286364
9865214,201612,37081,11290,己合备,11290590,捣鞠2悼,1,60,2,0.5861818
9865221,201612,37081,11290,己合备,11290590,捣鞠2悼,2,0,2,2.486818
9865235,201612,37081,11290,己合备,11290590,捣鞠2悼,2,20,2,0.3825
9865242,201612,37081,11290,己合备,11290590,捣鞠2悼,2,30,2,0.43204546
9865249,201612,37081,11290,己合备,11290590,捣鞠2悼,2,40,2,0.83931816
9865256,201612,37081,11290,己合备,11290590,捣鞠2悼,2,50,2,0.6325
9865263,201612,37081,11290,己合备,11290590,捣鞠2悼,2,60,2,0.20045455
9865466,201612,37085,11290,己合备,11290630,沥釜2悼,1,0,2,2.7922857
9865487,201612,37085,11290,己合备,11290630,沥釜2悼,1,30,2,0.46185714
9865494,201612,37085,11290,己合备,11290630,沥釜2悼,1,40,2,1.5335715
9865501,201612,37085,11290,己合备,11290630,沥釜2悼,1,50,2,0.7072857
9865508,201612,37085,11290,己合备,11290630,沥釜2悼,1,60,2,0.08957143
9865515,201612,37085,11290,己合备,11290630,沥釜2悼,2,0,2,0.4867857
9865536,201612,37085,11290,己合备,11290630,沥釜2悼,2,30,2,0.07357143
9865543,201612,37085,11290,己合备,11290630,沥釜2悼,2,40,2,0.33964285
9865550,201612,37085,11290,己合备,11290630,沥釜2悼,2,50,2,0.07357143
9865564,201612,37086,11290,己合备,11290630,沥釜2悼,1,0,2,2.729
9865585,201612,37086,11290,己合备,11290630,沥釜2悼,1,30,2,0.38
9865592,201612,37086,11290,己合备,11290630,沥釜2悼,1,40,2,1.515
9865599,201612,37086,11290,己合备,11290630,沥釜2悼,1,50,2,0.606
9865606,201612,37086,11290,己合备,11290630,沥釜2悼,1,60,2,0.228
9865613,201612,37086,11290,己合备,11290630,沥釜2悼,2,0,2,0.7475
9865634,201612,37086,11290,己合备,11290630,沥釜2悼,2,30,2,0.1875
9865641,201612,37086,11290,己合备,11290630,沥釜2悼,2,40,2,0.3725
9865648,201612,37086,11290,己合备,11290630,沥釜2悼,2,50,2,0.1875
9865662,201612,37087,11290,己合备,11290630,沥釜2悼,1,0,2,2.573
9865683,201612,37087,11290,己合备,11290630,沥釜2悼,1,30,2,0.303
9865690,201612,37087,11290,己合备,11290630,沥釜2悼,1,40,2,1.438
9865697,201612,37087,11290,己合备,11290630,沥釜2悼,1,50,2,0.756
9865704,201612,37087,11290,己合备,11290630,沥釜2悼,1,60,2,0.076
9865760,201612,37088,11290,己合备,11290630,沥釜2悼,1,0,2,0.862
9865781,201612,37088,11290,己合备,11290630,沥釜2悼,1,30,2,0.114
9865788,201612,37088,11290,己合备,11290630,沥釜2悼,1,40,2,0.45875
9865795,201612,37088,11290,己合备,11290630,沥釜2悼,1,50,2,0.256
9865802,201612,37088,11290,己合备,11290630,沥釜2悼,1,60,2,0.03325
9868602,201612,37113,11290,己合备,11290630,沥釜2悼,1,0,2,2.729
9868623,201612,37113,11290,己合备,11290630,沥釜2悼,1,30,2,0.38
9868630,201612,37113,11290,己合备,11290630,沥釜2悼,1,40,2,1.515
9868637,201612,37113,11290,己合备,11290630,沥釜2悼,1,50,2,0.606
9868644,201612,37113,11290,己合备,11290630,沥釜2悼,1,60,2,0.228
9868651,201612,37113,11290,己合备,11290630,沥釜2悼,2,0,2,0.7475
9868672,201612,37113,11290,己合备,11290630,沥釜2悼,2,30,2,0.1875
9868679,201612,37113,11290,己合备,11290630,沥釜2悼,2,40,2,0.3725
9868686,201612,37113,11290,己合备,11290630,沥釜2悼,2,50,2,0.1875
9868700,201612,37114,11290,己合备,11290630,沥釜2悼,1,0,2,3.639
9868721,201612,37114,11290,己合备,11290630,沥釜2悼,1,30,2,0.513
9868728,201612,37114,11290,己合备,11290630,沥釜2悼,1,40,2,1.988
9868735,201612,37114,11290,己合备,11290630,沥釜2悼,1,50,2,0.853
9868742,201612,37114,11290,己合备,11290630,沥釜2悼,1,60,2,0.285
9868749,201612,37114,11290,己合备,11290630,沥釜2悼,2,0,2,0.84
9868770,201612,37114,11290,己合备,11290630,沥釜2悼,2,30,2,0.21
9868777,201612,37114,11290,己合备,11290630,沥釜2悼,2,40,2,0.42
9868784,201612,37114,11290,己合备,11290630,沥釜2悼,2,50,2,0.21
9871248,201612,37138,11290,己合备,11290590,捣鞠2悼,1,0,2,2.657
9871269,201612,37138,11290,己合备,11290590,捣鞠2悼,1,30,2,0.519
9871276,201612,37138,11290,己合备,11290590,捣鞠2悼,1,40,2,1.0393333
9871283,201612,37138,11290,己合备,11290590,捣鞠2悼,1,50,2,0.947
9871290,201612,37138,11290,己合备,11290590,捣鞠2悼,1,60,2,0.15166667
9871297,201612,37138,11290,己合备,11290590,捣鞠2悼,2,0,2,0.68583333
9871318,201612,37138,11290,己合备,11290590,捣鞠2悼,2,30,2,0.075833336
9871325,201612,37138,11290,己合备,11290590,捣鞠2悼,2,40,2,0.305
9871332,201612,37138,11290,己合备,11290590,捣鞠2悼,2,50,2,0.22916667
9871339,201612,37138,11290,己合备,11290590,捣鞠2悼,2,60,2,0.075833336
9872424,201612,37153,11290,己合备,11290590,捣鞠2悼,1,0,2,87.4355
9872431,201612,37153,11290,己合备,11290590,捣鞠2悼,1,10,2,6.809
9872438,201612,37153,11290,己合备,11290590,捣鞠2悼,1,20,2,9.2705
9872445,201612,37153,11290,己合备,11290590,捣鞠2悼,1,30,2,14.623
9872452,201612,37153,11290,己合备,11290590,捣鞠2悼,1,40,2,20.5265
9872459,201612,37153,11290,己合备,11290590,捣鞠2悼,1,50,2,19.015
9872466,201612,37153,11290,己合备,11290590,捣鞠2悼,1,60,2,17.1915
9872473,201612,37153,11290,己合备,11290590,捣鞠2悼,2,0,2,49.74
9872480,201612,37153,11290,己合备,11290590,捣鞠2悼,2,10,2,2.41625
9872487,201612,37153,11290,己合备,11290590,捣鞠2悼,2,20,2,4.915
9872494,201612,37153,11290,己合备,11290590,捣鞠2悼,2,30,2,8.0775
9872501,201612,37153,11290,己合备,11290590,捣鞠2悼,2,40,2,11.8975
9872508,201612,37153,11290,己合备,11290590,捣鞠2悼,2,50,2,12.37125
9872515,201612,37153,11290,己合备,11290590,捣鞠2悼,2,60,2,10.0625
9872718,201612,37156,11290,己合备,11290630,沥釜2悼,1,0,2,1.5985
9872739,201612,37156,11290,己合备,11290630,沥釜2悼,1,30,2,0.254
9872746,201612,37156,11290,己合备,11290630,沥釜2悼,1,40,2,0.8513333
9872753,201612,37156,11290,己合备,11290630,沥釜2悼,1,50,2,0.4105
9872760,201612,37156,11290,己合备,11290630,沥釜2悼,1,60,2,0.082666665
9872767,201612,37156,11290,己合备,11290630,沥釜2悼,2,0,2,0.30041668
9872788,201612,37156,11290,己合备,11290630,沥釜2悼,2,30,2,0.03125
9872795,201612,37156,11290,己合备,11290630,沥釜2悼,2,40,2,0.23791666
9872802,201612,37156,11290,己合备,11290630,沥釜2悼,2,50,2,0.03125
9875266,201612,37182,11290,己合备,11290590,捣鞠2悼,1,0,2,51.1695
9875273,201612,37182,11290,己合备,11290590,捣鞠2悼,1,10,2,4.300667
9875280,201612,37182,11290,己合备,11290590,捣鞠2悼,1,20,2,4.4653335
9875287,201612,37182,11290,己合备,11290590,捣鞠2悼,1,30,2,8.248167
9875294,201612,37182,11290,己合备,11290590,捣鞠2悼,1,40,2,12.5475
9875301,201612,37182,11290,己合备,11290590,捣鞠2悼,1,50,2,11.298333
9875308,201612,37182,11290,己合备,11290590,捣鞠2悼,1,60,2,10.3095
9875315,201612,37182,11290,己合备,11290590,捣鞠2悼,2,0,2,28.190416
9875322,201612,37182,11290,己合备,11290590,捣鞠2悼,2,10,2,1.4258333
9875329,201612,37182,11290,己合备,11290590,捣鞠2悼,2,20,2,2.6229167
9875336,201612,37182,11290,己合备,11290590,捣鞠2悼,2,30,2,4.2904167
9875343,201612,37182,11290,己合备,11290590,捣鞠2悼,2,40,2,6.55
9875350,201612,37182,11290,己合备,11290590,捣鞠2悼,2,50,2,6.89375
9875357,201612,37182,11290,己合备,11290590,捣鞠2悼,2,60,2,6.4075
9877422,201612,37204,11290,己合备,11290590,捣鞠2悼,1,0,2,4.089
9877443,201612,37204,11290,己合备,11290590,捣鞠2悼,1,30,2,0.799
9877450,201612,37204,11290,己合备,11290590,捣鞠2悼,1,40,2,1.598
9877457,201612,37204,11290,己合备,11290590,捣鞠2悼,1,50,2,1.457
9877464,201612,37204,11290,己合备,11290590,捣鞠2悼,1,60,2,0.235
9877471,201612,37204,11290,己合备,11290590,捣鞠2悼,2,0,2,1.0608333
9877492,201612,37204,11290,己合备,11290590,捣鞠2悼,2,30,2,0.1175
9877499,201612,37204,11290,己合备,11290590,捣鞠2悼,2,40,2,0.47166666
9877506,201612,37204,11290,己合备,11290590,捣鞠2悼,2,50,2,0.35416666
9877513,201612,37204,11290,己合备,11290590,捣鞠2悼,2,60,2,0.1175
9877716,201612,37207,11290,己合备,11290590,捣鞠2悼,1,0,2,12.053429
9877723,201612,37207,11290,己合备,11290590,捣鞠2悼,1,10,2,0.21657144
9877730,201612,37207,11290,己合备,11290590,捣鞠2悼,1,20,2,1.7395715
9877737,201612,37207,11290,己合备,11290590,捣鞠2悼,1,30,2,4.352
9877744,201612,37207,11290,己合备,11290590,捣鞠2悼,1,40,2,3.2005715
9877751,201612,37207,11290,己合备,11290590,捣鞠2悼,1,50,2,1.9935714
9877758,201612,37207,11290,己合备,11290590,捣鞠2悼,1,60,2,0.5511429
9877765,201612,37207,11290,己合备,11290590,捣鞠2悼,2,0,2,2.2425
9877779,201612,37207,11290,己合备,11290590,捣鞠2悼,2,20,2,0.33607143
9877786,201612,37207,11290,己合备,11290590,捣鞠2悼,2,30,2,0.42785713
9877793,201612,37207,11290,己合备,11290590,捣鞠2悼,2,40,2,0.625
9877800,201612,37207,11290,己合备,11290590,捣鞠2悼,2,50,2,0.63964283
9877807,201612,37207,11290,己合备,11290590,捣鞠2悼,2,60,2,0.21392857
9878402,201612,37214,11290,己合备,11290590,捣鞠2悼,1,0,2,31.1085
9878409,201612,37214,11290,己合备,11290590,捣鞠2悼,1,10,2,0.7575
9878416,201612,37214,11290,己合备,11290590,捣鞠2悼,1,20,2,4.685
9878423,201612,37214,11290,己合备,11290590,捣鞠2悼,1,30,2,6.627
9878430,201612,37214,11290,己合备,11290590,捣鞠2悼,1,40,2,8.008
9878437,201612,37214,11290,己合备,11290590,捣鞠2悼,1,50,2,7.167
9878444,201612,37214,11290,己合备,11290590,捣鞠2悼,1,60,2,3.864
9878451,201612,37214,11290,己合备,11290590,捣鞠2悼,2,0,2,15.2625
9878465,201612,37214,11290,己合备,11290590,捣鞠2悼,2,20,2,1.70375
9878472,201612,37214,11290,己合备,11290590,捣鞠2悼,2,30,2,2.98375
9878479,201612,37214,11290,己合备,11290590,捣鞠2悼,2,40,2,4.41125
9878486,201612,37214,11290,己合备,11290590,捣鞠2悼,2,50,2,4.56875
9878493,201612,37214,11290,己合备,11290590,捣鞠2悼,2,60,2,1.595
9878500,201612,37215,11290,己合备,11290590,捣鞠2悼,1,0,2,57.424168
9878507,201612,37215,11290,己合备,11290590,捣鞠2悼,1,10,2,3.2375
9878514,201612,37215,11290,己合备,11290590,捣鞠2悼,1,20,2,6.836
9878521,201612,37215,11290,己合备,11290590,捣鞠2悼,1,30,2,10.879
9878528,201612,37215,11290,己合备,11290590,捣鞠2悼,1,40,2,14.224334
9878535,201612,37215,11290,己合备,11290590,捣鞠2悼,1,50,2,12.807667
9878542,201612,37215,11290,己合备,11290590,捣鞠2悼,1,60,2,9.439667
9878549,201612,37215,11290,己合备,11290590,捣鞠2悼,2,0,2,31.0325
9878556,201612,37215,11290,己合备,11290590,捣鞠2悼,2,10,2,0.9033333
9878563,201612,37215,11290,己合备,11290590,捣鞠2悼,2,20,2,3.0491667
9878570,201612,37215,11290,己合备,11290590,捣鞠2悼,2,30,2,5.46125
9878577,201612,37215,11290,己合备,11290590,捣鞠2悼,2,40,2,8.25125
9878584,201612,37215,11290,己合备,11290590,捣鞠2悼,2,50,2,8.445833
9878591,201612,37215,11290,己合备,11290590,捣鞠2悼,2,60,2,4.9216666
9878794,201612,37218,11290,己合备,11290630,沥釜2悼,1,0,2,35.727
9878801,201612,37218,11290,己合备,11290630,沥釜2悼,1,10,2,1.105
9878808,201612,37218,11290,己合备,11290630,沥釜2悼,1,20,2,3.758
9878815,201612,37218,11290,己合备,11290630,沥釜2悼,1,30,2,7.513
9878822,201612,37218,11290,己合备,11290630,沥釜2悼,1,40,2,9.575
9878829,201612,37218,11290,己合备,11290630,沥釜2悼,1,50,2,7.882
9878836,201612,37218,11290,己合备,11290630,沥釜2悼,1,60,2,5.894
9878843,201612,37218,11290,己合备,11290630,沥釜2悼,2,0,2,17.385
9878857,201612,37218,11290,己合备,11290630,沥釜2悼,2,20,2,1.8275
9878864,201612,37218,11290,己合备,11290630,沥釜2悼,2,30,2,3.295
9878871,201612,37218,11290,己合备,11290630,沥釜2悼,2,40,2,5.125
9878878,201612,37218,11290,己合备,11290630,沥釜2悼,2,50,2,4.76
9878885,201612,37218,11290,己合备,11290630,沥釜2悼,2,60,2,2.3775
9880166,201612,37230,11290,己合备,11290630,沥釜2悼,1,0,2,39.071
9880173,201612,37230,11290,己合备,11290630,沥釜2悼,1,10,2,0.946
9880180,201612,37230,11290,己合备,11290630,沥釜2悼,1,20,2,3.57
9880187,201612,37230,11290,己合备,11290630,沥釜2悼,1,30,2,7.923333
9880194,201612,37230,11290,己合备,11290630,沥釜2悼,1,40,2,10.860666
9880201,201612,37230,11290,己合备,11290630,沥釜2悼,1,50,2,9.382667
9880208,201612,37230,11290,己合备,11290630,沥釜2悼,1,60,2,6.3883333
9880215,201612,37230,11290,己合备,11290630,沥釜2悼,2,0,2,19.086666
9880229,201612,37230,11290,己合备,11290630,沥釜2悼,2,20,2,1.6966667
9880236,201612,37230,11290,己合备,11290630,沥釜2悼,2,30,2,3.4383333
9880243,201612,37230,11290,己合备,11290630,沥釜2悼,2,40,2,5.5575
9880250,201612,37230,11290,己合备,11290630,沥釜2悼,2,50,2,5.35
9880257,201612,37230,11290,己合备,11290630,沥釜2悼,2,60,2,3.0441666
9880656,201612,37235,11290,己合备,11290630,沥釜2悼,1,0,2,5.6526666
9880677,201612,37235,11290,己合备,11290630,沥釜2悼,1,30,2,0.757
9880684,201612,37235,11290,己合备,11290630,沥釜2悼,1,40,2,3.104
9880691,201612,37235,11290,己合备,11290630,沥釜2悼,1,50,2,1.438
9880698,201612,37235,11290,己合备,11290630,沥釜2悼,1,60,2,0.35366666
9880705,201612,37235,11290,己合备,11290630,沥釜2悼,2,0,2,0.87166667
9880726,201612,37235,11290,己合备,11290630,沥釜2悼,2,30,2,0.21833333
9880733,201612,37235,11290,己合备,11290630,沥釜2悼,2,40,2,0.435
9880740,201612,37235,11290,己合备,11290630,沥釜2悼,2,50,2,0.21833333
9880754,201612,37236,11290,己合备,11290630,沥釜2悼,1,0,2,1.515
9880775,201612,37236,11290,己合备,11290630,沥釜2悼,1,30,2,0.228
9880782,201612,37236,11290,己合备,11290630,沥釜2悼,1,40,2,0.756
9880789,201612,37236,11290,己合备,11290630,沥釜2悼,1,50,2,0.455
9880796,201612,37236,11290,己合备,11290630,沥釜2悼,1,60,2,0.076
9881342,201612,37241,11290,己合备,11290630,沥釜2悼,1,0,2,3.81
9881363,201612,37241,11290,己合备,11290630,沥釜2悼,1,30,2,0.5415
9881370,201612,37241,11290,己合备,11290630,沥釜2悼,1,40,2,2.0735
9881377,201612,37241,11290,己合备,11290630,沥釜2悼,1,50,2,0.8815
9881384,201612,37241,11290,己合备,11290630,沥釜2悼,1,60,2,0.3135
9881391,201612,37241,11290,己合备,11290630,沥釜2悼,2,0,2,0.98
9881412,201612,37241,11290,己合备,11290630,沥釜2悼,2,30,2,0.21
9881419,201612,37241,11290,己合备,11290630,沥釜2悼,2,40,2,0.56
9881426,201612,37241,11290,己合备,11290630,沥釜2悼,2,50,2,0.21
9884674,201612,37275,11290,己合备,11290590,捣鞠2悼,1,0,2,13.456
9884681,201612,37275,11290,己合备,11290590,捣鞠2悼,1,10,2,0.29
9884695,201612,37275,11290,己合备,11290590,捣鞠2悼,1,30,2,2.784
9884702,201612,37275,11290,己合备,11290590,捣鞠2悼,1,40,2,4.872
9884709,201612,37275,11290,己合备,11290590,捣鞠2悼,1,50,2,4.118
9884716,201612,37275,11290,己合备,11290590,捣鞠2悼,1,60,2,1.392
9884723,201612,37275,11290,己合备,11290590,捣鞠2悼,2,0,2,5.125
9884744,201612,37275,11290,己合备,11290590,捣鞠2悼,2,30,2,0.875
9884751,201612,37275,11290,己合备,11290590,捣鞠2悼,2,40,2,2.05
9884758,201612,37275,11290,己合备,11290590,捣鞠2悼,2,50,2,1.6125
9884765,201612,37275,11290,己合备,11290590,捣鞠2悼,2,60,2,0.5875
9886732,201612,37295,11290,己合备,11290630,沥釜2悼,1,0,2,3.4303334
9886753,201612,37295,11290,己合备,11290630,沥釜2悼,1,30,2,0.494
9886760,201612,37295,11290,己合备,11290630,沥釜2悼,1,40,2,1.841
9886767,201612,37295,11290,己合备,11290630,沥釜2悼,1,50,2,0.81666666
9886774,201612,37295,11290,己合备,11290630,沥釜2悼,1,60,2,0.27866668
9886781,201612,37295,11290,己合备,11290630,沥釜2悼,2,0,2,0.845
9886802,201612,37295,11290,己合备,11290630,沥釜2悼,2,30,2,0.15583333
9886809,201612,37295,11290,己合备,11290630,沥釜2悼,2,40,2,0.53333336
9886816,201612,37295,11290,己合备,11290630,沥釜2悼,2,50,2,0.15583333
9886928,201612,37297,11290,己合备,11290630,沥釜2悼,1,0,2,37.352
9886935,201612,37297,11290,己合备,11290630,沥釜2悼,1,10,2,1.276
9886942,201612,37297,11290,己合备,11290630,沥釜2悼,1,20,2,3.364
9886949,201612,37297,11290,己合备,11290630,沥釜2悼,1,30,2,7.482
9886956,201612,37297,11290,己合备,11290630,沥釜2悼,1,40,2,10.034
9886963,201612,37297,11290,己合备,11290630,沥釜2悼,1,50,2,8.874
9886970,201612,37297,11290,己合备,11290630,沥釜2悼,1,60,2,6.322
9886977,201612,37297,11290,己合备,11290630,沥釜2悼,2,0,2,19.4275
9886991,201612,37297,11290,己合备,11290630,沥釜2悼,2,20,2,1.6125
9886998,201612,37297,11290,己合备,11290630,沥釜2悼,2,30,2,3.68
9887005,201612,37297,11290,己合备,11290630,沥釜2悼,2,40,2,5.6
9887012,201612,37297,11290,己合备,11290630,沥釜2悼,2,50,2,5.4525
9887019,201612,37297,11290,己合备,11290630,沥釜2悼,2,60,2,3.0825
9887320,201612,37300,11290,己合备,11290630,沥釜2悼,1,0,2,4.944667
9887341,201612,37300,11290,己合备,11290630,沥釜2悼,1,30,2,0.70633334
9887348,201612,37300,11290,己合备,11290630,沥釜2悼,1,40,2,2.6493332
9887355,201612,37300,11290,己合备,11290630,沥釜2悼,1,50,2,1.2353333
9887362,201612,37300,11290,己合备,11290630,沥釜2悼,1,60,2,0.35366666
9887369,201612,37300,11290,己合备,11290630,沥釜2悼,2,0,2,0.87166667
9887390,201612,37300,11290,己合备,11290630,沥釜2悼,2,30,2,0.21833333
9887397,201612,37300,11290,己合备,11290630,沥釜2悼,2,40,2,0.435
9887404,201612,37300,11290,己合备,11290630,沥釜2悼,2,50,2,0.21833333
9887418,201612,37301,11290,己合备,11290630,沥釜2悼,1,0,2,3.184
9887439,201612,37301,11290,己合备,11290630,沥釜2悼,1,30,2,0.456
9887446,201612,37301,11290,己合备,11290630,沥釜2悼,1,40,2,1.704
9887453,201612,37301,11290,己合备,11290630,沥釜2悼,1,50,2,0.796
9887460,201612,37301,11290,己合备,11290630,沥釜2悼,1,60,2,0.228
9887467,201612,37301,11290,己合备,11290630,沥釜2悼,2,0,2,0.56
9887488,201612,37301,11290,己合备,11290630,沥釜2悼,2,30,2,0.14
9887495,201612,37301,11290,己合备,11290630,沥釜2悼,2,40,2,0.28
9887502,201612,37301,11290,己合备,11290630,沥釜2悼,2,50,2,0.14
9890456,201612,37332,11290,己合备,11290630,沥釜2悼,1,0,2,2.262
9890477,201612,37332,11290,己合备,11290630,沥釜2悼,1,30,2,0.348
9890484,201612,37332,11290,己合备,11290630,沥釜2悼,1,40,2,1.131
9890491,201612,37332,11290,己合备,11290630,沥釜2悼,1,50,2,0.609
9890498,201612,37332,11290,己合备,11290630,沥釜2悼,1,60,2,0.174
9890505,201612,37332,11290,己合备,11290630,沥釜2悼,2,0,2,0.4375
9890533,201612,37332,11290,己合备,11290630,沥釜2悼,2,40,2,0.4375
9894180,201612,37369,11290,己合备,11290630,沥釜2悼,1,0,2,1.5934
9894201,201612,37369,11290,己合备,11290630,沥釜2悼,1,30,2,0.2394
9894208,201612,37369,11290,己合备,11290630,沥釜2悼,1,40,2,0.7958
9894215,201612,37369,11290,己合备,11290630,沥釜2悼,1,50,2,0.4784
9894222,201612,37369,11290,己合备,11290630,沥釜2悼,1,60,2,0.0798
9894376,201612,37370,11290,己合备,11290630,沥釜2悼,1,0,2,0.37875
9894397,201612,37370,11290,己合备,11290630,沥釜2悼,1,30,2,0.057
9894404,201612,37370,11290,己合备,11290630,沥釜2悼,1,40,2,0.189
9894411,201612,37370,11290,己合备,11290630,沥釜2悼,1,50,2,0.11375
9894418,201612,37370,11290,己合备,11290630,沥釜2悼,1,60,2,0.019
9894670,201612,37373,11290,己合备,11290590,捣鞠2悼,1,0,2,77.949
9894677,201612,37373,11290,己合备,11290590,捣鞠2悼,1,10,2,7.2658
9894684,201612,37373,11290,己合备,11290590,捣鞠2悼,1,20,2,11.0336
9894691,201612,37373,11290,己合备,11290590,捣鞠2悼,1,30,2,14.4382
9894698,201612,37373,11290,己合备,11290590,捣鞠2悼,1,40,2,18.0786
9894705,201612,37373,11290,己合备,11290590,捣鞠2悼,1,50,2,14.959
9894712,201612,37373,11290,己合备,11290590,捣鞠2悼,1,60,2,12.1738
9894719,201612,37373,11290,己合备,11290590,捣鞠2悼,2,0,2,41.181
9894726,201612,37373,11290,己合备,11290590,捣鞠2悼,2,10,2,1.4985
9894733,201612,37373,11290,己合备,11290590,捣鞠2悼,2,20,2,5.6755
9894740,201612,37373,11290,己合备,11290590,捣鞠2悼,2,30,2,7.2055
9894747,201612,37373,11290,己合备,11290590,捣鞠2悼,2,40,2,10.2955
9894754,201612,37373,11290,己合备,11290590,捣鞠2悼,2,50,2,10.2265
9894761,201612,37373,11290,己合备,11290590,捣鞠2悼,2,60,2,6.2795
9895552,201612,37381,11290,己合备,11290590,捣鞠2悼,1,0,2,76.2495
9895559,201612,37381,11290,己合备,11290590,捣鞠2悼,1,10,2,6.2485
9895566,201612,37381,11290,己合备,11290590,捣鞠2悼,1,20,2,10.232
9895573,201612,37381,11290,己合备,11290590,捣鞠2悼,1,30,2,13.954
9895580,201612,37381,11290,己合备,11290590,捣鞠2悼,1,40,2,17.742
9895587,201612,37381,11290,己合备,11290590,捣鞠2悼,1,50,2,15.25
9895594,201612,37381,11290,己合备,11290590,捣鞠2悼,1,60,2,12.823
9895601,201612,37381,11290,己合备,11290590,捣鞠2悼,2,0,2,41.1225
9895608,201612,37381,11290,己合备,11290590,捣鞠2悼,2,10,2,1.515
9895615,201612,37381,11290,己合备,11290590,捣鞠2悼,2,20,2,5.26375
9895622,201612,37381,11290,己合备,11290590,捣鞠2悼,2,30,2,6.8575
9895629,201612,37381,11290,己合备,11290590,捣鞠2悼,2,40,2,10.12
9895636,201612,37381,11290,己合备,11290590,捣鞠2悼,2,50,2,10.5925
9895643,201612,37381,11290,己合备,11290590,捣鞠2悼,2,60,2,6.77375
9896630,201612,37392,11290,己合备,11290630,沥釜2悼,1,0,2,2.627
9896651,201612,37392,11290,己合备,11290630,沥釜2悼,1,30,2,0.382
9896658,201612,37392,11290,己合备,11290630,沥釜2悼,1,40,2,1.397
9896665,201612,37392,11290,己合备,11290630,沥釜2悼,1,50,2,0.636
9896672,201612,37392,11290,己合备,11290630,沥釜2悼,1,60,2,0.212
9896679,201612,37392,11290,己合备,11290630,沥釜2悼,2,0,2,0.6275
9896700,201612,37392,11290,己合备,11290630,沥釜2悼,2,30,2,0.105
9896707,201612,37392,11290,己合备,11290630,沥釜2悼,2,40,2,0.4175
9896714,201612,37392,11290,己合备,11290630,沥釜2悼,2,50,2,0.105
9897218,201612,37398,11290,己合备,11290630,沥釜2悼,1,0,2,32.306
9897225,201612,37398,11290,己合备,11290630,沥釜2悼,1,10,2,1.276
9897232,201612,37398,11290,己合备,11290630,沥釜2悼,1,20,2,3.364
9897239,201612,37398,11290,己合备,11290630,沥釜2悼,1,30,2,6.496
9897246,201612,37398,11290,己合备,11290630,沥釜2悼,1,40,2,8.062
9897253,201612,37398,11290,己合备,11290630,沥釜2悼,1,50,2,7.076
9897260,201612,37398,11290,己合备,11290630,沥釜2悼,1,60,2,6.032
9897267,201612,37398,11290,己合备,11290630,沥釜2悼,2,0,2,18.115
9897281,201612,37398,11290,己合备,11290630,沥釜2悼,2,20,2,1.6125
9897288,201612,37398,11290,己合备,11290630,沥釜2悼,2,30,2,3.535
9897295,201612,37398,11290,己合备,11290630,沥釜2悼,2,40,2,5.015
9897302,201612,37398,11290,己合备,11290630,沥釜2悼,2,50,2,5.015
9897309,201612,37398,11290,己合备,11290630,沥釜2悼,2,60,2,2.9375
9898002,201612,37405,11290,己合备,11290590,捣鞠2悼,1,0,2,11.772
9898009,201612,37405,11290,己合备,11290590,捣鞠2悼,1,10,2,0.24333334
9898023,201612,37405,11290,己合备,11290590,捣鞠2悼,1,30,2,2.4086666
9898030,201612,37405,11290,己合备,11290590,捣鞠2悼,1,40,2,4.3506665
9898037,201612,37405,11290,己合备,11290590,捣鞠2悼,1,50,2,3.5786667
9898044,201612,37405,11290,己合备,11290590,捣鞠2悼,1,60,2,1.1906667
9898051,201612,37405,11290,己合备,11290590,捣鞠2悼,2,0,2,4.345
9898072,201612,37405,11290,己合备,11290590,捣鞠2悼,2,30,2,0.73
9898079,201612,37405,11290,己合备,11290590,捣鞠2悼,2,40,2,1.7816666
9898086,201612,37405,11290,己合备,11290590,捣鞠2悼,2,50,2,1.3441666
9898093,201612,37405,11290,己合备,11290590,捣鞠2悼,2,60,2,0.48916668
9898982,201612,37416,11290,己合备,11290630,沥釜2悼,1,0,2,27.7706
9898989,201612,37416,11290,己合备,11290630,沥釜2悼,1,10,2,0.6992
9898996,201612,37416,11290,己合备,11290630,沥釜2悼,1,20,2,2.2974
9899003,201612,37416,11290,己合备,11290630,沥釜2悼,1,30,2,5.6469
9899010,201612,37416,11290,己合备,11290630,沥釜2悼,1,40,2,7.8999
9899017,201612,37416,11290,己合备,11290630,沥釜2悼,1,50,2,6.7985
9899024,201612,37416,11290,己合备,11290630,沥釜2悼,1,60,2,4.4287
9899031,201612,37416,11290,己合备,11290630,沥釜2悼,2,0,2,13.53375
9899045,201612,37416,11290,己合备,11290630,沥釜2悼,2,20,2,1.0995
9899052,201612,37416,11290,己合备,11290630,沥釜2悼,2,30,2,2.44875
9899059,201612,37416,11290,己合备,11290630,沥釜2悼,2,40,2,4.048
9899066,201612,37416,11290,己合备,11290630,沥釜2悼,2,50,2,3.82925
9899073,201612,37416,11290,己合备,11290630,沥釜2悼,2,60,2,2.10825
9899766,201612,37427,11290,己合备,11290630,沥釜2悼,1,0,2,4.211875
9899787,201612,37427,11290,己合备,11290630,沥釜2悼,1,30,2,0.946875
9899794,201612,37427,11290,己合备,11290630,沥釜2悼,1,40,2,1.608375
9899801,201612,37427,11290,己合备,11290630,沥釜2悼,1,50,2,1.372
9899808,201612,37427,11290,己合备,11290630,沥釜2悼,1,60,2,0.284625
9899815,201612,37427,11290,己合备,11290630,沥釜2悼,2,0,2,0.7
9899836,201612,37427,11290,己合备,11290630,沥釜2悼,2,30,2,0.116875
9899843,201612,37427,11290,己合备,11290630,沥釜2悼,2,40,2,0.233125
9899850,201612,37427,11290,己合备,11290630,沥釜2悼,2,50,2,0.233125
9899857,201612,37427,11290,己合备,11290630,沥釜2悼,2,60,2,0.116875
9901824,201612,37447,11290,己合备,11290590,捣鞠2悼,1,0,2,75.177
9901831,201612,37447,11290,己合备,11290590,捣鞠2悼,1,10,2,6.28
9901838,201612,37447,11290,己合备,11290590,捣鞠2悼,1,20,2,9.196
9901845,201612,37447,11290,己合备,11290590,捣鞠2悼,1,30,2,14.05
9901852,201612,37447,11290,己合备,11290590,捣鞠2悼,1,40,2,17.611
9901859,201612,37447,11290,己合备,11290590,捣鞠2悼,1,50,2,14.958
9901866,201612,37447,11290,己合备,11290590,捣鞠2悼,1,60,2,13.082
9901873,201612,37447,11290,己合备,11290590,捣鞠2悼,2,0,2,40.16
9901880,201612,37447,11290,己合备,11290590,捣鞠2悼,2,10,2,1.115
9901887,201612,37447,11290,己合备,11290590,捣鞠2悼,2,20,2,4.785
9901894,201612,37447,11290,己合备,11290590,捣鞠2悼,2,30,2,6.6975
9901901,201612,37447,11290,己合备,11290590,捣鞠2悼,2,40,2,10.0375
9901908,201612,37447,11290,己合备,11290590,捣鞠2悼,2,50,2,10.3525
9901915,201612,37447,11290,己合备,11290590,捣鞠2悼,2,60,2,7.1725
9903686,201612,37468,11290,己合备,11290590,捣鞠2悼,1,0,2,75.649
9903693,201612,37468,11290,己合备,11290590,捣鞠2悼,1,10,2,7.19
9903700,201612,37468,11290,己合备,11290590,捣鞠2悼,1,20,2,8.987
9903707,201612,37468,11290,己合备,11290590,捣鞠2悼,1,30,2,14.6735
9903714,201612,37468,11290,己合备,11290590,捣鞠2悼,1,40,2,18.896
9903721,201612,37468,11290,己合备,11290590,捣鞠2悼,1,50,2,15.36
9903728,201612,37468,11290,己合备,11290590,捣鞠2悼,1,60,2,10.5425
9903735,201612,37468,11290,己合备,11290590,捣鞠2悼,2,0,2,42.62625
9903742,201612,37468,11290,己合备,11290590,捣鞠2悼,2,10,2,2.68875
9903749,201612,37468,11290,己合备,11290590,捣鞠2悼,2,20,2,5.53875
9903756,201612,37468,11290,己合备,11290590,捣鞠2悼,2,30,2,8.0775
9903763,201612,37468,11290,己合备,11290590,捣鞠2悼,2,40,2,11.29375
9903770,201612,37468,11290,己合备,11290590,捣鞠2悼,2,50,2,10.24625
9903777,201612,37468,11290,己合备,11290590,捣鞠2悼,2,60,2,4.78125
9905940,201612,37493,11290,己合备,11290590,捣鞠2悼,1,0,2,35.761
9905947,201612,37493,11290,己合备,11290590,捣鞠2悼,1,10,2,0.79333335
9905954,201612,37493,11290,己合备,11290590,捣鞠2悼,1,20,2,4.3896666
9905961,201612,37493,11290,己合备,11290590,捣鞠2悼,1,30,2,7.1806664
9905968,201612,37493,11290,己合备,11290590,捣鞠2悼,1,40,2,8.792334
9905975,201612,37493,11290,己合备,11290590,捣鞠2悼,1,50,2,8.287666
9905982,201612,37493,11290,己合备,11290590,捣鞠2悼,1,60,2,6.317333
9905989,201612,37493,11290,己合备,11290590,捣鞠2悼,2,0,2,18.3925
9906003,201612,37493,11290,己合备,11290590,捣鞠2悼,2,20,2,1.7741667
9906010,201612,37493,11290,己合备,11290590,捣鞠2悼,2,30,2,2.9825
9906017,201612,37493,11290,己合备,11290590,捣鞠2悼,2,40,2,4.7116666
9906024,201612,37493,11290,己合备,11290590,捣鞠2悼,2,50,2,5.5216665
9906031,201612,37493,11290,己合备,11290590,捣鞠2悼,2,60,2,3.4025
9906038,201612,37494,11290,己合备,11290590,捣鞠2悼,1,0,2,59.58
9906045,201612,37494,11290,己合备,11290590,捣鞠2悼,1,10,2,1.295
9906052,201612,37494,11290,己合备,11290590,捣鞠2悼,1,20,2,6.09
9906059,201612,37494,11290,己合备,11290590,捣鞠2悼,1,30,2,11.786
9906066,201612,37494,11290,己合备,11290590,捣鞠2悼,1,40,2,14.635
9906073,201612,37494,11290,己合备,11290590,捣鞠2悼,1,50,2,13.987
9906080,201612,37494,11290,己合备,11290590,捣鞠2悼,1,60,2,11.787
9906087,201612,37494,11290,己合备,11290590,捣鞠2悼,2,0,2,31.5725
9906101,201612,37494,11290,己合备,11290590,捣鞠2悼,2,20,2,2.5575
9906108,201612,37494,11290,己合备,11290590,捣鞠2悼,2,30,2,4.7925
9906115,201612,37494,11290,己合备,11290590,捣鞠2悼,2,40,2,7.9675
9906122,201612,37494,11290,己合备,11290590,捣鞠2悼,2,50,2,9.555
9906129,201612,37494,11290,己合备,11290590,捣鞠2悼,2,60,2,6.7
9906332,201612,37497,11290,己合备,11290590,捣鞠2悼,1,0,2,6.595
9906339,201612,37497,11290,己合备,11290590,捣鞠2悼,1,10,2,0.111
9906346,201612,37497,11290,己合备,11290590,捣鞠2悼,1,20,2,0.408
9906353,201612,37497,11290,己合备,11290590,捣鞠2悼,1,30,2,2.05
9906360,201612,37497,11290,己合备,11290590,捣鞠2悼,1,40,2,2.161
9906367,201612,37497,11290,己合备,11290590,捣鞠2悼,1,50,2,1.528
9906374,201612,37497,11290,己合备,11290590,捣鞠2悼,1,60,2,0.337
9906381,201612,37497,11290,己合备,11290590,捣鞠2悼,2,0,2,1.1875
9906402,201612,37497,11290,己合备,11290590,捣鞠2悼,2,30,2,0.0925
9906409,201612,37497,11290,己合备,11290590,捣鞠2悼,2,40,2,0.635
9906416,201612,37497,11290,己合备,11290590,捣鞠2悼,2,50,2,0.3675
9906423,201612,37497,11290,己合备,11290590,捣鞠2悼,2,60,2,0.0925
9906920,201612,37501,11290,己合备,11290590,捣鞠2悼,1,0,2,1.895
9906941,201612,37501,11290,己合备,11290590,捣鞠2悼,1,30,2,0.285
9906948,201612,37501,11290,己合备,11290590,捣鞠2悼,1,40,2,0.946
9906955,201612,37501,11290,己合备,11290590,捣鞠2悼,1,50,2,0.569
9906962,201612,37501,11290,己合备,11290590,捣鞠2悼,1,60,2,0.095
9910840,201612,37544,11290,己合备,11290630,沥釜2悼,1,0,2,41.029
9910847,201612,37544,11290,己合备,11290630,沥釜2悼,1,10,2,1.62
9910854,201612,37544,11290,己合备,11290630,沥釜2悼,1,20,2,4.272
9910861,201612,37544,11290,己合备,11290630,沥釜2悼,1,30,2,8.251
9910868,201612,37544,11290,己合备,11290630,沥釜2悼,1,40,2,10.237
9910875,201612,37544,11290,己合备,11290630,沥釜2悼,1,50,2,8.988
9910882,201612,37544,11290,己合备,11290630,沥釜2悼,1,60,2,7.661
9910889,201612,37544,11290,己合备,11290630,沥釜2悼,2,0,2,22.5175
9910903,201612,37544,11290,己合备,11290630,沥釜2悼,2,20,2,2.01
9910910,201612,37544,11290,己合备,11290630,沥釜2悼,2,30,2,4.3925
9910917,201612,37544,11290,己合备,11290630,沥釜2悼,2,40,2,6.2275
9910924,201612,37544,11290,己合备,11290630,沥釜2悼,2,50,2,6.2275
9910931,201612,37544,11290,己合备,11290630,沥釜2悼,2,60,2,3.66
9912310,201612,37561,11290,己合备,11290590,捣鞠2悼,1,0,2,63.9635
9912317,201612,37561,11290,己合备,11290590,捣鞠2悼,1,10,2,5.125
9912324,201612,37561,11290,己合备,11290590,捣鞠2悼,1,20,2,6.5905
9912331,201612,37561,11290,己合备,11290590,捣鞠2悼,1,30,2,12.94025
9912338,201612,37561,11290,己合备,11290590,捣鞠2悼,1,40,2,16.534
9912345,201612,37561,11290,己合备,11290590,捣鞠2悼,1,50,2,13.97
9912352,201612,37561,11290,己合备,11290590,捣鞠2悼,1,60,2,8.80375
9912359,201612,37561,11290,己合备,11290590,捣鞠2悼,2,0,2,35.85125
9912366,201612,37561,11290,己合备,11290590,捣鞠2悼,2,10,2,1.593125
9912373,201612,37561,11290,己合备,11290590,捣鞠2悼,2,20,2,3.664375
9912380,201612,37561,11290,己合备,11290590,捣鞠2悼,2,30,2,7.02125
9912387,201612,37561,11290,己合备,11290590,捣鞠2悼,2,40,2,10.0825
9912394,201612,37561,11290,己合备,11290590,捣鞠2悼,2,50,2,9.355
9912401,201612,37561,11290,己合备,11290590,捣鞠2悼,2,60,2,4.135
9912702,201612,37565,11290,己合备,11290630,沥釜2悼,1,0,2,4.61
9912709,201612,37565,11290,己合备,11290630,沥釜2悼,1,10,2,0.086333334
9912716,201612,37565,11290,己合备,11290630,沥釜2悼,1,20,2,0.45466667
9912723,201612,37565,11290,己合备,11290630,沥釜2悼,1,30,2,0.91433334
9912730,201612,37565,11290,己合备,11290630,沥釜2悼,1,40,2,1.3586667
9912737,201612,37565,11290,己合备,11290630,沥釜2悼,1,50,2,1.0136666
9912744,201612,37565,11290,己合备,11290630,沥釜2悼,1,60,2,0.7823333
9912751,201612,37565,11290,己合备,11290630,沥釜2悼,2,0,2,2.1604166
9912765,201612,37565,11290,己合备,11290630,沥釜2悼,2,20,2,0.21333334
9912772,201612,37565,11290,己合备,11290630,沥釜2悼,2,30,2,0.36625
9912779,201612,37565,11290,己合备,11290630,沥釜2悼,2,40,2,0.6958333
9912786,201612,37565,11290,己合备,11290630,沥釜2悼,2,50,2,0.5495833
9912793,201612,37565,11290,己合备,11290630,沥釜2悼,2,60,2,0.33541667
9913486,201612,37573,11290,己合备,11290590,捣鞠2悼,1,0,2,28.383
9913493,201612,37573,11290,己合备,11290590,捣鞠2悼,1,10,2,2.343125
9913500,201612,37573,11290,己合备,11290590,捣鞠2悼,1,20,2,2.6305
9913507,201612,37573,11290,己合备,11290590,捣鞠2悼,1,30,2,4.837875
9913514,201612,37573,11290,己合备,11290590,捣鞠2悼,1,40,2,7.31525
9913521,201612,37573,11290,己合备,11290590,捣鞠2悼,1,50,2,6.2
9913528,201612,37573,11290,己合备,11290590,捣鞠2悼,1,60,2,5.05625
9913535,201612,37573,11290,己合备,11290590,捣鞠2悼,2,0,2,14.4765625
9913542,201612,37573,11290,己合备,11290590,捣鞠2悼,2,10,2,0.593125
9913549,201612,37573,11290,己合备,11290590,捣鞠2悼,2,20,2,1.46375
9913556,201612,37573,11290,己合备,11290590,捣鞠2悼,2,30,2,2.25125
9913563,201612,37573,11290,己合备,11290590,捣鞠2悼,2,40,2,3.515
9913570,201612,37573,11290,己合备,11290590,捣鞠2悼,2,50,2,3.5965624
9913577,201612,37573,11290,己合备,11290590,捣鞠2悼,2,60,2,3.056875
9913584,201612,37574,11290,己合备,11290590,捣鞠2悼,1,0,2,5.0162306
9913591,201612,37574,11290,己合备,11290590,捣鞠2悼,1,10,2,0.18315385
9913598,201612,37574,11290,己合备,11290590,捣鞠2悼,1,20,2,0.30823076
9913605,201612,37574,11290,己合备,11290590,捣鞠2悼,1,30,2,0.95653844
9913612,201612,37574,11290,己合备,11290590,捣鞠2悼,1,40,2,1.9166923
9913619,201612,37574,11290,己合备,11290590,捣鞠2悼,1,50,2,1.4576154
9913626,201612,37574,11290,己合备,11290590,捣鞠2悼,1,60,2,0.194
9913633,201612,37574,11290,己合备,11290590,捣鞠2悼,2,0,2,1.1336539
9913647,201612,37574,11290,己合备,11290590,捣鞠2悼,2,20,2,0.118846156
9913654,201612,37574,11290,己合备,11290590,捣鞠2悼,2,30,2,0.14403847
9913661,201612,37574,11290,己合备,11290590,捣鞠2悼,2,40,2,0.48711538
9913668,201612,37574,11290,己合备,11290590,捣鞠2悼,2,50,2,0.31538463
9913675,201612,37574,11290,己合备,11290590,捣鞠2悼,2,60,2,0.06826923
9914662,201612,37586,11290,己合备,11290630,沥釜2悼,1,0,2,0.63175
9914683,201612,37586,11290,己合备,11290630,沥釜2悼,1,30,2,0.141875
9914690,201612,37586,11290,己合备,11290630,沥釜2悼,1,40,2,0.241125
9914697,201612,37586,11290,己合备,11290630,沥釜2悼,1,50,2,0.206
9914704,201612,37586,11290,己合备,11290630,沥釜2悼,1,60,2,0.04275
9914711,201612,37586,11290,己合备,11290630,沥釜2悼,2,0,2,0.105
9914732,201612,37586,11290,己合备,11290630,沥釜2悼,2,30,2,0.0175
9914739,201612,37586,11290,己合备,11290630,沥釜2悼,2,40,2,0.035
9914746,201612,37586,11290,己合备,11290630,沥釜2悼,2,50,2,0.035
9914753,201612,37586,11290,己合备,11290630,沥釜2悼,2,60,2,0.0175
9915250,201612,37591,11290,己合备,11290590,捣鞠2悼,1,0,2,13.872
9915257,201612,37591,11290,己合备,11290590,捣鞠2悼,1,10,2,0.275
9915271,201612,37591,11290,己合备,11290590,捣鞠2悼,1,30,2,2.82
9915278,201612,37591,11290,己合备,11290590,捣鞠2悼,1,40,2,5.195
9915285,201612,37591,11290,己合备,11290590,捣鞠2悼,1,50,2,4.2
9915292,201612,37591,11290,己合备,11290590,捣鞠2悼,1,60,2,1.382
9915299,201612,37591,11290,己合备,11290590,捣鞠2悼,2,0,2,4.9375
9915320,201612,37591,11290,己合备,11290590,捣鞠2悼,2,30,2,0.8225
9915327,201612,37591,11290,己合备,11290590,捣鞠2悼,2,40,2,2.0575
9915334,201612,37591,11290,己合备,11290590,捣鞠2悼,2,50,2,1.51
9915341,201612,37591,11290,己合备,11290590,捣鞠2悼,2,60,2,0.5475
9919660,201612,37637,11290,己合备,11290630,沥釜2悼,1,0,2,26.864
9919667,201612,37637,11290,己合备,11290630,沥釜2悼,1,10,2,1.66
9919674,201612,37637,11290,己合备,11290630,沥釜2悼,1,20,2,2.322
9919681,201612,37637,11290,己合备,11290630,沥釜2悼,1,30,2,5.197
9919688,201612,37637,11290,己合备,11290630,沥釜2悼,1,40,2,6.52
9919695,201612,37637,11290,己合备,11290630,沥釜2悼,1,50,2,6.19
9919702,201612,37637,11290,己合备,11290630,沥釜2悼,1,60,2,4.975
9919709,201612,37637,11290,己合备,11290630,沥釜2悼,2,0,2,15.6675
9919723,201612,37637,11290,己合备,11290630,沥釜2悼,2,20,2,1.1
9919730,201612,37637,11290,己合备,11290630,沥釜2悼,2,30,2,3.2975
9919737,201612,37637,11290,己合备,11290630,沥釜2悼,2,40,2,4.4
9919744,201612,37637,11290,己合备,11290630,沥釜2悼,2,50,2,4.4
9919751,201612,37637,11290,己合备,11290630,沥釜2悼,2,60,2,2.47
9920836,201612,37648,11290,己合备,11290590,捣鞠2悼,1,0,2,70.15
9920843,201612,37648,11290,己合备,11290590,捣鞠2悼,1,10,2,5.5025
9920850,201612,37648,11290,己合备,11290590,捣鞠2悼,1,20,2,7.6215
9920857,201612,37648,11290,己合备,11290590,捣鞠2悼,1,30,2,13.8145
9920864,201612,37648,11290,己合备,11290590,捣鞠2悼,1,40,2,16.75
9920871,201612,37648,11290,己合备,11290590,捣鞠2悼,1,50,2,14.0515
9920878,201612,37648,11290,己合备,11290590,捣鞠2悼,1,60,2,12.41
9920885,201612,37648,11290,己合备,11290590,捣鞠2悼,2,0,2,36.24
9920892,201612,37648,11290,己合备,11290590,捣鞠2悼,2,10,2,0.26625
9920899,201612,37648,11290,己合备,11290590,捣鞠2悼,2,20,2,3.83125
9920906,201612,37648,11290,己合备,11290590,捣鞠2悼,2,30,2,6.1675
9920913,201612,37648,11290,己合备,11290590,捣鞠2悼,2,40,2,9.4
9920920,201612,37648,11290,己合备,11290590,捣鞠2悼,2,50,2,9.50375
9920927,201612,37648,11290,己合备,11290590,捣鞠2悼,2,60,2,7.07125
9921424,201612,37655,11290,己合备,11290630,沥釜2悼,1,0,2,42.887
9921431,201612,37655,11290,己合备,11290630,沥釜2悼,1,10,2,2.214
9921438,201612,37655,11290,己合备,11290630,沥釜2悼,1,20,2,2.322
9921445,201612,37655,11290,己合备,11290630,沥釜2悼,1,30,2,8.623
9921452,201612,37655,11290,己合备,11290630,沥釜2悼,1,40,2,12.045
9921459,201612,37655,11290,己合备,11290630,沥釜2悼,1,50,2,10.61
9921466,201612,37655,11290,己合备,11290630,沥釜2悼,1,60,2,7.073
9921473,201612,37655,11290,己合备,11290630,沥釜2悼,2,0,2,22.8
9921487,201612,37655,11290,己合备,11290630,沥釜2悼,2,20,2,1.1
9921494,201612,37655,11290,己合备,11290630,沥釜2悼,2,30,2,4.6675
9921501,201612,37655,11290,己合备,11290630,沥釜2悼,2,40,2,7.1425
9921508,201612,37655,11290,己合备,11290630,沥釜2悼,2,50,2,6.595
9921515,201612,37655,11290,己合备,11290630,沥釜2悼,2,60,2,3.295
9921522,201612,37656,11290,己合备,11290630,沥釜2悼,1,0,2,33.97
9921529,201612,37656,11290,己合备,11290630,沥釜2悼,1,10,2,1.237625
9921536,201612,37656,11290,己合备,11290630,沥釜2悼,1,20,2,1.855
9921543,201612,37656,11290,己合备,11290630,沥釜2悼,1,30,2,6.898375
9921550,201612,37656,11290,己合备,11290630,沥釜2悼,1,40,2,10.177375
9921557,201612,37656,11290,己合备,11290630,沥釜2悼,1,50,2,8.597875
9921564,201612,37656,11290,己合备,11290630,沥釜2悼,1,60,2,5.20375
9921571,201612,37656,11290,己合备,11290630,沥釜2悼,2,0,2,16.412188
9921585,201612,37656,11290,己合备,11290630,沥釜2悼,2,20,2,0.874375
9921592,201612,37656,11290,己合备,11290630,沥釜2悼,2,30,2,3.14375
9921599,201612,37656,11290,己合备,11290630,沥釜2悼,2,40,2,5.3078127
9921606,201612,37656,11290,己合备,11290630,沥釜2悼,2,50,2,4.730625
9921613,201612,37656,11290,己合备,11290630,沥釜2悼,2,60,2,2.355625
9922306,201612,37663,11290,己合备,11290590,捣鞠2悼,1,0,2,68.973335
9922313,201612,37663,11290,己合备,11290590,捣鞠2悼,1,10,2,6.0666666
9922320,201612,37663,11290,己合备,11290590,捣鞠2悼,1,20,2,7.613333
9922327,201612,37663,11290,己合备,11290590,捣鞠2悼,1,30,2,13.626667
9922334,201612,37663,11290,己合备,11290590,捣鞠2悼,1,40,2,17.46
9922341,201612,37663,11290,己合备,11290590,捣鞠2悼,1,50,2,14.646667
9922348,201612,37663,11290,己合备,11290590,捣鞠2悼,1,60,2,9.56
9922355,201612,37663,11290,己合备,11290590,捣鞠2悼,2,0,2,38.2125
9922362,201612,37663,11290,己合备,11290590,捣鞠2悼,2,10,2,1.8925
9922369,201612,37663,11290,己合备,11290590,捣鞠2悼,2,20,2,4.36
9922376,201612,37663,11290,己合备,11290590,捣鞠2悼,2,30,2,7.3816667
9922383,201612,37663,11290,己合备,11290590,捣鞠2悼,2,40,2,10.398334
9922390,201612,37663,11290,己合备,11290590,捣鞠2悼,2,50,2,9.759167
9922397,201612,37663,11290,己合备,11290590,捣鞠2悼,2,60,2,4.420833
9926814,201612,37709,11290,己合备,11290590,捣鞠2悼,1,0,2,73.045
9926821,201612,37709,11290,己合备,11290590,捣鞠2悼,1,10,2,6.346
9926828,201612,37709,11290,己合备,11290590,捣鞠2悼,1,20,2,7.125
9926835,201612,37709,11290,己合备,11290590,捣鞠2悼,1,30,2,14.246
9926842,201612,37709,11290,己合备,11290590,捣鞠2悼,1,40,2,17.355
9926849,201612,37709,11290,己合备,11290590,捣鞠2悼,1,50,2,14.375
9926856,201612,37709,11290,己合备,11290590,捣鞠2悼,1,60,2,13.598
9926863,201612,37709,11290,己合备,11290590,捣鞠2悼,2,0,2,38.255
9926870,201612,37709,11290,己合备,11290590,捣鞠2悼,2,10,2,0.32
9926877,201612,37709,11290,己合备,11290590,捣鞠2悼,2,20,2,3.83
9926884,201612,37709,11290,己合备,11290590,捣鞠2悼,2,30,2,6.3775
9926891,201612,37709,11290,己合备,11290590,捣鞠2悼,2,40,2,9.8775
9926898,201612,37709,11290,己合备,11290590,捣鞠2悼,2,50,2,9.875
9926905,201612,37709,11290,己合备,11290590,捣鞠2悼,2,60,2,7.975
9928088,201612,37720,11290,己合备,11290590,捣鞠2悼,1,0,2,8.975715
9928095,201612,37720,11290,己合备,11290590,捣鞠2悼,1,10,2,0.26214287
9928109,201612,37720,11290,己合备,11290590,捣鞠2悼,1,30,2,1.8378571
9928116,201612,37720,11290,己合备,11290590,捣鞠2悼,1,40,2,3.3564286
9928123,201612,37720,11290,己合备,11290590,捣鞠2悼,1,50,2,2.4528573
9928130,201612,37720,11290,己合备,11290590,捣鞠2悼,1,60,2,1.0664285
9928137,201612,37720,11290,己合备,11290590,捣鞠2悼,2,0,2,3.58
9928158,201612,37720,11290,己合备,11290590,捣鞠2悼,2,30,2,0.6521429
9928165,201612,37720,11290,己合备,11290590,捣鞠2悼,2,40,2,1.4875
9928172,201612,37720,11290,己合备,11290590,捣鞠2悼,2,50,2,1.0467857
9928179,201612,37720,11290,己合备,11290590,捣鞠2悼,2,60,2,0.39357144
9929362,201612,37733,11290,己合备,11290630,沥釜2悼,1,0,2,2.3845832
9929383,201612,37733,11290,己合备,11290630,沥釜2悼,1,30,2,0.3445
9929390,201612,37733,11290,己合备,11290630,沥釜2悼,1,40,2,1.2726667
9929397,201612,37733,11290,己合备,11290630,沥釜2悼,1,50,2,0.58075
9929404,201612,37733,11290,己合备,11290630,沥釜2悼,1,60,2,0.18666667
9929411,201612,37733,11290,己合备,11290630,沥釜2悼,2,0,2,0.533125
9929432,201612,37733,11290,己合备,11290630,沥釜2悼,2,30,2,0.08270834
9929439,201612,37733,11290,己合备,11290630,沥釜2悼,2,40,2,0.36770833
9929446,201612,37733,11290,己合备,11290630,沥釜2悼,2,50,2,0.08270834
9935046,201612,37793,11290,己合备,11290590,捣鞠2悼,1,0,2,80.82
9935053,201612,37793,11290,己合备,11290590,捣鞠2悼,1,10,2,6.605
9935060,201612,37793,11290,己合备,11290590,捣鞠2悼,1,20,2,8.032
9935067,201612,37793,11290,己合备,11290590,捣鞠2悼,1,30,2,14.765
9935074,201612,37793,11290,己合备,11290590,捣鞠2悼,1,40,2,19.167
9935081,201612,37793,11290,己合备,11290590,捣鞠2悼,1,50,2,16.19
9935088,201612,37793,11290,己合备,11290590,捣鞠2悼,1,60,2,16.061
9935095,201612,37793,11290,己合备,11290590,捣鞠2悼,2,0,2,43.675
9935102,201612,37793,11290,己合备,11290590,捣鞠2悼,2,10,2,1.2775
9935109,201612,37793,11290,己合备,11290590,捣鞠2悼,2,20,2,4.145
9935116,201612,37793,11290,己合备,11290590,捣鞠2悼,2,30,2,6.3825
9935123,201612,37793,11290,己合备,11290590,捣鞠2悼,2,40,2,10.8325
9935130,201612,37793,11290,己合备,11290590,捣鞠2悼,2,50,2,11.1475
9935137,201612,37793,11290,己合备,11290590,捣鞠2悼,2,60,2,9.89
9935438,201612,37798,11290,己合备,11290630,沥釜2悼,1,0,2,1.8348
9935459,201612,37798,11290,己合备,11290630,沥釜2悼,1,30,2,0.28
9935466,201612,37798,11290,己合备,11290630,沥釜2悼,1,40,2,0.9252
9935473,201612,37798,11290,己合备,11290630,沥釜2悼,1,50,2,0.4896
9935480,201612,37798,11290,己合备,11290630,沥釜2悼,1,60,2,0.14
9935487,201612,37798,11290,己合备,11290630,沥釜2悼,2,0,2,0.3505
9935515,201612,37798,11290,己合备,11290630,沥釜2悼,2,40,2,0.3505
9936418,201612,37806,11290,己合备,11290630,沥釜2悼,1,0,2,24.40323
9936425,201612,37806,11290,己合备,11290630,沥釜2悼,1,10,2,1.198
9936432,201612,37806,11290,己合备,11290630,沥釜2悼,1,20,2,1.1896154
9936439,201612,37806,11290,己合备,11290630,沥釜2悼,1,30,2,4.9053845
9936446,201612,37806,11290,己合备,11290630,沥釜2悼,1,40,2,7.112154
9936453,201612,37806,11290,己合备,11290630,沥釜2悼,1,50,2,6.099385
9936460,201612,37806,11290,己合备,11290630,沥釜2悼,1,60,2,3.8986924
9936467,201612,37806,11290,己合备,11290630,沥釜2悼,2,0,2,12.585384
9936481,201612,37806,11290,己合备,11290630,沥釜2悼,2,20,2,0.56346154
9936488,201612,37806,11290,己合备,11290630,沥釜2悼,2,30,2,2.550577
9936495,201612,37806,11290,己合备,11290630,沥釜2悼,2,40,2,4.0523076
9936502,201612,37806,11290,己合备,11290630,沥釜2悼,2,50,2,3.6348076
9936509,201612,37806,11290,己合备,11290630,沥釜2悼,2,60,2,1.7842308
9939358,201612,37838,11290,己合备,11290590,捣鞠2悼,1,0,2,17.5285
9939365,201612,37838,11290,己合备,11290590,捣鞠2悼,1,10,2,0.809375
9939372,201612,37838,11290,己合备,11290590,捣鞠2悼,1,20,2,0.5005
9939379,201612,37838,11290,己合备,11290590,捣鞠2悼,1,30,2,3.4805
9939386,201612,37838,11290,己合备,11290590,捣鞠2悼,1,40,2,5.520375
9939393,201612,37838,11290,己合备,11290590,捣鞠2悼,1,50,2,4.814875
9939400,201612,37838,11290,己合备,11290590,捣鞠2悼,1,60,2,2.402875
9939407,201612,37838,11290,己合备,11290590,捣鞠2悼,2,0,2,8.175938
9939414,201612,37838,11290,己合备,11290590,捣鞠2悼,2,10,2,0.195
9939421,201612,37838,11290,己合备,11290590,捣鞠2悼,2,20,2,0.31
9939428,201612,37838,11290,己合备,11290590,捣鞠2悼,2,30,2,1.245
9939435,201612,37838,11290,己合备,11290590,捣鞠2悼,2,40,2,2.9475
9939442,201612,37838,11290,己合备,11290590,捣鞠2悼,2,50,2,2.293125
9939449,201612,37838,11290,己合备,11290590,捣鞠2悼,2,60,2,1.1853125
9941220,201612,37856,11290,己合备,11290590,捣鞠2悼,1,0,2,81.017
9941227,201612,37856,11290,己合备,11290590,捣鞠2悼,1,10,2,7.138
9941234,201612,37856,11290,己合备,11290590,捣鞠2悼,1,20,2,8.491
9941241,201612,37856,11290,己合备,11290590,捣鞠2悼,1,30,2,14.965667
9941248,201612,37856,11290,己合备,11290590,捣鞠2悼,1,40,2,19.166666
9941255,201612,37856,11290,己合备,11290590,捣鞠2悼,1,50,2,15.857667
9941262,201612,37856,11290,己合备,11290590,捣鞠2悼,1,60,2,15.398
9941269,201612,37856,11290,己合备,11290590,捣鞠2悼,2,0,2,43.213333
9941276,201612,37856,11290,己合备,11290590,捣鞠2悼,2,10,2,1.2066667
9941283,201612,37856,11290,己合备,11290590,捣鞠2悼,2,20,2,4.3925
9941290,201612,37856,11290,己合备,11290590,捣鞠2悼,2,30,2,6.5933332
9941297,201612,37856,11290,己合备,11290590,捣鞠2悼,2,40,2,10.8325
9941304,201612,37856,11290,己合备,11290590,捣鞠2悼,2,50,2,10.83
9941311,201612,37856,11290,己合备,11290590,捣鞠2悼,2,60,2,9.358334
9942494,201612,37870,11290,己合备,11290590,捣鞠2悼,1,0,2,64.9794
9942501,201612,37870,11290,己合备,11290590,捣鞠2悼,1,10,2,7.1584
9942508,201612,37870,11290,己合备,11290590,捣鞠2悼,1,20,2,7.8938
9942515,201612,37870,11290,己合备,11290590,捣鞠2悼,1,30,2,11.8974
9942522,201612,37870,11290,己合备,11290590,捣鞠2悼,1,40,2,14.9728
9942529,201612,37870,11290,己合备,11290590,捣鞠2悼,1,50,2,11.9562
9942536,201612,37870,11290,己合备,11290590,捣鞠2悼,1,60,2,11.1008
9942543,201612,37870,11290,己合备,11290590,捣鞠2悼,2,0,2,35.131
9942550,201612,37870,11290,己合备,11290590,捣鞠2悼,2,10,2,1.249
9942557,201612,37870,11290,己合备,11290590,捣鞠2悼,2,20,2,4.4935
9942564,201612,37870,11290,己合备,11290590,捣鞠2悼,2,30,2,5.998
9942571,201612,37870,11290,己合备,11290590,捣鞠2悼,2,40,2,8.774
9942578,201612,37870,11290,己合备,11290590,捣鞠2悼,2,50,2,8.433
9942585,201612,37870,11290,己合备,11290590,捣鞠2悼,2,60,2,6.1835
9943180,201612,37878,11290,己合备,11290590,捣鞠2悼,1,0,2,71.87
9943187,201612,37878,11290,己合备,11290590,捣鞠2悼,1,10,2,6.8095
9943194,201612,37878,11290,己合备,11290590,捣鞠2悼,1,20,2,7.7445
9943201,201612,37878,11290,己合备,11290590,捣鞠2悼,1,30,2,13.7615
9943208,201612,37878,11290,己合备,11290590,捣鞠2悼,1,40,2,16.9875
9943215,201612,37878,11290,己合备,11290590,捣鞠2悼,1,50,2,13.7295
9943222,201612,37878,11290,己合备,11290590,捣鞠2悼,1,60,2,12.8375
9943229,201612,37878,11290,己合备,11290590,捣鞠2悼,2,0,2,37.5725
9943236,201612,37878,11290,己合备,11290590,捣鞠2悼,2,10,2,0.66875
9943243,201612,37878,11290,己合备,11290590,捣鞠2悼,2,20,2,4.085
9943250,201612,37878,11290,己合备,11290590,捣鞠2悼,2,30,2,6.24375
9943257,201612,37878,11290,己合备,11290590,捣鞠2悼,2,40,2,9.66375
9943264,201612,37878,11290,己合备,11290590,捣鞠2悼,2,50,2,9.34375
9943271,201612,37878,11290,己合备,11290590,捣鞠2悼,2,60,2,7.5675
9946708,201612,37915,11290,己合备,11290590,捣鞠2悼,1,0,2,4.1562
9946729,201612,37915,11290,己合备,11290590,捣鞠2悼,1,30,2,0.79
9946736,201612,37915,11290,己合备,11290590,捣鞠2悼,1,40,2,1.6464
9946743,201612,37915,11290,己合备,11290590,捣鞠2悼,1,50,2,1.3434
9946750,201612,37915,11290,己合备,11290590,捣鞠2悼,1,60,2,0.3764
9946757,201612,37915,11290,己合备,11290590,捣鞠2悼,2,0,2,1.179
9946778,201612,37915,11290,己合备,11290590,捣鞠2悼,2,30,2,0.168
9946785,201612,37915,11290,己合备,11290590,捣鞠2悼,2,40,2,0.593
9946792,201612,37915,11290,己合备,11290590,捣鞠2悼,2,50,2,0.334
9946799,201612,37915,11290,己合备,11290590,捣鞠2悼,2,60,2,0.084
9946806,201612,37916,11290,己合备,11290590,捣鞠2悼,1,0,2,2.329
9946827,201612,37916,11290,己合备,11290590,捣鞠2悼,1,30,2,0.4285
9946834,201612,37916,11290,己合备,11290590,捣鞠2悼,1,40,2,0.9795
9946841,201612,37916,11290,己合备,11290590,捣鞠2悼,1,50,2,0.7245
9946848,201612,37916,11290,己合备,11290590,捣鞠2悼,1,60,2,0.1965
9946855,201612,37916,11290,己合备,11290590,捣鞠2悼,2,0,2,0.59875
9946876,201612,37916,11290,己合备,11290590,捣鞠2悼,2,30,2,0.0775
9946883,201612,37916,11290,己合备,11290590,捣鞠2悼,2,40,2,0.32625
9946890,201612,37916,11290,己合备,11290590,捣鞠2悼,2,50,2,0.15625
9946897,201612,37916,11290,己合备,11290590,捣鞠2悼,2,60,2,0.03875
9950138,201612,37951,11290,己合备,11290630,沥釜2悼,1,0,2,24.279667
9950145,201612,37951,11290,己合备,11290630,沥釜2悼,1,10,2,1.5
9950152,201612,37951,11290,己合备,11290630,沥釜2悼,1,20,2,2.098
9950159,201612,37951,11290,己合备,11290630,沥釜2悼,1,30,2,4.6966667
9950166,201612,37951,11290,己合备,11290630,沥釜2悼,1,40,2,5.8936667
9950173,201612,37951,11290,己合备,11290630,沥釜2悼,1,50,2,5.5946665
9950180,201612,37951,11290,己合备,11290630,沥釜2悼,1,60,2,4.4966664
9950187,201612,37951,11290,己合备,11290630,沥釜2悼,2,0,2,14.135834
9950201,201612,37951,11290,己合备,11290630,沥釜2悼,2,20,2,0.9916667
9950208,201612,37951,11290,己合备,11290630,沥釜2悼,2,30,2,2.9758334
9950215,201612,37951,11290,己合备,11290630,沥釜2悼,2,40,2,3.9708333
9950222,201612,37951,11290,己合备,11290630,沥釜2悼,2,50,2,3.97
9950229,201612,37951,11290,己合备,11290630,沥釜2悼,2,60,2,2.2275
9952392,201612,37975,11290,己合备,11290590,捣鞠2悼,1,0,2,75.44
9952399,201612,37975,11290,己合备,11290590,捣鞠2悼,1,10,2,7.6
9952406,201612,37975,11290,己合备,11290590,捣鞠2悼,1,20,2,8.72
9952413,201612,37975,11290,己合备,11290590,捣鞠2悼,1,30,2,14.24
9952420,201612,37975,11290,己合备,11290590,捣鞠2悼,1,40,2,17.76
9952427,201612,37975,11290,己合备,11290590,捣鞠2悼,1,50,2,14.08
9952434,201612,37975,11290,己合备,11290590,捣鞠2悼,1,60,2,13.04
9952441,201612,37975,11290,己合备,11290590,捣鞠2悼,2,0,2,39.3025
9952448,201612,37975,11290,己合备,11290590,捣鞠2悼,2,10,2,0.9875
9952455,201612,37975,11290,己合备,11290590,捣鞠2悼,2,20,2,4.5425
9952462,201612,37975,11290,己合备,11290590,捣鞠2悼,2,30,2,6.5175
9952469,201612,37975,11290,己合备,11290590,捣鞠2悼,2,40,2,10.0725
9952476,201612,37975,11290,己合备,11290590,捣鞠2悼,2,50,2,9.48
9952483,201612,37975,11290,己合备,11290590,捣鞠2悼,2,60,2,7.7025
9955332,201612,38002,11290,己合备,11290590,捣鞠2悼,1,0,2,2.7116666
9955353,201612,38002,11290,己合备,11290590,捣鞠2悼,1,30,2,0.5005
9955360,201612,38002,11290,己合备,11290590,捣鞠2悼,1,40,2,1.1381667
9955367,201612,38002,11290,己合备,11290590,捣鞠2悼,1,50,2,0.84683335
9955374,201612,38002,11290,己合备,11290590,捣鞠2悼,1,60,2,0.22616667
9955381,201612,38002,11290,己合备,11290590,捣鞠2悼,2,0,2,0.68583333
9955402,201612,38002,11290,己合备,11290590,捣鞠2悼,2,30,2,0.086666666
9955409,201612,38002,11290,己合备,11290590,捣鞠2悼,2,40,2,0.38208333
9955416,201612,38002,11290,己合备,11290590,捣鞠2悼,2,50,2,0.17375
9955423,201612,38002,11290,己合备,11290590,捣鞠2悼,2,60,2,0.043333333
9955626,201612,38005,11290,己合备,11290590,捣鞠2悼,1,0,2,58.407
9955633,201612,38005,11290,己合备,11290590,捣鞠2悼,1,10,2,7.2945
9955640,201612,38005,11290,己合备,11290590,捣鞠2悼,1,20,2,7.791
9955647,201612,38005,11290,己合备,11290590,捣鞠2悼,1,30,2,11.714
9955654,201612,38005,11290,己合备,11290590,捣鞠2悼,1,40,2,14.256
9955661,201612,38005,11290,己合备,11290590,捣鞠2悼,1,50,2,10.333
9955668,201612,38005,11290,己合备,11290590,捣鞠2悼,1,60,2,7.0185
9955675,201612,38005,11290,己合备,11290590,捣鞠2悼,2,0,2,27.31875
9955682,201612,38005,11290,己合备,11290590,捣鞠2悼,2,10,2,0.41125
9955689,201612,38005,11290,己合备,11290590,捣鞠2悼,2,20,2,4.11875
9955696,201612,38005,11290,己合备,11290590,捣鞠2悼,2,30,2,5.6325
9955703,201612,38005,11290,己合备,11290590,捣鞠2悼,2,40,2,7.825
9955710,201612,38005,11290,己合备,11290590,捣鞠2悼,2,50,2,5.90125
9955717,201612,38005,11290,己合备,11290590,捣鞠2悼,2,60,2,3.43
9955724,201612,38006,11290,己合备,11290590,捣鞠2悼,1,0,2,44.677
9955731,201612,38006,11290,己合备,11290590,捣鞠2悼,1,10,2,5.26775
9955738,201612,38006,11290,己合备,11290590,捣鞠2悼,1,20,2,5.627
9955745,201612,38006,11290,己合备,11290590,捣鞠2悼,1,30,2,8.9525
9955752,201612,38006,11290,己合备,11290590,捣鞠2悼,1,40,2,11.2175
9955759,201612,38006,11290,己合备,11290590,捣鞠2悼,1,50,2,8.2985
9955766,201612,38006,11290,己合备,11290590,捣鞠2悼,1,60,2,5.31375
9955773,201612,38006,11290,己合备,11290590,捣鞠2悼,2,0,2,20.519375
9955780,201612,38006,11290,己合备,11290590,捣鞠2悼,2,10,2,0.296875
9955787,201612,38006,11290,己合备,11290590,捣鞠2悼,2,20,2,2.974375
9955794,201612,38006,11290,己合备,11290590,捣鞠2悼,2,30,2,4.18875
9955801,201612,38006,11290,己合备,11290590,捣鞠2悼,2,40,2,6.01625
9955808,201612,38006,11290,己合备,11290590,捣鞠2悼,2,50,2,4.505625
9955815,201612,38006,11290,己合备,11290590,捣鞠2悼,2,60,2,2.5375
9960232,201612,38052,11290,己合备,11290630,沥釜2悼,1,0,2,9.191
9960239,201612,38052,11290,己合备,11290630,沥釜2悼,1,10,2,0.5675
9960246,201612,38052,11290,己合备,11290630,沥釜2悼,1,20,2,0.7935
9960253,201612,38052,11290,己合备,11290630,沥釜2悼,1,30,2,1.7775
9960260,201612,38052,11290,己合备,11290630,沥釜2悼,1,40,2,2.232
9960267,201612,38052,11290,己合备,11290630,沥釜2悼,1,50,2,2.118
9960274,201612,38052,11290,己合备,11290630,沥釜2悼,1,60,2,1.7025
9960281,201612,38052,11290,己合备,11290630,沥釜2悼,2,0,2,5.3475
9960295,201612,38052,11290,己合备,11290630,沥釜2悼,2,20,2,0.375
9960302,201612,38052,11290,己合备,11290630,沥釜2悼,2,30,2,1.12625
9960309,201612,38052,11290,己合备,11290630,沥釜2悼,2,40,2,1.5025
9960316,201612,38052,11290,己合备,11290630,沥釜2悼,2,50,2,1.50125
9960323,201612,38052,11290,己合备,11290630,沥釜2悼,2,60,2,0.8425
9963074,201612,38080,11290,己合备,11290590,捣鞠2悼,1,0,2,0.976
9963095,201612,38080,11290,己合备,11290590,捣鞠2悼,1,30,2,0.065142855
9963102,201612,38080,11290,己合备,11290590,捣鞠2悼,1,40,2,0.58514285
9963109,201612,38080,11290,己合备,11290590,捣鞠2悼,1,50,2,0.3257143
9963172,201612,38081,11290,己合备,11290590,捣鞠2悼,1,0,2,0.406
9963193,201612,38081,11290,己合备,11290590,捣鞠2悼,1,30,2,0.027142856
9963200,201612,38081,11290,己合备,11290590,捣鞠2悼,1,40,2,0.24314286
9963207,201612,38081,11290,己合备,11290590,捣鞠2悼,1,50,2,0.13571429
9968268,201612,38134,11290,己合备,11290590,捣鞠2悼,1,0,2,3.4176667
9968289,201612,38134,11290,己合备,11290590,捣鞠2悼,1,30,2,0.5875
9968296,201612,38134,11290,己合备,11290590,捣鞠2悼,1,40,2,1.4195
9968303,201612,38134,11290,己合备,11290590,捣鞠2悼,1,50,2,1.14
9968310,201612,38134,11290,己合备,11290590,捣鞠2悼,1,60,2,0.27066666
9968317,201612,38134,11290,己合备,11290590,捣鞠2悼,2,0,2,0.59166664
9968338,201612,38134,11290,己合备,11290590,捣鞠2悼,2,30,2,0.07416666
9968345,201612,38134,11290,己合备,11290590,捣鞠2悼,2,40,2,0.22166666
9968352,201612,38134,11290,己合备,11290590,捣鞠2悼,2,50,2,0.22166666
9968359,201612,38134,11290,己合备,11290590,捣鞠2悼,2,60,2,0.07416666
9970032,201612,38155,11290,己合备,11290590,捣鞠2悼,1,0,2,53.867
9970039,201612,38155,11290,己合备,11290590,捣鞠2悼,1,10,2,4.401
9970046,201612,38155,11290,己合备,11290590,捣鞠2悼,1,20,2,5.352
9970053,201612,38155,11290,己合备,11290590,捣鞠2悼,1,30,2,9.84
9970060,201612,38155,11290,己合备,11290590,捣鞠2悼,1,40,2,12.778
9970067,201612,38155,11290,己合备,11290590,捣鞠2悼,1,50,2,10.791
9970074,201612,38155,11290,己合备,11290590,捣鞠2悼,1,60,2,10.705
9970081,201612,38155,11290,己合备,11290590,捣鞠2悼,2,0,2,29.11
9970088,201612,38155,11290,己合备,11290590,捣鞠2悼,2,10,2,0.85
9970095,201612,38155,11290,己合备,11290590,捣鞠2悼,2,20,2,2.765
9970102,201612,38155,11290,己合备,11290590,捣鞠2悼,2,30,2,4.2525
9970109,201612,38155,11290,己合备,11290590,捣鞠2悼,2,40,2,7.22
9970116,201612,38155,11290,己合备,11290590,捣鞠2悼,2,50,2,7.4325
9970123,201612,38155,11290,己合备,11290590,捣鞠2悼,2,60,2,6.59
9970326,201612,38159,11290,己合备,11290590,捣鞠2悼,1,0,2,3.1825
9970347,201612,38159,11290,己合备,11290590,捣鞠2悼,1,30,2,0.398
9970354,201612,38159,11290,己合备,11290590,捣鞠2悼,1,40,2,1.4765
9970361,201612,38159,11290,己合备,11290590,捣鞠2悼,1,50,2,1.023
9970368,201612,38159,11290,己合备,11290590,捣鞠2悼,1,60,2,0.285
9970375,201612,38159,11290,己合备,11290590,捣鞠2悼,2,0,2,0.7
9970396,201612,38159,11290,己合备,11290590,捣鞠2悼,2,30,2,0.14
9970403,201612,38159,11290,己合备,11290590,捣鞠2悼,2,40,2,0.28
9970410,201612,38159,11290,己合备,11290590,捣鞠2悼,2,50,2,0.28
9977088,201612,38230,11290,己合备,11290590,捣鞠2悼,1,0,2,10.976
9977095,201612,38230,11290,己合备,11290590,捣鞠2悼,1,10,2,0.152
9977102,201612,38230,11290,己合备,11290590,捣鞠2悼,1,20,2,0.152
9977109,201612,38230,11290,己合备,11290590,捣鞠2悼,1,30,2,2.043
9977116,201612,38230,11290,己合备,11290590,捣鞠2悼,1,40,2,4.089
9977123,201612,38230,11290,己合备,11290590,捣鞠2悼,1,50,2,3.405
9977130,201612,38230,11290,己合备,11290590,捣鞠2悼,1,60,2,1.135
9977137,201612,38230,11290,己合备,11290590,捣鞠2悼,2,0,2,3.93
9977151,201612,38230,11290,己合备,11290590,捣鞠2悼,2,20,2,0.1875
9977158,201612,38230,11290,己合备,11290590,捣鞠2悼,2,30,2,0.7475
9977165,201612,38230,11290,己合备,11290590,捣鞠2悼,2,40,2,1.685
9977172,201612,38230,11290,己合备,11290590,捣鞠2悼,2,50,2,1.1225
9977179,201612,38230,11290,己合备,11290590,捣鞠2悼,2,60,2,0.1875
9978754,201612,38248,11290,己合备,11290590,捣鞠2悼,1,0,2,50.002285
9978761,201612,38248,11290,己合备,11290590,捣鞠2悼,1,10,2,5.818286
9978768,201612,38248,11290,己合备,11290590,捣鞠2悼,1,20,2,6.8297143
9978775,201612,38248,11290,己合备,11290590,捣鞠2悼,1,30,2,8.599428
9978782,201612,38248,11290,己合备,11290590,捣鞠2悼,1,40,2,12.029
9978789,201612,38248,11290,己合备,11290590,捣鞠2悼,1,50,2,9.131
9978796,201612,38248,11290,己合备,11290590,捣鞠2悼,1,60,2,7.594857
9978803,201612,38248,11290,己合备,11290590,捣鞠2悼,2,0,2,24.720715
9978810,201612,38248,11290,己合备,11290590,捣鞠2悼,2,10,2,1.2521429
9978817,201612,38248,11290,己合备,11290590,捣鞠2悼,2,20,2,3.442143
9978824,201612,38248,11290,己合备,11290590,捣鞠2悼,2,30,2,4.0689287
9978831,201612,38248,11290,己合备,11290590,捣鞠2悼,2,40,2,6.259286
9978838,201612,38248,11290,己合备,11290590,捣鞠2悼,2,50,2,5.319643
9978845,201612,38248,11290,己合备,11290590,捣鞠2悼,2,60,2,4.3785715
9978852,201612,38249,11290,己合备,11290590,捣鞠2悼,1,0,2,9.197667
9978859,201612,38249,11290,己合备,11290590,捣鞠2悼,1,10,2,0.5683333
9978866,201612,38249,11290,己合备,11290590,捣鞠2悼,1,20,2,0.795
9978873,201612,38249,11290,己合备,11290590,捣鞠2悼,1,30,2,1.7793334
9978880,201612,38249,11290,己合备,11290590,捣鞠2悼,1,40,2,2.2323334
9978887,201612,38249,11290,己合备,11290590,捣鞠2悼,1,50,2,2.1193333
9978894,201612,38249,11290,己合备,11290590,捣鞠2悼,1,60,2,1.7033334
9978901,201612,38249,11290,己合备,11290590,捣鞠2悼,2,0,2,5.3483334
9978915,201612,38249,11290,己合备,11290590,捣鞠2悼,2,20,2,0.375
9978922,201612,38249,11290,己合备,11290590,捣鞠2悼,2,30,2,1.1258334
9978929,201612,38249,11290,己合备,11290590,捣鞠2悼,2,40,2,1.5025
9978936,201612,38249,11290,己合备,11290590,捣鞠2悼,2,50,2,1.5025
9978943,201612,38249,11290,己合备,11290590,捣鞠2悼,2,60,2,0.8425
9979048,201612,38250,11290,己合备,11290630,沥釜2悼,1,0,2,6.365
9979069,201612,38250,11290,己合备,11290630,沥釜2悼,1,30,2,0.796
9979076,201612,38250,11290,己合备,11290630,沥釜2悼,1,40,2,2.953
9979083,201612,38250,11290,己合备,11290630,沥釜2悼,1,50,2,2.046
9979090,201612,38250,11290,己合备,11290630,沥釜2悼,1,60,2,0.57
9979097,201612,38250,11290,己合备,11290630,沥釜2悼,2,0,2,1.4
9979118,201612,38250,11290,己合备,11290630,沥釜2悼,2,30,2,0.28
9979125,201612,38250,11290,己合备,11290630,沥釜2悼,2,40,2,0.56
9979132,201612,38250,11290,己合备,11290630,沥釜2悼,2,50,2,0.56
9979244,201612,38253,11290,己合备,11290590,捣鞠2悼,1,0,2,3.0198
9979251,201612,38253,11290,己合备,11290590,捣鞠2悼,1,10,2,0.0128
9979258,201612,38253,11290,己合备,11290590,捣鞠2悼,1,20,2,0.0128
9979265,201612,38253,11290,己合备,11290590,捣鞠2悼,1,30,2,0.5142
9979272,201612,38253,11290,己合备,11290590,捣鞠2悼,1,40,2,1.2452
9979279,201612,38253,11290,己合备,11290590,捣鞠2悼,1,50,2,0.986
9979286,201612,38253,11290,己合备,11290590,捣鞠2悼,1,60,2,0.2488
9979293,201612,38253,11290,己合备,11290590,捣鞠2悼,2,0,2,0.662
9979307,201612,38253,11290,己合备,11290590,捣鞠2悼,2,20,2,0.0155
9979314,201612,38253,11290,己合备,11290590,捣鞠2悼,2,30,2,0.1045
9979321,201612,38253,11290,己合备,11290590,捣鞠2悼,2,40,2,0.2655
9979328,201612,38253,11290,己合备,11290590,捣鞠2悼,2,50,2,0.219
9979335,201612,38253,11290,己合备,11290590,捣鞠2悼,2,60,2,0.0575
9985222,201612,38314,11290,己合备,11290590,捣鞠2悼,1,0,2,26.562
9985229,201612,38314,11290,己合备,11290590,捣鞠2悼,1,10,2,3.4413333
9985236,201612,38314,11290,己合备,11290590,捣鞠2悼,1,20,2,3.008
9985243,201612,38314,11290,己合备,11290590,捣鞠2悼,1,30,2,4.296
9985250,201612,38314,11290,己合备,11290590,捣鞠2悼,1,40,2,6.984
9985257,201612,38314,11290,己合备,11290590,捣鞠2悼,1,50,2,5.7386665
9985264,201612,38314,11290,己合备,11290590,捣鞠2悼,1,60,2,3.094
9985271,201612,38314,11290,己合备,11290590,捣鞠2悼,2,0,2,10.379167
9985278,201612,38314,11290,己合备,11290590,捣鞠2悼,2,10,2,0.52166665
9985285,201612,38314,11290,己合备,11290590,捣鞠2悼,2,20,2,1.53375
9985292,201612,38314,11290,己合备,11290590,捣鞠2悼,2,30,2,1.7404166
9985299,201612,38314,11290,己合备,11290590,捣鞠2悼,2,40,2,2.72
9985306,201612,38314,11290,己合备,11290590,捣鞠2悼,2,50,2,2.825
9985313,201612,38314,11290,己合备,11290590,捣鞠2悼,2,60,2,1.0383333
9986496,201612,38328,11290,己合备,11290590,捣鞠2悼,1,0,2,4.8989377
9986503,201612,38328,11290,己合备,11290590,捣鞠2悼,1,10,2,0.07425
9986510,201612,38328,11290,己合备,11290590,捣鞠2悼,1,20,2,0.07425
9986517,201612,38328,11290,己合备,11290590,捣鞠2悼,1,30,2,0.9678125
9986524,201612,38328,11290,己合备,11290590,捣鞠2悼,1,40,2,1.717625
9986531,201612,38328,11290,己合备,11290590,捣鞠2悼,1,50,2,1.509375
9986538,201612,38328,11290,己合备,11290590,捣鞠2悼,1,60,2,0.555625
9986545,201612,38328,11290,己合备,11290590,捣鞠2悼,2,0,2,1.9175
9986559,201612,38328,11290,己合备,11290590,捣鞠2悼,2,20,2,0.09125
9986566,201612,38328,11290,己合备,11290590,捣鞠2悼,2,30,2,0.36484376
9986573,201612,38328,11290,己合备,11290590,捣鞠2悼,2,40,2,0.82203126
9986580,201612,38328,11290,己合备,11290590,捣鞠2悼,2,50,2,0.548125
9986587,201612,38328,11290,己合备,11290590,捣鞠2悼,2,60,2,0.09125
9991004,201612,38378,11290,己合备,11290590,捣鞠2悼,1,0,2,29.78475
9991011,201612,38378,11290,己合备,11290590,捣鞠2悼,1,10,2,2.00525
9991018,201612,38378,11290,己合备,11290590,捣鞠2悼,1,20,2,2.22775
9991025,201612,38378,11290,己合备,11290590,捣鞠2悼,1,30,2,5.51425
9991032,201612,38378,11290,己合备,11290590,捣鞠2悼,1,40,2,8.008
9991039,201612,38378,11290,己合备,11290590,捣鞠2悼,1,50,2,6.67725
9991046,201612,38378,11290,己合备,11290590,捣鞠2悼,1,60,2,5.35225
9991053,201612,38378,11290,己合备,11290590,捣鞠2悼,2,0,2,16.4475
9991060,201612,38378,11290,己合备,11290590,捣鞠2悼,2,10,2,0.88625
9991067,201612,38378,11290,己合备,11290590,捣鞠2悼,2,20,2,1.473125
9991074,201612,38378,11290,己合备,11290590,捣鞠2悼,2,30,2,2.765625
9991081,201612,38378,11290,己合备,11290590,捣鞠2悼,2,40,2,4.29125
9991088,201612,38378,11290,己合备,11290590,捣鞠2悼,2,50,2,3.9375
9991095,201612,38378,11290,己合备,11290590,捣鞠2悼,2,60,2,3.09375
9993552,201612,38402,11290,己合备,11290590,捣鞠2悼,1,0,2,13.0135
9993559,201612,38402,11290,己合备,11290590,捣鞠2悼,1,10,2,0.33641666
9993566,201612,38402,11290,己合备,11290590,捣鞠2悼,1,20,2,0.060083333
9993573,201612,38402,11290,己合备,11290590,捣鞠2悼,1,30,2,2.4839168
9993580,201612,38402,11290,己合备,11290590,捣鞠2悼,1,40,2,4.3540835
9993587,201612,38402,11290,己合备,11290590,捣鞠2悼,1,50,2,3.9373333
9993594,201612,38402,11290,己合备,11290590,捣鞠2悼,1,60,2,1.8416667
9993601,201612,38402,11290,己合备,11290590,捣鞠2悼,2,0,2,5.1575
9993622,201612,38402,11290,己合备,11290590,捣鞠2悼,2,30,2,0.6297917
9993629,201612,38402,11290,己合备,11290590,捣鞠2悼,2,40,2,2.041875
9993636,201612,38402,11290,己合备,11290590,捣鞠2悼,2,50,2,1.73
9993643,201612,38402,11290,己合备,11290590,捣鞠2悼,2,60,2,0.7558333
9997374,201612,38440,11290,己合备,11290590,捣鞠2悼,1,0,2,22.375
9997381,201612,38440,11290,己合备,11290590,捣鞠2悼,1,10,2,1.425
9997388,201612,38440,11290,己合备,11290590,捣鞠2悼,1,20,2,1.625
9997395,201612,38440,11290,己合备,11290590,捣鞠2悼,1,30,2,4.175
9997402,201612,38440,11290,己合备,11290590,捣鞠2悼,1,40,2,6.05
9997409,201612,38440,11290,己合备,11290590,捣鞠2悼,1,50,2,5.075
9997416,201612,38440,11290,己合备,11290590,捣鞠2悼,1,60,2,4.025
9997423,201612,38440,11290,己合备,11290590,捣鞠2悼,2,0,2,12.25
9997430,201612,38440,11290,己合备,11290590,捣鞠2悼,2,10,2,0.625
9997437,201612,38440,11290,己合备,11290590,捣鞠2悼,2,20,2,1.0625
9997444,201612,38440,11290,己合备,11290590,捣鞠2悼,2,30,2,2.0625
9997451,201612,38440,11290,己合备,11290590,捣鞠2悼,2,40,2,3.25
9997458,201612,38440,11290,己合备,11290590,捣鞠2悼,2,50,2,3.0
9997465,201612,38440,11290,己合备,11290590,捣鞠2悼,2,60,2,2.25
9997472,201612,38441,11290,己合备,11290590,捣鞠2悼,1,0,2,26.172333
9997479,201612,38441,11290,己合备,11290590,捣鞠2悼,1,10,2,1.8863333
9997486,201612,38441,11290,己合备,11290590,捣鞠2悼,1,20,2,2.0306666
9997493,201612,38441,11290,己合备,11290590,捣鞠2悼,1,30,2,4.796
9997500,201612,38441,11290,己合备,11290590,捣鞠2悼,1,40,2,6.9856668
9997507,201612,38441,11290,己合备,11290590,捣鞠2悼,1,50,2,5.7776666
9997514,201612,38441,11290,己合备,11290590,捣鞠2悼,1,60,2,4.696
9997521,201612,38441,11290,己合备,11290590,捣鞠2悼,2,0,2,14.486667
9997528,201612,38441,11290,己合备,11290590,捣鞠2悼,2,10,2,0.83166665
9997535,201612,38441,11290,己合备,11290590,捣鞠2悼,2,20,2,1.35
9997542,201612,38441,11290,己合备,11290590,捣鞠2悼,2,30,2,2.4316666
9997549,201612,38441,11290,己合备,11290590,捣鞠2悼,2,40,2,3.7008333
9997556,201612,38441,11290,己合备,11290590,捣鞠2悼,2,50,2,3.3675
9997563,201612,38441,11290,己合备,11290590,捣鞠2悼,2,60,2,2.805
10006390,201612,38528,11290,己合备,11290590,捣鞠2悼,1,0,2,48.620834
10006397,201612,38528,11290,己合备,11290590,捣鞠2悼,1,10,2,3.0963333
10006404,201612,38528,11290,己合备,11290590,捣鞠2悼,1,20,2,3.2281666
10006411,201612,38528,11290,己合备,11290590,捣鞠2悼,1,30,2,8.046667
10006418,201612,38528,11290,己合备,11290590,捣鞠2悼,1,40,2,12.557167
10006425,201612,38528,11290,己合备,11290590,捣鞠2悼,1,50,2,11.392834
10006432,201612,38528,11290,己合备,11290590,捣鞠2悼,1,60,2,10.299666
10006439,201612,38528,11290,己合备,11290590,捣鞠2悼,2,0,2,28.24375
10006446,201612,38528,11290,己合备,11290590,捣鞠2悼,2,10,2,1.4275
10006453,201612,38528,11290,己合备,11290590,捣鞠2悼,2,20,2,2.2016666
10006460,201612,38528,11290,己合备,11290590,捣鞠2悼,2,30,2,4.452083
10006467,201612,38528,11290,己合备,11290590,捣鞠2悼,2,40,2,7.068333
10006474,201612,38528,11290,己合备,11290590,捣鞠2悼,2,50,2,6.985417
10006481,201612,38528,11290,己合备,11290590,捣鞠2悼,2,60,2,6.10875
10007664,201612,38540,11290,己合备,11290590,捣鞠2悼,1,0,2,6.58
10007685,201612,38540,11290,己合备,11290590,捣鞠2悼,1,30,2,0.7494
10007692,201612,38540,11290,己合备,11290590,捣鞠2悼,1,40,2,3.2484
10007699,201612,38540,11290,己合备,11290590,捣鞠2悼,1,50,2,2.1642
10007706,201612,38540,11290,己合备,11290590,捣鞠2悼,1,60,2,0.418
10007713,201612,38540,11290,己合备,11290590,捣鞠2悼,2,0,2,1.438
10007734,201612,38540,11290,己合备,11290590,捣鞠2悼,2,30,2,0.206
10007741,201612,38540,11290,己合备,11290590,捣鞠2悼,2,40,2,0.822
10007748,201612,38540,11290,己合备,11290590,捣鞠2悼,2,50,2,0.41
10007762,201612,38541,11290,己合备,11290590,捣鞠2悼,1,0,2,2.819619
10007783,201612,38541,11290,己合备,11290590,捣鞠2悼,1,30,2,0.44666666
10007790,201612,38541,11290,己合备,11290590,捣鞠2悼,1,40,2,1.2239524
10007797,201612,38541,11290,己合备,11290590,捣鞠2悼,1,50,2,0.904
10007804,201612,38541,11290,己合备,11290590,捣鞠2悼,1,60,2,0.245
10007811,201612,38541,11290,己合备,11290590,捣鞠2悼,2,0,2,0.5794048
10007832,201612,38541,11290,己合备,11290590,捣鞠2悼,2,30,2,0.08797619
10007839,201612,38541,11290,己合备,11290590,捣鞠2悼,2,40,2,0.23404762
10007846,201612,38541,11290,己合备,11290590,捣鞠2悼,2,50,2,0.21619047
10007853,201612,38541,11290,己合备,11290590,捣鞠2悼,2,60,2,0.041190475
10007958,201612,38543,11290,己合备,11290590,捣鞠2悼,1,0,2,12.82225
10007965,201612,38543,11290,己合备,11290590,捣鞠2悼,1,10,2,0.451
10007972,201612,38543,11290,己合备,11290590,捣鞠2悼,1,20,2,0.53275
10007979,201612,38543,11290,己合备,11290590,捣鞠2悼,1,30,2,2.4725
10007986,201612,38543,11290,己合备,11290590,捣鞠2悼,1,40,2,3.96725
10007993,201612,38543,11290,己合备,11290590,捣鞠2悼,1,50,2,3.48175
10008000,201612,38543,11290,己合备,11290590,捣鞠2悼,1,60,2,1.917
10008007,201612,38543,11290,己合备,11290590,捣鞠2悼,2,0,2,5.741875
10008014,201612,38543,11290,己合备,11290590,捣鞠2悼,2,10,2,0.15625
10008021,201612,38543,11290,己合备,11290590,捣鞠2悼,2,20,2,0.318125
10008028,201612,38543,11290,己合备,11290590,捣鞠2悼,2,30,2,0.88
10008035,201612,38543,11290,己合备,11290590,捣鞠2悼,2,40,2,1.904375
10008042,201612,38543,11290,己合备,11290590,捣鞠2悼,2,50,2,1.66
10008049,201612,38543,11290,己合备,11290590,捣鞠2悼,2,60,2,0.823125
10008056,201612,38544,11290,己合备,11290590,捣鞠2悼,1,0,2,12.612
10008063,201612,38544,11290,己合备,11290590,捣鞠2悼,1,10,2,0.287
10008070,201612,38544,11290,己合备,11290590,捣鞠2悼,1,20,2,0.032
10008077,201612,38544,11290,己合备,11290590,捣鞠2悼,1,30,2,2.381
10008084,201612,38544,11290,己合备,11290590,捣鞠2悼,1,40,2,4.13
10008091,201612,38544,11290,己合备,11290590,捣鞠2悼,1,50,2,3.845
10008098,201612,38544,11290,己合备,11290590,捣鞠2悼,1,60,2,1.937
10008105,201612,38544,11290,己合备,11290590,捣鞠2悼,2,0,2,5.2175
10008126,201612,38544,11290,己合备,11290590,捣鞠2悼,2,30,2,0.7025
10008133,201612,38544,11290,己合备,11290590,捣鞠2悼,2,40,2,1.87
10008140,201612,38544,11290,己合备,11290590,捣鞠2悼,2,50,2,1.7875
10008147,201612,38544,11290,己合备,11290590,捣鞠2悼,2,60,2,0.8575
10016680,201612,38632,11290,己合备,11290590,捣鞠2悼,1,0,2,17.0514
10016687,201612,38632,11290,己合备,11290590,捣鞠2悼,1,10,2,0.6254
10016694,201612,38632,11290,己合备,11290590,捣鞠2悼,1,20,2,0.422
10016701,201612,38632,11290,己合备,11290590,捣鞠2悼,1,30,2,3.0868
10016708,201612,38632,11290,己合备,11290590,捣鞠2悼,1,40,2,5.1222
10016715,201612,38632,11290,己合备,11290590,捣鞠2悼,1,50,2,4.7556
10016722,201612,38632,11290,己合备,11290590,捣鞠2悼,1,60,2,3.0394
10016729,201612,38632,11290,己合备,11290590,捣鞠2悼,2,0,2,8.108
10016736,201612,38632,11290,己合备,11290590,捣鞠2悼,2,10,2,0.1715
10016743,201612,38632,11290,己合备,11290590,捣鞠2悼,2,20,2,0.2635
10016750,201612,38632,11290,己合备,11290590,捣鞠2悼,2,30,2,1.1955
10016757,201612,38632,11290,己合备,11290590,捣鞠2悼,2,40,2,2.473
10016764,201612,38632,11290,己合备,11290590,捣鞠2悼,2,50,2,2.4595
10016771,201612,38632,11290,己合备,11290590,捣鞠2悼,2,60,2,1.545
10057350,201612,39055,11290,己合备,11290590,捣鞠2悼,1,0,2,21.52089
10057357,201612,39055,11290,己合备,11290590,捣鞠2悼,1,10,2,0.9268889
10057364,201612,39055,11290,己合备,11290590,捣鞠2悼,1,20,2,1.4753333
10057371,201612,39055,11290,己合备,11290590,捣鞠2悼,1,30,2,4.415889
10057378,201612,39055,11290,己合备,11290590,捣鞠2悼,1,40,2,6.067222
10057385,201612,39055,11290,己合备,11290590,捣鞠2悼,1,50,2,5.0644445
10057392,201612,39055,11290,己合备,11290590,捣鞠2悼,1,60,2,3.5711112
10057399,201612,39055,11290,己合备,11290590,捣鞠2悼,2,0,2,10.991111
10057406,201612,39055,11290,己合备,11290590,捣鞠2悼,2,10,2,0.345
10057413,201612,39055,11290,己合备,11290590,捣鞠2悼,2,20,2,0.8352778
10057420,201612,39055,11290,己合备,11290590,捣鞠2悼,2,30,2,2.021111
10057427,201612,39055,11290,己合备,11290590,捣鞠2悼,2,40,2,3.3366666
10057434,201612,39055,11290,己合备,11290590,捣鞠2悼,2,50,2,2.9236112
10057441,201612,39055,11290,己合备,11290590,捣鞠2悼,2,60,2,1.5294445
10061270,201612,39095,11290,己合备,11290590,捣鞠2悼,1,0,2,4.50775
10061277,201612,39095,11290,己合备,11290590,捣鞠2悼,1,10,2,0.0185
10061291,201612,39095,11290,己合备,11290590,捣鞠2悼,1,30,2,0.67525
10061298,201612,39095,11290,己合备,11290590,捣鞠2悼,1,40,2,2.02475
10061305,201612,39095,11290,己合备,11290590,捣鞠2悼,1,50,2,1.67
10061312,201612,39095,11290,己合备,11290590,捣鞠2悼,1,60,2,0.11925
10061319,201612,39095,11290,己合备,11290590,捣鞠2悼,2,0,2,0.85375
10061340,201612,39095,11290,己合备,11290590,捣鞠2悼,2,30,2,0.045625
10061347,201612,39095,11290,己合备,11290590,捣鞠2悼,2,40,2,0.514375
10061354,201612,39095,11290,己合备,11290590,捣鞠2悼,2,50,2,0.248125
10061361,201612,39095,11290,己合备,11290590,捣鞠2悼,2,60,2,0.045625
10067248,201612,39154,11290,己合备,11290590,捣鞠2悼,1,0,2,7.422
10067255,201612,39154,11290,己合备,11290590,捣鞠2悼,1,10,2,0.028
10067262,201612,39154,11290,己合备,11290590,捣鞠2悼,1,20,2,0.16866666
10067269,201612,39154,11290,己合备,11290590,捣鞠2悼,1,30,2,1.4396666
10067276,201612,39154,11290,己合备,11290590,捣鞠2悼,1,40,2,2.6383333
10067283,201612,39154,11290,己合备,11290590,捣鞠2悼,1,50,2,2.3006666
10067290,201612,39154,11290,己合备,11290590,捣鞠2悼,1,60,2,0.8466667
10067297,201612,39154,11290,己合备,11290590,捣鞠2悼,2,0,2,2.6683333
10067311,201612,39154,11290,己合备,11290590,捣鞠2悼,2,20,2,0.07
10067318,201612,39154,11290,己合备,11290590,捣鞠2悼,2,30,2,0.38166666
10067325,201612,39154,11290,己合备,11290590,捣鞠2悼,2,40,2,1.1766666
10067332,201612,39154,11290,己合备,11290590,捣鞠2悼,2,50,2,0.83166665
10067339,201612,39154,11290,己合备,11290590,捣鞠2悼,2,60,2,0.20833333
10067346,201612,39155,11290,己合备,11290590,捣鞠2悼,1,0,2,5.1835556
10067353,201612,39155,11290,己合备,11290590,捣鞠2悼,1,10,2,0.016444445
10067360,201612,39155,11290,己合备,11290590,捣鞠2悼,1,20,2,0.07077778
10067367,201612,39155,11290,己合备,11290590,捣鞠2悼,1,30,2,0.8332222
10067374,201612,39155,11290,己合备,11290590,捣鞠2悼,1,40,2,2.148111
10067381,201612,39155,11290,己合备,11290590,捣鞠2悼,1,50,2,1.7577778
10067388,201612,39155,11290,己合备,11290590,捣鞠2悼,1,60,2,0.35722223
10067395,201612,39155,11290,己合备,11290590,捣鞠2悼,2,0,2,1.4063889
10067409,201612,39155,11290,己合备,11290590,捣鞠2悼,2,20,2,0.028888889
10067416,201612,39155,11290,己合备,11290590,捣鞠2悼,2,30,2,0.15666667
10067423,201612,39155,11290,己合备,11290590,捣鞠2悼,2,40,2,0.6825
10067430,201612,39155,11290,己合备,11290590,捣鞠2悼,2,50,2,0.4397222
10067437,201612,39155,11290,己合备,11290590,捣鞠2悼,2,60,2,0.09861111
10087926,201612,39358,11290,己合备,11290590,捣鞠2悼,1,0,2,5.5465
10087947,201612,39358,11290,己合备,11290590,捣鞠2悼,1,30,2,1.29825
10087954,201612,39358,11290,己合备,11290590,捣鞠2悼,1,40,2,2.06475
10087961,201612,39358,11290,己合备,11290590,捣鞠2悼,1,50,2,1.9465
10087968,201612,39358,11290,己合备,11290590,捣鞠2悼,1,60,2,0.237
10087975,201612,39358,11290,己合备,11290590,捣鞠2悼,2,0,2,1.630625
10087996,201612,39358,11290,己合备,11290590,捣鞠2悼,2,30,2,0.148125
10088003,201612,39358,11290,己合备,11290590,捣鞠2悼,2,40,2,1.18625
10088010,201612,39358,11290,己合备,11290590,捣鞠2悼,2,50,2,0.29625
10091552,201612,39392,11290,己合备,11290590,捣鞠2悼,1,0,2,3.8284
10091573,201612,39392,11290,己合备,11290590,捣鞠2悼,1,30,2,0.4864
10091580,201612,39392,11290,己合备,11290590,捣鞠2悼,1,40,2,1.8836
10091587,201612,39392,11290,己合备,11290590,捣鞠2悼,1,50,2,1.4584
10091601,201612,39392,11290,己合备,11290590,捣鞠2悼,2,0,2,0.601
10091629,201612,39392,11290,己合备,11290590,捣鞠2悼,2,40,2,0.4505
10091636,201612,39392,11290,己合备,11290590,捣鞠2悼,2,50,2,0.1505
10093120,201612,39407,11290,己合备,11290590,捣鞠2悼,1,0,2,15.024333
10093127,201612,39407,11290,己合备,11290590,捣鞠2悼,1,10,2,0.20533334
10093134,201612,39407,11290,己合备,11290590,捣鞠2悼,1,20,2,0.95633334
10093141,201612,39407,11290,己合备,11290590,捣鞠2悼,1,30,2,2.5718
10093148,201612,39407,11290,己合备,11290590,捣鞠2悼,1,40,2,5.0530667
10093155,201612,39407,11290,己合备,11290590,捣鞠2悼,1,50,2,4.4389334
10093162,201612,39407,11290,己合备,11290590,捣鞠2悼,1,60,2,1.7988666
10093169,201612,39407,11290,己合备,11290590,捣鞠2悼,2,0,2,4.7201667
10093183,201612,39407,11290,己合备,11290590,捣鞠2悼,2,20,2,0.101166666
10093190,201612,39407,11290,己合备,11290590,捣鞠2悼,2,30,2,0.73183334
10093197,201612,39407,11290,己合备,11290590,捣鞠2悼,2,40,2,1.5461667
10093204,201612,39407,11290,己合备,11290590,捣鞠2悼,2,50,2,1.786
10093211,201612,39407,11290,己合备,11290590,捣鞠2悼,2,60,2,0.555
10093218,201612,39408,11290,己合备,11290590,捣鞠2悼,1,0,2,11.931455
10093232,201612,39408,11290,己合备,11290590,捣鞠2悼,1,20,2,0.20704545
10093239,201612,39408,11290,己合备,11290590,捣鞠2悼,1,30,2,1.888
10093246,201612,39408,11290,己合备,11290590,捣鞠2悼,1,40,2,5.383682
10093253,201612,39408,11290,己合备,11290590,捣鞠2悼,1,50,2,3.5312274
10093260,201612,39408,11290,己合备,11290590,捣鞠2悼,1,60,2,0.9215
10093267,201612,39408,11290,己合备,11290590,捣鞠2悼,2,0,2,2.5902274
10093288,201612,39408,11290,己合备,11290590,捣鞠2悼,2,30,2,0.43738636
10093295,201612,39408,11290,己合备,11290590,捣鞠2悼,2,40,2,1.285909
10093302,201612,39408,11290,己合备,11290590,捣鞠2悼,2,50,2,0.74363637
10093309,201612,39408,11290,己合备,11290590,捣鞠2悼,2,60,2,0.123295456
10095962,201612,39434,11290,己合备,11290590,捣鞠2悼,1,0,2,1.16875
10095983,201612,39434,11290,己合备,11290590,捣鞠2悼,1,30,2,0.14875
10095990,201612,39434,11290,己合备,11290590,捣鞠2悼,1,40,2,0.5745
10095997,201612,39434,11290,己合备,11290590,捣鞠2悼,1,50,2,0.4455
10096011,201612,39434,11290,己合备,11290590,捣鞠2悼,2,0,2,0.1825
10096039,201612,39434,11290,己合备,11290590,捣鞠2悼,2,40,2,0.136875
10096046,201612,39434,11290,己合备,11290590,捣鞠2悼,2,50,2,0.045625
10105566,201612,39533,11290,己合备,11290590,捣鞠2悼,1,0,2,8.624
10105587,201612,39533,11290,己合备,11290590,捣鞠2悼,1,30,2,0.786875
10105594,201612,39533,11290,己合备,11290590,捣鞠2悼,1,40,2,3.036
10105601,201612,39533,11290,己合备,11290590,捣鞠2悼,1,50,2,3.2905
10105608,201612,39533,11290,己合备,11290590,捣鞠2悼,1,60,2,1.510625
10105615,201612,39533,11290,己合备,11290590,捣鞠2悼,2,0,2,1.8840625
10105636,201612,39533,11290,己合备,11290590,捣鞠2悼,2,30,2,0.121875
10105643,201612,39533,11290,己合备,11290590,捣鞠2悼,2,40,2,0.4878125
10105650,201612,39533,11290,己合备,11290590,捣鞠2悼,2,50,2,0.9428125
10105657,201612,39533,11290,己合备,11290590,捣鞠2悼,2,60,2,0.3315625
10112230,201612,39600,11290,己合备,11290590,捣鞠2悼,1,0,2,6.562
10112244,201612,39600,11290,己合备,11290590,捣鞠2悼,1,20,2,1.2733333
10112251,201612,39600,11290,己合备,11290590,捣鞠2悼,1,30,2,0.6055
10112258,201612,39600,11290,己合备,11290590,捣鞠2悼,1,40,2,2.3278334
10112265,201612,39600,11290,己合备,11290590,捣鞠2悼,1,50,2,1.6051667
10112272,201612,39600,11290,己合备,11290590,捣鞠2悼,1,60,2,0.75016665
10112279,201612,39600,11290,己合备,11290590,捣鞠2悼,2,0,2,1.1879166
10112300,201612,39600,11290,己合备,11290590,捣鞠2悼,2,30,2,0.09375
10112307,201612,39600,11290,己合备,11290590,捣鞠2悼,2,40,2,0.37375
10112314,201612,39600,11290,己合备,11290590,捣鞠2悼,2,50,2,0.5933333
10112321,201612,39600,11290,己合备,11290590,捣鞠2悼,2,60,2,0.12708333
10117522,201612,39658,11290,己合备,11290590,捣鞠2悼,1,0,2,5.895
10117543,201612,39658,11290,己合备,11290590,捣鞠2悼,1,30,2,1.379
10117550,201612,39658,11290,己合备,11290590,捣鞠2悼,1,40,2,2.195
10117557,201612,39658,11290,己合备,11290590,捣鞠2悼,1,50,2,2.069
10117564,201612,39658,11290,己合备,11290590,捣鞠2悼,1,60,2,0.252
10117571,201612,39658,11290,己合备,11290590,捣鞠2悼,2,0,2,1.7475
10117592,201612,39658,11290,己合备,11290590,捣鞠2悼,2,30,2,0.1575
10117599,201612,39658,11290,己合备,11290590,捣鞠2悼,2,40,2,1.2725
10117606,201612,39658,11290,己合备,11290590,捣鞠2悼,2,50,2,0.3175
10118992,201612,39679,11290,己合备,11290590,捣鞠2悼,1,0,2,1.78
10119013,201612,39679,11290,己合备,11290590,捣鞠2悼,1,30,2,0.3738
10119020,201612,39679,11290,己合备,11290590,捣鞠2悼,1,40,2,0.712
10119027,201612,39679,11290,己合备,11290590,捣鞠2悼,1,50,2,0.6052
10119034,201612,39679,11290,己合备,11290590,捣鞠2悼,1,60,2,0.089
10119041,201612,39679,11290,己合备,11290590,捣鞠2悼,2,0,2,0.27
10119062,201612,39679,11290,己合备,11290590,捣鞠2悼,2,30,2,0.045
10119069,201612,39679,11290,己合备,11290590,捣鞠2悼,2,40,2,0.135
10119076,201612,39679,11290,己合备,11290590,捣鞠2悼,2,50,2,0.09
10119188,201612,39680,11290,己合备,11290590,捣鞠2悼,1,0,2,7.9086666
10119209,201612,39680,11290,己合备,11290590,捣鞠2悼,1,30,2,1.661
10119216,201612,39680,11290,己合备,11290590,捣鞠2悼,1,40,2,3.1633334
10119223,201612,39680,11290,己合备,11290590,捣鞠2悼,1,50,2,2.6893334
10119230,201612,39680,11290,己合备,11290590,捣鞠2悼,1,60,2,0.395
10119237,201612,39680,11290,己合备,11290590,捣鞠2悼,2,0,2,1.2
10119258,201612,39680,11290,己合备,11290590,捣鞠2悼,2,30,2,0.2
10119265,201612,39680,11290,己合备,11290590,捣鞠2悼,2,40,2,0.6
10119272,201612,39680,11290,己合备,11290590,捣鞠2悼,2,50,2,0.4
10127714,201612,39769,11290,己合备,11290525,己合悼,1,0,2,0.528
10127742,201612,39769,11290,己合备,11290525,己合悼,1,40,2,0.21116666
10127749,201612,39769,11290,己合备,11290525,己合悼,1,50,2,0.31683335
10134378,201612,39834,11290,己合备,11290590,捣鞠2悼,1,0,2,5.926
10134399,201612,39834,11290,己合备,11290590,捣鞠2悼,1,30,2,1.245
10134406,201612,39834,11290,己合备,11290590,捣鞠2悼,1,40,2,2.37
10134413,201612,39834,11290,己合备,11290590,捣鞠2悼,1,50,2,2.016
10134420,201612,39834,11290,己合备,11290590,捣鞠2悼,1,60,2,0.295
10134427,201612,39834,11290,己合备,11290590,捣鞠2悼,2,0,2,0.9
10134448,201612,39834,11290,己合备,11290590,捣鞠2悼,2,30,2,0.15
10134455,201612,39834,11290,己合备,11290590,捣鞠2悼,2,40,2,0.45
10134462,201612,39834,11290,己合备,11290590,捣鞠2悼,2,50,2,0.3
10136044,201612,39852,11290,己合备,11290525,己合悼,1,0,2,1.0
10136072,201612,39852,11290,己合备,11290525,己合悼,1,40,2,0.4
10136079,201612,39852,11290,己合备,11290525,己合悼,1,50,2,0.6
10139964,201612,39893,11290,己合备,11290590,捣鞠2悼,1,0,2,5.926
10139985,201612,39893,11290,己合备,11290590,捣鞠2悼,1,30,2,1.245
10139992,201612,39893,11290,己合备,11290590,捣鞠2悼,1,40,2,2.37
10139999,201612,39893,11290,己合备,11290590,捣鞠2悼,1,50,2,2.016
10140006,201612,39893,11290,己合备,11290590,捣鞠2悼,1,60,2,0.295
10140013,201612,39893,11290,己合备,11290590,捣鞠2悼,2,0,2,0.9
10140034,201612,39893,11290,己合备,11290590,捣鞠2悼,2,30,2,0.15
10140041,201612,39893,11290,己合备,11290590,捣鞠2悼,2,40,2,0.45
10140048,201612,39893,11290,己合备,11290590,捣鞠2悼,2,50,2,0.3
10140062,201612,39894,11290,己合备,11290590,捣鞠2悼,1,0,2,8.9
10140083,201612,39894,11290,己合备,11290590,捣鞠2悼,1,30,2,1.869
10140090,201612,39894,11290,己合备,11290590,捣鞠2悼,1,40,2,3.56
10140097,201612,39894,11290,己合备,11290590,捣鞠2悼,1,50,2,3.026
10140104,201612,39894,11290,己合备,11290590,捣鞠2悼,1,60,2,0.445
10140111,201612,39894,11290,己合备,11290590,捣鞠2悼,2,0,2,1.35
10140132,201612,39894,11290,己合备,11290590,捣鞠2悼,2,30,2,0.225
10140139,201612,39894,11290,己合备,11290590,捣鞠2悼,2,40,2,0.675
10140146,201612,39894,11290,己合备,11290590,捣鞠2悼,2,50,2,0.45
10143786,201612,39932,11290,己合备,11290590,捣鞠2悼,1,0,2,5.926
10143807,201612,39932,11290,己合备,11290590,捣鞠2悼,1,30,2,1.245
10143814,201612,39932,11290,己合备,11290590,捣鞠2悼,1,40,2,2.37
10143821,201612,39932,11290,己合备,11290590,捣鞠2悼,1,50,2,2.016
10143828,201612,39932,11290,己合备,11290590,捣鞠2悼,1,60,2,0.295
10143835,201612,39932,11290,己合备,11290590,捣鞠2悼,2,0,2,0.9
10143856,201612,39932,11290,己合备,11290590,捣鞠2悼,2,30,2,0.15
10143863,201612,39932,11290,己合备,11290590,捣鞠2悼,2,40,2,0.45
10143870,201612,39932,11290,己合备,11290590,捣鞠2悼,2,50,2,0.3
10148882,201612,39981,11290,己合备,11290525,己合悼,1,0,2,0.22935714
10148896,201612,39981,11290,己合备,11290525,己合悼,1,20,2,0.02542857
10148910,201612,39981,11290,己合备,11290525,己合悼,1,40,2,0.15257142
10148917,201612,39981,11290,己合备,11290525,己合悼,1,50,2,0.051357143
10149568,201612,39989,11290,己合备,11290590,捣鞠2悼,1,0,2,1.290125
10149575,201612,39989,11290,己合备,11290590,捣鞠2悼,1,10,2,0.065
10149589,201612,39989,11290,己合备,11290590,捣鞠2悼,1,30,2,0.187
10149596,201612,39989,11290,己合备,11290590,捣鞠2悼,1,40,2,0.737625
10149603,201612,39989,11290,己合备,11290590,捣鞠2悼,1,50,2,0.3005
10149617,201612,39989,11290,己合备,11290590,捣鞠2悼,2,0,2,0.23
10149638,201612,39989,11290,己合备,11290590,捣鞠2悼,2,30,2,0.08
10149645,201612,39989,11290,己合备,11290590,捣鞠2悼,2,40,2,0.1325
10149652,201612,39989,11290,己合备,11290590,捣鞠2悼,2,50,2,0.0175
10151136,201612,40004,11290,己合备,11290590,捣鞠2悼,1,0,2,8.9
10151157,201612,40004,11290,己合备,11290590,捣鞠2悼,1,30,2,1.869
10151164,201612,40004,11290,己合备,11290590,捣鞠2悼,1,40,2,3.56
10151171,201612,40004,11290,己合备,11290590,捣鞠2悼,1,50,2,3.026
10151178,201612,40004,11290,己合备,11290590,捣鞠2悼,1,60,2,0.445
10151185,201612,40004,11290,己合备,11290590,捣鞠2悼,2,0,2,1.35
10151206,201612,40004,11290,己合备,11290590,捣鞠2悼,2,30,2,0.225
10151213,201612,40004,11290,己合备,11290590,捣鞠2悼,2,40,2,0.675
10151220,201612,40004,11290,己合备,11290590,捣鞠2悼,2,50,2,0.45
10153684,201612,40029,11290,己合备,11290525,己合悼,1,0,2,7.4452
10153705,201612,40029,11290,己合备,11290525,己合悼,1,30,2,1.5636
10153712,201612,40029,11290,己合备,11290525,己合悼,1,40,2,2.978
10153719,201612,40029,11290,己合备,11290525,己合悼,1,50,2,2.5316
10153726,201612,40029,11290,己合备,11290525,己合悼,1,60,2,0.372
10153733,201612,40029,11290,己合备,11290525,己合悼,2,0,2,1.12
10153754,201612,40029,11290,己合备,11290525,己合悼,2,30,2,0.1875
10153761,201612,40029,11290,己合备,11290525,己合悼,2,40,2,0.56
10153768,201612,40029,11290,己合备,11290525,己合悼,2,50,2,0.3725
10153880,201612,40030,11290,己合备,11290590,捣鞠2悼,1,0,2,0.17613953
10153901,201612,40030,11290,己合备,11290590,捣鞠2悼,1,30,2,0.036976743
10153908,201612,40030,11290,己合备,11290590,捣鞠2悼,1,40,2,0.07046512
10153915,201612,40030,11290,己合备,11290590,捣鞠2悼,1,50,2,0.059860464
10153922,201612,40030,11290,己合备,11290590,捣鞠2悼,1,60,2,0.008837209
10153929,201612,40030,11290,己合备,11290590,捣鞠2悼,2,0,2,0.02604651
10153950,201612,40030,11290,己合备,11290590,捣鞠2悼,2,30,2,0.0043604653
10153957,201612,40030,11290,己合备,11290590,捣鞠2悼,2,40,2,0.013023255
10153964,201612,40030,11290,己合备,11290590,捣鞠2悼,2,50,2,0.008662791
10158780,201612,40082,11290,己合备,11290590,捣鞠2悼,1,0,2,0.5585833
10158787,201612,40082,11290,己合备,11290590,捣鞠2悼,1,10,2,0.039333332
10158801,201612,40082,11290,己合备,11290590,捣鞠2悼,1,30,2,0.078666665
10158808,201612,40082,11290,己合备,11290590,捣鞠2悼,1,40,2,0.36191666
10158815,201612,40082,11290,己合备,11290590,捣鞠2悼,1,50,2,0.078666665
10158829,201612,40082,11290,己合备,11290590,捣鞠2悼,2,0,2,0.0975
10158850,201612,40082,11290,己合备,11290590,捣鞠2悼,2,30,2,0.04875
10158857,201612,40082,11290,己合备,11290590,捣鞠2悼,2,40,2,0.04875
10162798,201612,40125,11290,己合备,11290590,捣鞠2悼,1,0,2,8.52
10162819,201612,40125,11290,己合备,11290590,捣鞠2悼,1,30,2,1.7895
10162826,201612,40125,11290,己合备,11290590,捣鞠2悼,1,40,2,3.4075
10162833,201612,40125,11290,己合备,11290590,捣鞠2悼,1,50,2,2.8955
10162840,201612,40125,11290,己合备,11290590,捣鞠2悼,1,60,2,0.4275
10162847,201612,40125,11290,己合备,11290590,捣鞠2悼,2,0,2,1.26
10162868,201612,40125,11290,己合备,11290590,捣鞠2悼,2,30,2,0.210625
10162875,201612,40125,11290,己合备,11290590,捣鞠2悼,2,40,2,0.63
10162882,201612,40125,11290,己合备,11290590,捣鞠2悼,2,50,2,0.419375
10162896,201612,40126,11290,己合备,11290590,捣鞠2悼,1,0,2,5.677
10162917,201612,40126,11290,己合备,11290590,捣鞠2悼,1,30,2,1.192
10162924,201612,40126,11290,己合备,11290590,捣鞠2悼,1,40,2,2.27
10162931,201612,40126,11290,己合备,11290590,捣鞠2悼,1,50,2,1.93
10162938,201612,40126,11290,己合备,11290590,捣鞠2悼,1,60,2,0.285
10162945,201612,40126,11290,己合备,11290590,捣鞠2悼,2,0,2,0.84
10162966,201612,40126,11290,己合备,11290590,捣鞠2悼,2,30,2,0.14
10162973,201612,40126,11290,己合备,11290590,捣鞠2悼,2,40,2,0.42
10162980,201612,40126,11290,己合备,11290590,捣鞠2悼,2,50,2,0.28
10179164,201612,40293,11290,己合备,11290525,己合悼,1,0,2,0.66742855
10179192,201612,40293,11290,己合备,11290525,己合悼,1,40,2,0.26685715
10179199,201612,40293,11290,己合备,11290525,己合悼,1,50,2,0.40057144
10182986,201612,40332,11290,己合备,11290525,己合悼,1,0,2,6.0564
10183007,201612,40332,11290,己合备,11290525,己合悼,1,30,2,1.2716
10183014,201612,40332,11290,己合备,11290525,己合悼,1,40,2,2.422
10183021,201612,40332,11290,己合备,11290525,己合悼,1,50,2,2.0588
10183028,201612,40332,11290,己合备,11290525,己合悼,1,60,2,0.304
10183035,201612,40332,11290,己合备,11290525,己合悼,2,0,2,0.896
10183056,201612,40332,11290,己合备,11290525,己合悼,2,30,2,0.1495
10183063,201612,40332,11290,己合备,11290525,己合悼,2,40,2,0.448
10183070,201612,40332,11290,己合备,11290525,己合悼,2,50,2,0.2985
10192884,201612,40436,11290,己合备,11290525,己合悼,1,0,2,0.22266667
10192912,201612,40436,11290,己合备,11290525,己合悼,1,40,2,0.089
10192919,201612,40436,11290,己合备,11290525,己合悼,1,50,2,0.13366666
10197490,201612,40480,11290,己合备,11290525,己合悼,1,0,2,0.27475
10197497,201612,40480,11290,己合备,11290525,己合悼,1,10,2,0.0105
10197504,201612,40480,11290,己合备,11290525,己合悼,1,20,2,0.021
10197518,201612,40480,11290,己合备,11290525,己合悼,1,40,2,0.116
10197525,201612,40480,11290,己合备,11290525,己合悼,1,50,2,0.12725
10197980,201612,40486,11290,己合备,11290590,捣鞠2悼,1,0,2,4.0028
10198001,201612,40486,11290,己合备,11290590,捣鞠2悼,1,30,2,0.678
10198008,201612,40486,11290,己合备,11290590,捣鞠2悼,1,40,2,1.7636
10198015,201612,40486,11290,己合备,11290590,捣鞠2悼,1,50,2,1.2212
10198022,201612,40486,11290,己合备,11290590,捣鞠2悼,1,60,2,0.34
10198029,201612,40486,11290,己合备,11290590,捣鞠2悼,2,0,2,0.8365
10198050,201612,40486,11290,己合备,11290590,捣鞠2悼,2,30,2,0.1675
10198057,201612,40486,11290,己合备,11290590,捣鞠2悼,2,40,2,0.334
10198064,201612,40486,11290,己合备,11290590,捣鞠2悼,2,50,2,0.1675
10198071,201612,40486,11290,己合备,11290590,捣鞠2悼,2,60,2,0.1675
10198078,201612,40487,11290,己合备,11290525,己合悼,1,0,2,2.501
10198099,201612,40487,11290,己合备,11290525,己合悼,1,30,2,0.42375
10198106,201612,40487,11290,己合备,11290525,己合悼,1,40,2,1.101
10198113,201612,40487,11290,己合备,11290525,己合悼,1,50,2,0.76375
10198120,201612,40487,11290,己合备,11290525,己合悼,1,60,2,0.2125
10198127,201612,40487,11290,己合备,11290525,己合悼,2,0,2,0.523125
10198148,201612,40487,11290,己合备,11290525,己合悼,2,30,2,0.105
10198155,201612,40487,11290,己合备,11290525,己合悼,2,40,2,0.208125
10198162,201612,40487,11290,己合备,11290525,己合悼,2,50,2,0.105
10198169,201612,40487,11290,己合备,11290525,己合悼,2,60,2,0.105
10204938,201612,40557,11290,己合备,11290525,己合悼,1,0,2,1.099
10204945,201612,40557,11290,己合备,11290525,己合悼,1,10,2,0.042
10204952,201612,40557,11290,己合备,11290525,己合悼,1,20,2,0.084
10204966,201612,40557,11290,己合备,11290525,己合悼,1,40,2,0.464
10204973,201612,40557,11290,己合备,11290525,己合悼,1,50,2,0.509
10207094,201612,40578,11290,己合备,11290525,己合悼,1,0,2,0.8285
10207101,201612,40578,11290,己合备,11290525,己合悼,1,10,2,0.032
10207108,201612,40578,11290,己合备,11290525,己合悼,1,20,2,0.064
10207122,201612,40578,11290,己合备,11290525,己合悼,1,40,2,0.351
10207129,201612,40578,11290,己合备,11290525,己合悼,1,50,2,0.3815
10207192,201612,40579,11290,己合备,11290525,己合悼,1,0,2,1.657
10207199,201612,40579,11290,己合备,11290525,己合悼,1,10,2,0.064
10207206,201612,40579,11290,己合备,11290525,己合悼,1,20,2,0.128
10207220,201612,40579,11290,己合备,11290525,己合悼,1,40,2,0.702
10207227,201612,40579,11290,己合备,11290525,己合悼,1,50,2,0.763
10220618,201612,40717,11290,己合备,11290525,己合悼,1,0,2,0.9655
10220625,201612,40717,11290,己合备,11290525,己合悼,1,10,2,0.037
10220632,201612,40717,11290,己合备,11290525,己合悼,1,20,2,0.074
10220646,201612,40717,11290,己合备,11290525,己合悼,1,40,2,0.408
10220653,201612,40717,11290,己合备,11290525,己合悼,1,50,2,0.4465
10225910,201612,40773,11290,己合备,11290525,己合悼,1,0,2,0.832
10225917,201612,40773,11290,己合备,11290525,己合悼,1,10,2,0.032
10225924,201612,40773,11290,己合备,11290525,己合悼,1,20,2,0.064
10225938,201612,40773,11290,己合备,11290525,己合悼,1,40,2,0.352
10225945,201612,40773,11290,己合备,11290525,己合悼,1,50,2,0.384
10233260,201612,40848,11290,己合备,11290525,己合悼,1,0,2,0.6612
10233267,201612,40848,11290,己合备,11290525,己合悼,1,10,2,0.025466667
10233274,201612,40848,11290,己合备,11290525,己合悼,1,20,2,0.050933335
10233288,201612,40848,11290,己合备,11290525,己合悼,1,40,2,0.27986667
10233295,201612,40848,11290,己合备,11290525,己合悼,1,50,2,0.30493334
10246686,201612,40977,11290,己合备,11290525,己合悼,1,0,2,0.19166666
10246707,201612,40977,11290,己合备,11290525,己合悼,1,30,2,0.05
10246714,201612,40977,11290,己合备,11290525,己合悼,1,40,2,0.06944445
10246721,201612,40977,11290,己合备,11290525,己合悼,1,50,2,0.06388889
10246728,201612,40977,11290,己合备,11290525,己合悼,1,60,2,0.008333334
10246735,201612,40977,11290,己合备,11290525,己合悼,2,0,2,0.0069444445
10246770,201612,40977,11290,己合备,11290525,己合悼,2,50,2,0.0069444445
10246882,201612,40979,11290,己合备,11290525,己合悼,1,0,2,2.2635
10246903,201612,40979,11290,己合备,11290525,己合悼,1,30,2,0.5195625
10246910,201612,40979,11290,己合备,11290525,己合悼,1,40,2,0.8725
10246917,201612,40979,11290,己合备,11290525,己合悼,1,50,2,0.763625
10246924,201612,40979,11290,己合备,11290525,己合悼,1,60,2,0.1078125
10246931,201612,40979,11290,己合备,11290525,己合悼,2,0,2,0.2415625
10246952,201612,40979,11290,己合备,11290525,己合悼,2,30,2,0.03515625
10246959,201612,40979,11290,己合备,11290525,己合悼,2,40,2,0.10515625
10246966,201612,40979,11290,己合备,11290525,己合悼,2,50,2,0.10125
10251292,201612,41020,11290,己合备,11290525,己合悼,1,0,2,1.274875
10251299,201612,41020,11290,己合备,11290525,己合悼,1,10,2,0.049
10251306,201612,41020,11290,己合备,11290525,己合悼,1,20,2,0.098
10251320,201612,41020,11290,己合备,11290525,己合悼,1,40,2,0.53925
10251327,201612,41020,11290,己合备,11290525,己合悼,1,50,2,0.588625
10251390,201612,41021,11290,己合备,11290525,己合悼,1,0,2,1.107
10251397,201612,41021,11290,己合备,11290525,己合悼,1,10,2,0.042666666
10251404,201612,41021,11290,己合备,11290525,己合悼,1,20,2,0.08533333
10251418,201612,41021,11290,己合备,11290525,己合悼,1,40,2,0.46866667
10251425,201612,41021,11290,己合备,11290525,己合悼,1,50,2,0.51033336
10255506,201612,41066,11290,己合备,11290525,己合悼,1,0,2,0.94442856
10255513,201612,41066,11290,己合备,11290525,己合悼,1,10,2,0.036285713
10255520,201612,41066,11290,己合备,11290525,己合悼,1,20,2,0.07257143
10255534,201612,41066,11290,己合备,11290525,己合悼,1,40,2,0.39942858
10255541,201612,41066,11290,己合备,11290525,己合悼,1,50,2,0.43614286
10260798,201612,41119,11290,己合备,11290525,己合悼,1,0,2,3.45
10260819,201612,41119,11290,己合备,11290525,己合悼,1,30,2,0.9
10260826,201612,41119,11290,己合备,11290525,己合悼,1,40,2,1.25
10260833,201612,41119,11290,己合备,11290525,己合悼,1,50,2,1.15
10260840,201612,41119,11290,己合备,11290525,己合悼,1,60,2,0.15
10260847,201612,41119,11290,己合备,11290525,己合悼,2,0,2,0.125
10260882,201612,41119,11290,己合备,11290525,己合悼,2,50,2,0.125
10273440,201612,41243,11290,己合备,11290525,己合悼,1,0,2,0.4025
10273468,201612,41243,11290,己合备,11290525,己合悼,1,40,2,0.19
10273475,201612,41243,11290,己合备,11290525,己合悼,1,50,2,0.2125
10273538,201612,41244,11290,己合备,11290525,己合悼,1,0,2,0.7326667
10273545,201612,41244,11290,己合备,11290525,己合悼,1,10,2,0.028
10273552,201612,41244,11290,己合备,11290525,己合悼,1,20,2,0.056
10273566,201612,41244,11290,己合备,11290525,己合悼,1,40,2,0.30933332
10273573,201612,41244,11290,己合备,11290525,己合悼,1,50,2,0.33933333
10273930,201612,41248,11290,己合备,11290525,己合悼,1,0,2,6.9
10273951,201612,41248,11290,己合备,11290525,己合悼,1,30,2,1.8
10273958,201612,41248,11290,己合备,11290525,己合悼,1,40,2,2.5
10273965,201612,41248,11290,己合备,11290525,己合悼,1,50,2,2.3
10273972,201612,41248,11290,己合备,11290525,己合悼,1,60,2,0.3
10273979,201612,41248,11290,己合备,11290525,己合悼,2,0,2,0.25
10274014,201612,41248,11290,己合备,11290525,己合悼,2,50,2,0.25
10274616,201612,41255,11290,己合备,11290525,己合悼,1,0,2,6.9
10274637,201612,41255,11290,己合备,11290525,己合悼,1,30,2,1.8
10274644,201612,41255,11290,己合备,11290525,己合悼,1,40,2,2.5
10274651,201612,41255,11290,己合备,11290525,己合悼,1,50,2,2.3
10274658,201612,41255,11290,己合备,11290525,己合悼,1,60,2,0.3
10274665,201612,41255,11290,己合备,11290525,己合悼,2,0,2,0.25
10274700,201612,41255,11290,己合备,11290525,己合悼,2,50,2,0.25
10278242,201612,41290,11290,己合备,11290525,己合悼,1,0,2,4.83
10278263,201612,41290,11290,己合备,11290525,己合悼,1,30,2,1.26
10278270,201612,41290,11290,己合备,11290525,己合悼,1,40,2,1.75
10278277,201612,41290,11290,己合备,11290525,己合悼,1,50,2,1.61
10278284,201612,41290,11290,己合备,11290525,己合悼,1,60,2,0.21
10278291,201612,41290,11290,己合备,11290525,己合悼,2,0,2,0.175
10278326,201612,41290,11290,己合备,11290525,己合悼,2,50,2,0.175
10296372,201612,41477,11290,己合备,11290525,己合悼,1,0,2,0.4037143
10296400,201612,41477,11290,己合备,11290525,己合悼,1,40,2,0.19085714
10296407,201612,41477,11290,己合备,11290525,己合悼,1,50,2,0.21285714
10296568,201612,41479,11290,己合备,11290525,己合悼,1,0,2,0.608
10296596,201612,41479,11290,己合备,11290525,己合悼,1,40,2,0.288
10296603,201612,41479,11290,己合备,11290525,己合悼,1,50,2,0.32
10296764,201612,41480,11290,己合备,11290525,己合悼,1,0,2,0.874
10296792,201612,41480,11290,己合备,11290525,己合悼,1,40,2,0.414
10296799,201612,41480,11290,己合备,11290525,己合悼,1,50,2,0.46
10299018,201612,41501,11290,己合备,11290525,己合悼,1,0,2,0.17884211
10299032,201612,41501,11290,己合备,11290525,己合悼,1,20,2,0.005236842
10299046,201612,41501,11290,己合备,11290525,己合悼,1,40,2,0.08406579
10299053,201612,41501,11290,己合备,11290525,己合悼,1,50,2,0.089539476
10330280,201612,41830,11290,己合备,11290525,己合悼,1,0,2,0.75575
10330308,201612,41830,11290,己合备,11290525,己合悼,1,40,2,0.357
10330315,201612,41830,11290,己合备,11290525,己合悼,1,50,2,0.39875
10347724,201612,42009,11290,己合备,11290525,己合悼,1,0,2,0.014
10347752,201612,42009,11290,己合备,11290525,己合悼,1,40,2,0.014
10347920,201612,42010,11290,己合备,11290525,己合悼,1,0,2,0.874
10347948,201612,42010,11290,己合备,11290525,己合悼,1,40,2,0.414
10347955,201612,42010,11290,己合备,11290525,己合悼,1,50,2,0.46
10355956,201612,42095,11290,己合备,11290525,己合悼,1,0,2,0.304
10355984,201612,42095,11290,己合备,11290525,己合悼,1,40,2,0.144
10355991,201612,42095,11290,己合备,11290525,己合悼,1,50,2,0.16
10356054,201612,42096,11290,己合备,11290525,己合悼,1,0,2,0.66807693
10356082,201612,42096,11290,己合备,11290525,己合悼,1,40,2,0.31615385
10356089,201612,42096,11290,己合备,11290525,己合悼,1,50,2,0.35192308
10358602,201612,42122,11290,己合备,11290525,己合悼,1,0,2,0.4025
10358630,201612,42122,11290,己合备,11290525,己合悼,1,40,2,0.19
10358637,201612,42122,11290,己合备,11290525,己合悼,1,50,2,0.2125
10376242,201612,42305,11290,己合备,11290525,己合悼,1,0,2,0.20125
10376270,201612,42305,11290,己合备,11290525,己合悼,1,40,2,0.095
10376277,201612,42305,11290,己合备,11290525,己合悼,1,50,2,0.10625
10409366,201612,42645,11290,己合备,11290525,己合悼,1,0,2,0.18666667
10409387,201612,42645,11290,己合备,11290525,己合悼,1,30,2,0.037333332
10409394,201612,42645,11290,己合备,11290525,己合悼,1,40,2,0.037333332
10409401,201612,42645,11290,己合备,11290525,己合悼,1,50,2,0.112
10417892,201612,42739,11290,己合备,11290525,己合悼,1,0,2,0.185
10417920,201612,42739,11290,己合备,11290525,己合悼,1,40,2,0.111
10417927,201612,42739,11290,己合备,11290525,己合悼,1,50,2,0.074
10418088,201612,42740,11290,己合备,11290525,己合悼,1,0,2,7.6656
10418095,201612,42740,11290,己合备,11290525,己合悼,1,10,2,0.1509
10418102,201612,42740,11290,己合备,11290525,己合悼,1,20,2,0.7535
10418109,201612,42740,11290,己合备,11290525,己合悼,1,30,2,1.9578
10418116,201612,42740,11290,己合备,11290525,己合悼,1,40,2,2.0584
10418123,201612,42740,11290,己合备,11290525,己合悼,1,50,2,2.0416
10418130,201612,42740,11290,己合备,11290525,己合悼,1,60,2,0.7034
10418137,201612,42740,11290,己合备,11290525,己合悼,2,0,2,1.7225
10418158,201612,42740,11290,己合备,11290525,己合悼,2,30,2,0.23
10418165,201612,42740,11290,己合备,11290525,己合悼,2,40,2,0.689
10418172,201612,42740,11290,己合备,11290525,己合悼,2,50,2,0.6885
10418179,201612,42740,11290,己合备,11290525,己合悼,2,60,2,0.115
10431416,201612,42876,11290,己合备,11290590,捣鞠2悼,1,0,2,8.350228
10431423,201612,42876,11290,己合备,11290590,捣鞠2悼,1,10,2,0.16965714
10431430,201612,42876,11290,己合备,11290590,捣鞠2悼,1,20,2,0.6198286
10431437,201612,42876,11290,己合备,11290590,捣鞠2悼,1,30,2,1.4235142
10431444,201612,42876,11290,己合备,11290590,捣鞠2悼,1,40,2,3.032343
10431451,201612,42876,11290,己合备,11290590,捣鞠2悼,1,50,2,2.3234572
10431458,201612,42876,11290,己合备,11290590,捣鞠2悼,1,60,2,0.7814286
10431465,201612,42876,11290,己合备,11290590,捣鞠2悼,2,0,2,2.1952143
10431479,201612,42876,11290,己合备,11290590,捣鞠2悼,2,20,2,0.26785713
10431486,201612,42876,11290,己合备,11290590,捣鞠2悼,2,30,2,0.3415
10431493,201612,42876,11290,己合备,11290590,捣鞠2悼,2,40,2,0.7516429
10431500,201612,42876,11290,己合备,11290590,捣鞠2悼,2,50,2,0.6133571
10431507,201612,42876,11290,己合备,11290590,捣鞠2悼,2,60,2,0.22085714
10443176,201612,42995,11290,己合备,11290525,己合悼,1,0,2,4.16075
10443183,201612,42995,11290,己合备,11290525,己合悼,1,10,2,0.073125
10443190,201612,42995,11290,己合备,11290525,己合悼,1,20,2,0.365625
10443197,201612,42995,11290,己合备,11290525,己合悼,1,30,2,1.04625
10443204,201612,42995,11290,己合备,11290525,己合悼,1,40,2,1.0705
10443211,201612,42995,11290,己合备,11290525,己合悼,1,50,2,1.264
10443218,201612,42995,11290,己合备,11290525,己合悼,1,60,2,0.34125
10443225,201612,42995,11290,己合备,11290525,己合悼,2,0,2,0.8375
10443246,201612,42995,11290,己合备,11290525,己合悼,2,30,2,0.111875
10443253,201612,42995,11290,己合备,11290525,己合悼,2,40,2,0.335
10443260,201612,42995,11290,己合备,11290525,己合悼,2,50,2,0.3346875
10443267,201612,42995,11290,己合备,11290525,己合悼,2,60,2,0.0559375
10443372,201612,42997,11290,己合备,11290525,己合悼,1,0,2,10.243667
10443386,201612,42997,11290,己合备,11290525,己合悼,1,20,2,0.24566667
10443393,201612,42997,11290,己合备,11290525,己合悼,1,30,2,1.4556667
10443400,201612,42997,11290,己合备,11290525,己合悼,1,40,2,3.7113333
10443407,201612,42997,11290,己合备,11290525,己合悼,1,50,2,4.257167
10443414,201612,42997,11290,己合备,11290525,己合悼,1,60,2,0.57383335
10443421,201612,42997,11290,己合备,11290525,己合悼,2,0,2,0.8433333
10443449,201612,42997,11290,己合备,11290525,己合悼,2,40,2,0.5208333
10443456,201612,42997,11290,己合备,11290525,己合悼,2,50,2,0.3225
10443960,201612,43000,11290,己合备,11290525,己合悼,1,0,2,13.977
10443967,201612,43000,11290,己合备,11290525,己合悼,1,10,2,0.27225
10443974,201612,43000,11290,己合备,11290525,己合悼,1,20,2,1.35875
10443981,201612,43000,11290,己合备,11290525,己合悼,1,30,2,3.5905
10443988,201612,43000,11290,己合备,11290525,己合悼,1,40,2,3.6805
10443995,201612,43000,11290,己合备,11290525,己合悼,1,50,2,3.8065
10444002,201612,43000,11290,己合备,11290525,己合悼,1,60,2,1.2685
10444009,201612,43000,11290,己合备,11290525,己合悼,2,0,2,3.1125
10444030,201612,43000,11290,己合备,11290525,己合悼,2,30,2,0.41625
10444037,201612,43000,11290,己合备,11290525,己合悼,2,40,2,1.245
10444044,201612,43000,11290,己合备,11290525,己合悼,2,50,2,1.243125
10444051,201612,43000,11290,己合备,11290525,己合悼,2,60,2,0.208125
10444058,201612,43001,11290,己合备,11290525,己合悼,1,0,2,26.052
10444065,201612,43001,11290,己合备,11290525,己合悼,1,10,2,0.501
10444072,201612,43001,11290,己合备,11290525,己合悼,1,20,2,2.505
10444079,201612,43001,11290,己合备,11290525,己合悼,1,30,2,6.68
10444086,201612,43001,11290,己合备,11290525,己合悼,1,40,2,6.847
10444093,201612,43001,11290,己合备,11290525,己合悼,1,50,2,7.181
10444100,201612,43001,11290,己合备,11290525,己合悼,1,60,2,2.338
10444107,201612,43001,11290,己合备,11290525,己合悼,2,0,2,5.7375
10444128,201612,43001,11290,己合备,11290525,己合悼,2,30,2,0.765
10444135,201612,43001,11290,己合备,11290525,己合悼,2,40,2,2.295
10444142,201612,43001,11290,己合备,11290525,己合悼,2,50,2,2.295
10444149,201612,43001,11290,己合备,11290525,己合悼,2,60,2,0.3825
10445626,201612,43017,11290,己合备,11290525,己合悼,1,0,2,17.36
10445633,201612,43017,11290,己合备,11290525,己合悼,1,10,2,0.333
10445640,201612,43017,11290,己合备,11290525,己合悼,1,20,2,1.67
10445647,201612,43017,11290,己合备,11290525,己合悼,1,30,2,4.451
10445654,201612,43017,11290,己合备,11290525,己合悼,1,40,2,4.562
10445661,201612,43017,11290,己合备,11290525,己合悼,1,50,2,4.786
10445668,201612,43017,11290,己合备,11290525,己合悼,1,60,2,1.558
10445675,201612,43017,11290,己合备,11290525,己合悼,2,0,2,3.825
10445696,201612,43017,11290,己合备,11290525,己合悼,2,30,2,0.51
10445703,201612,43017,11290,己合备,11290525,己合悼,2,40,2,1.53
10445710,201612,43017,11290,己合备,11290525,己合悼,2,50,2,1.53
10445717,201612,43017,11290,己合备,11290525,己合悼,2,60,2,0.255
10448174,201612,43042,11290,己合备,11290525,己合悼,1,0,2,14.477333
10448181,201612,43042,11290,己合备,11290525,己合悼,1,10,2,0.279
10448188,201612,43042,11290,己合备,11290525,己合悼,1,20,2,1.3933333
10448195,201612,43042,11290,己合备,11290525,己合悼,1,30,2,3.6176667
10448202,201612,43042,11290,己合备,11290525,己合悼,1,40,2,3.99
10448209,201612,43042,11290,己合备,11290525,己合悼,1,50,2,3.8966668
10448216,201612,43042,11290,己合备,11290525,己合悼,1,60,2,1.3006667
10448223,201612,43042,11290,己合备,11290525,己合悼,2,0,2,3.1916666
10448244,201612,43042,11290,己合备,11290525,己合悼,2,30,2,0.42666668
10448251,201612,43042,11290,己合备,11290525,己合悼,2,40,2,1.2766666
10448258,201612,43042,11290,己合备,11290525,己合悼,2,50,2,1.275
10448265,201612,43042,11290,己合备,11290525,己合悼,2,60,2,0.21333334
10448272,201612,43043,11290,己合备,11290525,己合悼,1,0,2,17.36
10448279,201612,43043,11290,己合备,11290525,己合悼,1,10,2,0.333
10448286,201612,43043,11290,己合备,11290525,己合悼,1,20,2,1.67
10448293,201612,43043,11290,己合备,11290525,己合悼,1,30,2,4.339
10448300,201612,43043,11290,己合备,11290525,己合悼,1,40,2,4.786
10448307,201612,43043,11290,己合备,11290525,己合悼,1,50,2,4.674
10448314,201612,43043,11290,己合备,11290525,己合悼,1,60,2,1.558
10448321,201612,43043,11290,己合备,11290525,己合悼,2,0,2,3.825
10448342,201612,43043,11290,己合备,11290525,己合悼,2,30,2,0.51
10448349,201612,43043,11290,己合备,11290525,己合悼,2,40,2,1.53
10448356,201612,43043,11290,己合备,11290525,己合悼,2,50,2,1.53
10448363,201612,43043,11290,己合备,11290525,己合悼,2,60,2,0.255
10448370,201612,43044,11290,己合备,11290525,己合悼,1,0,2,0.835
10448391,201612,43044,11290,己合备,11290525,己合悼,1,30,2,0.167
10448398,201612,43044,11290,己合备,11290525,己合悼,1,40,2,0.167
10448405,201612,43044,11290,己合备,11290525,己合悼,1,50,2,0.501
10448468,201612,43045,11290,己合备,11290525,己合悼,1,0,2,0.637
10448489,201612,43045,11290,己合备,11290525,己合悼,1,30,2,0.1274
10448496,201612,43045,11290,己合备,11290525,己合悼,1,40,2,0.1274
10448503,201612,43045,11290,己合备,11290525,己合悼,1,50,2,0.3822
10456798,201612,43131,11290,己合备,11290525,己合悼,1,0,2,15.451333
10456812,201612,43131,11290,己合备,11290525,己合悼,1,20,2,0.64166665
10456819,201612,43131,11290,己合备,11290525,己合悼,1,30,2,2.855
10456826,201612,43131,11290,己合备,11290525,己合悼,1,40,2,5.2733335
10456833,201612,43131,11290,己合备,11290525,己合悼,1,50,2,5.409
10456840,201612,43131,11290,己合备,11290525,己合悼,1,60,2,1.2723334
10456847,201612,43131,11290,己合备,11290525,己合悼,2,0,2,0.94083333
10456875,201612,43131,11290,己合备,11290525,己合悼,2,40,2,0.42
10456882,201612,43131,11290,己合备,11290525,己合悼,2,50,2,0.5208333
10456896,201612,43132,11290,己合备,11290525,己合悼,1,0,2,0.45
10456917,201612,43132,11290,己合备,11290525,己合悼,1,30,2,0.09
10456924,201612,43132,11290,己合备,11290525,己合悼,1,40,2,0.09
10456931,201612,43132,11290,己合备,11290525,己合悼,1,50,2,0.27
10463462,201612,43198,11290,己合备,11290525,己合悼,1,0,2,19.1894
10463469,201612,43198,11290,己合备,11290525,己合悼,1,10,2,0.3336
10463476,201612,43198,11290,己合备,11290525,己合悼,1,20,2,1.6922
10463483,201612,43198,11290,己合备,11290525,己合悼,1,30,2,4.5406
10463490,201612,43198,11290,己合备,11290525,己合悼,1,40,2,5.4992
10463497,201612,43198,11290,己合备,11290525,己合悼,1,50,2,5.4988
10463504,201612,43198,11290,己合备,11290525,己合悼,1,60,2,1.625
10463511,201612,43198,11290,己合备,11290525,己合悼,2,0,2,3.978
10463532,201612,43198,11290,己合备,11290525,己合悼,2,30,2,0.51
10463539,201612,43198,11290,己合备,11290525,己合悼,2,40,2,1.632
10463546,201612,43198,11290,己合备,11290525,己合悼,2,50,2,1.581
10463553,201612,43198,11290,己合备,11290525,己合悼,2,60,2,0.255
10465716,201612,43219,11290,己合备,11290525,己合悼,1,0,2,0.0798
10465737,201612,43219,11290,己合备,11290525,己合悼,1,30,2,0.0228
10465744,201612,43219,11290,己合备,11290525,己合悼,1,40,2,0.0114
10465751,201612,43219,11290,己合备,11290525,己合悼,1,50,2,0.0456
10468362,201612,43245,11290,己合备,11290525,己合悼,1,0,2,11.647
10468376,201612,43245,11290,己合备,11290525,己合悼,1,20,2,0.111
10468383,201612,43245,11290,己合备,11290525,己合悼,1,30,2,1.2976667
10468390,201612,43245,11290,己合备,11290525,己合悼,1,40,2,4.748667
10468397,201612,43245,11290,己合备,11290525,己合悼,1,50,2,5.1566668
10468404,201612,43245,11290,己合备,11290525,己合悼,1,60,2,0.333
10468411,201612,43245,11290,己合备,11290525,己合悼,2,0,2,0.935
10468439,201612,43245,11290,己合备,11290525,己合悼,2,40,2,0.51
10468446,201612,43245,11290,己合备,11290525,己合悼,2,50,2,0.425
10468460,201612,43246,11290,己合备,11290525,己合悼,1,0,2,9.695
10468474,201612,43246,11290,己合备,11290525,己合悼,1,20,2,0.084
10468481,201612,43246,11290,己合备,11290525,己合悼,1,30,2,1.088
10468488,201612,43246,11290,己合备,11290525,己合悼,1,40,2,4.009
10468495,201612,43246,11290,己合备,11290525,己合悼,1,50,2,4.262
10468502,201612,43246,11290,己合备,11290525,己合悼,1,60,2,0.252
10468509,201612,43246,11290,己合备,11290525,己合悼,2,0,2,0.7675
10468537,201612,43246,11290,己合备,11290525,己合悼,2,40,2,0.385
10468544,201612,43246,11290,己合备,11290525,己合悼,2,50,2,0.3825
10470420,201612,43268,11290,己合备,11290525,己合悼,1,0,2,0.3304
10470448,201612,43268,11290,己合备,11290525,己合悼,1,40,2,0.1888
10470455,201612,43268,11290,己合备,11290525,己合悼,1,50,2,0.1416
10471008,201612,43275,11290,己合备,11290525,己合悼,1,0,2,10.581
10471022,201612,43275,11290,己合备,11290525,己合悼,1,20,2,0.7282
10471029,201612,43275,11290,己合备,11290525,己合悼,1,30,2,2.5788
10471036,201612,43275,11290,己合备,11290525,己合悼,1,40,2,3.212
10471043,201612,43275,11290,己合备,11290525,己合悼,1,50,2,2.7388
10471050,201612,43275,11290,己合备,11290525,己合悼,1,60,2,1.3232
10471057,201612,43275,11290,己合备,11290525,己合悼,2,0,2,0.3255
10471092,201612,43275,11290,己合备,11290525,己合悼,2,50,2,0.3255
10471106,201612,43276,11290,己合备,11290525,己合悼,1,0,2,13.762
10471120,201612,43276,11290,己合备,11290525,己合悼,1,20,2,0.9574
10471127,201612,43276,11290,己合备,11290525,己合悼,1,30,2,3.395
10471134,201612,43276,11290,己合备,11290525,己合悼,1,40,2,4.1324
10471141,201612,43276,11290,己合备,11290525,己合悼,1,50,2,3.5348
10471148,201612,43276,11290,己合备,11290525,己合悼,1,60,2,1.7424
10471155,201612,43276,11290,己合备,11290525,己合悼,2,0,2,0.429
10471190,201612,43276,11290,己合备,11290525,己合悼,2,50,2,0.429
10471400,201612,43279,11290,己合备,11290525,己合悼,1,0,2,1.40325
10471414,201612,43279,11290,己合备,11290525,己合悼,1,20,2,0.01425
10471421,201612,43279,11290,己合备,11290525,己合悼,1,30,2,0.31825
10471428,201612,43279,11290,己合备,11290525,己合悼,1,40,2,0.4075
10471435,201612,43279,11290,己合备,11290525,己合悼,1,50,2,0.649
10471442,201612,43279,11290,己合备,11290525,己合悼,1,60,2,0.01425
10478064,201612,43351,11290,己合备,11290525,己合悼,1,0,2,4.8326
10478078,201612,43351,11290,己合备,11290525,己合悼,1,20,2,0.2508
10478085,201612,43351,11290,己合备,11290525,己合悼,1,30,2,0.8852
10478092,201612,43351,11290,己合备,11290525,己合悼,1,40,2,1.788
10478099,201612,43351,11290,己合备,11290525,己合悼,1,50,2,1.4542
10478106,201612,43351,11290,己合备,11290525,己合悼,1,60,2,0.4544
10478113,201612,43351,11290,己合备,11290525,己合悼,2,0,2,0.112
10478148,201612,43351,11290,己合备,11290525,己合悼,2,50,2,0.112
10480318,201612,43376,11290,己合备,11290525,己合悼,1,0,2,0.826
10480346,201612,43376,11290,己合备,11290525,己合悼,1,40,2,0.472
10480353,201612,43376,11290,己合备,11290525,己合悼,1,50,2,0.354
10484336,201612,43418,11290,己合备,11290525,己合悼,1,0,2,19.792334
10484343,201612,43418,11290,己合备,11290525,己合悼,1,10,2,0.389
10484350,201612,43418,11290,己合备,11290525,己合悼,1,20,2,1.9483334
10484357,201612,43418,11290,己合备,11290525,己合悼,1,30,2,5.101
10484364,201612,43418,11290,己合备,11290525,己合悼,1,40,2,5.2306666
10484371,201612,43418,11290,己合备,11290525,己合悼,1,50,2,5.305333
10484378,201612,43418,11290,己合备,11290525,己合悼,1,60,2,1.818
10484385,201612,43418,11290,己合备,11290525,己合悼,2,0,2,4.4625
10484406,201612,43418,11290,己合备,11290525,己合悼,2,30,2,0.595
10484413,201612,43418,11290,己合备,11290525,己合悼,2,40,2,1.785
10484420,201612,43418,11290,己合备,11290525,己合悼,2,50,2,1.785
10484427,201612,43418,11290,己合备,11290525,己合悼,2,60,2,0.2975
10485904,201612,43433,11290,己合备,11290525,己合悼,1,0,2,3.5644445
10485918,201612,43433,11290,己合备,11290525,己合悼,1,20,2,0.05911111
10485925,201612,43433,11290,己合备,11290525,己合悼,1,30,2,0.6751111
10485932,201612,43433,11290,己合备,11290525,己合悼,1,40,2,1.3668889
10485939,201612,43433,11290,己合备,11290525,己合悼,1,50,2,1.4042222
10485946,201612,43433,11290,己合备,11290525,己合悼,1,60,2,0.05911111
10486002,201612,43434,11290,己合备,11290525,己合悼,1,0,2,1.3033333
10486016,201612,43434,11290,己合备,11290525,己合悼,1,20,2,0.022166668
10486023,201612,43434,11290,己合备,11290525,己合悼,1,30,2,0.24366666
10486030,201612,43434,11290,己合备,11290525,己合悼,1,40,2,0.50766665
10486037,201612,43434,11290,己合备,11290525,己合悼,1,50,2,0.50766665
10486044,201612,43434,11290,己合备,11290525,己合悼,1,60,2,0.022166668
10489726,201612,43472,11290,己合备,11290525,己合悼,1,0,2,7.912125
10489733,201612,43472,11290,己合备,11290525,己合悼,1,10,2,0.14625
10489740,201612,43472,11290,己合备,11290525,己合悼,1,20,2,0.73125
10489747,201612,43472,11290,己合备,11290525,己合悼,1,30,2,2.010625
10489754,201612,43472,11290,己合备,11290525,己合悼,1,40,2,2.059125
10489761,201612,43472,11290,己合备,11290525,己合悼,1,50,2,2.282375
10489768,201612,43472,11290,己合备,11290525,己合悼,1,60,2,0.6825
10489775,201612,43472,11290,己合备,11290525,己合悼,2,0,2,1.675
10489796,201612,43472,11290,己合备,11290525,己合悼,2,30,2,0.22375
10489803,201612,43472,11290,己合备,11290525,己合悼,2,40,2,0.67
10489810,201612,43472,11290,己合备,11290525,己合悼,2,50,2,0.669375
10489817,201612,43472,11290,己合备,11290525,己合悼,2,60,2,0.111875
10491098,201612,43489,11290,己合备,11290525,己合悼,1,0,2,16.8
10491105,201612,43489,11290,己合备,11290525,己合悼,1,10,2,0.333
10491112,201612,43489,11290,己合备,11290525,己合悼,1,20,2,1.67
10491119,201612,43489,11290,己合备,11290525,己合悼,1,30,2,4.339
10491126,201612,43489,11290,己合备,11290525,己合悼,1,40,2,4.45
10491133,201612,43489,11290,己合备,11290525,己合悼,1,50,2,4.45
10491140,201612,43489,11290,己合备,11290525,己合悼,1,60,2,1.558
10491147,201612,43489,11290,己合备,11290525,己合悼,2,0,2,3.825
10491168,201612,43489,11290,己合备,11290525,己合悼,2,30,2,0.51
10491175,201612,43489,11290,己合备,11290525,己合悼,2,40,2,1.53
10491182,201612,43489,11290,己合备,11290525,己合悼,2,50,2,1.53
10491189,201612,43489,11290,己合备,11290525,己合悼,2,60,2,0.255
10494626,201612,43521,11290,己合备,11290525,己合悼,1,0,2,16.8
10494633,201612,43521,11290,己合备,11290525,己合悼,1,10,2,0.333
10494640,201612,43521,11290,己合备,11290525,己合悼,1,20,2,1.67
10494647,201612,43521,11290,己合备,11290525,己合悼,1,30,2,4.339
10494654,201612,43521,11290,己合备,11290525,己合悼,1,40,2,4.45
10494661,201612,43521,11290,己合备,11290525,己合悼,1,50,2,4.45
10494668,201612,43521,11290,己合备,11290525,己合悼,1,60,2,1.558
10494675,201612,43521,11290,己合备,11290525,己合悼,2,0,2,3.825
10494696,201612,43521,11290,己合备,11290525,己合悼,2,30,2,0.51
10494703,201612,43521,11290,己合备,11290525,己合悼,2,40,2,1.53
10494710,201612,43521,11290,己合备,11290525,己合悼,2,50,2,1.53
10494717,201612,43521,11290,己合备,11290525,己合悼,2,60,2,0.255
10494920,201612,43524,11290,己合备,11290525,己合悼,1,0,2,11.9055
10494934,201612,43524,11290,己合备,11290525,己合悼,1,20,2,0.10475
10494941,201612,43524,11290,己合备,11290525,己合悼,1,30,2,1.35875
10494948,201612,43524,11290,己合备,11290525,己合悼,1,40,2,4.8855
10494955,201612,43524,11290,己合备,11290525,己合悼,1,50,2,5.24225
10494962,201612,43524,11290,己合备,11290525,己合悼,1,60,2,0.31425
10494969,201612,43524,11290,己合备,11290525,己合悼,2,0,2,0.958125
10494997,201612,43524,11290,己合备,11290525,己合悼,2,40,2,0.48
10495004,201612,43524,11290,己合备,11290525,己合悼,2,50,2,0.478125
10496880,201612,43543,11290,己合备,11290525,己合悼,1,0,2,10.221
10496894,201612,43543,11290,己合备,11290525,己合悼,1,20,2,0.627
10496901,201612,43543,11290,己合备,11290525,己合悼,1,30,2,2.213
10496908,201612,43543,11290,己合备,11290525,己合悼,1,40,2,3.406
10496915,201612,43543,11290,己合备,11290525,己合悼,1,50,2,2.839
10496922,201612,43543,11290,己合备,11290525,己合悼,1,60,2,1.136
10496929,201612,43543,11290,己合备,11290525,己合悼,2,0,2,0.28
10496964,201612,43543,11290,己合备,11290525,己合悼,2,50,2,0.28
10499428,201612,43569,11290,己合备,11290525,己合悼,1,0,2,0.44333333
10499449,201612,43569,11290,己合备,11290525,己合悼,1,30,2,0.12666667
10499456,201612,43569,11290,己合备,11290525,己合悼,1,40,2,0.06333333
10499463,201612,43569,11290,己合备,11290525,己合悼,1,50,2,0.25333333
10505700,201612,43636,11290,己合备,11290525,己合悼,1,0,2,1.063
10505728,201612,43636,11290,己合备,11290525,己合悼,1,40,2,0.608
10505735,201612,43636,11290,己合备,11290525,己合悼,1,50,2,0.455
10505798,201612,43637,11290,己合备,11290525,己合悼,1,0,2,3.178
10505826,201612,43637,11290,己合备,11290525,己合悼,1,40,2,1.816
10505833,201612,43637,11290,己合备,11290525,己合悼,1,50,2,1.362
10508346,201612,43665,11290,己合备,11290525,己合悼,1,0,2,0.4655
10508367,201612,43665,11290,己合备,11290525,己合悼,1,30,2,0.133
10508374,201612,43665,11290,己合备,11290525,己合悼,1,40,2,0.0665
10508381,201612,43665,11290,己合备,11290525,己合悼,1,50,2,0.266
10508444,201612,43666,11290,己合备,11290525,己合悼,1,0,2,1.8052
10508472,201612,43666,11290,己合备,11290525,己合悼,1,40,2,1.032
10508479,201612,43666,11290,己合备,11290525,己合悼,1,50,2,0.7732
10508542,201612,43667,11290,己合备,11290525,己合悼,1,0,2,1.595
10508570,201612,43667,11290,己合备,11290525,己合悼,1,40,2,0.912
10508577,201612,43667,11290,己合备,11290525,己合悼,1,50,2,0.683
10516578,201612,43751,11290,己合备,11290525,己合悼,1,0,2,1.063
10516606,201612,43751,11290,己合备,11290525,己合悼,1,40,2,0.608
10516613,201612,43751,11290,己合备,11290525,己合悼,1,50,2,0.455
10518832,201612,43773,11290,己合备,11290525,己合悼,1,0,2,6.1142
10518846,201612,43773,11290,己合备,11290525,己合悼,1,20,2,0.1662
10518853,201612,43773,11290,己合备,11290525,己合悼,1,30,2,0.7574
10518860,201612,43773,11290,己合备,11290525,己合悼,1,40,2,2.6328
10518867,201612,43773,11290,己合备,11290525,己合悼,1,50,2,2.179
10518874,201612,43773,11290,己合备,11290525,己合悼,1,60,2,0.3788
10518881,201612,43773,11290,己合备,11290525,己合悼,2,0,2,0.299
10518909,201612,43773,11290,己合备,11290525,己合悼,2,40,2,0.075
10518916,201612,43773,11290,己合备,11290525,己合悼,2,50,2,0.224
10521282,201612,43797,11290,己合备,11290525,己合悼,1,0,2,11.136
10521303,201612,43797,11290,己合备,11290525,己合悼,1,30,2,1.253
10521310,201612,43797,11290,己合备,11290525,己合悼,1,40,2,4.77
10521317,201612,43797,11290,己合备,11290525,己合悼,1,50,2,4.543
10521324,201612,43797,11290,己合备,11290525,己合悼,1,60,2,0.57
10521331,201612,43797,11290,己合备,11290525,己合悼,2,0,2,1.68
10521359,201612,43797,11290,己合备,11290525,己合悼,2,40,2,0.56
10521366,201612,43797,11290,己合备,11290525,己合悼,2,50,2,1.12
10527162,201612,43855,11290,己合备,11290525,己合悼,1,0,2,4.0375
10527183,201612,43855,11290,己合备,11290525,己合悼,1,30,2,0.476
10527190,201612,43855,11290,己合备,11290525,己合悼,1,40,2,1.9
10527197,201612,43855,11290,己合备,11290525,己合悼,1,50,2,1.6615
10527211,201612,43855,11290,己合备,11290525,己合悼,2,0,2,0.27125
10527246,201612,43855,11290,己合备,11290525,己合悼,2,50,2,0.27125
10527260,201612,43856,11290,己合备,11290525,己合悼,1,0,2,3.8987777
10527274,201612,43856,11290,己合备,11290525,己合悼,1,20,2,0.024666667
10527281,201612,43856,11290,己合备,11290525,己合悼,1,30,2,0.42066666
10527288,201612,43856,11290,己合备,11290525,己合悼,1,40,2,1.6961111
10527295,201612,43856,11290,己合备,11290525,己合悼,1,50,2,1.6833333
10527302,201612,43856,11290,己合备,11290525,己合悼,1,60,2,0.074
10527309,201612,43856,11290,己合备,11290525,己合悼,2,0,2,0.28333333
10527337,201612,43856,11290,己合备,11290525,己合悼,2,40,2,0.11333334
10527344,201612,43856,11290,己合备,11290525,己合悼,2,50,2,0.17
10527358,201612,43857,11290,己合备,11290525,己合悼,1,0,2,0.112
10527379,201612,43857,11290,己合备,11290525,己合悼,1,30,2,0.0224
10527386,201612,43857,11290,己合备,11290525,己合悼,1,40,2,0.0224
10527393,201612,43857,11290,己合备,11290525,己合悼,1,50,2,0.0672
10529612,201612,43880,11290,己合备,11290525,己合悼,1,0,2,7.418
10529633,201612,43880,11290,己合备,11290525,己合悼,1,30,2,0.835
10529640,201612,43880,11290,己合备,11290525,己合悼,1,40,2,3.178
10529647,201612,43880,11290,己合备,11290525,己合悼,1,50,2,3.025
10529654,201612,43880,11290,己合备,11290525,己合悼,1,60,2,0.38
10529661,201612,43880,11290,己合备,11290525,己合悼,2,0,2,1.1225
10529689,201612,43880,11290,己合备,11290525,己合悼,2,40,2,0.375
10529696,201612,43880,11290,己合备,11290525,己合悼,2,50,2,0.7475
10531082,201612,43898,11290,己合备,11290525,己合悼,1,0,2,8.477
10531103,201612,43898,11290,己合备,11290525,己合悼,1,30,2,0.835
10531110,201612,43898,11290,己合备,11290525,己合悼,1,40,2,3.782
10531117,201612,43898,11290,己合备,11290525,己合悼,1,50,2,3.48
10531124,201612,43898,11290,己合备,11290525,己合悼,1,60,2,0.38
10531131,201612,43898,11290,己合备,11290525,己合悼,2,0,2,1.1225
10531159,201612,43898,11290,己合备,11290525,己合悼,2,40,2,0.375
10531166,201612,43898,11290,己合备,11290525,己合悼,2,50,2,0.7475
10532944,201612,43915,11290,己合备,11290525,己合悼,1,0,2,1.6493334
10532958,201612,43915,11290,己合备,11290525,己合悼,1,20,2,0.019
10532965,201612,43915,11290,己合备,11290525,己合悼,1,30,2,0.361
10532972,201612,43915,11290,己合备,11290525,己合悼,1,40,2,0.51166666
10532979,201612,43915,11290,己合备,11290525,己合悼,1,50,2,0.73866665
10532986,201612,43915,11290,己合备,11290525,己合悼,1,60,2,0.019
10533042,201612,43916,11290,己合备,11290525,己合悼,1,0,2,0.532
10533063,201612,43916,11290,己合备,11290525,己合悼,1,30,2,0.152
10533070,201612,43916,11290,己合备,11290525,己合悼,1,40,2,0.076
10533077,201612,43916,11290,己合备,11290525,己合悼,1,50,2,0.304
10535394,201612,43943,11290,己合备,11290525,己合悼,1,0,2,0.532
10535415,201612,43943,11290,己合备,11290525,己合悼,1,30,2,0.152
10535422,201612,43943,11290,己合备,11290525,己合悼,1,40,2,0.076
10535429,201612,43943,11290,己合备,11290525,己合悼,1,50,2,0.304
10537648,201612,43966,11290,己合备,11290525,己合悼,1,0,2,5.7222
10537662,201612,43966,11290,己合备,11290525,己合悼,1,20,2,0.1662
10537669,201612,43966,11290,己合备,11290525,己合悼,1,30,2,0.6816
10537676,201612,43966,11290,己合备,11290525,己合悼,1,40,2,2.5434
10537683,201612,43966,11290,己合备,11290525,己合悼,1,50,2,2.0282
10537690,201612,43966,11290,己合备,11290525,己合悼,1,60,2,0.3028
10537697,201612,43966,11290,己合备,11290525,己合悼,2,0,2,0.1305
10537732,201612,43966,11290,己合备,11290525,己合悼,2,50,2,0.1305
10537746,201612,43967,11290,己合备,11290525,己合悼,1,0,2,6.064
10537760,201612,43967,11290,己合备,11290525,己合悼,1,20,2,0.0224
10537767,201612,43967,11290,己合备,11290525,己合悼,1,30,2,0.564
10537774,201612,43967,11290,己合备,11290525,己合悼,1,40,2,2.8186
10537781,201612,43967,11290,己合备,11290525,己合悼,1,50,2,2.5918
10537788,201612,43967,11290,己合备,11290525,己合悼,1,60,2,0.0672
10537795,201612,43967,11290,己合备,11290525,己合悼,2,0,2,0.3725
10537823,201612,43967,11290,己合备,11290525,己合悼,2,40,2,0.102
10537830,201612,43967,11290,己合备,11290525,己合悼,2,50,2,0.2705
10540294,201612,43994,11290,己合备,11290525,己合悼,1,0,2,2.852
10540315,201612,43994,11290,己合备,11290525,己合悼,1,30,2,0.336
10540322,201612,43994,11290,己合备,11290525,己合悼,1,40,2,1.343
10540329,201612,43994,11290,己合备,11290525,己合悼,1,50,2,1.173
10540343,201612,43994,11290,己合备,11290525,己合悼,2,0,2,0.1925
10540378,201612,43994,11290,己合备,11290525,己合悼,2,50,2,0.1925
10547742,201612,44070,11290,己合备,11290525,己合悼,1,0,2,3.4065
10547763,201612,44070,11290,己合备,11290525,己合悼,1,30,2,0.152
10547770,201612,44070,11290,己合备,11290525,己合悼,1,40,2,1.816
10547777,201612,44070,11290,己合备,11290525,己合悼,1,50,2,1.4385
10547791,201612,44070,11290,己合备,11290525,己合悼,2,0,2,0.09375
10547826,201612,44070,11290,己合备,11290525,己合悼,2,50,2,0.09375
10551074,201612,44106,11290,己合备,11290525,己合悼,1,0,2,0.42116666
10551095,201612,44106,11290,己合备,11290525,己合悼,1,30,2,0.12033334
10551102,201612,44106,11290,己合备,11290525,己合悼,1,40,2,0.06016667
10551109,201612,44106,11290,己合备,11290525,己合悼,1,50,2,0.24066667
10551172,201612,44107,11290,己合备,11290525,己合悼,1,0,2,0.399
10551193,201612,44107,11290,己合备,11290525,己合悼,1,30,2,0.114
10551200,201612,44107,11290,己合备,11290525,己合悼,1,40,2,0.057
10551207,201612,44107,11290,己合备,11290525,己合悼,1,50,2,0.228
10553818,201612,44136,11290,己合备,11290525,己合悼,1,0,2,10.2065
10553839,201612,44136,11290,己合备,11290525,己合悼,1,30,2,1.1485
10553846,201612,44136,11290,己合备,11290525,己合悼,1,40,2,4.372
10553853,201612,44136,11290,己合备,11290525,己合悼,1,50,2,4.1635
10553860,201612,44136,11290,己合备,11290525,己合悼,1,60,2,0.5225
10553867,201612,44136,11290,己合备,11290525,己合悼,2,0,2,1.540625
10553895,201612,44136,11290,己合备,11290525,己合悼,2,40,2,0.51375
10553902,201612,44136,11290,己合备,11290525,己合悼,2,50,2,1.026875
10553916,201612,44137,11290,己合备,11290525,己合悼,1,0,2,11.136
10553937,201612,44137,11290,己合备,11290525,己合悼,1,30,2,1.253
10553944,201612,44137,11290,己合备,11290525,己合悼,1,40,2,4.77
10553951,201612,44137,11290,己合备,11290525,己合悼,1,50,2,4.543
10553958,201612,44137,11290,己合备,11290525,己合悼,1,60,2,0.57
10553965,201612,44137,11290,己合备,11290525,己合悼,2,0,2,1.68
10553993,201612,44137,11290,己合备,11290525,己合悼,2,40,2,0.56
10554000,201612,44137,11290,己合备,11290525,己合悼,2,50,2,1.12
10559600,201612,44197,11290,己合备,11290525,己合悼,1,0,2,9.5406
10559621,201612,44197,11290,己合备,11290525,己合悼,1,30,2,1.0022
10559628,201612,44197,11290,己合备,11290525,己合悼,1,40,2,4.1772
10559635,201612,44197,11290,己合备,11290525,己合悼,1,50,2,3.9052
10559642,201612,44197,11290,己合备,11290525,己合悼,1,60,2,0.456
10559649,201612,44197,11290,己合备,11290525,己合悼,2,0,2,1.3455
10559677,201612,44197,11290,己合备,11290525,己合悼,2,40,2,0.449
10559684,201612,44197,11290,己合备,11290525,己合悼,2,50,2,0.8965
10559698,201612,44198,11290,己合备,11290525,己合悼,1,0,2,0.7975
10559726,201612,44198,11290,己合备,11290525,己合悼,1,40,2,0.456
10559733,201612,44198,11290,己合备,11290525,己合悼,1,50,2,0.3415
10562540,201612,44227,11290,己合备,11290525,己合悼,1,0,2,2.9283333
10562561,201612,44227,11290,己合备,11290525,己合悼,1,30,2,0.34533334
10562568,201612,44227,11290,己合备,11290525,己合悼,1,40,2,1.3783333
10562575,201612,44227,11290,己合备,11290525,己合悼,1,50,2,1.2046666
10562589,201612,44227,11290,己合备,11290525,己合悼,2,0,2,0.20541666
10562624,201612,44227,11290,己合备,11290525,己合悼,2,50,2,0.20541666
10563912,201612,44241,11290,己合备,11290525,己合悼,1,0,2,0.093
10563940,201612,44241,11290,己合备,11290525,己合悼,1,40,2,0.0666
10563947,201612,44241,11290,己合备,11290525,己合悼,1,50,2,0.0264
10567244,201612,44277,11290,己合备,11290525,己合悼,1,0,2,7.418
10567265,201612,44277,11290,己合备,11290525,己合悼,1,30,2,0.835
10567272,201612,44277,11290,己合备,11290525,己合悼,1,40,2,3.178
10567279,201612,44277,11290,己合备,11290525,己合悼,1,50,2,3.025
10567286,201612,44277,11290,己合备,11290525,己合悼,1,60,2,0.38
10567293,201612,44277,11290,己合备,11290525,己合悼,2,0,2,1.1225
10567321,201612,44277,11290,己合备,11290525,己合悼,2,40,2,0.375
10567328,201612,44277,11290,己合备,11290525,己合悼,2,50,2,0.7475
10574496,201612,44351,11290,己合备,11290525,己合悼,1,0,2,0.5316667
10574524,201612,44351,11290,己合备,11290525,己合悼,1,40,2,0.304
10574531,201612,44351,11290,己合备,11290525,己合悼,1,50,2,0.22766666
10575672,201612,44366,11290,己合备,11290525,己合悼,1,0,2,0.126
10575700,201612,44366,11290,己合备,11290525,己合悼,1,40,2,0.084
10575707,201612,44366,11290,己合备,11290525,己合悼,1,50,2,0.042
10579690,201612,44407,11290,己合备,11290525,己合悼,1,0,2,0.5704
10579711,201612,44407,11290,己合备,11290525,己合悼,1,30,2,0.0672
10579718,201612,44407,11290,己合备,11290525,己合悼,1,40,2,0.2686
10579725,201612,44407,11290,己合备,11290525,己合悼,1,50,2,0.2346
10579739,201612,44407,11290,己合备,11290525,己合悼,2,0,2,0.0385
10579774,201612,44407,11290,己合备,11290525,己合悼,2,50,2,0.0385
10581944,201612,44430,11290,己合备,11290525,己合悼,1,0,2,7.983
10581965,201612,44430,11290,己合备,11290525,己合悼,1,30,2,1.025
10581972,201612,44430,11290,己合备,11290525,己合悼,1,40,2,3.3225
10581979,201612,44430,11290,己合备,11290525,己合悼,1,50,2,3.208
10581986,201612,44430,11290,己合备,11290525,己合悼,1,60,2,0.4275
10581993,201612,44430,11290,己合备,11290525,己合悼,2,0,2,1.33
10582021,201612,44430,11290,己合备,11290525,己合悼,2,40,2,0.42
10582028,201612,44430,11290,己合备,11290525,己合悼,2,50,2,0.91
10582042,201612,44431,11290,己合备,11290525,己合悼,1,0,2,16.99
10582063,201612,44431,11290,己合备,11290525,己合悼,1,30,2,2.1956666
10582070,201612,44431,11290,己合备,11290525,己合悼,1,40,2,6.9993334
10582077,201612,44431,11290,己合备,11290525,己合悼,1,50,2,6.8483334
10582084,201612,44431,11290,己合备,11290525,己合悼,1,60,2,0.94666666
10582091,201612,44431,11290,己合备,11290525,己合悼,2,0,2,2.8933334
10582119,201612,44431,11290,己合备,11290525,己合悼,2,40,2,0.93333334
10582126,201612,44431,11290,己合备,11290525,己合悼,2,50,2,1.96
10583414,201612,44445,11290,己合备,11290525,己合悼,1,0,2,0.47533333
10583435,201612,44445,11290,己合备,11290525,己合悼,1,30,2,0.056
10583442,201612,44445,11290,己合备,11290525,己合悼,1,40,2,0.22383334
10583449,201612,44445,11290,己合备,11290525,己合悼,1,50,2,0.1955
10583463,201612,44445,11290,己合备,11290525,己合悼,2,0,2,0.032083333
10583498,201612,44445,11290,己合备,11290525,己合悼,2,50,2,0.032083333
10589196,201612,44504,11290,己合备,11290525,己合悼,1,0,2,0.16725
10589224,201612,44504,11290,己合备,11290525,己合悼,1,40,2,0.13
10589231,201612,44504,11290,己合备,11290525,己合悼,1,50,2,0.03725
10589294,201612,44505,11290,己合备,11290525,己合悼,1,0,2,0.096
10589322,201612,44505,11290,己合备,11290525,己合悼,1,40,2,0.074666664
10589329,201612,44505,11290,己合备,11290525,己合悼,1,50,2,0.021333333
10592332,201612,44534,11290,己合备,11290525,己合悼,1,0,2,6.421
10592353,201612,44534,11290,己合备,11290525,己合悼,1,30,2,0.797
10592360,201612,44534,11290,己合备,11290525,己合悼,1,40,2,2.783
10592367,201612,44534,11290,己合备,11290525,己合悼,1,50,2,2.556
10592374,201612,44534,11290,己合备,11290525,己合悼,1,60,2,0.285
10592381,201612,44534,11290,己合备,11290525,己合悼,2,0,2,0.98
10592409,201612,44534,11290,己合备,11290525,己合悼,2,40,2,0.28
10592416,201612,44534,11290,己合备,11290525,己合悼,2,50,2,0.7
10601348,201612,44626,11290,己合备,11290525,己合悼,1,0,2,0.288
10601376,201612,44626,11290,己合备,11290525,己合悼,1,40,2,0.224
10601383,201612,44626,11290,己合备,11290525,己合悼,1,50,2,0.064
10601446,201612,44627,11290,己合备,11290525,己合悼,1,0,2,0.35
10601474,201612,44627,11290,己合备,11290525,己合悼,1,40,2,0.272
10601481,201612,44627,11290,己合备,11290525,己合悼,1,50,2,0.078
10602818,201612,44642,11290,己合备,11290525,己合悼,1,0,2,7.0458
10602839,201612,44642,11290,己合备,11290525,己合悼,1,30,2,0.8882
10602846,201612,44642,11290,己合备,11290525,己合悼,1,40,2,2.9988
10602853,201612,44642,11290,己合备,11290525,己合悼,1,50,2,2.8168
10602860,201612,44642,11290,己合备,11290525,己合悼,1,60,2,0.342
10602867,201612,44642,11290,己合备,11290525,己合悼,2,0,2,1.12
10602895,201612,44642,11290,己合备,11290525,己合悼,2,40,2,0.336
10602902,201612,44642,11290,己合备,11290525,己合悼,2,50,2,0.784
10604092,201612,44655,11290,己合备,11290525,己合悼,1,0,2,0.0576
10604120,201612,44655,11290,己合备,11290525,己合悼,1,40,2,0.0448
10604127,201612,44655,11290,己合备,11290525,己合悼,1,50,2,0.0128
10605660,201612,44671,11290,己合备,11290525,己合悼,1,0,2,11.261
10605681,201612,44671,11290,己合备,11290525,己合悼,1,30,2,1.402
10605688,201612,44671,11290,己合备,11290525,己合悼,1,40,2,5.013
10605695,201612,44671,11290,己合备,11290525,己合悼,1,50,2,4.371
10605702,201612,44671,11290,己合备,11290525,己合悼,1,60,2,0.475
10605709,201612,44671,11290,己合备,11290525,己合悼,2,0,2,1.635
10605737,201612,44671,11290,己合备,11290525,己合悼,2,40,2,0.4675
10605744,201612,44671,11290,己合备,11290525,己合悼,2,50,2,1.1675
10605758,201612,44672,11290,己合备,11290525,己合悼,1,0,2,11.511
10605779,201612,44672,11290,己合备,11290525,己合悼,1,30,2,1.47
10605786,201612,44672,11290,己合备,11290525,己合悼,1,40,2,5.0951667
10605793,201612,44672,11290,己合备,11290525,己合悼,1,50,2,4.4083333
10605800,201612,44672,11290,己合备,11290525,己合悼,1,60,2,0.5375
10605807,201612,44672,11290,己合备,11290525,己合悼,2,0,2,1.7133334
10605835,201612,44672,11290,己合备,11290525,己合悼,2,40,2,0.53
10605842,201612,44672,11290,己合备,11290525,己合悼,2,50,2,1.1833333
10609580,201612,44711,11290,己合备,11290525,己合悼,1,0,2,0.063
10609608,201612,44711,11290,己合备,11290525,己合悼,1,40,2,0.042
10609615,201612,44711,11290,己合备,11290525,己合悼,1,50,2,0.021
10609678,201612,44712,11290,己合备,11290525,己合悼,1,0,2,0.192
10609706,201612,44712,11290,己合备,11290525,己合悼,1,40,2,0.128
10609713,201612,44712,11290,己合备,11290525,己合悼,1,50,2,0.064
10619576,201612,44815,11290,己合备,11290525,己合悼,1,0,2,6.090667
10619597,201612,44815,11290,己合备,11290525,己合悼,1,30,2,0.73333335
10619604,201612,44815,11290,己合备,11290525,己合悼,1,40,2,2.7323334
10619611,201612,44815,11290,己合备,11290525,己合悼,1,50,2,2.4033334
10619618,201612,44815,11290,己合备,11290525,己合悼,1,60,2,0.22166666
10619625,201612,44815,11290,己合备,11290525,己合悼,2,0,2,0.8566667
10619653,201612,44815,11290,己合备,11290525,己合悼,2,40,2,0.21833333
10619660,201612,44815,11290,己合备,11290525,己合悼,2,50,2,0.6383333
10621928,201612,44838,11290,己合备,11290525,己合悼,1,0,2,1.347
10621949,201612,44838,11290,己合备,11290525,己合悼,1,30,2,0.10666667
10621956,201612,44838,11290,己合备,11290525,己合悼,1,40,2,0.7313333
10621963,201612,44838,11290,己合备,11290525,己合悼,1,50,2,0.45566666
10621970,201612,44838,11290,己合备,11290525,己合悼,1,60,2,0.053333335
10621977,201612,44838,11290,己合备,11290525,己合悼,2,0,2,0.15583333
10622005,201612,44838,11290,己合备,11290525,己合悼,2,40,2,0.051666666
10622012,201612,44838,11290,己合备,11290525,己合悼,2,50,2,0.104166664
10622026,201612,44839,11290,己合备,11290525,己合悼,1,0,2,0.005692308
10622040,201612,44839,11290,己合备,11290525,己合悼,1,20,2,0.005692308
10625848,201612,44875,11290,己合备,11290525,己合悼,1,0,2,0.318
10625876,201612,44875,11290,己合备,11290525,己合悼,1,40,2,0.212
10625883,201612,44875,11290,己合备,11290525,己合悼,1,50,2,0.106
10628004,201612,44896,11290,己合备,11290525,己合悼,1,0,2,3.633
10628025,201612,44896,11290,己合备,11290525,己合悼,1,30,2,0.38
10628032,201612,44896,11290,己合备,11290525,己合悼,1,40,2,2.08
10628039,201612,44896,11290,己合备,11290525,己合悼,1,50,2,1.173
10628053,201612,44896,11290,己合备,11290525,己合悼,2,0,2,0.1875
10628088,201612,44896,11290,己合备,11290525,己合悼,2,50,2,0.1875
10630258,201612,44917,11290,己合备,11290525,己合悼,1,0,2,0.295
10630286,201612,44917,11290,己合备,11290525,己合悼,1,40,2,0.21066667
10630293,201612,44917,11290,己合备,11290525,己合悼,1,50,2,0.08433333
10632022,201612,44934,11290,己合备,11290525,己合悼,1,0,2,0.5405
10632050,201612,44934,11290,己合备,11290525,己合悼,1,40,2,0.3525
10632057,201612,44934,11290,己合备,11290525,己合悼,1,50,2,0.188
10632414,201612,44939,11290,己合备,11290525,己合悼,1,0,2,2.801
10632435,201612,44939,11290,己合备,11290525,己合悼,1,30,2,0.228
10632442,201612,44939,11290,己合备,11290525,己合悼,1,40,2,1.514
10632449,201612,44939,11290,己合备,11290525,己合悼,1,50,2,1.059
10632463,201612,44939,11290,己合备,11290525,己合悼,2,0,2,0.1875
10632498,201612,44939,11290,己合备,11290525,己合悼,2,50,2,0.1875
10634864,201612,44963,11290,己合备,11290525,己合悼,1,0,2,9.69
10634871,201612,44963,11290,己合备,11290525,己合悼,1,10,2,0.076
10634885,201612,44963,11290,己合备,11290525,己合悼,1,30,2,2.194
10634892,201612,44963,11290,己合备,11290525,己合悼,1,40,2,3.255
10634899,201612,44963,11290,己合备,11290525,己合悼,1,50,2,3.03
10634906,201612,44963,11290,己合备,11290525,己合悼,1,60,2,1.135
10634913,201612,44963,11290,己合备,11290525,己合悼,2,0,2,3.3675
10634934,201612,44963,11290,己合备,11290525,己合悼,2,30,2,0.56
10634941,201612,44963,11290,己合备,11290525,己合悼,2,40,2,1.4975
10634948,201612,44963,11290,己合备,11290525,己合悼,2,50,2,1.1225
10634955,201612,44963,11290,己合备,11290525,己合悼,2,60,2,0.1875
10634962,201612,44964,11290,己合备,11290525,己合悼,1,0,2,9.85125
10634969,201612,44964,11290,己合备,11290525,己合悼,1,10,2,0.0665
10634983,201612,44964,11290,己合备,11290525,己合悼,1,30,2,2.0635
10634990,201612,44964,11290,己合备,11290525,己合悼,1,40,2,3.5575
10634997,201612,44964,11290,己合备,11290525,己合悼,1,50,2,3.17
10635004,201612,44964,11290,己合备,11290525,己合悼,1,60,2,0.99375
10635011,201612,44964,11290,己合备,11290525,己合悼,2,0,2,3.06375
10635032,201612,44964,11290,己合备,11290525,己合悼,2,30,2,0.49
10635039,201612,44964,11290,己合备,11290525,己合悼,2,40,2,1.310625
10635046,201612,44964,11290,己合备,11290525,己合悼,2,50,2,1.099375
10635053,201612,44964,11290,己合备,11290525,己合悼,2,60,2,0.16375
10635942,201612,44973,11290,己合备,11290525,己合悼,1,0,2,3.351
10635963,201612,44973,11290,己合备,11290525,己合悼,1,30,2,0.285
10635970,201612,44973,11290,己合备,11290525,己合悼,1,40,2,1.929
10635977,201612,44973,11290,己合备,11290525,己合悼,1,50,2,1.137
10635991,201612,44973,11290,己合备,11290525,己合悼,2,0,2,0.14
10636026,201612,44973,11290,己合备,11290525,己合悼,2,50,2,0.14
10639764,201612,45011,11290,己合备,11290525,己合悼,1,0,2,3.636
10639785,201612,45011,11290,己合备,11290525,己合悼,1,30,2,0.304
10639792,201612,45011,11290,己合备,11290525,己合悼,1,40,2,2.044
10639799,201612,45011,11290,己合备,11290525,己合悼,1,50,2,1.288
10639813,201612,45011,11290,己合备,11290525,己合悼,2,0,2,0.18666667
10639848,201612,45011,11290,己合备,11290525,己合悼,2,50,2,0.18666667
10644762,201612,45062,11290,己合备,11290525,己合悼,1,0,2,0.252
10644790,201612,45062,11290,己合备,11290525,己合悼,1,40,2,0.168
10644797,201612,45062,11290,己合备,11290525,己合悼,1,50,2,0.084
10645938,201612,45073,11290,己合备,11290525,己合悼,1,0,2,0.517
10645966,201612,45073,11290,己合备,11290525,己合悼,1,40,2,0.329
10645973,201612,45073,11290,己合备,11290525,己合悼,1,50,2,0.188
10647800,201612,45092,11290,己合备,11290525,己合悼,1,0,2,0.192
10647828,201612,45092,11290,己合备,11290525,己合悼,1,40,2,0.128
10647835,201612,45092,11290,己合备,11290525,己合悼,1,50,2,0.064
10652210,201612,45133,11290,己合备,11290525,己合悼,1,0,2,5.096
10652231,201612,45133,11290,己合备,11290525,己合悼,1,30,2,0.56
10652238,201612,45133,11290,己合备,11290525,己合悼,1,40,2,2.296
10652245,201612,45133,11290,己合备,11290525,己合悼,1,50,2,1.96
10652252,201612,45133,11290,己合备,11290525,己合悼,1,60,2,0.28
10652259,201612,45133,11290,己合备,11290525,己合悼,2,0,2,0.8275
10652287,201612,45133,11290,己合备,11290525,己合悼,2,40,2,0.275
10652294,201612,45133,11290,己合备,11290525,己合悼,2,50,2,0.5525
10652308,201612,45134,11290,己合备,11290525,己合悼,1,0,2,4.5956
10652329,201612,45134,11290,己合备,11290525,己合悼,1,30,2,0.532
10652336,201612,45134,11290,己合备,11290525,己合悼,1,40,2,1.989
10652343,201612,45134,11290,己合备,11290525,己合悼,1,50,2,1.8086
10652350,201612,45134,11290,己合备,11290525,己合悼,1,60,2,0.266
10652357,201612,45134,11290,己合备,11290525,己合悼,2,0,2,0.7905
10652385,201612,45134,11290,己合备,11290525,己合悼,2,40,2,0.264
10652392,201612,45134,11290,己合备,11290525,己合悼,2,50,2,0.5265
10652406,201612,45135,11290,己合备,11290525,己合悼,1,0,2,9.6192
10652413,201612,45135,11290,己合备,11290525,己合悼,1,10,2,0.0342
10652427,201612,45135,11290,己合备,11290525,己合悼,1,30,2,1.6298
10652434,201612,45135,11290,己合备,11290525,己合悼,1,40,2,3.6442
10652441,201612,45135,11290,己合备,11290525,己合悼,1,50,2,3.479
10652448,201612,45135,11290,己合备,11290525,己合悼,1,60,2,0.832
10652455,201612,45135,11290,己合备,11290525,己合悼,2,0,2,2.4665
10652476,201612,45135,11290,己合备,11290525,己合悼,2,30,2,0.252
10652483,201612,45135,11290,己合备,11290525,己合悼,2,40,2,0.992
10652490,201612,45135,11290,己合备,11290525,己合悼,2,50,2,1.1385
10652497,201612,45135,11290,己合备,11290525,己合悼,2,60,2,0.084
10652504,201612,45136,11290,己合备,11290525,己合悼,1,0,2,11.918
10652511,201612,45136,11290,己合备,11290525,己合悼,1,10,2,0.057
10652525,201612,45136,11290,己合备,11290525,己合悼,1,30,2,2.213
10652532,201612,45136,11290,己合备,11290525,己合悼,1,40,2,4.369
10652539,201612,45136,11290,己合备,11290525,己合悼,1,50,2,4.144
10652546,201612,45136,11290,己合备,11290525,己合悼,1,60,2,1.135
10652553,201612,45136,11290,己合备,11290525,己合悼,2,0,2,3.3675
10652574,201612,45136,11290,己合备,11290525,己合悼,2,30,2,0.42
10652581,201612,45136,11290,己合备,11290525,己合悼,2,40,2,1.405
10652588,201612,45136,11290,己合备,11290525,己合悼,2,50,2,1.4025
10652595,201612,45136,11290,己合备,11290525,己合悼,2,60,2,0.14
10654758,201612,45159,11290,己合备,11290525,己合悼,1,0,2,9.368
10654765,201612,45159,11290,己合备,11290525,己合悼,1,10,2,0.057
10654779,201612,45159,11290,己合备,11290525,己合悼,1,30,2,1.815
10654786,201612,45159,11290,己合备,11290525,己合悼,1,40,2,3.576
10654793,201612,45159,11290,己合备,11290525,己合悼,1,50,2,3.065
10654800,201612,45159,11290,己合备,11290525,己合悼,1,60,2,0.855
10654807,201612,45159,11290,己合备,11290525,己合悼,2,0,2,2.665
10654828,201612,45159,11290,己合备,11290525,己合悼,2,30,2,0.42
10654835,201612,45159,11290,己合备,11290525,己合悼,2,40,2,1.1225
10654842,201612,45159,11290,己合备,11290525,己合悼,2,50,2,0.9825
10654849,201612,45159,11290,己合备,11290525,己合悼,2,60,2,0.14
10656522,201612,45178,11290,己合备,11290525,己合悼,1,0,2,0.222
10656550,201612,45178,11290,己合备,11290525,己合悼,1,40,2,0.148
10656557,201612,45178,11290,己合备,11290525,己合悼,1,50,2,0.074
10657012,201612,45183,11290,己合备,11290525,己合悼,1,0,2,0.6473333
10657040,201612,45183,11290,己合备,11290525,己合悼,1,40,2,0.418
10657047,201612,45183,11290,己合备,11290525,己合悼,1,50,2,0.22933333
10661226,201612,45225,11290,己合备,11290525,己合悼,1,0,2,3.3075454
10661233,201612,45225,11290,己合备,11290525,己合悼,1,10,2,0.034545455
10661240,201612,45225,11290,己合备,11290525,己合悼,1,20,2,0.06218182
10661247,201612,45225,11290,己合备,11290525,己合悼,1,30,2,0.3417273
10661254,201612,45225,11290,己合备,11290525,己合悼,1,40,2,1.4792727
10661261,201612,45225,11290,己合备,11290525,己合悼,1,50,2,1.3138182
10661268,201612,45225,11290,己合备,11290525,己合悼,1,60,2,0.076
10661275,201612,45225,11290,己合备,11290525,己合悼,2,0,2,0.093636364
10661310,201612,45225,11290,己合备,11290525,己合悼,2,50,2,0.093636364
10661324,201612,45226,11290,己合备,11290525,己合悼,1,0,2,3.4466667
10661331,201612,45226,11290,己合备,11290525,己合悼,1,10,2,0.17666666
10661338,201612,45226,11290,己合备,11290525,己合悼,1,20,2,0.318
10661345,201612,45226,11290,己合备,11290525,己合悼,1,30,2,0.30483332
10661352,201612,45226,11290,己合备,11290525,己合悼,1,40,2,1.227
10661359,201612,45226,11290,己合备,11290525,己合悼,1,50,2,1.3635
10661366,201612,45226,11290,己合备,11290525,己合悼,1,60,2,0.05666667
10661373,201612,45226,11290,己合备,11290525,己合悼,2,0,2,0.06916667
10661408,201612,45226,11290,己合备,11290525,己合悼,2,50,2,0.06916667
10664068,201612,45254,11290,己合备,11290525,己合悼,1,0,2,12.397774
10664075,201612,45254,11290,己合备,11290525,己合悼,1,10,2,0.13425806
10664082,201612,45254,11290,己合备,11290525,己合悼,1,20,2,1.1355162
10664089,201612,45254,11290,己合备,11290525,己合悼,1,30,2,2.783129
10664096,201612,45254,11290,己合备,11290525,己合悼,1,40,2,3.643226
10664103,201612,45254,11290,己合备,11290525,己合悼,1,50,2,3.296742
10664110,201612,45254,11290,己合备,11290525,己合悼,1,60,2,1.4049032
10664117,201612,45254,11290,己合备,11290525,己合悼,2,0,2,3.707984
10664131,201612,45254,11290,己合备,11290525,己合悼,2,20,2,0.19758065
10664138,201612,45254,11290,己合备,11290525,己合悼,2,30,2,0.5995968
10664145,201612,45254,11290,己合备,11290525,己合悼,2,40,2,1.3782258
10664152,201612,45254,11290,己合备,11290525,己合悼,2,50,2,1.2033871
10664159,201612,45254,11290,己合备,11290525,己合悼,2,60,2,0.32919356
10664166,201612,45255,11290,己合备,11290525,己合悼,1,0,2,3.554421
10664187,201612,45255,11290,己合备,11290525,己合悼,1,30,2,0.5572105
10664194,201612,45255,11290,己合备,11290525,己合悼,1,40,2,1.4571579
10664201,201612,45255,11290,己合备,11290525,己合悼,1,50,2,1.354
10664208,201612,45255,11290,己合备,11290525,己合悼,1,60,2,0.18605264
10664215,201612,45255,11290,己合备,11290525,己合悼,2,0,2,0.37486842
10664243,201612,45255,11290,己合备,11290525,己合悼,2,40,2,0.2813158
10664250,201612,45255,11290,己合备,11290525,己合悼,2,50,2,0.093552634
10664460,201612,45258,11290,己合备,11290525,己合悼,1,0,2,0.424
10664488,201612,45258,11290,己合备,11290525,己合悼,1,40,2,0.267
10664495,201612,45258,11290,己合备,11290525,己合悼,1,50,2,0.157
10665538,201612,45269,11290,己合备,11290525,己合悼,1,0,2,0.274125
10665566,201612,45269,11290,己合备,11290525,己合悼,1,40,2,0.213
10665573,201612,45269,11290,己合备,11290525,己合悼,1,50,2,0.061125
10667596,201612,45289,11290,己合备,11290525,己合悼,1,0,2,0.04576744
10667610,201612,45289,11290,己合备,11290525,己合悼,1,20,2,0.0086511625
10667617,201612,45289,11290,己合备,11290525,己合悼,1,30,2,0.010604651
10667624,201612,45289,11290,己合备,11290525,己合悼,1,40,2,0.0053023254
10667631,201612,45289,11290,己合备,11290525,己合悼,1,50,2,0.021209301
10667792,201612,45290,11290,己合备,11290525,己合悼,1,0,2,0.00525
10667806,201612,45290,11290,己合备,11290525,己合悼,1,20,2,0.00525
10669360,201612,45306,11290,己合备,11290525,己合悼,1,0,2,3.7207143
10669367,201612,45306,11290,己合备,11290525,己合悼,1,10,2,0.08142857
10669374,201612,45306,11290,己合备,11290525,己合悼,1,20,2,0.152
10669381,201612,45306,11290,己合备,11290525,己合悼,1,30,2,0.47085714
10669388,201612,45306,11290,己合备,11290525,己合悼,1,40,2,1.5568571
10669395,201612,45306,11290,己合备,11290525,己合悼,1,50,2,1.216
10669402,201612,45306,11290,己合备,11290525,己合悼,1,60,2,0.24357143
10669409,201612,45306,11290,己合备,11290525,己合悼,2,0,2,0.7210714
10669430,201612,45306,11290,己合备,11290525,己合悼,2,30,2,0.12
10669437,201612,45306,11290,己合备,11290525,己合悼,2,40,2,0.3207143
10669444,201612,45306,11290,己合备,11290525,己合悼,2,50,2,0.24035715
10669451,201612,45306,11290,己合备,11290525,己合悼,2,60,2,0.04
10671026,201612,45324,11290,己合备,11290525,己合悼,1,0,2,8.234
10671047,201612,45324,11290,己合备,11290525,己合悼,1,30,2,1.0033333
10671054,201612,45324,11290,己合备,11290525,己合悼,1,40,2,3.4146667
10671061,201612,45324,11290,己合备,11290525,己合悼,1,50,2,3.3143334
10671068,201612,45324,11290,己合备,11290525,己合悼,1,60,2,0.50166667
10671075,201612,45324,11290,己合备,11290525,己合悼,2,0,2,1.4891666
10671103,201612,45324,11290,己合备,11290525,己合悼,2,40,2,0.49666667
10671110,201612,45324,11290,己合备,11290525,己合悼,2,50,2,0.9925
10673084,201612,45347,11290,己合备,11290525,己合悼,1,0,2,4.075
10673091,201612,45347,11290,己合备,11290525,己合悼,1,10,2,0.185
10673098,201612,45347,11290,己合备,11290525,己合悼,1,20,2,0.333
10673105,201612,45347,11290,己合备,11290525,己合悼,1,30,2,0.3715
10673112,201612,45347,11290,己合备,11290525,己合悼,1,40,2,1.48
10673119,201612,45347,11290,己合备,11290525,己合悼,1,50,2,1.6315
10673126,201612,45347,11290,己合备,11290525,己合悼,1,60,2,0.074
10673133,201612,45347,11290,己合备,11290525,己合悼,2,0,2,0.09125
10673168,201612,45347,11290,己合备,11290525,己合悼,2,50,2,0.09125
10682884,201612,45441,11290,己合备,11290525,己合悼,1,0,2,6.082
10682905,201612,45441,11290,己合备,11290525,己合悼,1,30,2,0.942
10682912,201612,45441,11290,己合备,11290525,己合悼,1,40,2,2.631
10682919,201612,45441,11290,己合备,11290525,己合悼,1,50,2,2.194
10682926,201612,45441,11290,己合备,11290525,己合悼,1,60,2,0.315
10682933,201612,45441,11290,己合备,11290525,己合悼,2,0,2,0.6325
10682961,201612,45441,11290,己合备,11290525,己合悼,2,40,2,0.475
10682968,201612,45441,11290,己合备,11290525,己合悼,2,50,2,0.1575
10682982,201612,45442,11290,己合备,11290525,己合悼,1,0,2,5.832
10683003,201612,45442,11290,己合备,11290525,己合悼,1,30,2,0.942
10683010,201612,45442,11290,己合备,11290525,己合悼,1,40,2,2.319
10683017,201612,45442,11290,己合备,11290525,己合悼,1,50,2,2.256
10683024,201612,45442,11290,己合备,11290525,己合悼,1,60,2,0.315
10683031,201612,45442,11290,己合备,11290525,己合悼,2,0,2,0.6325
10683059,201612,45442,11290,己合备,11290525,己合悼,2,40,2,0.475
10683066,201612,45442,11290,己合备,11290525,己合悼,2,50,2,0.1575
10685628,201612,45469,11290,己合备,11290525,己合悼,1,0,2,11.7078
10685635,201612,45469,11290,己合备,11290525,己合悼,1,10,2,0.0262
10685642,201612,45469,11290,己合备,11290525,己合悼,1,20,2,0.2026
10685649,201612,45469,11290,己合备,11290525,己合悼,1,30,2,1.9998
10685656,201612,45469,11290,己合备,11290525,己合悼,1,40,2,4.3624
10685663,201612,45469,11290,己合备,11290525,己合悼,1,50,2,4.1032
10685670,201612,45469,11290,己合备,11290525,己合悼,1,60,2,1.0136
10685677,201612,45469,11290,己合备,11290525,己合悼,2,0,2,2.919
10685691,201612,45469,11290,己合备,11290525,己合悼,2,20,2,0.0555
10685698,201612,45469,11290,己合备,11290525,己合悼,2,30,2,0.2775
10685705,201612,45469,11290,己合备,11290525,己合悼,2,40,2,1.103
10685712,201612,45469,11290,己合备,11290525,己合悼,2,50,2,1.3625
10685719,201612,45469,11290,己合备,11290525,己合悼,2,60,2,0.1205
10685824,201612,45470,11290,己合备,11290525,己合悼,1,0,2,22.6124
10685831,201612,45470,11290,己合备,11290525,己合悼,1,10,2,0.0868
10685838,201612,45470,11290,己合备,11290525,己合悼,1,20,2,0.4752
10685845,201612,45470,11290,己合备,11290525,己合悼,1,30,2,4.4356
10685852,201612,45470,11290,己合备,11290525,己合悼,1,40,2,7.9684
10685859,201612,45470,11290,己合备,11290525,己合悼,1,50,2,7.3838
10685866,201612,45470,11290,己合备,11290525,己合悼,1,60,2,2.2626
10685873,201612,45470,11290,己合备,11290525,己合悼,2,0,2,6.5105
10685887,201612,45470,11290,己合备,11290525,己合悼,2,20,2,0.13
10685894,201612,45470,11290,己合备,11290525,己合悼,2,30,2,0.837
10685901,201612,45470,11290,己合备,11290525,己合悼,2,40,2,2.6005
10685908,201612,45470,11290,己合备,11290525,己合悼,2,50,2,2.5985
10685915,201612,45470,11290,己合备,11290525,己合悼,2,60,2,0.3445
10687882,201612,45490,11290,己合备,11290525,己合悼,1,0,2,3.961
10687889,201612,45490,11290,己合备,11290525,己合悼,1,10,2,0.285
10687896,201612,45490,11290,己合备,11290525,己合悼,1,20,2,0.665
10687903,201612,45490,11290,己合备,11290525,己合悼,1,30,2,0.266
10687910,201612,45490,11290,己合备,11290525,己合悼,1,40,2,1.363
10687917,201612,45490,11290,己合备,11290525,己合悼,1,50,2,1.306
10687924,201612,45490,11290,己合备,11290525,己合悼,1,60,2,0.076
10687931,201612,45490,11290,己合备,11290525,己合悼,2,0,2,0.09375
10687966,201612,45490,11290,己合备,11290525,己合悼,2,50,2,0.09375
10687980,201612,45491,11290,己合备,11290525,己合悼,1,0,2,4.352
10687987,201612,45491,11290,己合备,11290525,己合悼,1,10,2,0.12825
10687994,201612,45491,11290,己合备,11290525,己合悼,1,20,2,0.29925
10688001,201612,45491,11290,己合备,11290525,己合悼,1,30,2,0.41125
10688008,201612,45491,11290,己合备,11290525,己合悼,1,40,2,1.68925
10688015,201612,45491,11290,己合备,11290525,己合悼,1,50,2,1.7065
10688022,201612,45491,11290,己合备,11290525,己合悼,1,60,2,0.1175
10688029,201612,45491,11290,己合备,11290525,己合悼,2,0,2,0.144375
10688064,201612,45491,11290,己合备,11290525,己合悼,2,50,2,0.144375
10691508,201612,45526,11290,己合备,11290525,己合悼,1,0,2,5.407
10691529,201612,45526,11290,己合备,11290525,己合悼,1,30,2,0.66
10691536,201612,45526,11290,己合备,11290525,己合悼,1,40,2,2.242
10691543,201612,45526,11290,己合备,11290525,己合悼,1,50,2,2.175
10691550,201612,45526,11290,己合备,11290525,己合悼,1,60,2,0.33
10691557,201612,45526,11290,己合备,11290525,己合悼,2,0,2,0.975
10691585,201612,45526,11290,己合备,11290525,己合悼,2,40,2,0.325
10691592,201612,45526,11290,己合备,11290525,己合悼,2,50,2,0.65
10691606,201612,45527,11290,己合备,11290525,己合悼,1,0,2,4.644
10691627,201612,45527,11290,己合备,11290525,己合悼,1,30,2,0.57
10691634,201612,45527,11290,己合备,11290525,己合悼,1,40,2,1.924
10691641,201612,45527,11290,己合备,11290525,己合悼,1,50,2,1.865
10691648,201612,45527,11290,己合备,11290525,己合悼,1,60,2,0.285
10691655,201612,45527,11290,己合备,11290525,己合悼,2,0,2,0.8375
10691683,201612,45527,11290,己合备,11290525,己合悼,2,40,2,0.28
10691690,201612,45527,11290,己合备,11290525,己合悼,2,50,2,0.5575
10698074,201612,45591,11290,己合备,11290525,己合悼,1,0,2,4.831
10698095,201612,45591,11290,己合备,11290525,己合悼,1,30,2,0.7998
10698102,201612,45591,11290,己合备,11290525,己合悼,1,40,2,1.8962
10698109,201612,45591,11290,己合备,11290525,己合悼,1,50,2,1.868
10698116,201612,45591,11290,己合备,11290525,己合悼,1,60,2,0.267
10698123,201612,45591,11290,己合备,11290525,己合悼,2,0,2,0.5395
10698151,201612,45591,11290,己合备,11290525,己合悼,2,40,2,0.4045
10698158,201612,45591,11290,己合备,11290525,己合悼,2,50,2,0.135
10700818,201612,45621,11290,己合备,11290525,己合悼,1,0,2,4.644
10700839,201612,45621,11290,己合备,11290525,己合悼,1,30,2,0.57
10700846,201612,45621,11290,己合备,11290525,己合悼,1,40,2,1.924
10700853,201612,45621,11290,己合备,11290525,己合悼,1,50,2,1.865
10700860,201612,45621,11290,己合备,11290525,己合悼,1,60,2,0.285
10700867,201612,45621,11290,己合备,11290525,己合悼,2,0,2,0.8375
10700895,201612,45621,11290,己合备,11290525,己合悼,2,40,2,0.28
10700902,201612,45621,11290,己合备,11290525,己合悼,2,50,2,0.5575
10702876,201612,45643,11290,己合备,11290525,己合悼,1,0,2,21.441
10702883,201612,45643,11290,己合备,11290525,己合悼,1,10,2,0.06075
10702890,201612,45643,11290,己合备,11290525,己合悼,1,20,2,1.09725
10702897,201612,45643,11290,己合备,11290525,己合悼,1,30,2,4.62675
10702904,201612,45643,11290,己合备,11290525,己合悼,1,40,2,7.04175
10702911,201612,45643,11290,己合备,11290525,己合悼,1,50,2,6.2685
10702918,201612,45643,11290,己合备,11290525,己合悼,1,60,2,2.346
10702925,201612,45643,11290,己合备,11290525,己合悼,2,0,2,6.499375
10702939,201612,45643,11290,己合备,11290525,己合悼,2,20,2,0.300625
10702946,201612,45643,11290,己合备,11290525,己合悼,2,30,2,0.901875
10702953,201612,45643,11290,己合备,11290525,己合悼,2,40,2,2.46875
10702960,201612,45643,11290,己合备,11290525,己合悼,2,50,2,2.37625
10702967,201612,45643,11290,己合备,11290525,己合悼,2,60,2,0.451875
10702974,201612,45644,11290,己合备,11290525,己合悼,1,0,2,23.562374
10702981,201612,45644,11290,己合备,11290525,己合悼,1,10,2,0.09475
10702988,201612,45644,11290,己合备,11290525,己合悼,1,20,2,1.189375
10702995,201612,45644,11290,己合备,11290525,己合悼,1,30,2,5.38025
10703002,201612,45644,11290,己合备,11290525,己合悼,1,40,2,7.576875
10703009,201612,45644,11290,己合备,11290525,己合悼,1,50,2,6.58475
10703016,201612,45644,11290,己合备,11290525,己合悼,1,60,2,2.736375
10703023,201612,45644,11290,己合备,11290525,己合悼,2,0,2,7.62
10703037,201612,45644,11290,己合备,11290525,己合悼,2,20,2,0.3253125
10703044,201612,45644,11290,己合备,11290525,己合悼,2,30,2,1.186875
10703051,201612,45644,11290,己合备,11290525,己合悼,2,40,2,3.0071876
10703058,201612,45644,11290,己合备,11290525,己合悼,2,50,2,2.5421875
10703065,201612,45644,11290,己合备,11290525,己合悼,2,60,2,0.5584375
10704640,201612,45661,11290,己合备,11290525,己合悼,1,0,2,1.95525
10704647,201612,45661,11290,己合备,11290525,己合悼,1,10,2,0.3135
10704654,201612,45661,11290,己合备,11290525,己合悼,1,20,2,0.7315
10704668,201612,45661,11290,己合备,11290525,己合悼,1,40,2,0.5405
10704675,201612,45661,11290,己合备,11290525,己合悼,1,50,2,0.36975
10718556,201612,45809,11290,己合备,11290525,己合悼,1,0,2,5.5123334
10718570,201612,45809,11290,己合备,11290525,己合悼,1,20,2,0.4
10718577,201612,45809,11290,己合备,11290525,己合悼,1,30,2,1.0616666
10718584,201612,45809,11290,己合备,11290525,己合悼,1,40,2,1.688
10718591,201612,45809,11290,己合备,11290525,己合悼,1,50,2,1.6693333
10718598,201612,45809,11290,己合备,11290525,己合悼,1,60,2,0.6933333
10718605,201612,45809,11290,己合备,11290525,己合悼,2,0,2,1.4508333
10718619,201612,45809,11290,己合备,11290525,己合悼,2,20,2,0.061666667
10718626,201612,45809,11290,己合备,11290525,己合悼,2,30,2,0.185
10718633,201612,45809,11290,己合备,11290525,己合悼,2,40,2,0.46333334
10718640,201612,45809,11290,己合备,11290525,己合悼,2,50,2,0.6175
10718647,201612,45809,11290,己合备,11290525,己合悼,2,60,2,0.123333335
10721300,201612,45835,11290,己合备,11290525,己合悼,1,0,2,1.13
10721307,201612,45835,11290,己合备,11290525,己合悼,1,10,2,0.339
10721314,201612,45835,11290,己合备,11290525,己合悼,1,20,2,0.791
10728650,201612,45908,11290,己合备,11290525,己合悼,1,0,2,11.925
10728664,201612,45908,11290,己合备,11290525,己合悼,1,20,2,1.2
10728671,201612,45908,11290,己合备,11290525,己合悼,1,30,2,2.625
10728678,201612,45908,11290,己合备,11290525,己合悼,1,40,2,3.15
10728685,201612,45908,11290,己合备,11290525,己合悼,1,50,2,3.15
10728692,201612,45908,11290,己合备,11290525,己合悼,1,60,2,1.8
10728699,201612,45908,11290,己合备,11290525,己合悼,2,0,2,3.515
10728713,201612,45908,11290,己合备,11290525,己合悼,2,20,2,0.185
10728720,201612,45908,11290,己合备,11290525,己合悼,2,30,2,0.555
10728727,201612,45908,11290,己合备,11290525,己合悼,2,40,2,1.11
10728734,201612,45908,11290,己合备,11290525,己合悼,2,50,2,1.295
10728741,201612,45908,11290,己合备,11290525,己合悼,2,60,2,0.37
10728748,201612,45909,11290,己合备,11290525,己合悼,1,0,2,14.6644
10728762,201612,45909,11290,己合备,11290525,己合悼,1,20,2,1.1404
10728769,201612,45909,11290,己合备,11290525,己合悼,1,30,2,2.963
10728776,201612,45909,11290,己合备,11290525,己合悼,1,40,2,4.5752
10728783,201612,45909,11290,己合备,11290525,己合悼,1,50,2,4.2602
10728790,201612,45909,11290,己合备,11290525,己合悼,1,60,2,1.7256
10728797,201612,45909,11290,己合备,11290525,己合悼,2,0,2,3.9785
10728811,201612,45909,11290,己合备,11290525,己合悼,2,20,2,0.2405
10728818,201612,45909,11290,己合备,11290525,己合悼,2,30,2,0.4995
10728825,201612,45909,11290,己合备,11290525,己合悼,2,40,2,1.295
10728832,201612,45909,11290,己合备,11290525,己合悼,2,50,2,1.6105
10728839,201612,45909,11290,己合备,11290525,己合悼,2,60,2,0.333
10736784,201612,45996,11290,己合备,11290525,己合悼,1,0,2,2.3638
10736805,201612,45996,11290,己合备,11290525,己合悼,1,30,2,0.266
10736812,201612,45996,11290,己合备,11290525,己合悼,1,40,2,0.992
10736819,201612,45996,11290,己合备,11290525,己合悼,1,50,2,1.0298
10736826,201612,45996,11290,己合备,11290525,己合悼,1,60,2,0.076
10736833,201612,45996,11290,己合备,11290525,己合悼,2,0,2,0.0945
10736868,201612,45996,11290,己合备,11290525,己合悼,2,50,2,0.0945
10738254,201612,46010,11290,己合备,11290525,己合悼,1,0,2,6.568
10738261,201612,46010,11290,己合备,11290525,己合悼,1,10,2,0.31075
10738268,201612,46010,11290,己合备,11290525,己合悼,1,20,2,1.25275
10738275,201612,46010,11290,己合备,11290525,己合悼,1,30,2,1.4675
10738282,201612,46010,11290,己合备,11290525,己合悼,1,40,2,1.505
10738289,201612,46010,11290,己合备,11290525,己合悼,1,50,2,1.505
10738296,201612,46010,11290,己合备,11290525,己合悼,1,60,2,0.527
10738303,201612,46010,11290,己合备,11290525,己合悼,2,0,2,1.11375
10738317,201612,46010,11290,己合备,11290525,己合悼,2,20,2,0.0925
10738324,201612,46010,11290,己合备,11290525,己合悼,2,30,2,0.0925
10738331,201612,46010,11290,己合备,11290525,己合悼,2,40,2,0.465
10738338,201612,46010,11290,己合备,11290525,己合悼,2,50,2,0.37125
10738345,201612,46010,11290,己合备,11290525,己合悼,2,60,2,0.0925
10743742,201612,46068,11290,己合备,11290525,己合悼,1,0,2,13.423
10743756,201612,46068,11290,己合备,11290525,己合悼,1,20,2,1.352
10743763,201612,46068,11290,己合备,11290525,己合悼,1,30,2,2.955
10743770,201612,46068,11290,己合备,11290525,己合悼,1,40,2,3.544
10743777,201612,46068,11290,己合备,11290525,己合悼,1,50,2,3.544
10743784,201612,46068,11290,己合备,11290525,己合悼,1,60,2,2.028
10743791,201612,46068,11290,己合备,11290525,己合悼,2,0,2,3.9575
10743805,201612,46068,11290,己合备,11290525,己合悼,2,20,2,0.20875
10743812,201612,46068,11290,己合备,11290525,己合悼,2,30,2,0.625
10743819,201612,46068,11290,己合备,11290525,己合悼,2,40,2,1.24875
10743826,201612,46068,11290,己合备,11290525,己合悼,2,50,2,1.4575
10743833,201612,46068,11290,己合备,11290525,己合悼,2,60,2,0.4175
10745898,201612,46090,11290,己合备,11290525,己合悼,1,0,2,10.7035
10745905,201612,46090,11290,己合备,11290525,己合悼,1,10,2,0.385
10745912,201612,46090,11290,己合备,11290525,己合悼,1,20,2,1.79675
10745919,201612,46090,11290,己合备,11290525,己合悼,1,30,2,2.49875
10745926,201612,46090,11290,己合备,11290525,己合悼,1,40,2,2.5625
10745933,201612,46090,11290,己合备,11290525,己合悼,1,50,2,2.5625
10745940,201612,46090,11290,己合备,11290525,己合悼,1,60,2,0.898
10745947,201612,46090,11290,己合备,11290525,己合悼,2,0,2,1.8975
10745961,201612,46090,11290,己合备,11290525,己合悼,2,20,2,0.158125
10745968,201612,46090,11290,己合备,11290525,己合悼,2,30,2,0.158125
10745975,201612,46090,11290,己合备,11290525,己合悼,2,40,2,0.790625
10745982,201612,46090,11290,己合备,11290525,己合悼,2,50,2,0.6325
10745989,201612,46090,11290,己合备,11290525,己合悼,2,60,2,0.158125
10765890,201612,46297,11290,己合备,11290525,己合悼,1,0,2,11.925
10765904,201612,46297,11290,己合备,11290525,己合悼,1,20,2,1.2
10765911,201612,46297,11290,己合备,11290525,己合悼,1,30,2,2.625
10765918,201612,46297,11290,己合备,11290525,己合悼,1,40,2,3.15
10765925,201612,46297,11290,己合备,11290525,己合悼,1,50,2,3.15
10765932,201612,46297,11290,己合备,11290525,己合悼,1,60,2,1.8
10765939,201612,46297,11290,己合备,11290525,己合悼,2,0,2,3.515
10765953,201612,46297,11290,己合备,11290525,己合悼,2,20,2,0.185
10765960,201612,46297,11290,己合备,11290525,己合悼,2,30,2,0.555
10765967,201612,46297,11290,己合备,11290525,己合悼,2,40,2,1.11
10765974,201612,46297,11290,己合备,11290525,己合悼,2,50,2,1.295
10765981,201612,46297,11290,己合备,11290525,己合悼,2,60,2,0.37
10765988,201612,46298,11290,己合备,11290525,己合悼,1,0,2,17.508715
10765995,201612,46298,11290,己合备,11290525,己合悼,1,10,2,0.010714286
10766002,201612,46298,11290,己合备,11290525,己合悼,1,20,2,1.6508571
10766009,201612,46298,11290,己合备,11290525,己合悼,1,30,2,3.9542856
10766016,201612,46298,11290,己合备,11290525,己合悼,1,40,2,5.101286
10766023,201612,46298,11290,己合备,11290525,己合悼,1,50,2,4.5314283
10766030,201612,46298,11290,己合备,11290525,己合悼,1,60,2,2.2601428
10766037,201612,46298,11290,己合备,11290525,己合悼,2,0,2,5.265357
10766051,201612,46298,11290,己合备,11290525,己合悼,2,20,2,0.37071428
10766058,201612,46298,11290,己合备,11290525,己合悼,2,30,2,0.79285717
10766065,201612,46298,11290,己合备,11290525,己合悼,2,40,2,1.7721429
10766072,201612,46298,11290,己合备,11290525,己合悼,2,50,2,1.8260714
10766079,201612,46298,11290,己合备,11290525,己合悼,2,60,2,0.50357145
10766086,201612,46299,11290,己合备,11290525,己合悼,1,0,2,15.682
10766093,201612,46299,11290,己合备,11290525,己合悼,1,10,2,0.030818181
10766100,201612,46299,11290,己合备,11290525,己合悼,1,20,2,1.6612728
10766107,201612,46299,11290,己合备,11290525,己合悼,1,30,2,3.5118182
10766114,201612,46299,11290,己合备,11290525,己合悼,1,40,2,4.545
10766121,201612,46299,11290,己合备,11290525,己合悼,1,50,2,3.955
10766128,201612,46299,11290,己合备,11290525,己合悼,1,60,2,1.9780909
10766135,201612,46299,11290,己合备,11290525,己合悼,2,0,2,4.601818
10766149,201612,46299,11290,己合备,11290525,己合悼,2,20,2,0.37
10766156,201612,46299,11290,己合备,11290525,己合悼,2,30,2,0.68113637
10766163,201612,46299,11290,己合备,11290525,己合悼,2,40,2,1.5052273
10766170,201612,46299,11290,己合备,11290525,己合悼,2,50,2,1.5913637
10766177,201612,46299,11290,己合备,11290525,己合悼,2,60,2,0.45409092
10777062,201612,46411,11290,己合备,11290525,己合悼,1,0,2,7.6597776
10777076,201612,46411,11290,己合备,11290525,己合悼,1,20,2,0.66933334
10777083,201612,46411,11290,己合备,11290525,己合悼,1,30,2,1.7266667
10777090,201612,46411,11290,己合备,11290525,己合悼,1,40,2,2.1715555
10777097,201612,46411,11290,己合备,11290525,己合悼,1,50,2,2.0882223
10777104,201612,46411,11290,己合备,11290525,己合悼,1,60,2,1.004
10777111,201612,46411,11290,己合备,11290525,己合悼,2,0,2,1.9591666
10777125,201612,46411,11290,己合备,11290525,己合悼,2,20,2,0.10333333
10777132,201612,46411,11290,己合备,11290525,己合悼,2,30,2,0.30944446
10777139,201612,46411,11290,己合备,11290525,己合悼,2,40,2,0.61833334
10777146,201612,46411,11290,己合备,11290525,己合悼,2,50,2,0.7213889
10777153,201612,46411,11290,己合备,11290525,己合悼,2,60,2,0.20666666
10780002,201612,46441,11290,己合备,11290525,己合悼,1,0,2,6.638
10780009,201612,46441,11290,己合备,11290525,己合悼,1,10,2,0.126
10780016,201612,46441,11290,己合备,11290525,己合悼,1,20,2,0.892
10780023,201612,46441,11290,己合备,11290525,己合悼,1,30,2,1.648
10780030,201612,46441,11290,己合备,11290525,己合悼,1,40,2,1.69
10780037,201612,46441,11290,己合备,11290525,己合悼,1,50,2,1.69
10780044,201612,46441,11290,己合备,11290525,己合悼,1,60,2,0.592
10780051,201612,46441,11290,己合备,11290525,己合悼,2,0,2,1.2525
10780065,201612,46441,11290,己合备,11290525,己合悼,2,20,2,0.105
10780072,201612,46441,11290,己合备,11290525,己合悼,2,30,2,0.105
10780079,201612,46441,11290,己合备,11290525,己合悼,2,40,2,0.52
10780086,201612,46441,11290,己合备,11290525,己合悼,2,50,2,0.4175
10780093,201612,46441,11290,己合备,11290525,己合悼,2,60,2,0.105
10786176,201612,46509,11290,己合备,11290525,己合悼,1,0,2,0.483
10786204,201612,46509,11290,己合备,11290525,己合悼,1,40,2,0.276
10786211,201612,46509,11290,己合备,11290525,己合悼,1,50,2,0.207
10786372,201612,46510,11290,己合备,11290525,己合悼,1,0,2,11.1427145
10786379,201612,46510,11290,己合备,11290525,己合悼,1,10,2,0.22957143
10786386,201612,46510,11290,己合备,11290525,己合悼,1,20,2,1.5267143
10786393,201612,46510,11290,己合备,11290525,己合悼,1,30,2,2.7524285
10786400,201612,46510,11290,己合备,11290525,己合悼,1,40,2,2.8228571
10786407,201612,46510,11290,己合备,11290525,己合悼,1,50,2,2.8228571
10786414,201612,46510,11290,己合备,11290525,己合悼,1,60,2,0.9882857
10786421,201612,46510,11290,己合备,11290525,己合悼,2,0,2,2.0914285
10786435,201612,46510,11290,己合备,11290525,己合悼,2,20,2,0.17428571
10786442,201612,46510,11290,己合备,11290525,己合悼,2,30,2,0.17428571
10786449,201612,46510,11290,己合备,11290525,己合悼,2,40,2,0.87142855
10786456,201612,46510,11290,己合备,11290525,己合悼,2,50,2,0.69714284
10786463,201612,46510,11290,己合备,11290525,己合悼,2,60,2,0.17428571
10786764,201612,46514,11290,己合备,11290525,己合悼,1,0,2,4.38
10786785,201612,46514,11290,己合备,11290525,己合悼,1,30,2,1.14
10786792,201612,46514,11290,己合备,11290525,己合悼,1,40,2,1.8
10786799,201612,46514,11290,己合备,11290525,己合悼,1,50,2,1.44
10788822,201612,46535,11290,己合备,11290525,己合悼,1,0,2,6.6536665
10788829,201612,46535,11290,己合备,11290525,己合悼,1,10,2,0.128
10788836,201612,46535,11290,己合备,11290525,己合悼,1,20,2,0.892
10788843,201612,46535,11290,己合备,11290525,己合悼,1,30,2,1.651
10788850,201612,46535,11290,己合备,11290525,己合悼,1,40,2,1.6933334
10788857,201612,46535,11290,己合备,11290525,己合悼,1,50,2,1.6933334
10788864,201612,46535,11290,己合备,11290525,己合悼,1,60,2,0.596
10788871,201612,46535,11290,己合备,11290525,己合悼,2,0,2,1.2525
10788885,201612,46535,11290,己合备,11290525,己合悼,2,20,2,0.104166664
10788892,201612,46535,11290,己合备,11290525,己合悼,2,30,2,0.104166664
10788899,201612,46535,11290,己合备,11290525,己合悼,2,40,2,0.5225
10788906,201612,46535,11290,己合备,11290525,己合悼,2,50,2,0.4175
10788913,201612,46535,11290,己合备,11290525,己合悼,2,60,2,0.104166664
10792154,201612,46568,11290,己合备,11290525,己合悼,1,0,2,12.067667
10792168,201612,46568,11290,己合备,11290525,己合悼,1,20,2,1.0013334
10792175,201612,46568,11290,己合备,11290525,己合悼,1,30,2,2.5623333
10792182,201612,46568,11290,己合备,11290525,己合悼,1,40,2,4.127333
10792189,201612,46568,11290,己合备,11290525,己合悼,1,50,2,2.8746667
10792196,201612,46568,11290,己合备,11290525,己合悼,1,60,2,1.502
10792203,201612,46568,11290,己合备,11290525,己合悼,2,0,2,2.9333334
10792217,201612,46568,11290,己合备,11290525,己合悼,2,20,2,0.155
10792224,201612,46568,11290,己合备,11290525,己合悼,2,30,2,0.46333334
10792231,201612,46568,11290,己合备,11290525,己合悼,2,40,2,0.925
10792238,201612,46568,11290,己合备,11290525,己合悼,2,50,2,1.08
10792245,201612,46568,11290,己合备,11290525,己合悼,2,60,2,0.31
10792252,201612,46569,11290,己合备,11290525,己合悼,1,0,2,10.864
10792266,201612,46569,11290,己合备,11290525,己合悼,1,20,2,0.902
10792273,201612,46569,11290,己合备,11290525,己合悼,1,30,2,2.306
10792280,201612,46569,11290,己合备,11290525,己合悼,1,40,2,3.716
10792287,201612,46569,11290,己合备,11290525,己合悼,1,50,2,2.587
10792294,201612,46569,11290,己合备,11290525,己合悼,1,60,2,1.353
10792301,201612,46569,11290,己合备,11290525,己合悼,2,0,2,2.6425
10792315,201612,46569,11290,己合备,11290525,己合悼,2,20,2,0.14
10792322,201612,46569,11290,己合备,11290525,己合悼,2,30,2,0.4175
10792329,201612,46569,11290,己合备,11290525,己合悼,2,40,2,0.8325
10792336,201612,46569,11290,己合备,11290525,己合悼,2,50,2,0.9725
10792343,201612,46569,11290,己合备,11290525,己合悼,2,60,2,0.28
10796368,201612,46608,11290,己合备,11290525,己合悼,1,0,2,5.84
10796389,201612,46608,11290,己合备,11290525,己合悼,1,30,2,1.52
10796396,201612,46608,11290,己合备,11290525,己合悼,1,40,2,2.4
10796403,201612,46608,11290,己合备,11290525,己合悼,1,50,2,1.92
10796466,201612,46609,11290,己合备,11290525,己合悼,1,0,2,16.082666
10796480,201612,46609,11290,己合备,11290525,己合悼,1,20,2,1.3246666
10796487,201612,46609,11290,己合备,11290525,己合悼,1,30,2,3.6358333
10796494,201612,46609,11290,己合备,11290525,己合悼,1,40,2,4.856167
10796501,201612,46609,11290,己合备,11290525,己合悼,1,50,2,4.279
10796508,201612,46609,11290,己合备,11290525,己合悼,1,60,2,1.987
10796515,201612,46609,11290,己合备,11290525,己合悼,2,0,2,3.88625
10796529,201612,46609,11290,己合备,11290525,己合悼,2,20,2,0.20458333
10796536,201612,46609,11290,己合备,11290525,己合悼,2,30,2,0.61375
10796543,201612,46609,11290,己合备,11290525,己合悼,2,40,2,1.2270833
10796550,201612,46609,11290,己合备,11290525,己合悼,2,50,2,1.4316666
10796557,201612,46609,11290,己合备,11290525,己合悼,2,60,2,0.40916666
10799308,201612,46640,11290,己合备,11290525,己合悼,1,0,2,0.399
10799336,201612,46640,11290,己合备,11290525,己合悼,1,40,2,0.228
10799343,201612,46640,11290,己合备,11290525,己合悼,1,50,2,0.171
10800974,201612,46659,11290,己合备,11290525,己合悼,1,0,2,5.8155
10800981,201612,46659,11290,己合备,11290525,己合悼,1,10,2,0.111
10800988,201612,46659,11290,己合备,11290525,己合悼,1,20,2,0.7815
10800995,201612,46659,11290,己合备,11290525,己合悼,1,30,2,1.443
10801002,201612,46659,11290,己合备,11290525,己合悼,1,40,2,1.48
10801009,201612,46659,11290,己合备,11290525,己合悼,1,50,2,1.48
10801016,201612,46659,11290,己合备,11290525,己合悼,1,60,2,0.52
10801023,201612,46659,11290,己合备,11290525,己合悼,2,0,2,1.095
10801037,201612,46659,11290,己合备,11290525,己合悼,2,20,2,0.09125
10801044,201612,46659,11290,己合备,11290525,己合悼,2,30,2,0.09125
10801051,201612,46659,11290,己合备,11290525,己合悼,2,40,2,0.45625
10801058,201612,46659,11290,己合备,11290525,己合悼,2,50,2,0.365
10801065,201612,46659,11290,己合备,11290525,己合悼,2,60,2,0.09125
10809108,201612,46744,11290,己合备,11290525,己合悼,1,0,2,4.9785
10809115,201612,46744,11290,己合备,11290525,己合悼,1,10,2,0.0945
10809122,201612,46744,11290,己合备,11290525,己合悼,1,20,2,0.669
10809129,201612,46744,11290,己合备,11290525,己合悼,1,30,2,1.236
10809136,201612,46744,11290,己合备,11290525,己合悼,1,40,2,1.2675
10809143,201612,46744,11290,己合备,11290525,己合悼,1,50,2,1.2675
10809150,201612,46744,11290,己合备,11290525,己合悼,1,60,2,0.444
10809157,201612,46744,11290,己合备,11290525,己合悼,2,0,2,0.939375
10809171,201612,46744,11290,己合备,11290525,己合悼,2,20,2,0.07875
10809178,201612,46744,11290,己合备,11290525,己合悼,2,30,2,0.07875
10809185,201612,46744,11290,己合备,11290525,己合悼,2,40,2,0.39
10809192,201612,46744,11290,己合备,11290525,己合悼,2,50,2,0.313125
10809199,201612,46744,11290,己合备,11290525,己合悼,2,60,2,0.07875
10822632,201612,46880,11290,己合备,11290525,己合悼,1,0,2,6.638
10822639,201612,46880,11290,己合备,11290525,己合悼,1,10,2,0.126
10822646,201612,46880,11290,己合备,11290525,己合悼,1,20,2,0.892
10822653,201612,46880,11290,己合备,11290525,己合悼,1,30,2,1.648
10822660,201612,46880,11290,己合备,11290525,己合悼,1,40,2,1.69
10822667,201612,46880,11290,己合备,11290525,己合悼,1,50,2,1.69
10822674,201612,46880,11290,己合备,11290525,己合悼,1,60,2,0.592
10822681,201612,46880,11290,己合备,11290525,己合悼,2,0,2,1.2525
10822695,201612,46880,11290,己合备,11290525,己合悼,2,20,2,0.105
10822702,201612,46880,11290,己合备,11290525,己合悼,2,30,2,0.105
10822709,201612,46880,11290,己合备,11290525,己合悼,2,40,2,0.52
10822716,201612,46880,11290,己合备,11290525,己合悼,2,50,2,0.4175
10822723,201612,46880,11290,己合备,11290525,己合悼,2,60,2,0.105
10822828,201612,46882,11290,己合备,11290525,己合悼,1,0,2,18.392286
10822842,201612,46882,11290,己合备,11290525,己合悼,1,20,2,1.3305714
10822849,201612,46882,11290,己合备,11290525,己合悼,1,30,2,4.1702857
10822856,201612,46882,11290,己合备,11290525,己合悼,1,40,2,6.357714
10822863,201612,46882,11290,己合备,11290525,己合悼,1,50,2,4.537857
10822870,201612,46882,11290,己合备,11290525,己合悼,1,60,2,1.9958571
10822877,201612,46882,11290,己合备,11290525,己合悼,2,0,2,3.9121428
10822891,201612,46882,11290,己合备,11290525,己合悼,2,20,2,0.20607142
10822898,201612,46882,11290,己合备,11290525,己合悼,2,30,2,0.61785716
10822905,201612,46882,11290,己合备,11290525,己合悼,2,40,2,1.235
10822912,201612,46882,11290,己合备,11290525,己合悼,2,50,2,1.4410714
10822919,201612,46882,11290,己合备,11290525,己合悼,2,60,2,0.41214284
10825376,201612,46906,11290,己合备,11290525,己合悼,1,0,2,6.704
10825390,201612,46906,11290,己合备,11290525,己合悼,1,20,2,0.402
10825397,201612,46906,11290,己合备,11290525,己合悼,1,30,2,1.481
10825404,201612,46906,11290,己合备,11290525,己合悼,1,40,2,3.0633333
10825411,201612,46906,11290,己合备,11290525,己合悼,1,50,2,1.1546667
10825418,201612,46906,11290,己合备,11290525,己合悼,1,60,2,0.603
10825425,201612,46906,11290,己合备,11290525,己合悼,2,0,2,1.1758333
10825439,201612,46906,11290,己合备,11290525,己合悼,2,20,2,0.061666667
10825446,201612,46906,11290,己合备,11290525,己合悼,2,30,2,0.18583333
10825453,201612,46906,11290,己合备,11290525,己合悼,2,40,2,0.37166667
10825460,201612,46906,11290,己合备,11290525,己合悼,2,50,2,0.43333334
10825467,201612,46906,11290,己合备,11290525,己合悼,2,60,2,0.123333335
10829100,201612,46944,11290,己合备,11290525,己合悼,1,0,2,7.8236666
10829121,201612,46944,11290,己合备,11290525,己合悼,1,30,2,2.0376666
10829128,201612,46944,11290,己合备,11290525,己合悼,1,40,2,3.2133334
10829135,201612,46944,11290,己合备,11290525,己合悼,1,50,2,2.5726666
10829198,201612,46945,11290,己合备,11290525,己合悼,1,0,2,6.38625
10829219,201612,46945,11290,己合备,11290525,己合悼,1,30,2,1.64125
10829226,201612,46945,11290,己合备,11290525,己合悼,1,40,2,2.8025
10829233,201612,46945,11290,己合备,11290525,己合悼,1,50,2,1.9425
10831060,201612,46965,11290,己合备,11290525,己合悼,1,0,2,2.241
10831081,201612,46965,11290,己合备,11290525,己合悼,1,30,2,0.498
10831088,201612,46965,11290,己合备,11290525,己合悼,1,40,2,1.66
10831095,201612,46965,11290,己合备,11290525,己合悼,1,50,2,0.083
10832236,201612,46978,11290,己合备,11290525,己合悼,1,0,2,0.09975
10832264,201612,46978,11290,己合备,11290525,己合悼,1,40,2,0.057
10832271,201612,46978,11290,己合备,11290525,己合悼,1,50,2,0.04275
10832922,201612,46986,11290,己合备,11290525,己合悼,1,0,2,0.0064
10832929,201612,46986,11290,己合备,11290525,己合悼,1,10,2,0.0064
10844878,201612,47109,11290,己合备,11290525,己合悼,1,0,2,8.689333
10844899,201612,47109,11290,己合备,11290525,己合悼,1,30,2,2.1726665
10844906,201612,47109,11290,己合备,11290525,己合悼,1,40,2,4.3433332
10844913,201612,47109,11290,己合备,11290525,己合悼,1,50,2,2.1733334
10846152,201612,47122,11290,己合备,11290525,己合悼,1,0,2,6.016667
10846173,201612,47122,11290,己合备,11290525,己合悼,1,30,2,1.4666667
10846180,201612,47122,11290,己合备,11290525,己合悼,1,40,2,3.3333333
10846187,201612,47122,11290,己合备,11290525,己合悼,1,50,2,1.2166667
10857814,201612,47245,11290,己合备,11290525,己合悼,1,0,2,1.188
10857835,201612,47245,11290,己合备,11290525,己合悼,1,30,2,0.264
10857842,201612,47245,11290,己合备,11290525,己合悼,1,40,2,0.88
10857849,201612,47245,11290,己合备,11290525,己合悼,1,50,2,0.044
10861440,201612,47280,11290,己合备,11290525,己合悼,1,0,2,15.381
10861454,201612,47280,11290,己合备,11290525,己合悼,1,20,2,0.5346
10861461,201612,47280,11290,己合备,11290525,己合悼,1,30,2,3.5994
10861468,201612,47280,11290,己合备,11290525,己合悼,1,40,2,5.117
10861475,201612,47280,11290,己合备,11290525,己合悼,1,50,2,4.498
10861482,201612,47280,11290,己合备,11290525,己合悼,1,60,2,1.632
10861489,201612,47280,11290,己合备,11290525,己合悼,2,0,2,4.755
10861503,201612,47280,11290,己合备,11290525,己合悼,2,20,2,0.07
10861510,201612,47280,11290,己合备,11290525,己合悼,2,30,2,0.837
10861517,201612,47280,11290,己合备,11290525,己合悼,2,40,2,1.6085
10861524,201612,47280,11290,己合备,11290525,己合悼,2,50,2,1.96
10861531,201612,47280,11290,己合备,11290525,己合悼,2,60,2,0.2795
10861538,201612,47281,11290,己合备,11290525,己合悼,1,0,2,11.349
10861552,201612,47281,11290,己合备,11290525,己合悼,1,20,2,0.048
10861559,201612,47281,11290,己合备,11290525,己合悼,1,30,2,2.813
10861566,201612,47281,11290,己合备,11290525,己合悼,1,40,2,4.29
10861573,201612,47281,11290,己合备,11290525,己合悼,1,50,2,3.474
10861580,201612,47281,11290,己合备,11290525,己合悼,1,60,2,0.724
10861587,201612,47281,11290,己合备,11290525,己合悼,2,0,2,2.402
10861608,201612,47281,11290,己合备,11290525,己合悼,2,30,2,0.48
10861615,201612,47281,11290,己合备,11290525,己合悼,2,40,2,0.84
10861622,201612,47281,11290,己合备,11290525,己合悼,2,50,2,0.962
10861629,201612,47281,11290,己合备,11290525,己合悼,2,60,2,0.12
10862616,201612,47291,11290,己合备,11290525,己合悼,1,0,2,4.4884
10862637,201612,47291,11290,己合备,11290525,己合悼,1,30,2,1.0974
10862644,201612,47291,11290,己合备,11290525,己合悼,1,40,2,2.453
10862651,201612,47291,11290,己合备,11290525,己合悼,1,50,2,0.938
10866928,201612,47332,11290,己合备,11290525,己合悼,1,0,2,0.032375
10866935,201612,47332,11290,己合备,11290525,己合悼,1,10,2,0.032375
10877316,201612,47441,11290,己合备,11290525,己合悼,1,0,2,12.18475
10877330,201612,47441,11290,己合备,11290525,己合悼,1,20,2,0.04
10877337,201612,47441,11290,己合备,11290525,己合悼,1,30,2,3.03925
10877344,201612,47441,11290,己合备,11290525,己合悼,1,40,2,4.832
10877351,201612,47441,11290,己合备,11290525,己合悼,1,50,2,3.671
10877358,201612,47441,11290,己合备,11290525,己合悼,1,60,2,0.6025
10877365,201612,47441,11290,己合备,11290525,己合悼,2,0,2,1.99625
10877386,201612,47441,11290,己合备,11290525,己合悼,2,30,2,0.3975
10877393,201612,47441,11290,己合备,11290525,己合悼,2,40,2,0.69875
10877400,201612,47441,11290,己合备,11290525,己合悼,2,50,2,0.8
10877407,201612,47441,11290,己合备,11290525,己合悼,2,60,2,0.1
10886920,201612,47535,11290,己合备,11290525,己合悼,1,0,2,23.301714
10886927,201612,47535,11290,己合备,11290525,己合悼,1,10,2,0.29842857
10886934,201612,47535,11290,己合备,11290525,己合悼,1,20,2,1.8718572
10886941,201612,47535,11290,己合备,11290525,己合悼,1,30,2,5.141857
10886948,201612,47535,11290,己合备,11290525,己合悼,1,40,2,6.8401427
10886955,201612,47535,11290,己合备,11290525,己合悼,1,50,2,6.485
10886962,201612,47535,11290,己合备,11290525,己合悼,1,60,2,2.6644285
10886969,201612,47535,11290,己合备,11290525,己合悼,2,0,2,6.5967855
10886976,201612,47535,11290,己合备,11290525,己合悼,2,10,2,0.028571429
10886983,201612,47535,11290,己合备,11290525,己合悼,2,20,2,0.51464283
10886990,201612,47535,11290,己合备,11290525,己合悼,2,30,2,0.94035715
10886997,201612,47535,11290,己合备,11290525,己合悼,2,40,2,1.9135715
10887004,201612,47535,11290,己合备,11290525,己合悼,2,50,2,2.5721428
10887011,201612,47535,11290,己合备,11290525,己合悼,2,60,2,0.6275
10887018,201612,47536,11290,己合备,11290525,己合悼,1,0,2,48.884
10887025,201612,47536,11290,己合备,11290525,己合悼,1,10,2,2.089
10887032,201612,47536,11290,己合备,11290525,己合悼,1,20,2,5.6235
10887039,201612,47536,11290,己合备,11290525,己合悼,1,30,2,9.9215
10887046,201612,47536,11290,己合备,11290525,己合悼,1,40,2,12.734
10887053,201612,47536,11290,己合备,11290525,己合悼,1,50,2,11.6475
10887060,201612,47536,11290,己合备,11290525,己合悼,1,60,2,6.8685
10887067,201612,47536,11290,己合备,11290525,己合悼,2,0,2,17.3875
10887074,201612,47536,11290,己合备,11290525,己合悼,2,10,2,0.2
10887081,201612,47536,11290,己合备,11290525,己合悼,2,20,2,2.50375
10887088,201612,47536,11290,己合备,11290525,己合悼,2,30,2,2.5925
10887095,201612,47536,11290,己合备,11290525,己合悼,2,40,2,4.195
10887102,201612,47536,11290,己合备,11290525,己合悼,2,50,2,5.59875
10887109,201612,47536,11290,己合备,11290525,己合悼,2,60,2,2.2975
10900052,201612,47664,11290,己合备,11290525,己合悼,1,0,2,0.053333335
10900059,201612,47664,11290,己合备,11290525,己合悼,1,10,2,0.053333335
10900150,201612,47665,11290,己合备,11290525,己合悼,1,0,2,0.032
10900157,201612,47665,11290,己合备,11290525,己合悼,1,10,2,0.032
10908284,201612,47750,11290,己合备,11290525,己合悼,1,0,2,29.38
10908291,201612,47750,11290,己合备,11290525,己合悼,1,10,2,1.17675
10908298,201612,47750,11290,己合备,11290525,己合悼,1,20,2,3.1045
10908305,201612,47750,11290,己合备,11290525,己合悼,1,30,2,6.1475
10908312,201612,47750,11290,己合备,11290525,己合悼,1,40,2,8.0755
10908319,201612,47750,11290,己合备,11290525,己合悼,1,50,2,6.8525
10908326,201612,47750,11290,己合备,11290525,己合悼,1,60,2,4.02325
10908333,201612,47750,11290,己合备,11290525,己合悼,2,0,2,10.835625
10908340,201612,47750,11290,己合备,11290525,己合悼,2,10,2,0.1125
10908347,201612,47750,11290,己合备,11290525,己合悼,2,20,2,1.351875
10908354,201612,47750,11290,己合备,11290525,己合悼,2,30,2,1.759375
10908361,201612,47750,11290,己合备,11290525,己合悼,2,40,2,2.7725
10908368,201612,47750,11290,己合备,11290525,己合悼,2,50,2,3.526875
10908375,201612,47750,11290,己合备,11290525,己合悼,2,60,2,1.3125
10911420,201612,47785,11290,己合备,11290525,己合悼,1,0,2,5.852125
10911434,201612,47785,11290,己合备,11290525,己合悼,1,20,2,0.41125
10911441,201612,47785,11290,己合备,11290525,己合悼,1,30,2,1.473
10911448,201612,47785,11290,己合备,11290525,己合悼,1,40,2,2.035375
10911455,201612,47785,11290,己合备,11290525,己合悼,1,50,2,1.405
10911462,201612,47785,11290,己合备,11290525,己合悼,1,60,2,0.5275
10911469,201612,47785,11290,己合备,11290525,己合悼,2,0,2,1.7471875
10911490,201612,47785,11290,己合备,11290525,己合悼,2,30,2,0.348125
10911497,201612,47785,11290,己合备,11290525,己合悼,2,40,2,0.6115625
10911504,201612,47785,11290,己合备,11290525,己合悼,2,50,2,0.7
10911511,201612,47785,11290,己合备,11290525,己合悼,2,60,2,0.0875
10911518,201612,47786,11290,己合备,11290525,己合悼,1,0,2,0.32033333
10911532,201612,47786,11290,己合备,11290525,己合悼,1,20,2,0.12033334
10911539,201612,47786,11290,己合备,11290525,己合悼,1,30,2,0.1
10911546,201612,47786,11290,己合备,11290525,己合悼,1,40,2,0.1
10922690,201612,47900,11290,己合备,11290525,己合悼,1,0,2,0.427
10922704,201612,47900,11290,己合备,11290525,己合悼,1,20,2,0.16033334
10922711,201612,47900,11290,己合备,11290525,己合悼,1,30,2,0.13333334
10922718,201612,47900,11290,己合备,11290525,己合悼,1,40,2,0.13333334
10939644,201612,48079,11290,己合备,11290525,己合悼,1,0,2,27.709
10939651,201612,48079,11290,己合备,11290525,己合悼,1,10,2,1.5675
10939658,201612,48079,11290,己合备,11290525,己合悼,1,20,2,4.17275
10939665,201612,48079,11290,己合备,11290525,己合悼,1,30,2,5.478125
10939672,201612,48079,11290,己合备,11290525,己合悼,1,40,2,6.68425
10939679,201612,48079,11290,己合备,11290525,己合悼,1,50,2,5.724375
10939686,201612,48079,11290,己合备,11290525,己合悼,1,60,2,4.082
10939693,201612,48079,11290,己合备,11290525,己合悼,2,0,2,10.202812
10939700,201612,48079,11290,己合备,11290525,己合悼,2,10,2,0.15
10939707,201612,48079,11290,己合备,11290525,己合悼,2,20,2,1.8034375
10939714,201612,48079,11290,己合备,11290525,己合悼,2,30,2,1.4978125
10939721,201612,48079,11290,己合备,11290525,己合悼,2,40,2,2.211875
10939728,201612,48079,11290,己合备,11290525,己合悼,2,50,2,3.0021875
10939735,201612,48079,11290,己合备,11290525,己合悼,2,60,2,1.5375
10955324,201612,48241,11290,己合备,11290525,己合悼,1,0,2,1.868
10955338,201612,48241,11290,己合备,11290525,己合悼,1,20,2,0.361
10955345,201612,48241,11290,己合备,11290525,己合悼,1,30,2,0.361
10955352,201612,48241,11290,己合备,11290525,己合悼,1,40,2,0.844
10955359,201612,48241,11290,己合备,11290525,己合悼,1,50,2,0.302
10955422,201612,48242,11290,己合备,11290525,己合悼,1,0,2,1.5075
10955443,201612,48242,11290,己合备,11290525,己合悼,1,30,2,0.1005
10955450,201612,48242,11290,己合备,11290525,己合悼,1,40,2,0.9045
10955457,201612,48242,11290,己合备,11290525,己合悼,1,50,2,0.5025
10955520,201612,48243,11290,己合备,11290525,己合悼,1,0,2,1.0525
10955541,201612,48243,11290,己合备,11290525,己合悼,1,30,2,0.07
10955548,201612,48243,11290,己合备,11290525,己合悼,1,40,2,0.6315
10955555,201612,48243,11290,己合备,11290525,己合悼,1,50,2,0.351
10967378,201612,48363,11290,己合备,11290525,己合悼,1,0,2,85.637
10967385,201612,48363,11290,己合备,11290525,己合悼,1,10,2,5.3073335
10967392,201612,48363,11290,己合备,11290525,己合悼,1,20,2,11.8446665
10967399,201612,48363,11290,己合备,11290525,己合悼,1,30,2,15.7795
10967406,201612,48363,11290,己合备,11290525,己合悼,1,40,2,21.835167
10967413,201612,48363,11290,己合备,11290525,己合悼,1,50,2,18.380833
10967420,201612,48363,11290,己合备,11290525,己合悼,1,60,2,12.4895
10967427,201612,48363,11290,己合备,11290525,己合悼,2,0,2,30.085833
10967434,201612,48363,11290,己合备,11290525,己合悼,2,10,2,0.5395833
10967441,201612,48363,11290,己合备,11290525,己合悼,2,20,2,5.3545833
10967448,201612,48363,11290,己合备,11290525,己合悼,2,30,2,4.3141665
10967455,201612,48363,11290,己合备,11290525,己合悼,2,40,2,6.7170835
10967462,201612,48363,11290,己合备,11290525,己合悼,2,50,2,8.584583
10967469,201612,48363,11290,己合备,11290525,己合悼,2,60,2,4.5758333
10975218,201612,48444,11290,己合备,11290525,己合悼,1,0,2,0.5875
10975239,201612,48444,11290,己合备,11290525,己合悼,1,30,2,0.039
10975246,201612,48444,11290,己合备,11290525,己合悼,1,40,2,0.3525
10975253,201612,48444,11290,己合备,11290525,己合悼,1,50,2,0.196
10978942,201612,48481,11290,己合备,11290525,己合悼,1,0,2,1.02
10978963,201612,48481,11290,己合备,11290525,己合悼,1,30,2,0.068
10978970,201612,48481,11290,己合备,11290525,己合悼,1,40,2,0.612
10978977,201612,48481,11290,己合备,11290525,己合悼,1,50,2,0.34
10979040,201612,48482,11290,己合备,11290525,己合悼,1,0,2,0.68
10979061,201612,48482,11290,己合备,11290525,己合悼,1,30,2,0.045
10979068,201612,48482,11290,己合备,11290525,己合悼,1,40,2,0.408
10979075,201612,48482,11290,己合备,11290525,己合悼,1,50,2,0.227
10983156,201612,48527,11290,己合备,11290525,己合悼,1,0,2,4.104
10983177,201612,48527,11290,己合备,11290525,己合悼,1,30,2,0.484
10983184,201612,48527,11290,己合备,11290525,己合悼,1,40,2,2.413
10983191,201612,48527,11290,己合备,11290525,己合悼,1,50,2,1.207
10983205,201612,48527,11290,己合备,11290525,己合悼,2,0,2,0.6
10983233,201612,48527,11290,己合备,11290525,己合悼,2,40,2,0.3
10983240,201612,48527,11290,己合备,11290525,己合悼,2,50,2,0.3
10983254,201612,48528,11290,己合备,11290525,己合悼,1,0,2,2.5675
10983268,201612,48528,11290,己合备,11290525,己合悼,1,20,2,0.2105
10983275,201612,48528,11290,己合备,11290525,己合悼,1,30,2,0.36175
10983282,201612,48528,11290,己合备,11290525,己合悼,1,40,2,1.36675
10983289,201612,48528,11290,己合备,11290525,己合悼,1,50,2,0.6285
10983303,201612,48528,11290,己合备,11290525,己合悼,2,0,2,0.15
10983331,201612,48528,11290,己合备,11290525,己合悼,2,40,2,0.075
10983338,201612,48528,11290,己合备,11290525,己合悼,2,50,2,0.075
10990408,201612,48603,11290,己合备,11290525,己合悼,1,0,2,7.87
10990429,201612,48603,11290,己合备,11290525,己合悼,1,30,2,0.9266667
10990436,201612,48603,11290,己合备,11290525,己合悼,1,40,2,4.628667
10990443,201612,48603,11290,己合备,11290525,己合悼,1,50,2,2.3146667
10990457,201612,48603,11290,己合备,11290525,己合悼,2,0,2,1.1016667
10990485,201612,48603,11290,己合备,11290525,己合悼,2,40,2,0.55083334
10990492,201612,48603,11290,己合备,11290525,己合悼,2,50,2,0.55083334
10991976,201612,48619,11290,己合备,11290525,己合悼,1,0,2,1.221
10991997,201612,48619,11290,己合备,11290525,己合悼,1,30,2,0.0812
10992004,201612,48619,11290,己合备,11290525,己合悼,1,40,2,0.7326
10992011,201612,48619,11290,己合备,11290525,己合悼,1,50,2,0.4072
10997366,201612,48677,11290,己合备,11290525,己合悼,1,0,2,1.445
10997380,201612,48677,11290,己合备,11290525,己合悼,1,20,2,0.034
10997387,201612,48677,11290,己合备,11290525,己合悼,1,30,2,0.272
10997394,201612,48677,11290,己合备,11290525,己合悼,1,40,2,0.748
10997401,201612,48677,11290,己合备,11290525,己合悼,1,50,2,0.391
10999424,201612,48697,11290,己合备,11290525,己合悼,1,0,2,5.5713334
10999438,201612,48697,11290,己合备,11290525,己合悼,1,20,2,0.18733333
10999445,201612,48697,11290,己合备,11290525,己合悼,1,30,2,1.4326667
10999452,201612,48697,11290,己合备,11290525,己合悼,1,40,2,2.6653333
10999459,201612,48697,11290,己合备,11290525,己合悼,1,50,2,1.286
10999473,201612,48697,11290,己合备,11290525,己合悼,2,0,2,0.26666668
10999501,201612,48697,11290,己合备,11290525,己合悼,2,40,2,0.13333334
10999508,201612,48697,11290,己合备,11290525,己合悼,2,50,2,0.13333334
11009322,201612,48799,11290,己合备,11290525,己合悼,1,0,2,1.0054545
11009336,201612,48799,11290,己合备,11290525,己合悼,1,20,2,0.10409091
11009343,201612,48799,11290,己合备,11290525,己合悼,1,30,2,0.27727273
11009350,201612,48799,11290,己合备,11290525,己合悼,1,40,2,0.27036363
11009357,201612,48799,11290,己合备,11290525,己合悼,1,50,2,0.25654545
11009364,201612,48799,11290,己合备,11290525,己合悼,1,60,2,0.09718182
11009371,201612,48799,11290,己合备,11290525,己合悼,2,0,2,0.06818182
11009399,201612,48799,11290,己合备,11290525,己合悼,2,40,2,0.03409091
11009406,201612,48799,11290,己合备,11290525,己合悼,2,50,2,0.03409091
11020886,201612,48915,11290,己合备,11290525,己合悼,1,0,2,8.8156
11020900,201612,48915,11290,己合备,11290525,己合悼,1,20,2,0.884
11020907,201612,48915,11290,己合备,11290525,己合悼,1,30,2,2.3744
11020914,201612,48915,11290,己合备,11290525,己合悼,1,40,2,2.4616
11020921,201612,48915,11290,己合备,11290525,己合悼,1,50,2,2.2704
11020928,201612,48915,11290,己合备,11290525,己合悼,1,60,2,0.8252
11020935,201612,48915,11290,己合备,11290525,己合悼,2,0,2,0.58
11020963,201612,48915,11290,己合备,11290525,己合悼,2,40,2,0.29
11020970,201612,48915,11290,己合备,11290525,己合悼,2,50,2,0.29
11026668,201612,48976,11290,己合备,11290525,己合悼,1,0,2,1.0738572
11026675,201612,48976,11290,己合备,11290525,己合悼,1,10,2,0.09085714
11026682,201612,48976,11290,己合备,11290525,己合悼,1,20,2,0.13957143
11026689,201612,48976,11290,己合备,11290525,己合悼,1,30,2,0.273
11026696,201612,48976,11290,己合备,11290525,己合悼,1,40,2,0.3047143
11026703,201612,48976,11290,己合备,11290525,己合悼,1,50,2,0.19771428
11026710,201612,48976,11290,己合备,11290525,己合悼,1,60,2,0.068
11026717,201612,48976,11290,己合备,11290525,己合悼,2,0,2,0.047857143
11026745,201612,48976,11290,己合备,11290525,己合悼,2,40,2,0.023928571
11026752,201612,48976,11290,己合备,11290525,己合悼,2,50,2,0.023928571
11030686,201612,49018,11290,己合备,11290525,己合悼,1,0,2,6.29
11030700,201612,49018,11290,己合备,11290525,己合悼,1,20,2,0.578
11030707,201612,49018,11290,己合备,11290525,己合悼,1,30,2,1.802
11030714,201612,49018,11290,己合备,11290525,己合悼,1,40,2,1.904
11030721,201612,49018,11290,己合备,11290525,己合悼,1,50,2,1.53
11030728,201612,49018,11290,己合备,11290525,己合悼,1,60,2,0.476
11030735,201612,49018,11290,己合备,11290525,己合悼,2,0,2,0.335
11030763,201612,49018,11290,己合备,11290525,己合悼,2,40,2,0.1675
11030770,201612,49018,11290,己合备,11290525,己合悼,2,50,2,0.1675
11030784,201612,49019,11290,己合备,11290525,己合悼,1,0,2,4.6466665
11030798,201612,49019,11290,己合备,11290525,己合悼,1,20,2,0.425
11030805,201612,49019,11290,己合备,11290525,己合悼,1,30,2,1.1691667
11030812,201612,49019,11290,己合备,11290525,己合悼,1,40,2,1.428
11030819,201612,49019,11290,己合备,11290525,己合悼,1,50,2,1.2278334
11030826,201612,49019,11290,己合备,11290525,己合悼,1,60,2,0.39666668
11030833,201612,49019,11290,己合备,11290525,己合悼,2,0,2,0.27916667
11030861,201612,49019,11290,己合备,11290525,己合悼,2,40,2,0.13958333
11030868,201612,49019,11290,己合备,11290525,己合悼,2,50,2,0.13958333
11034802,201612,49064,11290,己合备,11290525,己合悼,1,0,2,7.1183333
11034816,201612,49064,11290,己合备,11290525,己合悼,1,20,2,0.7366667
11034823,201612,49064,11290,己合备,11290525,己合悼,1,30,2,1.9633334
11034830,201612,49064,11290,己合备,11290525,己合悼,1,40,2,1.9143333
11034837,201612,49064,11290,己合备,11290525,己合悼,1,50,2,1.8163333
11034844,201612,49064,11290,己合备,11290525,己合悼,1,60,2,0.68766665
11034851,201612,49064,11290,己合备,11290525,己合悼,2,0,2,0.48333332
11034879,201612,49064,11290,己合备,11290525,己合悼,2,40,2,0.24166666
11034886,201612,49064,11290,己合备,11290525,己合悼,2,50,2,0.24166666
11038526,201612,49101,11290,己合备,11290525,己合悼,1,0,2,1.993
11038540,201612,49101,11290,己合备,11290525,己合悼,1,20,2,0.086666666
11038547,201612,49101,11290,己合备,11290525,己合悼,1,30,2,0.582
11038554,201612,49101,11290,己合备,11290525,己合悼,1,40,2,0.892
11038561,201612,49101,11290,己合备,11290525,己合悼,1,50,2,0.43233332
11053324,201612,49255,11290,己合备,11290525,己合悼,1,0,2,2.9334445
11053338,201612,49255,11290,己合备,11290525,己合悼,1,20,2,0.244
11053345,201612,49255,11290,己合备,11290525,己合悼,1,30,2,0.86377776
11053352,201612,49255,11290,己合备,11290525,己合悼,1,40,2,0.9623333
11053359,201612,49255,11290,己合备,11290525,己合悼,1,50,2,0.687
11053366,201612,49255,11290,己合备,11290525,己合悼,1,60,2,0.17633334
11053373,201612,49255,11290,己合备,11290525,己合悼,2,0,2,0.12388889
11053401,201612,49255,11290,己合备,11290525,己合悼,2,40,2,0.061944444
11053408,201612,49255,11290,己合备,11290525,己合悼,2,50,2,0.061944444
