구간번호,관리청,도로분류,대표지역,도로(노선)명,총길이(km),기점 위도(WGS84(4326)),기점 경도(WGS84(4326)),종점 위도(WGS84(4326)),종점 경도(WGS84(4326)),정북기준 도로방향 각도(x1),정북기준 도로방향 각도(y1),정북기준 도로방향 각도(기점 기준십진수 방위각)
28720-41,인천광역시(옹진군),군도,인천광역시 옹진군,군도32-1호선,1,37.9741018,124.6192498,37.97047284,124.6207886,-0.001538803,0.003628963,112.9785817
28720-40,인천광역시(옹진군),군도,인천광역시 옹진군,군도33호선,1.65,37.94836359,124.6525052,37.92726429,124.6628753,-0.010370119,0.021099291,116.1737179
28720-39,인천광역시(옹진군),군도,인천광역시 옹진군,군도33호선,0.91,37.92736458,124.6632741,37.94435445,124.6544317,0.008842364,-0.01698987,297.4946856
28720-5,인천광역시(옹진군),군도,인천광역시 옹진군,군도32호선,1.5,37.97597025,124.6694335,37.97021023,124.6213933,0.048040291,0.005760025,6.837118239
28720-3,인천광역시(옹진군),군도,인천광역시 옹진군,군도31호선,0.5,37.96390005,124.6769292,37.9630762,124.6733516,0.003577644,0.000823846,12.96778837
28720-10,인천광역시(옹진군),군도,인천광역시 옹진군,군도41호선,0.35,37.81105073,124.6887725,37.80991472,124.688643,0.000129491,0.001136011,83.49708476
28720-7,인천광역시(옹진군),군도,인천광역시 옹진군,군도41호선,0.8,37.82402698,124.6919373,37.81831504,124.6809381,0.010999249,0.005711946,27.44300201
28720-44,인천광역시(옹진군),군도,인천광역시 옹진군,군도41호선,0.3,37.80865099,124.6923093,37.80871784,124.6947278,-0.002418554,-6.68553E-05,181.5834058
28720-6,인천광역시(옹진군),군도,인천광역시 옹진군,군도32호선,0.7,37.97814051,124.6925851,37.97396451,124.6927631,-0.000177997,0.004176,92.44068849
28720-4,인천광역시(옹진군),군도,인천광역시 옹진군,군도31호선,0.9,37.97426122,124.7069125,37.97364669,124.7020734,0.004839054,0.000614526,7.237419128
28720-8,인천광역시(옹진군),군도,인천광역시 옹진군,군도41호선,0.4,37.81597395,124.7071427,37.81415164,124.7047213,0.002421357,0.001822313,36.96512258
28720-9,인천광역시(옹진군),군도,인천광역시 옹진군,군도41호선,1.1,37.83071318,124.7134232,37.83513963,124.7106258,0.002797406,-0.004426448,302.291881
28720-2,인천광역시(옹진군),군도,인천광역시 옹진군,군도31호선,0.2,37.96735122,124.7182148,37.97156829,124.7161667,0.002048084,-0.004217064,295.9042577
46910-12,전라남도(신안군),군도,전라남도 신안군,군도28호선,1.8,34.66072173,125.3961661,34.65506965,125.390002,0.006164064,0.005652078,42.51896296
46910-13,전라남도(신안군),군도,전라남도 신안군,군도28호선,1.7,34.65219513,125.3975156,34.64785281,125.4074951,-0.009979546,0.004342325,156.4850567
46910-11,전라남도(신안군),군도,전라남도 신안군,군도28호선,1,34.67022225,125.3985637,34.66279853,125.3976847,0.000879,0.007423717,83.24737522
46910-34,전라남도(신안군),군도,전라남도 신안군,군도28호선,1.5,34.6791315,125.4073698,34.67028499,125.3986607,0.008709131,0.008846514,45.44836452
46910-9,전라남도(신안군),군도,전라남도 신안군,군도28호선,0.6,34.6860092,125.409598,34.68159823,125.4093307,0.000267313,0.004410969,86.53200588
46910-8,전라남도(신안군),군도,전라남도 신안군,군도28호선,1.2,34.69229963,125.4166786,34.68672062,125.4109596,0.005718972,0.005579009,44.29023919
46910-18,전라남도(신안군),군도,전라남도 신안군,군도28호선,1.6,34.65938469,125.4196346,34.64889821,125.4200788,-0.000444204,0.01048648,92.42558124
46910-19,전라남도(신안군),군도,전라남도 신안군,군도28호선,1.8,34.64889269,125.4200439,34.64449787,125.4130546,0.006989282,0.004394818,32.16143263
46910-17,전라남도(신안군),군도,전라남도 신안군,군도28호선,0.8,34.66271855,125.4249183,34.66026924,125.4196087,0.005309512,0.002449309,24.76415223
46910-7,전라남도(신안군),군도,전라남도 신안군,군도28호선,1.6,34.6937178,125.4286674,34.69359693,125.4169512,0.011716245,0.000120866,0.591050084
46910-16,전라남도(신안군),군도,전라남도 신안군,군도28호선,0.7,34.66161166,125.4314284,34.66196752,125.426247,0.005181369,-0.00035586,356.0710599
46910-15,전라남도(신안군),군도,전라남도 신안군,군도28호선,1.5,34.67151653,125.437061,34.66738018,125.4336463,0.00341464,0.004136354,50.45967278
46910-14,전라남도(신안군),군도,전라남도 신안군,군도28호선,2,34.68302358,125.4434015,34.67372336,125.4364988,0.006902744,0.009300226,53.41673151
28720-1,인천광역시(옹진군),군도,인천광역시 옹진군,군도21호선,1.5,37.65928119,125.7013062,37.65904341,125.7008364,0.000469842,0.000237777,26.84304151
46910-6,전라남도(신안군),군도,전라남도 신안군,군도17호선,1.2,34.69005826,125.9824578,34.68995781,125.994139,-0.011681168,0.000100446,179.5073277
46000-48,전라남도(도로관리사업소),지방도,전라남도 신안군,지방도805호선,0.8,34.90099026,126.0457264,34.90404939,126.0523707,-0.006644229,-0.003059131,204.7222544
46000-46,전라남도(도로관리사업소),지방도,전라남도 신안군,지방도805호선,1.2,34.88117129,126.0472795,34.87105618,126.0474072,-0.000127759,0.010115115,90.7236344
46910-29,전라남도(신안군),농어촌도로,전라남도 신안군,면도102호선,0.5,34.86161979,126.0582773,34.86054798,126.0528457,0.00543159,0.001071811,11.16271842
46000-67,전라남도(도로관리사업소),지방도,전라남도 신안군,지방도805호선,1,34.85955961,126.0655639,34.85207359,126.0699057,-0.004341844,0.007486016,120.1134741
46000-49,전라남도(도로관리사업소),지방도,전라남도 신안군,지방도805호선,1,34.91321754,126.0658223,34.91296441,126.0693328,-0.003510428,0.000253132,175.8756285
46910-4,전라남도(신안군),군도,전라남도 신안군,군도33호선,0.2,35.07515629,126.0690253,35.07292143,126.060473,0.008552296,0.002234859,14.64486899
46910-31,전라남도(신안군),지방도,전라남도 신안군,지방도805호선,1,34.85033836,126.0728204,34.85781826,126.0665707,0.006249697,-0.007479897,309.8798522
46910-5,전라남도(신안군),군도,전라남도 신안군,군도7호선,0.5,34.8809673,126.0784944,34.87784493,126.0774322,0.001062167,0.003122372,71.21274725
46910-21,전라남도(신안군),군도,전라남도 신안군,군도8호선,0.4,34.75339238,126.086564,34.7539861,126.0825455,0.004018542,-0.000593719,351.5956402
46910-3,전라남도(신안군),군도,전라남도 신안군,군도13호선,1.7,35.07835215,126.1054885,35.06464837,126.1006504,0.004838078,0.013703779,70.55457495
46910-1,전라남도(신안군),군도,전라남도 신안군,군도16호선,1.2,34.99794207,126.1082407,35.00249038,126.0990878,0.009152814,-0.004548306,333.5758491
46000-45,전라남도(도로관리사업소),지방도,전라남도 신안군,지방도825호선,0.7,35.106548,126.111715,35.10446554,126.1076326,0.004082448,0.002082458,27.02613894
28720-15,인천광역시(옹진군),군도,인천광역시 옹진군,군도52호선,0.4,37.22559201,126.1127456,37.23098706,126.1116115,0.001134056,-0.005395042,281.8709352
28720-14,인천광역시(옹진군),군도,인천광역시 옹진군,군도52호선,0.2,37.24977621,126.1148395,37.25066439,126.1153073,-0.000467787,-0.000888179,242.2250655
46910-30,전라남도(신안군),군도,전라남도 신안군,군도8호선,0.5,34.747136,126.1159615,34.74742589,126.111445,0.004516547,-0.000289886,356.3276112
28720-16,인천광역시(옹진군),군도,인천광역시 옹진군,군도52호선,0.9,37.21834288,126.1167958,37.21359994,126.1170993,-0.000303578,0.004742944,93.66228602
46910-33,전라남도(신안군),농어촌도로,전라남도 신안군,301,0.3,34.842168,126.121208,34.84301561,126.1238896,-0.002681611,-0.000847607,197.5407795
46910-20,전라남도(신안군),군도,전라남도 신안군,군도8호선,0.3,34.75213952,126.1213557,34.75058955,126.1189794,0.002376375,0.001549966,33.11398019
28720-11,인천광역시(옹진군),군도,인천광역시 옹진군,군도51호선,0.9,37.23444052,126.133675,37.23839572,126.1280232,0.005651864,-0.003955202,325.0154833
28720-17,인천광역시(옹진군),군도,인천광역시 옹진군,군도51호선,0.2,37.22868935,126.1426943,37.22771316,126.144231,-0.00153671,0.000976195,147.5742347
46910-24,전라남도(신안군),농어촌도로,전라남도 신안군,농어촌도로101호선,0.95,34.78244233,126.142775,34.77455208,126.1398677,0.002907354,0.00789025,69.77245302
46910-23,전라남도(신안군),군도,전라남도 신안군,군도10호선,0.8,34.78419743,126.1429867,34.78565552,126.1338788,0.009107868,-0.001458096,350.9045904
28720-13,인천광역시(옹진군),군도,인천광역시 옹진군,군도51호선,0.2,37.22784347,126.1440899,37.22861256,126.1430906,0.000999284,-0.000769089,322.4166908
46910-26,전라남도(신안군),농어촌도로,전라남도 신안군,농어촌도로201호선,0.4,34.78365784,126.1441418,34.78340276,126.1471883,-0.003046548,0.00025508,175.2139193
46910-32,전라남도(신안군),농어촌도로,전라남도 신안군,301,0.6,34.86866702,126.1444371,34.8735197,126.1416084,0.002828724,-0.004852677,300.2387781
46910-2,전라남도(신안군),군도,전라남도 신안군,군도9호선,1.2,34.98766027,126.1453311,34.97801326,126.1470705,-0.001739322,0.009647006,100.2204308
28720-12,인천광역시(옹진군),군도,인천광역시 옹진군,군도51호선,0.4,37.22653379,126.1463831,37.22762811,126.1500311,-0.003648062,-0.001094321,196.6978378
46910-25,전라남도(신안군),농어촌도로,전라남도 신안군,농어촌도로102호선,1.7,34.79185758,126.149423,34.80622036,126.1507888,-0.00136581,-0.01436278,264.567867
46910-27,전라남도(신안군),농어촌도로,전라남도 신안군,농어촌도로201호선,1.2,34.77828971,126.1501159,34.77352709,126.1585754,-0.008459495,0.00476262,150.6208816
28720-42,인천광역시(옹진군),군도,인천광역시 옹진군,군도51호선,1.1,37.22754092,126.1546352,37.22358993,126.1612003,-0.006565144,0.003950989,148.9599223
44825-2,충청남도(태안군),군도,충청남도 태안군,군도7호선,1.5,36.81659034,126.1602283,36.825443,126.1608796,-0.000651255,-0.008852657,265.7925559
46910-28,전라남도(신안군),농어촌도로,전라남도 신안군,농어촌도로201호선,0.4,34.76906931,126.1610059,34.76875497,126.1572311,0.003774838,0.000314338,4.760144138
28720-43,인천광역시(옹진군),군도,인천광역시 옹진군,군도51호선,0.5,37.2213004,126.1647096,37.22031761,126.1688594,-0.004149844,0.000982796,166.6762779
46910-22,전라남도(신안군),군도,전라남도 신안군,군도10호선,0.8,34.79379453,126.1713511,34.7915239,126.1634643,0.00788682,0.002270633,16.06122758
46000-44,전라남도(도로관리사업소),지방도,전라남도 신안군,지방도805호선,1.8,35.050786,126.202706,35.037219,126.193312,0.009394,0.013567,55.30067418
28720-23,인천광역시(옹진군),군도,인천광역시 옹진군,군도61호선,1,37.17712611,126.2538864,37.17211141,126.2591706,-0.00528423,0.005014708,136.4990828
60400-3,국토관리청(익산청),일반국도,전라남도 신안군,2호선,1,34.856778,126.259367,34.859764,126.26912,-0.009753,-0.002986,197.0226083
44000-1,충청남도(본청),위임국도,충청남도 태안군,77호선,1,36.695872,126.287223,36.687155,126.289665,-0.002442,0.008717,105.649804
60300-58,국토관리청(대전청),위임국도,충청남도 태안군,77,1,36.695872,126.287223,36.687155,126.289665,,,
28720-21,인천광역시(옹진군),군도,인천광역시 옹진군,군도61호선,1.5,37.25767922,126.2943483,37.26683918,126.2860997,0.008248606,-0.009159951,312.0032795
28720-22,인천광역시(옹진군),군도,인천광역시 옹진군,군도61호선,0.7,37.25341189,126.3044635,37.26168503,126.3064574,-0.001993894,-0.008273141,256.4496668
28720-19,인천광역시(옹진군),군도,인천광역시 옹진군,군도61호선,0.3,37.25246051,126.3071599,37.25017964,126.3101904,-0.00303056,0.002280868,143.034048
44825-4,충청남도(태안군),농어촌도로,충청남도 태안군,농어촌도로 201호,0.5,36.7310822,126.307419,36.7294754,126.310808,-0.003389,0.0016068,154.6333333
46900-1,전라남도(진도군),군도,전라남도 진도군,군도15호선,1.6,34.464682,126.311853,34.462931,126.326227,-0.014374,0.001751,173.0546106
28720-18,인천광역시(옹진군),군도,인천광역시 옹진군,군도61호선,0.5,37.24891272,126.3163572,37.2473308,126.3166088,-0.000251626,0.001581918,99.03798633
44000-1,충청남도(본청),위임국도,충청남도 태안군,77호선,1,36.606382,126.318597,36.598761,126.324063,-0.005466,0.007621,125.6491771
60300-57,국토관리청(대전청),위임국도,충청남도 태안군,77,1,36.606382,126.318597,36.598761,126.324063,,,
28720-20,인천광역시(옹진군),군도,인천광역시 옹진군,군도61호선,0.3,37.25206631,126.3252812,37.25535333,126.3278953,-0.002614155,-0.003287025,231.5049461
46900-2,전라남도(진도군),군도,전라남도 진도군,군도15호선,0.9,34.462931,126.326227,34.46347,126.331933,-0.005706,-0.000539,185.3962598
44210-8,충청남도(서산시),농어촌도로,충청남도 서산시,농어촌도로,2,36.82813549,126.3281717,36.84466198,126.3349538,-0.006782103,-0.016526489,247.6878468
28720-38,인천광역시(옹진군),농어촌도로,인천광역시 옹진군,면도114호선,1,37.54812931,126.3290648,37.54955179,126.3283498,0.000715061,-0.001422474,296.68814
44825-3,충청남도(태안군),군도,충청남도 태안군,군도 11호선,0.3,36.5166332,126.3309579,36.51331239,126.3334802,-0.002522303,0.003320812,127.2182726
44825-5,충청남도(태안군),군도,충청남도 태안군,군도11호선,0.36,36.54373387,126.331042,36.5438322,126.330608,0.000433972,-9.83269E-05,347.2337916
46900-3,전라남도(진도군),농어촌도로,전라남도 진도군,농어촌도로 의신102호선,1.1,34.410266,126.333755,34.402696,126.328866,0.004889,0.00757,57.14405551
60400-52,국토관리청(익산청),일반국도,전라남도 무안군,77,1,34.920115,126.33808,34.911224,126.336259,,,
28720-37,인천광역시(옹진군),군도,인천광역시 옹진군,군도11호선,0.8,37.53151192,126.3501325,37.5317953,126.3463017,0.00383078,-0.000283375,355.7693561
44825-1,충청남도(태안군),군도,충청남도 태안군,군도4호선,0.6,36.59465809,126.3538237,36.59661885,126.3606077,-0.006783999,-0.00196076,196.1207307
28720-36,인천광역시(옹진군),군도,인천광역시 옹진군,군도11호선,1.8,37.53237002,126.3596431,37.53142657,126.3500471,0.009596011,0.000943452,5.615110163
44210-3,충청남도(서산시),시도,충청남도 서산시,시도11호선,2,36.84240645,126.3734929,36.85200141,126.3908732,-0.017380267,-0.009594953,208.90134
44210-7,충청남도(서산시),농어촌도로,충청남도 서산시,농어촌도로,2.9,36.69447194,126.3925316,36.68532319,126.4052991,-0.0127675,0.00914875,144.3759225
44210-6,충청남도(서산시),농어촌도로,충청남도 서산시,농어촌도로,1.5,36.77904019,126.3965549,36.78795593,126.4089624,-0.0124075,-0.00891574,215.7001425
44210-13,충청남도(서산시),시도,충청남도 서산시,시도10호선,2,36.87181087,126.4077251,36.87397537,126.3794724,0.028252716,-0.0021645,355.619007
28720-35,인천광역시(옹진군),군도,인천광역시 옹진군,군도11호선,0.4,37.53668223,126.4196038,37.53598611,126.414145,0.005458838,0.00069612,7.26723095
44210-14,충청남도(서산시),농어촌도로,충청남도 서산시,농어촌도로,2,36.78879816,126.4238557,36.78795593,126.4089624,0.014893271,0.000842231,3.236691701
28720-34,인천광역시(옹진군),군도,인천광역시 옹진군,군도11호선,0.5,37.53316507,126.4278867,37.52853003,126.436916,-0.009029273,0.004635049,152.8269459
28720-33,인천광역시(옹진군),군도,인천광역시 옹진군,군도11호선,1,37.53318195,126.4279087,37.53664179,126.4197234,0.008185329,-0.003459833,337.08685
44210-4,충청남도(서산시),시도,충청남도 서산시,시도13호선,2,36.86883362,126.4281821,36.88404919,126.413845,0.014337072,-0.015215571,313.2972955
60400-2,국토관리청(익산청),일반국도,전라남도 무안군,1호선,3,34.888687,126.429864,34.864382,126.42563,0.004234,0.024305,80.11807725
44210-16,충청남도(서산시),도시계획도로,충청남도 서산시,도시계획도로,0.3,36.786746,126.432789,36.787197,126.433544,-0.000755,-0.000451,210.8520254
28720-29,인천광역시(옹진군),군도,인천광역시 옹진군,군도12호선,1.5,37.51990307,126.4344388,37.52859158,126.436439,-0.002000207,-0.008688509,257.0356502
44210-12,충청남도(서산시),도시계획도로,충청남도 서산시,도시계획도로,2,36.77309999,126.4411629,36.78877177,126.43411,0.007052858,-0.015671784,294.2294341
44210-11,충청남도(서산시),도시계획도로,충청남도 서산시,도시계획도로,2.95,36.787743,126.445937,36.786385,126.442976,0.002961,0.001358,24.63755529
28720-32,인천광역시(옹진군),군도,인천광역시 옹진군,군도11호선,1.39,37.53270729,126.447955,37.52867376,126.4368905,0.011064416,0.004033534,20.02933309
44210-1,충청남도(서산시),도시계획도로,충청남도 서산시,서산제일감리교회-훼미리아파트,1.3,36.78572477,126.4512887,36.78639349,126.455055,-0.003766344,-0.000668727,190.0681331
46860-2,전라남도(함평군),군도,전라남도 함평군,죽장길,0.6,35.12845299,126.4513918,35.13515486,126.4550169,-0.003625025,-0.006701866,241.591138
44210-15,충청남도(서산시),도시계획도로,충청남도 서산시,도시계획도로,0.8,36.78614086,126.451893,36.78869687,126.456065,-0.004172033,-0.002556015,211.4939044
44210-5,충청남도(서산시),농어촌도로,충청남도 서산시,농어촌도로,2,36.9159721,126.4527645,36.9226323,126.4707616,-0.017997079,-0.006660198,200.3080546
28720-27,인천광역시(옹진군),군도,인천광역시 옹진군,군도73호선,0.3,37.27641289,126.4537162,37.28101301,126.4621127,-0.008396481,-0.00460012,208.7166987
50000-13,제주특별자치도(본청),지방도,제주특별자치도 서귀포시,1100도로(지방도1139호),0.15,33.308055,126.455266,33.30764634,126.455829,-0.00056298,0.000408662,144.0244885
44210-1,충청남도(서산시),도시계획도로,충청남도 서산시,KB국민은행-기산아파트,0.6,36.78361625,126.4560703,36.78551873,126.4570507,-0.000980403,-0.001902477,242.7366145
28720-31,인천광역시(옹진군),군도,인천광역시 옹진군,군도11호선,0.91,37.53337646,126.4572805,37.53272932,126.449584,0.007696477,0.000647145,4.806312162
44210-1,충청남도(서산시),도시계획도로,충청남도 서산시,서산신협- 새마을금고,0.5,36.77756427,126.461174,36.78091631,126.4607404,0.000433613,-0.003352037,277.370733
28720-30,인천광역시(옹진군),군도,인천광역시 옹진군,군도13호선,0.3,37.5280012,126.4614843,37.52724442,126.4655065,-0.004022206,0.000756785,169.344273
28720-26,인천광역시(옹진군),군도,인천광역시 옹진군,군도73호선,0.5,37.2810914,126.4619676,37.28070656,126.4661628,-0.004195173,0.000384845,174.7586282
50000-12,제주특별자치도(본청),지방도,제주특별자치도 서귀포시,1100도로(지방도1139호),0.6,33.324895,126.463592,33.321622,126.463162,0.00043,0.003273,82.51546349
28710-1,인천광역시(강화군),군도,인천광역시 강화군,군도1호선,0.3,37.663202,126.465041,37.659933,126.460237,0.004804,0.003269,34.23429269
60400-4,국토관리청(익산청),일반국도,전라남도 무안군,2호선,10,34.843808,126.466153,34.773941,126.523746,-0.057593,0.069867,129.4995555
50000-11,제주특별자치도(본청),지방도,제주특별자치도 제주시,1100도로(지방도1139호),0.3,33.379099,126.469502,33.376331,126.468978,0.000524,0.002768,79.2803958
50000-9,제주특별자치도(본청),지방도,제주특별자치도 제주시,1100도로(지방도1139호),0.5,33.397165,126.475577,33.395078,126.477576,-0.001999,0.002087,133.7662141
70100-108,한국도로공사(한국도로공사),고속국도,전라남도 함평군,12호선,1,35.02785272,126.4790949,35.03032502,126.4896234,-0.010528462,-0.002472302,193.2148214
50000-10,제주특별자치도(본청),지방도,제주특별자치도 제주시,1100도로(지방도1139호),0.3,33.386075,126.48147,33.385064,126.480342,0.001128,0.001011,41.86912921
28720-28,인천광역시(옹진군),군도,인천광역시 옹진군,군도74호선,0.7,37.25555577,126.4832844,37.25515003,126.4797027,0.003581764,0.000405737,6.462832447
50000-8,제주특별자치도(본청),지방도,제주특별자치도 제주시,1100도로(지방도1139호),1,33.435266,126.489633,33.426807,126.490407,-0.000774,0.008459,95.22801627
44210-1,충청남도(서산시),시도,충청남도 서산시,시도7호선,1,36.76398264,126.4942719,36.76219628,126.5067005,-0.0124286,0.00178636,171.8209049
70208-2,민자고속도로(인천대교(주)),고속국도,인천광역시 중구,110호선,1.83,37.482161,126.494289,37.472295,126.510683,-0.016394,0.009866,148.9602381
28720-24,인천광역시(옹진군),군도,인천광역시 옹진군,군도71호선,1.3,37.2555463,126.4982811,37.25362386,126.5136284,-0.015347271,0.001922433,172.8601906
44000-1,충청남도(본청),일반국도,충청남도 홍성군,40호선,1,36.59771,126.504787,36.592357,126.51245,-0.007663,0.005353,145.0637184
60300-59,국토관리청(대전청),위임국도,충청남도 홍성군,40,1,36.59771,126.504787,36.592357,126.51245,,,
46840-1,전라남도(무안군),군도,전라남도 무안군,군도34호선,1.6,34.9103765,126.506376,34.9028963,126.5044826,0.001893439,0.007480202,75.79527303
46840-2,전라남도(무안군),군도,전라남도 무안군,군도34호선,0.6,34.9588205,126.5099006,34.95445646,126.5069664,0.002934256,0.004364035,56.08420846
46860-1,전라남도(함평군),군도,전라남도 함평군,남일길,0.6,35.06817005,126.5119795,35.07116481,126.50617,0.005809522,-0.002994762,332.7292602
60400-8,국토관리청(익산청),일반국도,전라남도 영광군,22호선,2,35.247809,126.51739,35.236333,126.533606,-0.016216,0.011476,144.7131061
60400-23,국토관리청(익산청),일반국도,전북특별자치도 부안군,30호선,2,35.583395,126.521755,35.594683,126.528376,-0.006621,-0.011288,239.6061563
44270-1,충청남도(당진시),시도,충청남도 당진시,왜목터널,0.7,37.03902789,126.5306347,37.03818387,126.5365061,-0.005871411,0.00084402,171.819727
45790-1,전라북도(고창군),농어촌도로,전북특별자치도 고창군,면102호,1.7,35.43865089,126.5350542,35.44514648,126.5171798,0.017874415,-0.006495588,340.0287813
28720-25,인천광역시(옹진군),군도,인천광역시 옹진군,군도71호선,0.7,37.23304551,126.5372907,37.23300562,126.543063,-0.005772307,3.98953E-05,179.6040062
44210-9,충청남도(서산시),농어촌도로,충청남도 서산시,농어촌도로,1,36.7196308,126.5401605,36.72730744,126.5378819,0.0022786,-0.00767664,286.532077
41570-4,경기도(김포시),시도,경기도 김포시,김포대학로,1.6,37.726606,126.543399,37.725609,126.557725,-0.014326,0.000997,176.0189909
41570-1,경기도(김포시),시도,경기도 김포시,김포대학로,1.6,37.72660347,126.5434031,37.72563957,126.557717,-0.014313863,0.000963899,176.1475041
44210-10,충청남도(서산시),농어촌도로,충청남도 서산시,농어촌도로,1,36.65066353,126.5455379,36.64866735,126.5534932,-0.00795529,0.001996174,165.9139342
44210-2,충청남도(서산시),시도,충청남도 서산시,시도8호선,2.9,36.80375502,126.5515909,36.81154925,126.5797155,-0.0281246,-0.00779423,195.4897617
44270-1,충청남도(당진시),시도,충청남도 당진시,사성리고개,0.1,36.89341385,126.5541412,36.89641221,126.5522821,0.001859092,-0.002998352,301.8004793
70201-1,민자고속도로(신공항하이웨이(주)),고속국도,인천광역시 중구,130호선,4.4,37.53094284,126.5543986,37.55186822,126.60419,-0.049791386,-0.020925382,202.7951206
41570-5,경기도(김포시),시도,경기도 김포시,대곶로,1,37.697226,126.554418,37.686175,126.554363,5.5E-05,0.011051,89.71484555
41570-1,경기도(김포시),시도,경기도 김포시,대곶로,1.8,37.69740668,126.5548887,37.68630618,126.5544404,0.000448221,0.011100498,87.68773982
46820-1,전라남도(해남군),군도,전라남도 해남군,14호선,2,34.59442908,126.5590742,34.61076949,126.5732964,-0.014222232,-0.016340408,228.9646048
44270-11,충청남도(당진시),도시계획도로,충청남도 당진시,산단7로,3.6,37.00849793,126.5624535,37.00107843,126.5906378,-0.028184263,0.007419502,165.2515126
70100-96,한국도로공사(한국도로공사),고속국도,충청남도 보령시,15호선,1,36.34131878,126.5653947,36.34964485,126.5613814,0.004013322,-0.008326073,295.7349312
44270-1,충청남도(당진시),시도,충청남도 당진시,시도4호,0.6,36.95661948,126.566222,36.96041025,126.5572504,0.008971597,-0.00379077,337.0944761
44180-1,충청남도(보령시),시도,충청남도 보령시,시도2호선,7.7,36.40272908,126.5701528,36.39728514,126.6239415,-0.053788694,0.005443944,174.220784
41570-2,경기도(김포시),시도,경기도 김포시,대곶서로,1.1,37.63137,126.570647,37.637454,126.579964,-0.009317,-0.006084,213.1445323
41570-1,경기도(김포시),지방도,경기도 김포시,대곶서로,1.1,37.63140823,126.5707569,37.63751332,126.5799675,-0.009210528,-0.006105084,213.5379114
44210-20,충청남도(서산시),구도,충청남도 서산시,소중1리-가좌1리 마을안길,0.38,36.79031476,126.5713756,36.79071394,126.5688273,0.002548239,-0.000399176,351.0970889
41570-6,경기도(김포시),국지도,경기도 김포시,애기봉로,1.5,37.728244,126.571659,37.734036,126.581365,-0.009706,-0.005792,210.8263985
41570-1,경기도(김포시),지방도,경기도 김포시,애기봉로,1.2,37.72829441,126.571821,37.73417791,126.5818072,-0.009986144,-0.0058835,210.5051603
44270-1,충청남도(당진시),지방도,충청남도 당진시,지방도 647호,0.7,36.86089977,126.5769323,36.8583439,126.578003,-0.001070774,0.002555874,112.7310718
41570-1,경기도(김포시),시도,경기도 김포시,수남로,1.5,37.63751332,126.5799675,37.6286362,126.5914427,-0.011475291,0.00887712,142.2749805
44270-1,충청남도(당진시),시도,충청남도 당진시,시도2호,0.3,36.88797558,126.5826048,36.88884021,126.5784908,0.004113988,-0.000864635,348.1309195
60300-33,국토관리청(대전청),일반국도,충청남도 당진시,32호선,5,36.843293,126.583966,36.885601,126.59967,-0.015704,-0.042308,249.6359425
45790-4,전라북도(고창군),일반국도,전북특별자치도 고창군,일반국도22,3.4,35.53792142,126.5900896,35.50129443,126.6170949,-0.027005266,0.036626992,126.4015386
44810-11,충청남도(예산군),군도,충청남도 예산군,12호,2,36.66589269,126.5913179,36.66959975,126.6065608,-0.015242938,-0.003707061,193.6688903
50000-1,제주특별자치도(본청),지방도,제주특별자치도 제주시,516도로(지방도1131호),0.5,33.429693,126.597109,33.427716,126.600834,-0.003725,0.001977,152.0433976
45790-3,전라북도(고창군),일반국도,전북특별자치도 고창군,일반국도22,1.4,35.4241952,126.600776,35.49882482,126.6126334,-0.011857401,-0.074629613,260.9721176
44810-12,충청남도(예산군),군도,충청남도 예산군,13호,2,36.67087847,126.6077327,36.65542875,126.6062857,0.001447004,0.015449717,84.6493466
44800-1,충청남도(홍성군),군도,충청남도 홍성군,군도23호선,0.2,36.501252,126.608144,36.502656,126.608692,-0.000548,-0.001404,248.6786326
60300-39,국토관리청(대전청),일반국도,충청남도 예산군,45호선,4,36.67367,126.609342,36.674677,126.579352,0.02999,-0.001007,358.0768529
50000-7,제주특별자치도(본청),지방도,제주특별자치도 서귀포시,516도로(지방도1131호),1,33.337134,126.610414,33.329473,126.607048,0.003366,0.007661,66.28083917
50000-6,제주특별자치도(본청),지방도,제주특별자치도 서귀포시,516도로(지방도1131호),0.4,33.348871,126.614928,33.345213,126.61432,0.000608,0.003658,80.56307936
50000-3,제주특별자치도(본청),지방도,제주특별자치도 제주시,516도로(지방도1131호),0.2,33.394254,126.615588,33.391988,126.616699,-0.001111,0.002266,116.1183095
45790-9,전라북도(고창군),지방도,전북특별자치도 고창군,지734호,1,35.49282356,126.6180991,35.4965698,126.6127121,0.005386985,-0.003746237,325.1843383
70100-72,한국도로공사(한국도로공사),고속국도,충청남도 당진시,30호선,1,36.85091501,126.6184162,36.84325629,126.6242252,-0.005809074,0.007658722,127.1800007
50000-2,제주특별자치도(본청),지방도,제주특별자치도 제주시,516도로(지방도1131호),0.15,33.407379,126.620089,33.405911,126.61995,0.000139,0.001468,84.59098116
28260-24,인천광역시(서구),광역시도,인천광역시 서구,거첨로(청운교),1,37.56320029,126.6218688,37.56686158,126.6159589,0.005909965,-0.003661288,328.2213304
28140-1,인천광역시(동구),시도,인천광역시 동구,중2-6호선,0.2,37.48189671,126.6222223,37.48018046,126.6201486,0.00207377,0.001716258,39.6112464
44270-1,충청남도(당진시),위임국도,충청남도 당진시,국도32호,0.7,36.89594086,126.6229139,36.89127246,126.6151833,0.007730609,0.004668398,31.12714639
50000-4,제주특별자치도(본청),지방도,제주특별자치도 서귀포시,516도로(지방도1131호),0.5,33.378931,126.623397,33.376543,126.625756,-0.002359,0.002388,134.6499775
50000-5,제주특별자치도(본청),지방도,제주특별자치도 서귀포시,516도로(지방도1131호),1,33.3662,126.62523,33.359314,126.622702,0.002528,0.006886,69.84071842
44770-4,충청남도(서천군),군도,충청남도 서천군,군도1호,1.3,36.1443307,126.6273395,36.15268535,126.6221026,0.005236874,-0.008354651,302.0803661
45790-10,전라북도(고창군),지방도,전북특별자치도 고창군,지734호,1,35.4614713,126.6280312,35.50447886,126.6464764,-0.018445164,-0.043007564,246.786385
60300-35,국토관리청(대전청),일반국도,충청남도 보령시,36호선,2,36.375149,126.628687,36.38189,126.646294,-0.017607,-0.006741,200.9497988
41570-1,경기도(김포시),지방도,경기도 김포시,봉수대로,0.5,37.63264065,126.6287318,37.62147914,126.6322145,-0.003482682,0.011161509,107.3292858
41570-1,경기도(김포시),지방도,경기도 김포시,봉수대로,0.5,37.632724,126.6288,37.623368,126.632951,-0.004151,0.009356,113.9255452
28260-12,인천광역시(서구),구도,인천광역시 서구,원당대로,0.24,37.59449534,126.62887,37.59374846,126.6291368,-0.000266776,0.000746878,109.6561331
60400-5,국토관리청(익산청),일반국도,전라남도 영암군,2호선,7,34.700617,126.6292,34.69914,126.703022,-0.073822,0.001477,178.8538027
60300-51,국토관리청(대전청),위임국도,충청남도 보령시,40,3,36.338576,126.629201,36.328922,126.65148,,,
44180-1,충청남도(보령시),시도,충청남도 보령시,시도21호선,10.4,36.19678323,126.6307028,36.23830066,126.691803,-0.061100184,-0.041517433,214.1960164
60300-32,국토관리청(대전청),일반국도,충청남도 홍성군,29호선,8.63,36.585246,126.630857,36.554318,126.730454,-0.099597,0.030928,162.7487883
28177-3,인천광역시(미추홀구),시도,인천광역시 미추홀구,아암대로,0.5,37.45050393,126.6310673,37.44155654,126.6329716,-0.001904221,0.008947382,102.0146797
46820-1,전라남도(해남군),지방도,전라남도 해남군,지방도827호,5,34.50094507,126.6313221,34.50168811,126.6288441,0.002477975,-0.000743047,343.3080889
28177-1,인천광역시(미추홀구),시도,인천광역시 미추홀구,아암대로,0.5,37.44863949,126.6313675,37.44431059,126.6322807,-0.000913185,0.004328902,101.9119468
44180-1,충청남도(보령시),시도,충청남도 보령시,시도5호선,16.5,36.2000486,126.6336816,36.23701264,126.7240348,-0.090353189,-0.036964038,202.2497679
44270-1,충청남도(당진시),지방도,충청남도 당진시,국도32호,0.5,36.90131558,126.634571,36.89837228,126.6281418,0.006429253,0.002943298,24.59820157
41570-14,경기도(김포시),일반국도,경기도 김포시,하성로,0.7,37.7554,126.6349,37.7603,126.6371,-0.0022,-0.0049,245.8208929
44000-1,충청남도(본청),위임국도,충청남도 보령시,40호선,2.4,36.34035774,126.6353384,36.328922,126.65148,-0.016141569,0.011435742,144.6837513
28260-34,인천광역시(서구),구도,인천광역시 서구,봉화로223번길,0.5,37.61315682,126.6374743,37.61457677,126.6318772,0.005597098,-0.001419952,345.7647125
70100-95,한국도로공사(한국도로공사),고속국도,충청남도 서천군,15호선,2,36.11683059,126.6392255,36.13147423,126.6262641,0.012961468,-0.014643636,311.5128878
28140-2,인천광역시(동구),시도,인천광역시 동구,광3-2호선,0.35,37.48119225,126.6400281,37.4809653,126.6445187,-0.004490659,0.000226951,177.1068182
44000-1,충청남도(본청),위임국도,충청남도 예산군,40호선,1,36.671218,126.641479,36.664537,126.634447,0.007032,0.006681,43.5337688
60300-54,국토관리청(대전청),위임국도,충청남도 예산군,40,1,36.671218,126.641479,36.664537,126.634447,,,
46820-1,전라남도(해남군),구국도,전라남도 해남군,구국도 18호,3,34.56728893,126.641573,34.5705658,126.6159447,0.025628349,-0.003276864,352.713644
44270-1,충청남도(당진시),지방도,충청남도 당진시,지방도 609호,0.5,36.86802824,126.6462198,36.86134855,126.6500988,-0.003879002,0.006679689,120.1444229
28185-2,인천광역시(연수구),시도,인천광역시 연수구,비류대로,0.5,37.431016,126.646251,37.431338,126.641378,0.004873,-0.000322,356.219483
45790-8,전라북도(고창군),지방도,전북특별자치도 고창군,지893호,1.7,35.35070451,126.6465447,35.3385275,126.6549838,-0.008439095,0.012177007,124.723321
45130-8,전라북도(군산시),시도,전북특별자치도 군산시,옥구저수지로,2,35.92660394,126.6469697,35.94171271,126.6546456,-0.007675961,-0.015108776,243.0673125
70100-73,한국도로공사(한국도로공사),고속국도,충청남도 당진시,30호선,1,36.8237272,126.6472466,36.81626195,126.6534305,-0.006183845,0.00746525,129.6366751
28260-14,인천광역시(서구),광역시도,인천광역시 서구,중봉대로(신북항고가교),0.55,37.50124287,126.6482419,37.49692306,126.6480205,0.000221445,0.004319803,87.06542589
28260-11,인천광역시(서구),광역시도,인천광역시 서구,중봉대로,0.5,37.50118615,126.6482559,37.49693297,126.6480945,0.00016141,0.004253174,87.82664114
28185-1,인천광역시(연수구),구도,인천광역시 연수구,인권로,0.48,37.418036,126.650715,37.419376,126.653415,-0.0027,-0.00134,206.3950345
70208-1,민자고속도로(인천대교(주)),고속국도,인천광역시 미추홀구,110호선,0.47,37.437248,126.65169,37.435908,126.646801,0.004889,0.00134,15.3274831
46820-1,전라남도(해남군),국지도,전라남도 해남군,국지도55호,4,34.44185407,126.6519118,34.45983207,126.66831,-0.016398177,-0.017978003,227.6312912
28260-28,인천광역시(서구),구도,인천광역시 서구,도요지로,0.11,37.55869614,126.6562976,37.5584509,126.656894,-0.0005964,0.00024524,157.6474593
44270-1,충청남도(당진시),지방도,충청남도 당진시,지방도 609호,0.5,36.84419683,126.656411,36.83975388,126.6554932,0.00091783,0.00444295,78.32796168
28260-31,인천광역시(서구),구도,인천광역시 서구,검단로487번길,1,37.60692511,126.6607026,37.60256725,126.6584136,0.002288997,0.004357856,62.28895825
28260-29,인천광역시(서구),광역시도,인천광역시 서구,봉수대로(왕길고가교),1.8,37.5806537,126.6624563,37.58563412,126.6613099,0.001146447,-0.004980413,282.9631628
41570-11,경기도(김포시),시도,경기도 김포시,김포한강로,0.6,37.66748084,126.6629123,37.66722929,126.6611806,0.001731697,0.000251547,8.264987903
28185-5,인천광역시(연수구),시도,인천광역시 연수구,미추홀대로,0.5,37.412569,126.663125,37.404686,126.657829,0.005296,0.007883,56.10578962
28260-32,인천광역시(서구),구도,인천광역시 서구,가현로,0.54,37.60430722,126.6636372,37.61153248,126.6634867,0.000150522,-0.007225254,271.1934596
28260-22,인천광역시(서구),구도,인천광역시 서구,율도로,0.05,37.51026436,126.6636515,37.51366634,126.6638041,-0.000152579,-0.003401976,267.4320051
28260-20,인천광역시(서구),구도,인천광역시 서구,율도로,0.15,37.51389348,126.6638199,37.51435638,126.6638364,-1.64813E-05,-0.000462899,267.9608702
28260-33,인천광역시(서구),구도,인천광역시 서구,검단로540번길,0.15,37.59975451,126.6654279,37.60056333,126.6667485,-0.001320612,-0.000808825,211.4858951
28177-1,인천광역시(미추홀구),시도,인천광역시 미추홀구,숙골로,0.4,37.46771079,126.6656206,37.46525883,126.6680222,-0.00240154,0.002451953,134.4048882
28177-2,인천광역시(미추홀구),시도,인천광역시 미추홀구,숙골로,0.5,37.46787597,126.6656671,37.46495738,126.6683351,-0.002667966,0.002918591,132.4313135
60300-31,국토관리청(대전청),일반국도,충청남도 홍성군,21호선,1,36.574192,126.667581,36.572973,126.65664,0.010941,0.001219,6.357434276
28260-21,인천광역시(서구),구도,인천광역시 서구,염곡로,0.1,37.50774603,126.6683811,37.50766461,126.6703569,-0.001975781,8.14253E-05,177.6400782
41570-25,경기도(김포시),시도,경기도 김포시,시도,0.6,37.66624783,126.6699356,37.66539276,126.6668509,0.003084724,0.000855062,15.49297269
28260-13,인천광역시(서구),구도,인천광역시 서구,완정로,0.16,37.59621219,126.670794,37.59745053,126.6741029,-0.003308963,-0.001238348,200.5178891
28260-3,인천광역시(서구),광역시도,인천광역시 서구,석남제2고가차도,0.42,37.49914043,126.6725583,37.49840759,126.678035,-0.005476706,0.000732833,172.37858
28185-6,인천광역시(연수구),구도,인천광역시 연수구,먼우금로,0.5,37.402799,126.673235,37.403103,126.667329,0.005906,-0.000304,357.0534103
28260-2,인천광역시(서구),광역시도,인천광역시 서구,석남제1고가도로,0.43,37.50633002,126.673671,37.50618696,126.6780672,-0.004396243,0.000143053,178.1362618
28260-1,인천광역시(서구),광역시도,인천광역시 서구,백석대교,0.83,37.50628206,126.6737349,37.50612048,126.678249,-0.004514072,0.000161576,177.9500332
28260-19,인천광역시(서구),구도,인천광역시 서구,서달로,0.05,37.50070828,126.6761724,37.50063914,126.6780247,-0.001852299,6.9142E-05,177.8622758
28260-10,인천광역시(서구),구도,인천광역시 서구,천마로,0.18,37.5292302,126.6763446,37.52932323,126.6776813,-0.001336626,-9.30244E-05,183.9811642
28260-23,인천광역시(서구),광역시도,인천광역시 서구,서곶로(시천교),0.89,37.56747864,126.6765298,37.57276916,126.6764991,3.07137E-05,-0.005290518,270.3326222
28260-17,인천광역시(서구),구도,인천광역시 서구,서달로,0.1,37.50970425,126.6767323,37.5096332,126.6785151,-0.001782775,7.1046E-05,177.7178921
28260-16,인천광역시(서구),구도,인천광역시 서구,서달로,0.05,37.51091696,126.6767953,37.51083573,126.6785991,-0.001803732,8.12311E-05,177.4214253
28260-15,인천광역시(서구),구도,인천광역시 서구,서달로,0.05,37.51206678,126.6768629,37.51199059,126.6786873,-0.001824423,7.61861E-05,177.6087736
28260-9,인천광역시(서구),구도,인천광역시 서구,서달로,0.1,37.51466114,126.6770219,37.51463271,126.6781713,-0.001149488,2.84377E-05,178.5828253
70100-109,한국도로공사(한국도로공사),고속국도,전라남도 나주시,12호선,1,35.09472498,126.67751,35.0984857,126.6874541,-0.009944119,-0.003760726,200.7159133
28260-8,인천광역시(서구),구도,인천광역시 서구,서달로,0.05,37.51608395,126.6777022,37.51749713,126.6783702,-0.000668037,-0.001413179,244.6989893
28260-6,인천광역시(서구),구도,인천광역시 서구,서달로,0.07,37.51777007,126.6778572,37.51786371,126.6808103,-0.002953071,-9.36403E-05,181.8162095
28260-7,인천광역시(서구),구도,인천광역시 서구,서달로,0.1,37.51775299,126.6778856,37.51708323,126.6794643,-0.001578711,0.000669755,157.0113125
28260-18,인천광역시(서구),구도,인천광역시 서구,서달로,0.06,37.50452462,126.6783963,37.50827724,126.6785984,-0.000202089,-0.003752628,266.9174423
60100-33,국토관리청(서울청),일반국도,경기도 파주시,77호선,3,37.791049,126.67977,37.765619,126.686124,-0.006354,0.02543,104.0288213
28260-26,인천광역시(서구),구도,인천광역시 서구,검암로,0.21,37.56585803,126.6805032,37.5643311,126.6807716,-0.000268414,0.001526932,99.96994682
28260-5,인천광역시(서구),광역시도,인천광역시 서구,서곶로,0.3,37.52035307,126.6809022,37.51916321,126.6822208,-0.001318612,0.001189858,137.9383003
28260-25,인천광역시(서구),구도,인천광역시 서구,승학로,0.31,37.56659128,126.6830157,37.56532702,126.6843116,-0.001295834,0.001264263,135.7065304
28260-27,인천광역시(서구),구도,인천광역시 서구,검암로,0.5,37.56907668,126.6837785,37.56375434,126.6837967,-1.82028E-05,0.005322339,90.19595483
44270-1,충청남도(당진시),지방도,충청남도 당진시,지방도 615호,1,36.85696436,126.686157,36.85610162,126.6944844,-0.008327414,0.000862742,174.0851078
45130-3,전라북도(군산시),일반국도,전북특별자치도 군산시,해망로,1.2,35.98364641,126.6866625,35.97833089,126.6700078,0.016654681,0.005315522,17.70104599
41570-24,경기도(김포시),시도,경기도 김포시,시도,0.8,37.6515664,126.6885025,37.64769245,126.7047599,-0.016257462,0.003873947,166.5970867
28185-3,인천광역시(연수구),구도,인천광역시 연수구,원인재로,0.37,37.417076,126.689234,37.422114,126.686215,0.003019,-0.005038,300.9319692
28185-4,인천광역시(연수구),시도,인천광역시 연수구,함박뫼로,0.24,37.420518,126.689305,37.422069,126.685226,0.004079,-0.001551,339.1811813
28177-1,인천광역시(미추홀구),시도,인천광역시 미추홀구,경원대로,0.3,37.46385517,126.6898108,37.46731708,126.6903563,-0.000545436,-0.003461906,261.0464469
28177-1,인천광역시(미추홀구),시도,인천광역시 미추홀구,경원대로,0.4,37.46428172,126.690067,37.46814965,126.6905925,-0.000525452,-0.003867929,262.2638213
28260-4,인천광역시(서구),광역시도,인천광역시 서구,검단로,0.3,37.61877438,126.6901679,37.61938282,126.6947773,-0.004609396,-0.000608438,187.5195472
29200-4,광주광역시(광산구),지방도,광주광역시 광산구,평림교,0.5,35.16764,126.690722,35.163351,126.689724,0.000998,0.004289,76.90103364
44770-2,충청남도(서천군),군도,충청남도 서천군,군도27,0.4,36.1254115,126.6947303,36.12793027,126.6956569,-0.000926629,-0.002518773,249.8019845
41570-10,경기도(김포시),시도,경기도 김포시,김포한강로,0.8,37.649157,126.697577,37.647472,126.704669,-0.007092,0.001685,166.6348107
41570-21,경기도(김포시),시도,경기도 김포시,시도,0.4,37.62236452,126.6976851,37.61944103,126.6956031,0.002081949,0.002923489,54.54361187
41570-7,경기도(김포시),시도,경기도 김포시,검단로,0.4,37.622308,126.697701,37.619425,126.695649,0.002052,0.002883,54.55831386
28260-30,인천광역시(서구),시도,인천광역시 서구,고산후로,0.2,37.59216497,126.699094,37.59002968,126.69804,0.001053972,0.002135289,63.72920197
70100-83,한국도로공사(한국도로공사),고속국도,전북특별자치도 부안군,15호선,2.67,35.62562706,126.6994944,35.64538151,126.7162124,-0.016718073,-0.019754446,229.7589558
46000-51,전라남도(도로관리사업소),국지도,전라남도 강진군,국지도55호선,0.3,34.492005,126.69954,34.489821,126.69806,0.00148,0.002184,55.87624688
70100-101,한국도로공사(한국도로공사),고속국도,전북특별자치도 고창군,253호선,1,35.38065826,126.7009709,35.37510643,126.7096413,-0.008670381,0.005551831,147.3676926
44770-3,충청남도(서천군),군도,충청남도 서천군,군도1호,0.1,36.16908167,126.7031595,36.16874789,126.7082743,-0.005114823,0.000333786,176.2662528
28200-7,인천광역시(남동구),위임국도,인천광역시 남동구,백범로,0.6,37.46758161,126.7047919,37.4660186,126.7102641,-0.005472253,0.001563014,164.0593196
45130-4,전라북도(군산시),시도,전북특별자치도 군산시,문화로,0.24,35.96976469,126.7057397,35.96979422,126.7106845,-0.004944834,-2.95347E-05,180.3422148
44770-1,충청남도(서천군),군도,충청남도 서천군,군도25호,0.8,36.05324961,126.7065379,36.04720131,126.7058196,0.000718353,0.006048298,83.22674195
45130-1,전라북도(군산시),시도,전북특별자치도 군산시,의료원로,0.4,35.95624882,126.7067971,35.95598231,126.7110415,-0.004244428,0.00026651,176.4070805
28200-8,인천광역시(남동구),광역시도,인천광역시 남동구,남동대로,1.6,37.43396778,126.7072523,37.43510071,126.7072699,-1.75698E-05,-0.001132929,269.1115104
41390-4,경기도(시흥시),시도,경기도 시흥시,국도77호선,0.8,37.350373,126.707923,37.334241,126.688682,0.019241,0.016132,39.97707284
41480-1,경기도(파주시),지방도,경기도 파주시,지방도358호선,0.2,37.70082377,126.7127955,37.69987144,126.7106421,0.002153322,0.000952338,23.85810241
28200-1,인천광역시(남동구),구도,인천광역시 남동구,함박뫼로,0.1,37.40867979,126.7128187,37.40843863,126.7138816,-0.001062861,0.000241162,167.2161056
28200-1,인천광역시(남동구),구도,인천광역시 남동구,용천로,2,37.46352009,126.7146525,37.44965929,126.714217,0.000435554,0.013860795,88.20016146
41390-2,경기도(시흥시),시도,경기도 시흥시,국도77호선,0.4,37.35509,126.715527,37.360488,126.721031,-0.005504,-0.005398,224.4429315
46000-50,전라남도(도로관리사업소),국지도,전라남도 강진군,국지도55호선,0.9,34.564456,126.716969,34.559112,126.724565,-0.007596,0.005344,144.8725338
41570-22,경기도(김포시),시도,경기도 김포시,시도,1,37.61611494,126.7170303,37.61335305,126.7237826,-0.006752312,0.002761897,157.753977
41570-8,경기도(김포시),시도,경기도 김포시,장릉로,1,37.616269,126.717195,37.613328,126.7237,-0.006505,0.002941,155.6716197
41000-1,경기도(본청),지방도,경기도 시흥시,지방도330호선,0.78,37.38168307,126.717506,37.38036294,126.7260576,-0.008551538,0.001320132,171.2243183
45210-64,전라북도(김제시),농어촌도로,전북특별자치도 김제시,비법정도로,0.4,35.85632678,126.7186141,35.85864913,126.7164847,0.002129369,-0.002322358,312.5176935
41280-14,경기도(고양시),지방도,경기도 고양시,법곳지하차도,0.8,37.66554234,126.7192127,37.66178494,126.7312078,-0.011995016,0.003757392,162.6070398
28200-14,인천광역시(남동구),광역시도,인천광역시 남동구,호구포로,0.5,37.46126835,126.7202258,37.46780434,126.7212831,-0.001057267,-0.006535989,260.8113774
28200-13,인천광역시(남동구),구도,인천광역시 남동구,구월남로,0.45,37.45209262,126.7206818,37.45185086,126.7258622,-0.005180411,0.000241765,177.327993
28200-12,인천광역시(남동구),구도,인천광역시 남동구,만월로,1.7,37.46546936,126.7209405,37.47629722,126.7130731,0.007867393,-0.010827866,306.0016891
28200-9,인천광역시(남동구),구도,인천광역시 남동구,아암대로,1.1,37.38268257,126.72095,37.38479841,126.6982012,0.022748866,-0.002115844,354.6862768
44000-34,충청남도(본청),지방도,충청남도 청양군,610,1.5,36.41515306,126.72183,36.41055051,126.7285871,-0.006757164,0.004602543,145.739837
41480-1,경기도(파주시),지방도,경기도 파주시,지방도357호선,0.24,37.75333011,126.7218422,37.75530686,126.7215831,0.000259059,-0.001976752,277.4662139
41000-1,경기도(본청),시도,경기도 김포시,일산대교,1.59,37.65751697,126.72188,37.6444404,126.7122886,0.009591408,0.01307657,53.74068243
41480-1,경기도(파주시),국지도,경기도 파주시,국지도56호선,0.2,37.72833546,126.7220201,37.72635502,126.7145058,0.007514291,0.001980439,14.76490864
41570-23,경기도(김포시),시도,경기도 김포시,시도,1.7,37.60658383,126.7223209,37.60874408,126.7076061,0.01471479,-0.002160252,351.6481699
41570-9,경기도(김포시),시도,경기도 김포시,승가로,1.7,37.60659,126.7224,37.609847,126.706246,0.016154,-0.003257,348.6007422
41570-12,경기도(김포시),시도,경기도 김포시,사우중로,0.4,37.625,126.7232,37.6301,126.7276,-0.0044,-0.0051,229.2141785
41570-26,경기도(김포시),시도,경기도 김포시,시도,0.4,37.62495792,126.7232312,37.62999501,126.7275798,-0.004348595,-0.005037093,229.195485
41270-28,경기도(안산시),시도,경기도 안산시,시화벤처로,0.5,37.31084713,126.7232716,37.31330302,126.7193689,0.003902655,-0.002455897,327.8182536
44000-39,충청남도(본청),지방도,충청남도 청양군,610,1.5,36.41337604,126.7237491,36.4096396,126.7305217,-0.006772552,0.003736442,151.1143129
41390-41,경기도(시흥시),시도,경기도 시흥시,배곧 신도시 지하차도,0.2,37.3779389,126.7240336,37.37249078,126.7193788,0.004654782,0.005448124,49.49000167
41480-1,경기도(파주시),지방도,경기도 파주시,지방도357호선,0.2,37.73453545,126.7262455,37.72865891,126.728749,-0.00250345,0.005876542,113.0743578
41480-1,경기도(파주시),지방도,경기도 파주시,지방도357호선,0.2,37.72783472,126.7292087,37.72279941,126.7319511,-0.002742426,0.005035312,118.5744237
28245-1,인천광역시(계양구),구도,인천광역시 계양구,다남교,0.5,37.57177424,126.7298323,37.57549257,126.7319558,-0.002123492,-0.003718334,240.2698772
29000-8,광주광역시(본청),광역시도,광주광역시 광산구,국지도49호선,180,35.15872135,126.7305978,35.15726221,126.7300016,0.000596213,0.00145914,67.77478375
28200-11,인천광역시(남동구),시도,인천광역시 남동구,매소홀로,0.8,37.43951567,126.731276,37.43937491,126.7229055,0.008370468,0.000140763,0.963429436
41480-1,경기도(파주시),지방도,경기도 파주시,지방도357호선,0.2,37.72039829,126.7319038,37.71381234,126.7315252,0.000378629,0.006585945,86.70966024
70100-75,한국도로공사(한국도로공사),고속국도,충청남도 예산군,30호선,1,36.72981008,126.7320626,36.72422693,126.7407551,-0.008692563,0.005583157,147.2877225
28200-1,인천광역시(남동구),구도,인천광역시 남동구,논고개로,2.1,37.42594317,126.7343429,37.40580231,126.723507,0.010835958,0.020140855,61.71935501
60400-50,국토관리청(익산청),위임국도,전라남도 완도군,77,1,34.331161,126.73472,34.334859,126.744174,,,
28200-6,인천광역시(남동구),광역시도,인천광역시 남동구,비류대로,1,37.42067775,126.7352999,37.41889678,126.7486481,-0.013348154,0.001780974,172.4002119
28200-10,인천광역시(남동구),구도,인천광역시 남동구,서창남로,0.76,37.43611493,126.7354081,37.4359492,126.7411102,-0.005702124,0.00016573,178.3351911
29000-7,광주광역시(본청),광역시도,광주광역시 광산구,어등대로,363,35.15372982,126.7361759,35.15470701,126.7404356,-0.004259653,-0.000977194,192.9204861
28200-2,인천광역시(남동구),구도,인천광역시 남동구,은봉로,2.6,37.41154063,126.7369654,37.40551809,126.7098524,0.027112948,0.006022537,12.5236473
29200-3,광주광역시(광산구),지방도,광주광역시 광산구,송산대교,0.3,35.153002,126.736984,35.154215,126.739944,-0.00296,-0.001213,202.2836858
41000-1,경기도(본청),지방도,경기도 시흥시,지방도330호선,0.45,37.38122201,126.7371308,37.38586706,126.7478215,-0.010690693,-0.004645042,203.4846555
41480-1,경기도(파주시),지방도,경기도 파주시,지방도363호선,1.4,37.82665642,126.7381207,37.83853449,126.7339636,0.004157037,-0.011878071,289.2888072
60100-41,국토관리청(서울청),일반국도,경기도 파주시,1,1,37.908208,126.738198,37.901045,126.745102,,,
41390-3,경기도(시흥시),시도,경기도 시흥시,국도77호선,0.8,37.373979,126.739252,37.380663,126.741033,-0.001781,-0.006684,255.0797876
60400-6,국토관리청(익산청),일반국도,전라남도 영암군,13호선,1,34.761612,126.739396,34.75313,126.735956,0.00344,0.008482,67.92426102
28245-1,인천광역시(계양구),구도,인천광역시 계양구,계양대교,1,37.57094703,126.7394303,37.57759371,126.7329326,0.006497721,-0.00664668,314.3507233
28200-3,인천광역시(남동구),구도,인천광역시 남동구,수현로,1,37.46286005,126.7395402,37.46382164,126.7506135,-0.011073293,-0.000961592,184.9630503
41390-26,경기도(시흥시),시도,경기도 시흥시,시도8호선,0.15,37.366217,126.739576,37.365266,126.742387,-0.002811,0.000951,161.308614
46830-1,전라남도(영암군),지방도,전라남도 영암군,819호선,1.4,34.81510706,126.7399397,34.82681706,126.7415742,-0.001634512,-0.011710005,262.0538518
45790-7,전라북도(고창군),지방도,전북특별자치도 고창군,지898호,1.8,35.42074993,126.7407774,35.41439736,126.7471614,-0.006384051,0.006352562,135.1416512
29200-6,광주광역시(광산구),지방도,광주광역시 광산구,원임곡고가,0.45,35.220629,126.740958,35.222557,126.73696,0.003998,-0.001928,334.2547237
45000-36,전라북도(도로관리사업소),지방도,전북특별자치도 고창군,국지15호,2.3,35.42275444,126.7411748,35.43563446,126.7514406,-0.010265887,-0.012880024,231.4437736
41390-23,경기도(시흥시),시도,경기도 시흥시,시도9호선,0.1,37.380857,126.741236,37.373668,126.739228,0.002008,0.007189,74.3941213
41480-1,경기도(파주시),지방도,경기도 파주시,지방도358호선,0.2,37.70703674,126.7416092,37.70695735,126.7522095,-0.010600318,7.93867E-05,179.5709148
28200-1,인천광역시(남동구),시도,인천광역시 남동구,소래로,0.26,37.39655346,126.7422814,37.40143466,126.7402844,0.001997033,-0.004881197,292.2508306
41390-29,경기도(시흥시),시도,경기도 시흥시,소래대교,0.5,37.3961621,126.7423996,37.40119511,126.7403226,0.00207701,-0.005033005,292.4248567
46890-1,전라남도(완도군),일반국도,전라남도 완도군,신지대교,0.86,34.3348241,126.7431592,34.33514846,126.7525373,-0.00937803,-0.000324362,181.9809253
46000-39,전라남도(도로관리사업소),지방도,전라남도 강진군,지방도 827,2,34.739372,126.743288,34.75602,126.739127,0.004161,-0.016648,284.0330043
41480-1,경기도(파주시),도시계획도로,경기도 파주시,가온지하차도,0.4,37.71269174,126.7435395,37.71560194,126.7386496,0.004889919,-0.002910197,329.2413388
44760-1,충청남도(부여군),농어촌도로,충청남도 부여군,면도101호선,1.5,36.2280323,126.7439556,36.22951321,126.7267627,0.01719291,-0.001480903,355.077007
60100-15,국토관리청(서울청),일반국도,경기도 김포시,48호선,1,37.607372,126.745204,37.604967,126.756022,-0.010818,0.002405,167.4661453
70209-2,민자고속도로(제이서해안고속도로(주)),고속국도,경기도 화성시,153호선,2.77,37.269949,126.745912,37.3123488,126.7513857,-0.005473727,-0.042399799,262.6439185
29200-7,광주광역시(광산구),지방도,광주광역시 광산구,성내고가,0.45,35.21863441,126.7461447,35.21509693,126.7467036,-0.000558962,0.003537482,98.97913766
41280-9,경기도(고양시),지방도,경기도 고양시,한류월드ic 지하차도,0.4,37.6463338,126.7464685,37.64321182,126.7533511,-0.006882595,0.003121974,155.6007558
44000-38,충청남도(본청),지방도,충청남도 청양군,606,1,36.37200985,126.7465851,36.3651936,126.7398099,0.006775229,0.00681625,45.17292524
28200-1,인천광역시(남동구),위임국도,인천광역시 남동구,수인로,2.1,37.44970177,126.7467438,37.4430004,126.7682814,-0.021537534,0.00670137,162.7165522
28200-5,인천광역시(남동구),광역시도,인천광역시 남동구,무네미로,2.1,37.45267839,126.7474598,37.4424317,126.7431765,0.00428328,0.010246694,67.31430239
41390-28,경기도(시흥시),시도,경기도 시흥시,방산대교,0.4,37.39751672,126.7497068,37.40103205,126.7503223,-0.000615517,-0.003515334,260.0684832
45130-2,전라북도(군산시),시도,전북특별자치도 군산시,백릉로,0.24,35.97919244,126.750148,35.9806696,126.7520235,-0.001875522,-0.00147716,218.2239548
44790-7,충청남도(청양군),군도,충청남도 청양군,15,1.5,36.45158443,126.7507387,36.44681514,126.7400446,0.010694084,0.00476929,24.03565878
41190-1,경기도(부천시),시도,경기도 부천시,광로 2-5호선,0.23,37.505811,126.7514385,37.50651943,126.7443343,0.007104213,-0.000708435,354.3052648
41480-1,경기도(파주시),지방도,경기도 파주시,지방도359호선,0.2,37.74419596,126.7523328,37.73980472,126.7542871,-0.001954315,0.004391241,113.9913811
45210-32,전라북도(김제시),지방도,전북특별자치도 김제시,702호,0.1,35.86249287,126.7525835,35.86270161,126.7561763,-0.003592819,-0.000208746,183.3251932
60400-18,국토관리청(익산청),일반국도,전북특별자치도 군산시,21호선,1,36.014744,126.752617,36.00887,126.759974,-0.007357,0.005874,141.3953195
44790-5,충청남도(청양군),국지도,충청남도 청양군,96,0.5,36.48299534,126.752692,36.48127182,126.7567373,-0.004045315,0.00172352,156.923408
41190-1,경기도(부천시),시도,경기도 부천시,광로2-4호선,0.71,37.49082647,126.7533912,37.48470281,126.7540224,-0.000631256,0.00612366,95.88553546
41280-8,경기도(고양시),지방도,경기도 고양시,장항대교,1.2,37.64299646,126.7538408,37.63636924,126.7669659,-0.013125101,0.006627214,153.2095701
41270-19,경기도(안산시),지방도,경기도 안산시,중앙로,0.6,37.33244519,126.7546514,37.33417984,126.7630861,-0.008434668,-0.001734652,191.6212696
46890-1,전라남도(완도군),도시계획도로,전라남도 완도군,완도읍 군내리 650-1~1191,1.3,34.31128987,126.7546933,34.3085852,126.7416962,0.012997092,0.002704669,11.75536402
41480-1,경기도(파주시),지방도,경기도 파주시,지방도363호선,1,37.7970763,126.7562794,37.79925501,126.7548093,0.001470083,-0.002178711,304.0094772
41390-35,경기도(시흥시),시도,경기도 시흥시,신천교,0.5,37.41473743,126.7581116,37.41752175,126.751982,0.006129622,-0.002784325,335.5705065
41280-13,경기도(고양시),지방도,경기도 고양시,"장항ic  A, B, C 교",0.4,37.63993314,126.7581839,37.64209088,126.7595781,-0.001394158,-0.002157744,237.1327544
70100-110,한국도로공사(한국도로공사),고속국도,광주광역시 광산구,12호선,2.54,35.14695498,126.7587083,35.15951267,126.7813256,-0.022617322,-0.01255769,209.0401051
41480-1,경기도(파주시),도시계획도로,경기도 파주시,도시계획도로,0.21,37.71008547,126.7588923,37.71003289,126.7628557,-0.003963458,5.25717E-05,179.240068
41480-1,경기도(파주시),지방도,경기도 파주시,지방도359호선,0.2,37.70357503,126.7591513,37.70983506,126.7587858,0.000365493,-0.00626003,273.3414338
41480-1,경기도(파주시),도시계획도로,경기도 파주시,도시계획도로,0.21,37.70422215,126.7594162,37.70422523,126.7626534,-0.003237196,-3.0845E-06,180.0545932
41480-1,경기도(파주시),시도,경기도 파주시,시도1호선,0.2,37.75894856,126.760278,37.76053148,126.7620108,-0.001732796,-0.001582925,222.411985
41480-1,경기도(파주시),지방도,경기도 파주시,지방도359호선,0.2,37.72088348,126.7605872,37.73345496,126.7597793,0.000807968,-0.012571488,273.6773356
41190-1,경기도(부천시),도시계획도로,경기도 부천시,광로2-4호선,0.77,37.5208636,126.7610239,37.52779428,126.7608054,0.000218437,-0.006930685,271.8052177
44760-3,충청남도(부여군),지방도,충청남도 부여군,지방도 613호선,2,36.22310321,126.7611309,36.2372889,126.7549466,0.006184296,-0.014185694,293.5549411
41190-1,경기도(부천시),시도,경기도 부천시,광로2-5호선,540,37.50501847,126.7612541,37.50571054,126.7550703,0.00618381,-0.000692065,353.6142787
41190-1,경기도(부천시),시도,경기도 부천시,대로3-25호선,360,37.48517668,126.7641969,37.48781182,126.7651172,-0.000920239,-0.002635144,250.7498878
44790-1,충청남도(청양군),농어촌도로,충청남도 청양군,201,2,36.38536026,126.7642662,36.37027632,126.7648215,-0.000555286,0.015083936,92.10828336
70100-1,한국도로공사(한국도로공사),고속국도,인천광역시 남동구,100호선,1,37.46118483,126.7645543,37.45849842,126.7753205,-0.010766154,0.002686405,165.9894721
46000-42,전라남도(도로관리사업소),지방도,전라남도 강진군,지방도 835,1,34.768707,126.765087,34.773423,126.758794,0.006293,-0.004716,323.1519598
41390-14,경기도(시흥시),시도,경기도 시흥시,시도10호선,1.2,37.411494,126.765424,37.419722,126.768437,-0.003013,-0.008228,249.8878441
41480-1,경기도(파주시),도시계획도로,경기도 파주시,운정과선교,0.23,37.72952415,126.7656238,37.72839124,126.7726957,-0.007071856,0.00113291,170.8985613
45130-10,전라북도(군산시),시도,전북특별자치도 군산시,철새로,0.85,36.02065309,126.7661966,36.02353702,126.7803718,-0.014175187,-0.002883928,191.4998187
41480-1,경기도(파주시),도시계획도로,경기도 파주시,후곡지하차도,0.14,37.75265918,126.7686363,37.75246896,126.7686322,4.14751E-06,0.000190222,88.7509456
41480-1,경기도(파주시),도시계획도로,경기도 파주시,미리내고가차도,0.22,37.73448278,126.7691986,37.73245237,126.770932,-0.001733401,0.002030412,130.4880014
60400-1,국토관리청(익산청),일반국도,전라남도 나주시,1호선,1,35.012871,126.769763,35.00503,126.764384,0.005379,0.007841,55.54950982
60400-19,국토관리청(익산청),일반국도,전북특별자치도 군산시,21호선,1,35.942999,126.769774,35.940799,126.780498,-0.010724,0.0022,168.4067729
41480-1,경기도(파주시),시도,경기도 파주시,시도11호선,0.2,37.84513656,126.7712538,37.84426023,126.7742129,-0.00295909,0.000876324,163.5035206
41190-1,경기도(부천시),시도,경기도 부천시,광로2-5호선,310,37.50366883,126.7723153,37.50271958,126.7794389,-0.007123583,0.000949255,172.4097517
28245-1,인천광역시(계양구),구도,인천광역시 계양구,벌말교,0.3,37.58300616,126.7723607,37.58469373,126.7702157,0.002144989,-0.001687577,321.8059905
41390-22,경기도(시흥시),시도,경기도 시흥시,시도9호선,0.1,37.381686,126.772657,37.38426248,126.7734908,-0.000833752,-0.002576481,252.0683575
41190-1,경기도(부천시),시도,경기도 부천시,중로3-13호선,800,37.47907,126.7731399,37.47309437,126.7708448,0.002295091,0.005975629,68.98945837
41480-1,경기도(파주시),도시계획도로,경기도 파주시,쇄재지하차도,0.16,37.75185542,126.7736826,37.75170144,126.7736612,2.13423E-05,0.000153983,82.10899022
44790-11,충청남도(청양군),군도,충청남도 청양군,5,0.5,36.42295548,126.7736919,36.41981508,126.7699225,0.003769402,0.003140406,39.79873239
41390-15,경기도(시흥시),시도,경기도 시흥시,국도42호선,1.5,37.443244,126.773798,37.438583,126.79773,-0.023932,0.004661,168.9790304
41190-1,경기도(부천시),시도,경기도 부천시,성주로,2.3,37.47890951,126.7748651,37.48082558,126.7664837,0.008381452,-0.00191607,347.1229862
41390-1,경기도(시흥시),시도,경기도 시흥시,시도1호선,0.5,37.440859,126.775138,37.444173,126.77885,-0.003712,-0.003314,221.7578457
44790-27,충청남도(청양군),군도,충청남도 청양군,4,0.5,36.42423854,126.7751861,36.42623035,126.7789264,-0.003740228,-0.001991816,208.0370261
29000-5,광주광역시(본청),국지도,광주광역시 광산구,국지도49호선,750,35.07378102,126.7753455,35.06502582,126.7765956,-0.001250124,0.008755195,98.12614052
41390-36,경기도(시흥시),시도,경기도 시흥시,포동교,0.4,37.40681675,126.7754516,37.408768,126.7707395,0.004712112,-0.00195125,337.5059206
60400-10,국토관리청(익산청),일반국도,전라남도 영암군,23호선,5,34.841053,126.777045,34.803807,126.799842,-0.022797,0.037246,121.4693718
41190-1,경기도(부천시),시도,경기도 부천시,대로1-2호선,520,37.49743067,126.7777539,37.49195069,126.7780489,-0.000295076,0.005479974,93.08218858
44000-33,충청남도(본청),지방도,충청남도 청양군,606호,1,36.40104814,126.7779491,36.40709747,126.7853001,-0.007351095,-0.006049328,219.4514816
46000-37,전라남도(도로관리사업소),지방도,전라남도 강진군,지방도 827,1.84,34.660654,126.780192,34.672298,126.786339,-0.006147,-0.011644,242.1699172
41190-1,경기도(부천시),시도,경기도 부천시,대로2-11호선,1.73,37.51691718,126.7803096,37.52011479,126.7879075,-0.007597928,-0.00319761,202.8239337
29200-1,광주광역시(광산구),지방도,광주광역시 광산구,송정2교,0.5,35.120764,126.781857,35.12392,126.785447,-0.00359,-0.003156,221.3189821
41270-14,경기도(안산시),지방도,경기도 안산시,중앙로,0.5,37.33172359,126.7819416,37.3346394,126.7762146,0.005726976,-0.00291581,333.0177162
41190-1,경기도(부천시),도시계획도로,경기도 부천시,대로3-11호선,325,37.52611288,126.7829408,37.52069874,126.7847683,-0.001827424,0.005414138,108.6509913
41190-1,경기도(부천시),시도,경기도 부천시,소로1-67호선,1.3,37.47666663,126.7831066,37.47223241,126.783022,8.45333E-05,0.004434219,88.90785372
45180-5,전라북도(정읍시),지방도,전북특별자치도 정읍시,군도27호(갈재),1.8,35.48805879,126.7843531,35.46953923,126.788944,-0.004590827,0.018519558,103.9224437
60300-52,국토관리청(대전청),위임국도,충청남도 부여군,29,2,36.344046,126.784781,36.330333,126.797501,,,
41390-5,경기도(시흥시),시도,경기도 시흥시,시도16호선,1.9,37.458919,126.785259,37.4717625,126.7819314,0.0033276,-0.0128435,284.525274
41390-7,경기도(시흥시),시도,경기도 시흥시,국도39호선,1.1,37.456427,126.7854009,37.4653081,126.7895802,-0.0041793,-0.0088811,244.7990938
41270-20,경기도(안산시),지방도,경기도 안산시,중앙로,0.6,37.326295,126.78567,37.331151,126.788634,-0.002964,-0.004856,238.6009891
41390-40,경기도(시흥시),시도,경기도 시흥시,학미교,0.2,37.40518742,126.7858323,37.40513353,126.7830754,0.002756965,5.3888E-05,1.119768668
46000-38,전라남도(도로관리사업소),지방도,전라남도 강진군,지방도 827,1.95,34.672298,126.786339,34.68683952,126.7820067,0.004332298,-0.014541522,286.5901652
41480-1,경기도(파주시),국지도,경기도 파주시,56호선,0.65,37.74512143,126.7867299,37.74669231,126.793323,-0.006593081,-0.001570881,193.40154
41390-8,경기도(시흥시),시도,경기도 시흥시,국도39호선,0.8,37.4195506,126.7872904,37.4263526,126.7888801,-0.0015897,-0.006802,256.8454757
41390-11,경기도(시흥시),시도,경기도 시흥시,시도7호선,1,37.377058,126.788734,37.36367469,126.7871827,0.001551265,0.013383308,83.38832724
41270-13,경기도(안산시),지방도,경기도 안산시,중앙로,0.4,37.3281194,126.7891181,37.32981047,126.7856549,0.003463258,-0.001691069,333.9742774
41270-15,경기도(안산시),지방도,경기도 안산시,산단로,0.6,37.33274317,126.7898071,37.33744557,126.7907002,-0.000893062,-0.004702403,259.2466723
41190-1,경기도(부천시),시도,경기도 부천시,소명 지하차도 ,0.41,37.48258037,126.7902102,37.48406485,126.7888562,0.001353998,-0.001484483,312.3679665
45130-5,전라북도(군산시),시도,전북특별자치도 군산시,동군산로,1.6,35.98857963,126.7915526,35.98116183,126.804034,-0.012481307,0.007417797,149.2764523
41390-6,경기도(시흥시),시도,경기도 시흥시,시도1호선,1.1,37.450707,126.791928,37.459298,126.802472,-0.010544,-0.008591,219.1723275
70100-98,한국도로공사(한국도로공사),고속국도,전라남도 장성군,25호선,1,35.2697469,126.7922445,35.27870332,126.7918694,0.000375114,-0.008956419,272.3982683
70100-74,한국도로공사(한국도로공사),고속국도,충청남도 당진시,15호선,7.31,36.94284052,126.7924291,36.96483642,126.8674777,-0.075048535,-0.021995896,196.3352777
41270-21,경기도(안산시),지방도,경기도 안산시,산단로,0.15,37.34121761,126.7928196,37.34656406,126.7956896,-0.002869962,-0.005346455,241.7732205
41190-1,경기도(부천시),시도,경기도 부천시,광로 2-5호선,0.49,37.50482026,126.7933322,37.50591107,126.7996978,-0.006365541,-0.00109081,189.723854
41390-37,경기도(시흥시),시도,경기도 시흥시,하중교,0.4,37.40541337,126.7937606,37.40525117,126.7877087,0.006051888,0.000162198,1.535225748
41390-38,경기도(시흥시),시도,경기도 시흥시,하중교 R-C,0.3,37.40541305,126.7937606,37.4054949,126.7904258,0.003334761,-8.18482E-05,358.5940177
41390-39,경기도(시흥시),시도,경기도 시흥시,하중교 R-D,0.3,37.40541305,126.793761,37.40519789,126.7903178,0.003443198,0.000215157,3.575623577
44810-9,충청남도(예산군),군도,충청남도 예산군,6호,1,36.63275914,126.7940337,36.63795315,126.7997685,-0.005734879,-0.00519401,222.166751
41390-34,경기도(시흥시),시도,경기도 시흥시,관곡교,0.2,37.39868055,126.7945823,37.40216238,126.7908818,0.003700452,-0.003481831,316.7434891
41270-3,경기도(안산시),지방도,경기도 안산시,순환로,2.4,37.34391736,126.7954557,37.34886774,126.8189716,-0.023515826,-0.004950378,191.887906
41390-30,경기도(시흥시),시도,경기도 시흥시,연성교,0.3,37.40369589,126.7960937,37.40652415,126.7977302,-0.001636482,-0.002828268,239.9456311
41390-21,경기도(시흥시),시도,경기도 시흥시,시도9호선,0.3,37.397231,126.796281,37.403245,126.790479,0.005802,-0.006014,313.9721224
41480-1,경기도(파주시),도시계획도로,경기도 파주시,도시계획도로,0.21,37.74367759,126.7969752,37.74506064,126.7988254,-0.001850161,-0.00138305,216.7791976
60400-22,국토관리청(익산청),일반국도,전북특별자치도 군산시,27호선,1,35.980847,126.797079,35.981776,126.807964,-0.010885,-0.000929,184.8781904
44790-20,충청남도(청양군),군도,충청남도 청양군,3,0.11,36.44397787,126.7974691,36.44295669,126.7974217,4.74333E-05,0.00102118,87.34055261
44000-30,충청남도(본청),지방도,충청남도 청양군,606,0.11,36.41317706,126.797659,36.41241715,126.7968174,0.000841567,0.000759906,42.08093027
46000-41,전라남도(도로관리사업소),지방도,전라남도 강진군,지방도 835,0.6,34.736736,126.797671,34.739055,126.793274,0.004397,-0.002319,332.1926093
70100-80,한국도로공사(한국도로공사),고속국도,전북특별자치도 정읍시,25호선,1.6,35.46855535,126.7977056,35.48164999,126.7918007,0.005904911,-0.013094644,294.2725624
41270-18,경기도(안산시),지방도,경기도 안산시,별망로,0.6,37.299048,126.802139,37.299236,126.809306,-0.007167,-0.000188,181.5026004
44790-6,충청남도(청양군),국지도,충청남도 청양군,96,0.7,36.49295016,126.8021554,36.50003427,126.8162421,-0.014086715,-0.007084106,206.6974896
41390-18,경기도(시흥시),시도,경기도 시흥시,시도9호선,0.1,37.459001,126.802199,37.459746,126.803339,-0.00114,-0.000745,213.1649682
41390-42,경기도(시흥시),시도,경기도 시흥시,할미고개,1.1,37.45921862,126.8025201,37.46897037,126.7971059,0.00541414,-0.009751758,299.0388743
41190-1,경기도(부천시),시도,경기도 부천시,중로3-9호선,3300,37.47885224,126.8026305,37.49133597,126.8092945,-0.006663988,-0.012483733,241.9060873
41390-33,경기도(시흥시),시도,경기도 시흥시,대야육교,0.2,37.45638546,126.804172,37.46327462,126.8004968,0.003675197,-0.006889159,298.0788255
41390-12,경기도(시흥시),시도,경기도 시흥시,시도21호선,0.4,37.39000519,126.8044589,37.3909474,126.811537,-0.007078084,-0.000942213,187.5824622
41190-1,경기도(부천시),시도,경기도 부천시,동남 지하차도 ,0.46,37.47405897,126.8049008,37.4769929,126.810518,-0.005617195,-0.002933934,207.5786551
41190-1,경기도(부천시),도시계획도로,경기도 부천시,중로2-16호선,0.5,37.52409785,126.8051342,37.52407705,126.8109984,-0.005864162,2.08052E-05,179.796724
45210-26,전라북도(김제시),지방도,전북특별자치도 김제시,711호,0.1,35.80137156,126.8051704,35.80040624,126.8054587,-0.000288307,0.000965319,106.6290444
70100-3,한국도로공사(한국도로공사),고속국도,경기도 시흥시,100호선,1,37.44928404,126.8052065,37.44209579,126.8120042,-0.006797715,0.00718825,133.4005255
45130-6,전라북도(군산시),시도,전북특별자치도 군산시,동군산로,1.8,35.98153029,126.8052473,35.98350413,126.816132,-0.010884738,-0.001973843,190.2783449
60100-16,국토관리청(서울청),일반국도,경기도 화성시,77호선,1,37.159985,126.805701,37.154587,126.796873,0.008828,0.005398,31.44426478
41190-1,경기도(부천시),시도,경기도 부천시,중로2-11호선,200,37.48226504,126.8057883,37.48493568,126.804979,0.000809242,-0.002670635,286.8575921
41270-16,경기도(안산시),지방도,경기도 안산시,신안산대학로,0.5,37.30248493,126.806773,37.29761136,126.8048388,0.001934202,0.00487357,68.35306978
41390-20,경기도(시흥시),시도,경기도 시흥시,시도9호선,0.1,37.435873,126.806777,37.434485,126.808158,-0.001381,0.001388,134.8551572
41390-31,경기도(시흥시),시도,경기도 시흥시,안현육교,0.3,37.43293443,126.8072552,37.43939935,126.8091754,-0.001920249,-0.006464923,253.4572218
46000-40,전라남도(도로관리사업소),지방도,전라남도 강진군,지방도 835,1.5,34.731494,126.808338,34.736736,126.797671,0.010667,-0.005242,333.8294763
45210-33,전라북도(김제시),지방도,전북특별자치도 김제시,702호,0.3,35.85671673,126.8089473,35.85665865,126.8091676,-0.000220261,5.80801E-05,165.228066
41390-9,경기도(시흥시),시도,경기도 시흥시,시도25호선,0.4,37.37729947,126.8101035,37.38345944,126.8188672,-0.008763663,-0.006159967,215.1033343
44790-3,충청남도(청양군),위임국도,충청남도 청양군,국도29호,0.1,36.39606391,126.8101906,36.3899121,126.81022,-2.93945E-05,0.006151807,90.27376808
41390-19,경기도(시흥시),시도,경기도 시흥시,시도9호선,0.1,37.449546,126.810243,37.450916,126.811844,-0.001601,-0.00137,220.5541061
41480-1,경기도(파주시),국지도,경기도 파주시,78호선,0.5,37.78171307,126.8103354,37.79092531,126.8119991,-0.001663661,-0.009212245,259.763153
44790-31,충청남도(청양군),농어촌도로,충청남도 청양군,202,2,36.39427256,126.8113474,36.38845308,126.8174998,-0.006152382,0.005819486,136.5927858
45210-8,전라북도(김제시),지방도,전북특별자치도 김제시,711호,0.3,35.78946395,126.8116962,35.79004503,126.8132374,-0.001541232,-0.000581082,200.6576649
41270-11,경기도(안산시),지방도,경기도 안산시,중앙로,0.6,37.31858395,126.8117738,37.32135304,126.8057164,0.006057401,-0.002769086,335.4329189
70100-99,한국도로공사(한국도로공사),고속국도,전라남도 장성군,25호선,2,35.36187536,126.8117764,35.37951443,126.8086362,0.003140294,-0.01763907,280.0946386
45210-42,전라북도(김제시),지방도,전북특별자치도 김제시,711,0.1,35.76786085,126.8118923,35.76705706,126.8095049,0.002387447,0.000803792,18.60705238
41390-32,경기도(시흥시),시도,경기도 시흥시,계수육교,0.2,37.4485478,126.8120213,37.45321378,126.8067885,0.005232825,-0.004665986,318.2773708
41390-27,경기도(시흥시),시도,경기도 시흥시,시도52호선,0.07,37.374579,126.812358,37.375721,126.811819,0.000539,-0.001142,295.2663258
44810-8,충청남도(예산군),군도,충청남도 예산군,3호,1,36.62844216,126.8137502,36.62074242,126.8210935,-0.007343312,0.007699737,133.6427076
60300-6,국토관리청(대전청),일반국도,충청남도 청양군,36호선,11,36.449367,126.815021,36.439826,126.91752,-0.102499,0.009541,174.6820132
41390-10,경기도(시흥시),시도,경기도 시흥시,시도6호선,1.9,37.4520476,126.8150627,37.4420171,126.829822,-0.0147593,0.0100305,145.7997608
46000-52,전라남도(도로관리사업소),위임국도,전라남도 강진군,국도77호선,0.3,34.461622,126.815109,34.45943983,126.817908,-0.002798959,0.002182168,142.0587585
41190-1,경기도(부천시),시도,경기도 부천시,광로2-2호선,0.18,37.47352633,126.8157361,37.47236093,126.8150344,0.000701736,0.001165398,58.94606882
45210-6,전라북도(김제시),일반국도,전북특별자치도 김제시,29호,0.4,35.71579958,126.8160535,35.71774632,126.8215173,-0.005463816,-0.001946743,199.6108484
41590-11,경기도(화성시),시도,경기도 화성시,시도50호선,2.5,37.05893865,126.8173573,37.04282156,126.8005018,0.016855484,0.016117089,43.71712013
41590-16,경기도(화성시),시도,경기도 화성시,고갯길,2.5,37.05792853,126.8173692,37.04280294,126.8004545,0.016914682,0.015125595,41.80399623
45210-29,전라북도(김제시),시도,전북특별자치도 김제시,110호,0.5,35.71633133,126.8177412,35.71696681,126.8195288,-0.001787605,-0.000635482,199.5699786
45210-31,전라북도(김제시),지방도,전북특별자치도 김제시,　711,0.1,35.8575032,126.8177857,35.85934493,126.8182218,-0.000436099,-0.00184173,256.6784167
44790-29,충청남도(청양군),군도,충청남도 청양군,6,0.5,36.38674469,126.8186831,36.39830692,126.8145925,0.004090617,-0.011562232,289.4833376
41270-4,경기도(안산시),지방도,경기도 안산시,순환로,2.3,37.34881657,126.8192693,37.343407,126.84237,-0.023100666,0.005409574,166.8203106
41190-1,경기도(부천시),도시계획도로,경기도 부천시,광로2-3호선,0.49,37.53894135,126.8197015,37.53667051,126.8133492,0.006352315,0.002270839,19.67105708
41390-13,경기도(시흥시),시도,경기도 시흥시,시도4호선,1.1,37.4524487,126.8200428,37.45407468,126.8310573,-0.011014451,-0.001625982,188.3975047
45210-10,전라북도(김제시),일반국도,전북특별자치도 김제시,23호,0.1,35.7708449,126.821434,35.77420351,126.8252029,-0.003768985,-0.003358608,221.7047851
11530-15,서울특별시(구로구),구도,서울특별시 구로구,부일로,0.8,37.49822846,126.8218774,37.49335505,126.8291592,-0.007281785,0.00487341,146.2071751
44790-4,충청남도(청양군),국지도,충청남도 청양군,70,0.5,36.47597792,126.8224846,36.47927813,126.8239819,-0.001497306,-0.003300208,245.5961782
70100-84,한국도로공사(한국도로공사),고속국도,전북특별자치도 군산시,15호선,2.26,35.98674927,126.823463,36.00161416,126.8056745,0.017788479,-0.014864893,320.1162764
11530-17,서울특별시(구로구),구도,서울특별시 구로구,연동로,0.9,37.48907044,126.8248226,37.48538291,126.8194938,0.005328869,0.003687528,34.68287313
44790-26,충청남도(청양군),군도,충청남도 청양군,6,0.5,36.40082967,126.8249329,36.40209499,126.8280416,-0.00310877,-0.001265316,202.1470631
60300-60,국토관리청(대전청),일반국도,충청남도 당진시,34,1,36.885129,126.825875,36.886117,126.836522,,,
29200-9,광주광역시(광산구),지방도,광주광역시 광산구,극락교,0.4,35.14181091,126.8259042,35.14044746,126.8307012,-0.004796922,0.001363448,164.1330507
41190-1,경기도(부천시),도시계획도로,경기도 부천시,대로2-10호선,0.14,37.51370428,126.8265403,37.51276129,126.8133857,0.01315463,0.000942997,4.100264421
29000-9,광주광역시(본청),광역시도,광주광역시 광산구,하남진곡산단로,145,35.22960976,126.8266287,35.22943088,126.8241976,0.002431135,0.000178884,4.208272106
29000-3,광주광역시(본청),광역시도,광주광역시 광산구,무진대로,1.2,35.16126559,126.826711,35.16095229,126.8156778,0.011033222,0.000313298,1.626524402
11530-16,서울특별시(구로구),구도,서울특별시 구로구,경인로,0.33,37.49107434,126.826927,37.49183879,126.8237849,0.00314209,-0.000764448,346.3260106
41270-22,경기도(안산시),도시계획도로,경기도 안산시,용신로,0.3,37.29503719,126.8270014,37.30237215,126.8364312,-0.0094298,-0.007334963,217.8775361
41270-7,경기도(안산시),지방도,경기도 안산시,해안로,0.5,37.299863,126.827212,37.293931,126.827437,-0.000225,0.005932,92.17218029
60100-42,국토관리청(서울청),일반국도,경기도 파주시,37,1,37.911389,126.827863,37.920091,126.830798,,,
46890-1,전라남도(완도군),일반국도,전라남도 완도군,고금대교,0.81,34.44865033,126.8297242,34.4415039,126.8306973,-0.000973051,0.007146427,97.75366284
44000-35,충청남도(본청),지방도,충청남도 청양군,615,0.5,36.43781105,126.8316973,36.43351848,126.830753,0.000944338,0.004292572,77.59294183
29140-6,광주광역시(서구),지방도,광주광역시 서구,벽진동,0.09,35.14008164,126.8319451,35.13999865,126.8332438,-0.001298733,8.29894E-05,176.3437524
41480-1,경기도(파주시),국지도,경기도 파주시,국지도56호선,0.2,37.7734229,126.8331329,37.77664632,126.8385241,-0.005391185,-0.003223414,210.8753949
41270-10,경기도(안산시),지방도,경기도 안산시,중앙로,0.6,37.31678568,126.8337362,37.31713569,126.8267785,0.006957705,-0.000350003,357.1201961
41390-16,경기도(시흥시),시도,경기도 시흥시,국도42호선,1.2,37.405393,126.834309,37.402393,126.852161,-0.017852,0.003,170.4606674
44000-40,충청남도(본청),지방도,충청남도 청양군,645,0.5,36.43926931,126.8349125,36.4374413,126.8312943,0.003618196,0.001828004,26.80406565
29170-48,광주광역시(북구),지방도,광주광역시 북구,첨단과기로,0.7,35.22877834,126.8350145,35.22407754,126.8386618,-0.003647283,0.004700799,127.8073764
11470-11,서울특별시(양천구),구도,서울특별시 양천구,신정이펜1로,0.75,37.51108506,126.8351299,37.51392113,126.830069,0.005060878,-0.002836068,330.7341471
44000-36,충청남도(본청),지방도,충청남도 청양군,645호,1,36.41567009,126.8353224,36.40781069,126.8388498,-0.003527381,0.007859398,114.1710477
44790-17,충청남도(청양군),군도,충청남도 청양군,2,0.18,36.4411348,126.8357868,36.43999614,126.8376504,-0.001863531,0.001138665,148.5740003
41590-21,경기도(화성시),지방도,경기도 화성시,능고개,0.9,37.19307959,126.8361529,37.18788413,126.8455532,-0.009400357,0.005195459,151.0711238
45130-9,전라북도(군산시),시도,전북특별자치도 군산시,축성로,1.3,35.99950734,126.8365506,35.9952187,126.844859,-0.008308448,0.004288633,152.6982382
44790-21,충청남도(청양군),군도,충청남도 청양군,2,0.5,36.44016021,126.8371218,36.43954107,126.8440891,-0.006967278,0.000619139,174.92182
46790-16,전라남도(화순군),농어촌도로,전라남도 화순군,면도 101,0.2,34.87935412,126.8375622,34.87868589,126.8357385,0.001823739,0.000668228,20.12310603
11530-14,서울특별시(구로구),구도,서울특별시 구로구,천왕로,1.05,37.4861258,126.8386171,37.47948976,126.8418608,-0.003243734,0.006636048,116.0496179
45210-52,전라북도(김제시),지방도,전북특별자치도 김제시,712,1.2,35.91004938,126.8388234,35.91513796,126.8362846,0.002538771,-0.005088583,296.5152957
41280-12,경기도(고양시),지방도,경기도 고양시,성사육교,0.3,37.65027276,126.8410337,37.65583597,126.8445346,-0.003500872,-0.005563213,237.8182197
11470-12,서울특별시(양천구),시도,서울특별시 양천구,신정로,1.1,37.5081288,126.8415892,37.50575193,126.8303778,0.011211452,0.002376871,11.96969739
41590-13,경기도(화성시),시도,경기도 화성시,커브길,1.5,37.06578941,126.8422021,37.07222367,126.8545793,-0.012377152,-0.006434257,207.4676448
29000-2,광주광역시(본청),광역시도,광주광역시 서구,하남대로,510,35.17620093,126.8428737,35.17757173,126.8370602,0.005813501,-0.001370799,346.7322515
11500-18,서울특별시(강서구),구도,서울특별시 강서구,화곡로43가길,0.1,37.54898111,126.8430463,37.54830555,126.8438338,-0.000787541,0.000675562,139.376581
44790-18,충청남도(청양군),군도,충청남도 청양군,2,0.31,36.43926106,126.843382,36.43936705,126.8493448,-0.005962769,-0.000105997,181.0184062
41480-1,경기도(파주시),국지도,경기도 파주시,국지도56호선,2,37.80985645,126.8441425,37.81267979,126.8467651,-0.002622626,-0.002823341,227.1107229
45210-57,전라북도(김제시),농어촌도로,전북특별자치도 김제시,면도 103,0.6,35.89490487,126.8446847,35.89495988,126.8466249,-0.001940277,-5.50077E-05,181.6239259
29140-2,광주광역시(서구),지방도,광주광역시 서구,회재로,1.7,35.11224249,126.8447808,35.12068449,126.8596858,-0.014904949,-0.008442003,209.5267489
41210-1,경기도(광명시),시도,경기도 광명시,두길로,0.13,37.47109783,126.8452619,37.47191157,126.8446016,0.000660259,-0.000813742,309.0553889
45210-47,전라북도(김제시),군도,전북특별자치도 김제시,13,0.4,35.75774809,126.845673,35.75961893,126.8464024,-0.000729353,-0.001870843,248.7015397
29140-1,광주광역시(서구),지방도,광주광역시 서구,"풍서좌,우로",1.33,35.12712592,126.8458372,35.12105265,126.8600469,-0.014209663,0.006073265,156.8579479
41000-1,경기도(본청),지방도,경기도 시흥시,지방도330호선,0.41,37.39505721,126.8459126,37.39573547,126.8503491,-0.004436437,-0.000678255,188.6922316
11530-28,서울특별시(구로구),구도,서울특별시 구로구,고척로,1.1,37.50126225,126.8463684,37.49516594,126.8411459,0.005222519,0.006096313,49.41437869
44000-31,충청남도(본청),지방도,충청남도 청양군,645,0.12,36.39750254,126.8465706,36.39751783,126.8484362,-0.001865612,-1.52866E-05,180.4694649
44790-21,충청남도(청양군),군도,충청남도 청양군,8,0.12,36.38700514,126.8477558,36.38785686,126.8488064,-0.001050576,-0.000851717,219.0321751
41590-20,경기도(화성시),지방도,경기도 화성시,지방도 313호선,0.8,37.22317398,126.8488415,37.22671649,126.8579555,-0.00911405,-0.00354251,201.2404433
41480-1,경기도(파주시),시도,경기도 파주시,시도57호선,1.1,37.80842736,126.8490326,37.82044893,126.848309,0.000723663,-0.012021567,273.44488
11530-29,서울특별시(구로구),구도,서울특별시 구로구,고척로51길,0.1,37.50736305,126.8492946,37.50744087,126.8500266,-0.000732087,-7.78202E-05,186.0677038
46890-1,전라남도(완도군),지방도,전라남도 완도군,지방도13호선,1.35,34.32708844,126.8494389,34.33401571,126.8358685,0.013570381,-0.006927274,332.957045
41590-10,경기도(화성시),농어촌도로,경기도 화성시,농어촌도로106,2.5,37.07029574,126.8497,37.05358345,126.8566478,-0.00694783,0.016712287,112.5742128
45210-4,전라북도(김제시),지방도,전북특별자치도 김제시,702호,10.5,35.85704822,126.8499441,35.85990786,126.8572202,-0.00727611,-0.002859631,201.4556443
11500-17,서울특별시(강서구),구도,서울특별시 강서구,곰달래로27길,0.24,37.53419633,126.850346,37.53450188,126.8527328,-0.002386768,-0.000305544,187.2950972
11500-19,서울특별시(강서구),구도,서울특별시 강서구,강서로18길,0.05,37.53504996,126.8509453,37.53485161,126.851185,-0.000239705,0.000198351,140.3929535
41270-23,경기도(안산시),도시계획도로,경기도 안산시,순환로,0.5,37.33849588,126.8512798,37.34343225,126.8428326,0.008447169,-0.004936373,329.6987557
41270-6,경기도(안산시),지방도,경기도 안산시,가루개로,1.95,37.33878281,126.8513248,37.3462113,126.8388821,0.012442731,-0.007428487,329.1622
29200-10,광주광역시(광산구),지방도,광주광역시 광산구,첨단교,0.45,35.20661873,126.8514315,35.20628767,126.856459,-0.005027504,0.000331061,176.2325157
29140-7,광주광역시(서구),지방도,광주광역시 서구,치평동,0.09,35.15166413,126.8516453,35.15170842,126.8529497,-0.001304342,-4.42928E-05,181.9449005
44810-7,충청남도(예산군),군도,충청남도 예산군,1호,2,36.67274717,126.8516951,36.65411356,126.8547166,-0.003021454,0.018633617,99.21038764
41280-2,경기도(고양시),지방도,경기도 고양시,지방도363우회,0.6,37.67385215,126.8525213,37.67553389,126.858013,-0.005491729,-0.001681736,197.0261911
11470-13,서울특별시(양천구),시도,서울특별시 양천구,신정로,0.85,37.51254917,126.8526727,37.51098847,126.8482883,0.004384382,0.001560699,19.59409165
29140-8,광주광역시(서구),지방도,광주광역시 서구,시청로 60번길 ,0.7,35.15391354,126.8530143,35.15393265,126.8536148,-0.00060054,-1.91046E-05,181.8220969
45210-3,전라북도(김제시),군도,전북특별자치도 김제시,13호,0.4,35.75712889,126.853666,35.75561517,126.852854,0.000812032,0.00151372,61.78874509
41480-1,경기도(파주시),국지도,경기도 파주시,56호선,0.53,37.82969153,126.8539994,37.83390514,126.8579269,-0.003927513,-0.004213611,227.0126774
41590-14,경기도(화성시),시도,경기도 화성시,시도 54호선,2,37.0722582,126.8546005,37.09045034,126.861942,-0.007341548,-0.018192147,248.0231695
45210-56,전라북도(김제시),농어촌도로,전북특별자치도 김제시,리도 206호,0.2,35.895907,126.8546086,35.89461691,126.856355,-0.001746345,0.001290089,143.5453687
60100-22,국토관리청(서울청),일반국도,경기도 파주시,37호선,4,37.956856,126.854862,37.966649,126.89631,-0.041448,-0.009793,193.2935952
29000-1,광주광역시(본청),광역시도,광주광역시 서구,무진대로,285,35.16263885,126.8549492,35.16280473,126.8500183,0.004930894,-0.000165884,358.0731992
44790-30,충청남도(청양군),군도,충청남도 청양군,3,0.8,36.52301838,126.8557873,36.51817818,126.8611747,-0.005387308,0.004840197,138.0620688
11000-61,서울특별시(강서도로사업소),시도,서울특별시 강서구,화곡로,480,37.56206232,126.8558127,37.56358676,126.8568018,-0.000989051,-0.001524436,237.0245795
29140-4,광주광역시(서구),지방도,광주광역시 서구,치평동,0.17,35.16051057,126.8558576,35.16176558,126.8557825,7.51074E-05,-0.001255015,273.4248272
41210-2,경기도(광명시),시도,경기도 광명시,범안로,0.7,37.44320349,126.8558699,37.44175857,126.8463802,0.0094897,0.00144492,8.657470371
29140-1,광주광역시(서구),지방도,광주광역시 서구,운천로,0.81,35.15005057,126.8559409,35.15698911,126.8553475,0.000593443,-0.006938538,274.8885306
11530-30,서울특별시(구로구),구도,서울특별시 구로구,고척로52길,0.13,37.50433494,126.8568021,37.50484901,126.8565992,0.00020288,-0.000514073,291.5367642
11500-16,서울특별시(강서구),구도,서울특별시 강서구,등촌로13길,0.18,37.53960987,126.8570992,37.53915546,126.8578768,-0.000777601,0.000454404,149.6994301
41270-9,경기도(안산시),지방도,경기도 안산시,충장로,0.3,37.30412666,126.8573479,37.30283667,126.859942,-0.002594026,0.001289998,153.5590383
41480-1,경기도(파주시),국지도,경기도 파주시,56호선,0.2,37.83334407,126.8573904,37.83466629,126.8587815,-0.001391103,-0.00132222,223.5457546
45210-34,전라북도(김제시),일반국도,전북특별자치도 김제시,　29호,0.2,35.81878794,126.8579907,35.82121864,126.857945,4.56822E-05,-0.002430699,271.0766809
70219-1,서울문산고속도로㈜,위임도로,경기도 고양시,평택-파주선,6,37.61631,126.8584,37.6248,126.85633,,,
44790-25,충청남도(청양군),군도,충청남도 청양군,8,0.5,36.38520286,126.8589631,36.38716076,126.853041,0.005922053,-0.001957904,341.7054766
70100-81,한국도로공사(한국도로공사),고속국도,전북특별자치도 정읍시,25호선,1,35.59852691,126.8598619,35.6042713,126.8683836,-0.008521656,-0.005744386,213.9836217
44790-23,충청남도(청양군),군도,충청남도 청양군,3,0.5,36.51815417,126.8600298,36.51352734,126.862582,-0.002552173,0.004626828,118.8812694
44000-29,충청남도(본청),지방도,충청남도 청양군,645,0.18,36.39345115,126.8605347,36.39167872,126.8610044,-0.000469726,0.00177243,104.843197
11500-20,서울특별시(강서구),구도,서울특별시 강서구,등촌로13마길,0.14,37.5374918,126.8607596,37.53663193,126.8598963,0.000863315,0.000859875,44.88561066
41270-12,경기도(안산시),지방도,경기도 안산시,용신로,0.5,37.3017843,126.8619217,37.30261026,126.8554007,0.006520994,-0.000825963,352.7812374
29000-4,광주광역시(본청),광역시도,광주광역시 북구,북문대로,435,35.18787211,126.8629339,35.18942168,126.858137,0.004796804,-0.001549571,342.0973421
29140-9,광주광역시(서구),지방도,광주광역시 서구,내방로 ,0.3,35.15796935,126.8631375,35.15781967,126.8656525,-0.002514954,0.000149685,176.5938775
41210-1,경기도(광명시),시도,경기도 광명시,가림로,0.2,37.47005381,126.8632176,37.4677042,126.8626839,0.00053373,0.002349605,77.20201874
41280-3,경기도(고양시),지방도,경기도 고양시,지방도363우회,1,37.67417843,126.8644155,37.67591999,126.874326,-0.009910457,-0.001741563,189.9668168
41390-24,경기도(시흥시),시도,경기도 시흥시,시도19호선,0.86,37.382351,126.864417,37.38578,126.867126,-0.002709,-0.003429,231.6903385
44000-1,충청남도(본청),일반국도,충청남도 예산군,32호선,6,36.675284,126.864582,36.631371,126.880666,-0.016084,0.043913,110.1162503
60300-56,국토관리청(대전청),위임국도,충청남도 예산군,32,6,36.675284,126.864582,36.631371,126.880666,,,
45210-63,전라북도(김제시),도시계획도로,전북특별자치도 김제시,　,0.1,35.79633856,126.865237,35.79748566,126.8647409,0.000496139,-0.001147098,293.3892716
44790-28,충청남도(청양군),군도,충청남도 청양군,7,1,36.44556345,126.8659164,36.45008568,126.8733946,-0.007478234,-0.004522233,211.1621641
41210-1,경기도(광명시),시도,경기도 광명시,금하로,0.67,37.45146301,126.8663734,37.4483548,126.8766167,-0.010243248,0.003108218,163.1200689
41210-3,경기도(광명시),시도,경기도 광명시,가림일로,1,37.4709065,126.8663839,37.4654223,126.8690271,-0.0026432,0.0054842,115.7325034
41480-1,경기도(파주시),시도,경기도 파주시,시도33호선,1.5,37.81247156,126.8666165,37.82452752,126.8690727,-0.00245626,-0.012055967,258.4842756
41390-17,경기도(시흥시),시도,경기도 시흥시,국도42호선,1.3,37.383256,126.867063,37.372344,126.874436,-0.007373,0.010912,124.0460348
41390-25,경기도(시흥시),시도,경기도 시흥시,시도19호선,0.3,37.393926,126.867163,37.398563,126.86829,-0.001127,-0.004637,256.3394134
44000-37,충청남도(본청),지방도,충청남도 청양군,645,1.5,36.38536356,126.8681349,36.37447969,126.8774966,-0.009361712,0.010883879,130.7003004
29170-42,광주광역시(북구),지방도,광주광역시 북구,임방울대로1042번길,0.3,35.20973162,126.8681714,35.2097481,126.8706474,-0.002476028,-1.64848E-05,180.3814567
44000-40,충청남도(본청),지방도,충청남도 청양군,645,0.48,36.38519273,126.8686809,36.38072653,126.8722964,-0.003615515,0.004466207,128.9910978
29170-30,광주광역시(북구),지방도,광주광역시 북구,서강로,0.4,35.1735211,126.8703921,35.1758393,126.8708278,-0.000435677,-0.002318202,259.3561423
41270-5,경기도(안산시),지방도,경기도 안산시,용신로,1.03,37.30503302,126.8704662,37.297809,126.872752,-0.002285847,0.007224022,107.5585744
70100-4,한국도로공사(한국도로공사),고속국도,경기도 안산시,50호선,1,37.34129503,126.8714137,37.33468375,126.8790402,-0.007626558,0.006611278,139.0787771
29170-43,광주광역시(북구),지방도,광주광역시 북구,양산제로,0.5,35.19980663,126.8714411,35.20001092,126.8733299,-0.001888814,-0.000204287,186.1729036
29140-3,광주광역시(서구),지방도,광주광역시 서구,금화로,1.7,35.13442999,126.8719895,35.13244361,126.8594669,0.012522563,0.001986376,9.013376891
60100-37,국토관리청(서울청),일반국도,경기도 화성시,82호선,4,37.152326,126.872249,37.155451,126.914157,-0.041908,-0.003125,184.264545
45140-6,전라북도(익산시),군도,전북특별자치도 익산시,30호선,1,36.04477766,126.8727421,36.04329694,126.8714662,0.001275876,0.00148072,49.2498672
29140-5,광주광역시(서구),지방도,광주광역시 서구,화정동,1.46,35.13455206,126.8727995,35.14067384,126.8854636,-0.012664132,-0.006121779,205.798893
45140-4,전라북도(익산시),지방도,전북특별자치도 익산시,군도30,0.6,36.04483799,126.872939,36.04319349,126.8714458,0.001493216,0.001644497,47.76029556
29155-1,광주광역시(남구),일반국도,광주광역시 남구,대촌고가 건덕터널 구간,0.9,35.08592227,126.8738075,35.07887332,126.8533576,0.020449908,0.007048954,19.01874874
41210-1,경기도(광명시),시도,경기도 광명시,서독로,0.3,37.41534834,126.8746475,37.41535315,126.8784323,-0.003784788,-4.80517E-06,180.0727427
44790-13,충청남도(청양군),군도,충청남도 청양군,8,1,36.39345514,126.8746571,36.3944018,126.8806678,-0.006010705,-0.00094666,188.9503172
41210-1,경기도(광명시),시도,경기도 광명시,가마산로,0.15,37.4815957,126.8749566,37.48490078,126.8733416,0.00161497,-0.003305086,296.0416041
41270-17,경기도(안산시),지방도,경기도 안산시,해안로,0.6,37.29027157,126.8752035,37.28618381,126.8695071,0.005696339,0.004087758,35.66365399
45210-9,전라북도(김제시),농어촌도로,전북특별자치도 김제시,비법정,0.1,35.79361782,126.8767263,35.79424732,126.8775185,-0.00079223,-0.000629505,218.4706158
45140-7,전라북도(익산시),지방도,전북특별자치도 익산시,722호선,1,36.03685884,126.8771854,36.0391017,126.877282,-9.66116E-05,-0.002242862,267.5335005
45140-2,전라북도(익산시),지방도,전북특별자치도 익산시,지722,1.5,36.03685884,126.8771854,36.04639575,126.8780461,-0.000860696,-0.009536915,264.8430894
70100-2,한국도로공사(한국도로공사),고속국도,경기도 안양시,15호선,1,37.4032528,126.8773216,37.40793347,126.8869296,-0.009608082,-0.004680672,205.9734857
29155-3,광주광역시(남구),지방도,광주광역시 남구,송암고가,1.5,35.10940632,126.8777102,35.11150375,126.8963836,-0.018673425,-0.002097437,186.4087162
11470-14,서울특별시(양천구),시도,서울특별시 양천구,오목로,0.3,37.52391184,126.8781006,37.52391184,126.8781006,0,0,NaN
60300-53,국토관리청(대전청),위임국도,충청남도 부여군,29,1,36.246012,126.880228,36.240502,126.879097,,,
41280-11,경기도(고양시),지방도,경기도 고양시,벽제육교,0.6,37.67796917,126.8811208,37.68057526,126.8925243,-0.011403567,-0.00260609,192.8729025
29170-29,광주광역시(북구),지방도,광주광역시 북구,서하로,1.4,35.18639881,126.8830843,35.18728324,126.8990989,-0.016014579,-0.00088443,183.1610369
29140-1,광주광역시(서구),지방도,광주광역시 서구,무진대로,0.6,35.16128387,126.8831076,35.1610489,126.8888678,-0.005760239,0.000234971,177.6640898
41480-1,경기도(파주시),지방도,경기도 파주시,지방도367호선,1.5,37.8702756,126.8834241,37.87386456,126.8831232,0.000300834,-0.00358896,274.7914529
44790-24,충청남도(청양군),군도,충청남도 청양군,8,1.5,36.3949721,126.8834388,36.39326663,126.8975371,-0.014098219,0.001705471,173.1024055
45210-53,전라북도(김제시),일반국도,전북특별자치도 김제시,23,1.5,35.81000107,126.8834804,35.8105508,126.8900017,-0.006521233,-0.000549722,184.8184824
41210-1,경기도(광명시),시도,경기도 광명시,덕안로,0.36,37.42864601,126.8853194,37.42555444,126.8848953,0.000424053,0.003091575,82.18981942
29170-36,광주광역시(북구),지방도,광주광역시 북구,서암대로,1,35.17298361,126.8853207,35.17080999,126.8963336,-0.011012897,0.002173613,168.8350462
11530-22,서울특별시(구로구),구도,서울특별시 구로구,구로큰길(2)지하차도,0.15,37.49915491,126.8853349,37.49931468,126.8836187,0.001716207,-0.000159771,354.6813441
60100-7,국토관리청(서울청),일반국도,경기도 화성시,39호선,7,37.176475,126.885925,37.115416,126.900442,-0.014517,0.061059,103.3739746
29000-6,광주광역시(본청),광역시도,광주광역시 북구,"북문대로,서암대로,죽봉대로",315,35.17289785,126.8862639,35.17086154,126.8844912,0.001772665,0.002036309,48.95950148
44790-14,충청남도(청양군),군도,충청남도 청양군,10,0.5,36.37287049,126.8871434,36.37221046,126.8929477,-0.005804268,0.00066003,173.5124995
45210-65,전라북도(김제시),도시계획도로,전북특별자치도 김제시,-,0.1,35.79549939,126.8872462,35.79538617,126.8884887,-0.001242549,0.000113227,174.7932988
11530-21,서울특별시(구로구),구도,서울특별시 구로구,구로큰길(1)지하차도,0.15,37.49697153,126.8874276,37.4985112,126.8863839,0.001043711,-0.001539669,304.1325831
45210-12,전라북도(김제시),도시계획도로,전북특별자치도 김제시,-,0.3,35.79705379,126.8875024,35.79550828,126.8871859,0.000316438,0.001545518,78.42887439
45210-60,전라북도(김제시),시도,전북특별자치도 김제시,8,0.7,35.79987264,126.8878369,35.80050662,126.880585,0.007251955,-0.000633979,355.0037999
44790-9,충청남도(청양군),군도,충청남도 청양군,2,1.5,36.43557855,126.8878727,36.42829734,126.899034,-0.01116136,0.007281218,146.8812044
29170-47,광주광역시(북구),지방도,광주광역시 북구,운용로,0.5,35.17310524,126.8893314,35.1766856,126.8921183,-0.002786975,-0.003580361,232.1025964
44810-10,충청남도(예산군),농어촌도로,충청남도 예산군,102호,2,36.5937099,126.8898931,36.58899839,126.9271823,-0.037289197,0.004711515,172.7987991
29170-45,광주광역시(북구),지방도,광주광역시 북구,양일로,0.4,35.20008054,126.8901194,35.20157166,126.8941957,-0.004076333,-0.001491124,200.092543
11001-34,서울특별시(시설공단),시도,서울특별시 마포구,강변북로,0.2,37.56023669,126.8910288,37.56158145,126.8973993,-0.006370483,-0.001344766,191.9197579
46790-10,전라남도(화순군),지방도,전라남도 화순군,818,1.3,34.92395424,126.8911807,34.91861894,126.8798086,0.011372071,0.005335301,25.13400811
29170-44,광주광역시(북구),지방도,광주광역시 북구,양산로,0.9,35.20065267,126.8913387,35.20446148,126.8838346,0.007504126,-0.00380881,333.0893779
45210-30,전라북도(김제시),지방도,전북특별자치도 김제시,716호,0.1,35.80257599,126.8926763,35.80408894,126.8954419,-0.002765633,-0.001512953,208.6810729
41270-8,경기도(안산시),지방도,경기도 안산시,해안로,0.3,37.30019314,126.8927222,37.29789402,126.8890349,0.003687296,0.002299118,31.94453216
41210-1,경기도(광명시),시도,경기도 광명시,금하로,0.3,37.45186172,126.8928499,37.45299964,126.8961656,-0.003315638,-0.001137919,198.9420924
44790-31,충청남도(청양군),군도,충청남도 청양군,2,1,36.43427414,126.8944791,36.42692825,126.9003965,-0.005917493,0.007345892,128.85323
70100-116,한국도로공사(한국도로공사),고속국도,전라남도 장흥군,10호선,1,34.70221549,126.8945483,34.70700257,126.9037971,-0.009248802,-0.004787081,207.3656006
45210-14,전라북도(김제시),도시계획도로,전북특별자치도 김제시,-,0.1,35.79970309,126.8947476,35.80109902,126.8943645,0.000383119,-0.001395924,285.3472558
41280-5,경기도(고양시),지방도,경기도 고양시,지방도367우회,1,37.72324608,126.8953301,37.72546429,126.8927725,0.002557565,-0.002218205,319.064529
11440-35,서울특별시(마포구),구도,서울특별시 마포구,월드컵북로43길,0.1,37.57454339,126.8953712,37.57446146,126.8945434,0.000827767,8.19263E-05,5.65230406
41280-1,경기도(고양시),지방도,경기도 고양시,지방도356우회,1,37.65806998,126.8955863,37.66049779,126.8938857,0.00170064,-0.002427807,305.0106198
41410-3,경기도(군포시),시도,경기도 군포시,시도 147호선,1.35,37.34213835,126.895802,37.33547699,126.9075654,-0.011763479,0.006661364,150.4782058
46790-8,전라남도(화순군),지방도,전라남도 화순군,817,0.07,34.94021183,126.8965613,34.93993577,126.896964,-0.000402623,0.000276054,145.5639113
11440-6,서울특별시(마포구),시도,서울특별시 마포구,성산로,0.27,37.56060941,126.8968502,37.56192252,126.9001484,-0.003298242,-0.001313117,201.7088127
11001-18,서울특별시(시설공단),시도,서울특별시 마포구,내부순환로,0.8,37.55482385,126.8971694,37.56344187,126.8978996,-0.000730152,-0.008618024,265.1572447
11001-17,서울특별시(시설공단),시도,서울특별시 마포구,내부순환로,1.1,37.56165601,126.8972974,37.552774,126.8995809,-0.002283476,0.008882009,104.4179317
11560-5,서울특별시(영등포구),시도,서울특별시 영등포구,도림고가차도,0.4,37.51297,126.89732,37.50942,126.89942,-0.0021,0.00355,120.606407
11000-29,서울특별시(강서도로사업소),시도,서울특별시 영등포구,도림고가,0.41,37.51302719,126.8975983,37.50953002,126.898957,-0.001358669,0.003497175,111.2313777
46790-11,전라남도(화순군),군도,전라남도 화순군,24,0.7,34.92150187,126.8976696,34.9182261,126.9000194,-0.002349853,0.003275775,125.6534848
44790-10,충청남도(청양군),군도,충청남도 청양군,4,1,36.46351388,126.8982835,36.46815825,126.9023921,-0.004108591,-0.004644377,228.5028141
41280-10,경기도(고양시),지방도,경기도 고양시,동산육교,0.3,37.65002683,126.8989165,37.64565679,126.9093887,-0.010472181,0.004370042,157.3492191
45210-54,전라북도(김제시),시도,전북특별자치도 김제시,19,1,35.79546981,126.8989293,35.7988377,126.8901551,0.008774207,-0.003367898,339.0011633
41170-2,경기도(안양시),지방도,경기도 안양시,박달교,0.04,37.40167873,126.8993044,37.40165089,126.8985452,0.000759158,2.78435E-05,2.100483449
11000-110,서울특별시(남부도로사업소),시도,서울특별시 영등포구,도림천로,2,37.48629823,126.900003,37.48949099,126.9163559,-0.016352925,-0.003192762,191.0475127
70100-76,한국도로공사(한국도로공사),고속국도,충청남도 예산군,30호선,2,36.59005306,126.9009977,36.58782202,126.923037,-0.022039342,0.002231033,174.219664
11560-11,서울특별시(영등포구),구도,서울특별시 영등포구,대림로22길,0.26,37.49342063,126.9012641,37.49466041,126.9035802,-0.002316067,-0.001239783,208.159992
45210-7,전라북도(김제시),농어촌도로,전북특별자치도 김제시,비법정,0.5,35.82716979,126.9014732,35.82394486,126.9051896,-0.003716448,0.003224925,139.0503878
11560-3,서울특별시(영등포구),구도,서울특별시 영등포구,도영로22길,0.2,37.510105,126.901846,37.511969,126.900655,0.001191,-0.001864,302.5764824
11001-32,서울특별시(시설공단),시도,서울특별시 금천구,강남순환로,0.8,37.43837464,126.9023133,37.43834419,126.8982783,0.004034999,3.04511E-05,0.432387888
11560-12,서울특별시(영등포구),구도,서울특별시 영등포구,영원초등학교,0.24,37.51063609,126.9025905,37.51063609,126.9025905,0,0,NaN
11440-9,서울특별시(마포구),시도,서울특별시 마포구,증산로,0.7,37.578668,126.904177,37.574671,126.899991,0.004186,0.003997,43.67689388
41170-14,경기도(안양시),시도,경기도 안양시,박달우회도로(한일 유앤아이아파트 앞),2.4,37.40475326,126.9042766,37.40308179,126.8960887,0.008187881,0.00167147,11.53780279
41480-1,경기도(파주시),국지도,경기도 파주시,56호선,0.39,37.85022166,126.9046041,37.85010671,126.9091071,-0.004502938,0.00011495,178.5376863
41170-4,경기도(안양시),지방도,경기도 안양시,안양육교 앞,0.1,37.42434729,126.90494,37.42482724,126.9055912,-0.000651169,-0.000479942,216.3919651
44790-12,충청남도(청양군),군도,충청남도 청양군,7,1.5,36.46412006,126.9049953,36.45515346,126.9128398,-0.007844487,0.008966603,131.1812542
11380-12,서울특별시(은평구),시도,서울특별시 은평구,증산지하차도 앞,0.3,37.57982603,126.9053118,37.57749134,126.9023971,0.002914704,0.002334694,38.69491884
11440-1,서울특별시(마포구),시도,서울특별시 마포구,월드컵북로,0.28,37.56798654,126.9057062,37.5687512,126.9048712,0.000835028,-0.000764662,317.5186714
11440-26,서울특별시(마포구),구도,서울특별시 마포구,성암로7길,0.04,37.56920302,126.9060556,37.56920302,126.9060556,0,0,NaN
11440-25,서울특별시(마포구),구도,서울특별시 마포구,월드컵북로30길,0.08,37.56889149,126.9069497,37.56901529,126.9073382,-0.000388565,-0.000123806,197.6730612
11440-48,서울특별시(마포구),구도,서울특별시 마포구,월드컵북로,0.1,37.56830127,126.9070411,37.56822475,126.907232,-0.000190862,7.65183E-05,158.1536789
11560-13,서울특별시(영등포구),구도,서울특별시 영등포구,영신로9나길,0.9,37.51263328,126.9072612,37.51313807,126.9064195,0.000841756,-0.000504787,329.0495959
45210-17,전라북도(김제시),지방도,전북특별자치도 김제시,712호,1,35.78782903,126.9073339,35.78946045,126.9037547,0.00357912,-0.001631411,335.495861
45210-21,전라북도(김제시),시도,전북특별자치도 김제시,25호,0.5,35.83538321,126.9075371,35.8351084,126.9051403,0.002396881,0.000274811,6.540615938
29155-4,광주광역시(남구),지방도,광주광역시 남구,칠구재터널 앞,0.8,35.09644964,126.9078811,35.09258138,126.9127483,-0.004867171,0.00386826,141.5235307
45180-4,전라북도(정읍시),지방도,전북특별자치도 정읍시,국지49호(부전재),1.8,35.53271517,126.9080934,35.54609315,126.9027117,0.005381721,-0.013377975,291.9140435
45210-18,전라북도(김제시),지방도,전북특별자치도 김제시,701호,0.6,35.74844296,126.9084686,35.74668583,126.9075006,0.000967931,0.001757124,61.151362
11440-44,서울특별시(마포구),구도,서울특별시 마포구,성산로4길,0.08,37.56378668,126.9084722,37.56378668,126.9084722,0,0,NaN
11560-10,서울특별시(영등포구),구도,서울특별시 영등포구,고추말길,0.58,37.5131283,126.9087243,37.51212857,126.9065828,0.002141472,0.000999726,25.02508451
60100-6,국토관리청(서울청),일반국도,경기도 화성시,39호선,8,37.284136,126.908725,37.258097,126.901661,0.007064,0.026039,74.82180434
45210-59,전라북도(김제시),지방도,전북특별자치도 김제시,714호,2,35.8018059,126.909389,35.79818967,126.913261,-0.003871993,0.003616223,136.9562577
11440-7,서울특별시(마포구),시도,서울특별시 마포구,토정로,0.04,37.5456056,126.9104059,37.54345512,126.9142735,-0.003867625,0.002150475,150.9250833
11440-46,서울특별시(마포구),구도,서울특별시 마포구,"성미산로5안길, 월드컵북로15안길",0.2,37.56271977,126.9109774,37.56271977,126.9109774,0,0,NaN
11560-8,서울특별시(영등포구),구도,서울특별시 영등포구,신길4동 주민센터앞,0.17,37.50840751,126.9112652,37.50802006,126.912006,-0.000740809,0.000387447,152.3902298
41270-1,경기도(안산시),일반국도,경기도 안산시,국도42호선,0.5,37.298935,126.9121708,37.29785843,126.9175767,-0.005405932,0.001076568,168.737137
11000-33,서울특별시(강서도로사업소),시도,서울특별시 영등포구,영등포 지하차도,0.5,37.51615463,126.9122698,37.51783488,126.9120185,0.00025131,-0.001680252,278.5064951
44000-1,충청남도(본청),위임국도,충청남도 예산군,32호선,7,36.59106,126.912308,36.542829,126.945165,-0.032857,0.048231,124.2643486
60300-55,국토관리청(대전청),위임국도,충청남도 예산군,32,7,36.59106,126.912308,36.542829,126.945165,,,
41280-6,경기도(고양시),지방도,경기도 고양시,국지도78우회,0.6,37.74722768,126.9123452,37.74561694,126.9128119,-0.000466722,0.001610743,106.1592578
44150-3,충청남도(공주시),시도,충청남도 공주시,시도14호선,1,36.47646918,126.9125297,36.47029579,126.9039883,0.008541461,0.006173391,35.85774283
11560-2,서울특별시(영등포구),구도,서울특별시 영등포구,신길로42길,0.3,37.507512,126.912617,37.508456,126.910968,0.001649,-0.000944,330.2102366
45140-8,전라북도(익산시),지방도,전북특별자치도 익산시,723호선,1,36.07110947,126.9135093,36.07881893,126.9117823,0.001726988,-0.007709457,282.6263286
45140-1,전라북도(익산시),지방도,전북특별자치도 익산시,지723,1,36.07110947,126.9135093,36.07962463,126.9115299,0.001979371,-0.008515157,283.0861588
11000-36,서울특별시(강서도로사업소),시도,서울특별시 영등포구,가마산로,0.7,37.50489773,126.9138908,37.50493933,126.9172694,-0.003378539,-4.16049E-05,180.7055312
11440-2,서울특별시(마포구),시도,서울특별시 마포구,모래내로,0.24,37.5660655,126.914043,37.5667649,126.9201432,-0.0061002,-0.0006994,186.5405157
11560-6,서울특별시(영등포구),구도,서울특별시 영등포구,가마산로,0.7,37.50501122,126.9141254,37.50417476,126.9169822,-0.002856834,0.000836457,163.6804216
41170-3,경기도(안양시),지방도,경기도 안양시,예술공원고가차도,0.5,37.41633723,126.9149435,37.4139611,126.9194174,-0.004473969,0.002376125,152.0272233
11440-8,서울특별시(마포구),시도,서울특별시 마포구,모래내로,0.18,37.567144,126.915047,37.569291,126.917605,-0.002558,-0.002147,220.007664
11560-1,서울특별시(영등포구),구도,서울특별시 영등포구,가마산로79길,0.4,37.504529,126.915907,37.506914,126.917486,-0.001579,-0.002385,236.4932695
11560-14,서울특별시(영등포구),구도,서울특별시 영등포구,신길동 해군성당,0.12,37.5089469,126.9163923,37.50907577,126.9152804,0.001111925,-0.000128873,353.3888944
45210-28,전라북도(김제시),지방도,전북특별자치도 김제시,714호,0.8,35.74830867,126.9165074,35.74578711,126.9199552,-0.003447828,0.00252156,143.8202247
11560-7,서울특별시(영등포구),구도,서울특별시 영등포구,신길자이아파트 입구,0.24,37.50611776,126.916861,37.50727025,126.9173493,-0.000488201,-0.001152494,247.0423036
41480-1,경기도(파주시),지방도,경기도 파주시,지방도371호선,0.42,37.97962295,126.917329,37.98261819,126.9176966,-0.000367554,-0.002995236,263.0040553
46790-9,전라남도(화순군),지방도,전라남도 화순군,818,0.3,34.92917998,126.9174131,34.92883213,126.9142632,0.003149931,0.000347843,6.301571106
29155-5,광주광역시(남구),지방도,광주광역시 남구,용산터널,0.5,35.12174149,126.9181193,35.11639508,126.9194125,-0.001293215,0.005346411,103.5977895
29170-26,광주광역시(북구),지방도,광주광역시 북구,서하로,1,35.18209722,126.9190709,35.18233405,126.9254213,-0.006350431,-0.000236832,182.1357863
11000-35,서울특별시(강서도로사업소),시도,서울특별시 영등포구,국회앞지하차도,0.1,37.52599124,126.919157,37.52333582,126.9233464,-0.00418934,0.00265543,147.6312686
11000-87,서울특별시(서부도로사업소),시도,서울특별시 은평구,통일로,0.39,37.6283095,126.919539,37.62475909,126.9200457,-0.000506764,0.003550414,98.12317024
29170-25,광주광역시(북구),지방도,광주광역시 북구,동문대로,6.7,35.16516385,126.9195688,35.21524564,126.9496508,-0.030082032,-0.050081789,239.0085266
45210-55,전라북도(김제시),지방도,전북특별자치도 김제시,716,1,35.81213761,126.9205879,35.81709925,126.9304541,-0.009866212,-0.004961637,206.6974456
45210-16,전라북도(김제시),지방도,전북특별자치도 김제시,716호,1.5,35.81213034,126.9206966,35.81643485,126.9290427,-0.008346085,-0.004304509,207.2825047
11620-15,서울특별시(관악구),시도,서울특별시 관악구,난곡로,0.23,37.47377286,126.9208496,37.47497193,126.9226831,-0.00183354,-0.001199066,213.1831796
45210-41,전라북도(김제시),지방도,전북특별자치도 김제시,714,0.6,35.74496548,126.9210877,35.7483455,126.9163927,0.004694961,-0.003380021,324.2489341
60100-18,국토관리청(서울청),일반국도,경기도 화성시,82호선,5,37.149006,126.921931,37.107682,126.924991,-0.00306,0.041324,94.23496479
11560-15,서울특별시(영등포구),구도,서울특별시 영등포구,신길7 공영주차장 앞,0.1,37.50829865,126.9219362,37.50765236,126.9226213,-0.000685061,0.000646283,136.6683844
29170-28,광주광역시(북구),지방도,광주광역시 북구,면앙로,1.1,35.17788826,126.9223719,35.17642167,126.9279337,-0.005561832,0.001466598,165.2279406
45210-13,전라북도(김제시),농어촌도로,전북특별자치도 김제시,면106호,0.5,35.85690659,126.9229303,35.8566818,126.9230392,-0.000108948,0.000224787,115.8581238
41280-4,경기도(고양시),지방도,경기도 고양시,서울외곽우회,1,37.71814243,126.9230872,37.71467507,126.909599,0.013488217,0.003467364,14.41664955
41480-1,경기도(파주시),국지도,경기도 파주시,56호선,0.21,37.85043051,126.9241131,37.85086857,126.9266265,-0.002513409,-0.000438062,189.8867725
11440-45,서울특별시(마포구),구도,서울특별시 마포구,토정로11길,0.12,37.54607055,126.9243686,37.54573253,126.9257023,-0.001333679,0.000338023,165.7778023
44790-22,충청남도(청양군),군도,충청남도 청양군,2,2,36.41594139,126.9248554,36.41846137,126.9398009,-0.014945431,-0.002519978,189.5707302
11440-36,서울특별시(마포구),구도,서울특별시 마포구,토정로11길,0.1,37.54580837,126.9254933,37.54575165,126.9244399,0.001053452,5.67155E-05,3.081703106
11440-17,서울특별시(마포구),구도,서울특별시 마포구,독막로,0.11,37.54791041,126.9256135,37.54858992,126.9259062,-0.000292718,-0.000679508,246.6946557
11620-17,서울특별시(관악구),시도,서울특별시 관악구,쑥고개로(신림2교교차로~쑥고개로 51-1(관악성모의원)),0.67,37.46115761,126.92577,37.4647658,126.926677,-0.000906943,-0.003608189,255.8906132
44790-22,충청남도(청양군),군도,충청남도 청양군,11,0.14,36.37172309,126.9259823,36.37036988,126.9271205,-0.00113815,0.001353218,130.0661449
41480-1,경기도(파주시),시도,경기도 파주시,시도44호선,0.77,37.8511845,126.9261467,37.85614421,126.9324984,-0.006351685,-0.004959705,217.9844552
11000-75,서울특별시(서부도로사업소),시도,서울특별시 마포구,강변북로,0.25,37.543843,126.9268446,37.54322066,126.9288172,-0.00197261,0.000622335,162.490144
46790-1,전라남도(화순군),지방도,전라남도 화순군,818,0.7,34.92719676,126.927125,34.9291204,126.9232089,0.003916088,-0.001923635,333.839112
41410-1,경기도(군포시),시도,경기도 군포시,"시도 26,27호선",1.15,37.37213115,126.9275156,37.37086088,126.9338899,-0.00637434,0.001270271,168.7298065
41410-1,경기도(군포시),시도,경기도 군포시,7호선,1.1,37.35072902,126.9292075,37.34805306,126.9398956,-0.010688082,0.002675964,165.943861
11000-76,서울특별시(서부도로사업소),시도,서울특별시 마포구,강변북로,0.26,37.54303848,126.9292114,37.54228844,126.9309606,-0.001749183,0.000750043,156.7905427
45210-19,전라북도(김제시),농어촌도로,전북특별자치도 김제시,비법정도로,0.1,35.77161584,126.9292149,35.77179987,126.931612,-0.002397099,-0.00018403,184.3901074
11440-47,서울특별시(마포구),구도,서울특별시 마포구,서강로1길,0.13,37.54918911,126.9292688,37.54880317,126.9309282,-0.001659463,0.000385939,166.907522
70100-97,한국도로공사(한국도로공사),고속국도,광주광역시 북구,25호선,3,35.20109486,126.9297864,35.1824794,126.9171047,0.012681736,0.018615459,55.73544776
11440-20,서울특별시(마포구),구도,서울특별시 마포구,와우산로30길,0.13,37.55444271,126.9301735,37.55327264,126.9298673,0.000306218,0.001170067,75.33406141
41170-1,경기도(안양시),지방도,경기도 안양시,비산고가차도,0.4,37.39676893,126.9301742,37.39547124,126.9277667,0.002407511,0.001297694,28.32550641
41480-1,경기도(파주시),국지도,경기도 파주시,56호선,0.72,37.8514668,126.9302507,37.85216239,126.9340311,-0.003780452,-0.00069559,190.4256101
45180-3,전라북도(정읍시),지방도,전북특별자치도 정읍시,국지49호(추령재),1.9,35.49139549,126.9311037,35.4806986,126.9281781,0.002925678,0.010696886,74.70328604
41480-1,경기도(파주시),지방도,경기도 파주시,지방도371호선,0.17,37.94755802,126.9319209,37.94897185,126.9254793,0.006441639,-0.001413827,347.6208623
41590-1,경기도(화성시),국지도,경기도 화성시,국지도98호선,0.23,37.24355303,126.932212,37.24356754,126.9352464,-0.003034404,-1.45109E-05,180.273993
11440-28,서울특별시(마포구),구도,서울특별시 마포구,신수로,0.05,37.54403528,126.9328099,37.54403528,126.9328099,0,0,NaN
45180-2,전라북도(정읍시),위임국도,전북특별자치도 정읍시,국도29호(방산재),1.9,35.53734243,126.9335808,35.53748771,126.9428108,-0.009230048,-0.000145279,180.9017502
11620-18,서울특별시(관악구),구도,서울특별시 관악구,당곡2길,0.14,37.49267384,126.9339053,37.49281062,126.9349126,-0.001007315,-0.000136775,187.7324403
45210-58,전라북도(김제시),위임국도,전북특별자치도 김제시,26호,1.2,35.90848752,126.93408,35.91363551,126.9317713,0.002308663,-0.005147983,294.154315
70100-78,한국도로공사(한국도로공사),고속국도,충청남도 청양군,151호선,1.24,36.36549746,126.9341029,36.37142091,126.9452826,-0.011179633,-0.005923455,207.9165854
29170-40,광주광역시(북구),지방도,광주광역시 북구,탁영로,0.3,35.16656132,126.9342725,35.16641621,126.9369671,-0.002694666,0.000145108,176.9175967
11440-21,서울특별시(마포구),구도,서울특별시 마포구,신수로,0.12,37.54984845,126.9343711,37.54979906,126.93522,-0.000848866,4.93937E-05,176.6698362
11001-19,서울특별시(시설공단),시도,서울특별시 서대문구,내부순환로,2,37.58653806,126.9355515,37.59285706,126.9548307,-0.019279136,-0.006319003,198.1472707
45210-27,전라북도(김제시),일반국도,전북특별자치도 김제시,21호,0.1,35.88447673,126.9355596,35.88457476,126.9332474,0.002312209,-9.80287E-05,357.5723359
11440-19,서울특별시(마포구),구도,서울특별시 마포구,"서강로16길, 18길, 20길",0.07,37.55319611,126.9359198,37.55319611,126.9359198,0,0,NaN
41170-5,경기도(안양시),지방도,경기도 안양시,명학육교앞(안양로),0.5,37.38325767,126.9364441,37.38339763,126.9351247,0.001319456,-0.00013996,353.9450482
41170-7,경기도(안양시),지방도,경기도 안양시,비산 지하차도,0.8,37.3972669,126.9369477,37.39996107,126.9302005,0.006747243,-0.002694161,338.2332727
11440-5,서울특별시(마포구),시도,서울특별시 마포구,백범로,0.3,37.55463058,126.9369514,37.551267,126.937676,-0.000724587,0.003363578,102.1569541
45210-50,전라북도(김제시),군도,전북특별자치도 김제시,　10호,0.5,35.83592544,126.9369987,35.83596338,126.9379032,-0.000904482,-3.79317E-05,182.4014375
11440-41,서울특별시(마포구),구도,서울특별시 마포구,독막로28길,0.06,37.54690004,126.9371567,37.54690004,126.9371567,0,0,NaN
11380-6,서울특별시(은평구),시도,서울특별시 은평구,연서로,1.6,37.64094174,126.9374463,37.65040569,126.9364113,0.001034969,-0.009463953,276.2410104
44200-6,충청남도(아산시),시도,충청남도 아산시,12호,2,36.71686793,126.9375377,36.71649893,126.943235,-0.005697308,0.000369003,176.294246
46790-3,전라남도(화순군),지방도,전라남도 화순군,839,0.3,34.83444975,126.9377664,34.83166068,126.9370162,0.000750278,0.002789074,74.94351625
11440-23,서울특별시(마포구),구도,서울특별시 마포구,"신촌로20길, 고산2길",0.16,37.55436743,126.9382561,37.55376492,126.9394296,-0.001173491,0.000602509,152.8225336
45210-51,전라북도(김제시),지방도,전북특별자치도 김제시,702,0.5,35.84723696,126.9386608,35.84684174,126.9413848,-0.002724014,0.000395226,171.7445854
41410-1,경기도(군포시),시도,경기도 군포시,50호선,0.68,37.33489871,126.9397239,37.33112741,126.9444975,-0.004773597,0.003771297,141.6901159
45210-45,전라북도(김제시),농어촌도로,전북특별자치도 김제시,면도 109,0.3,35.87654926,126.9411446,35.87771126,126.944528,-0.003383367,-0.001161998,198.9547431
11440-32,서울특별시(마포구),구도,서울특별시 마포구,큰우물로2길,0.2,37.54271014,126.941338,37.54271014,126.941338,0,0,NaN
11000-74,서울특별시(서부도로사업소),시도,서울특별시 마포구,강변북로,0.26,37.53639641,126.9416735,37.53573608,126.9433718,-0.001698341,0.000660332,158.7534314
41480-1,경기도(파주시),지방도,경기도 파주시,지방도371호선,0.14,37.94605966,126.9419121,37.94312805,126.9442922,-0.002380067,0.002931611,129.0718664
11000-72,서울특별시(서부도로사업소),시도,서울특별시 마포구,강변북로,0.2,37.53780809,126.9419535,37.5377339,126.9427911,-0.000837596,7.41918E-05,174.9381222
11440-24,서울특별시(마포구),구도,서울특별시 마포구,"신촌로26길, 고산2길",0.14,37.55538025,126.9428029,37.55490574,126.9427638,3.90912E-05,0.000474509,85.29047253
41410-2,경기도(군포시),시도,경기도 군포시,시도 38호선,1.04,37.3553762,126.9430146,37.34809084,126.9403335,0.002681034,0.007285366,69.79624892
11000-78,서울특별시(서부도로사업소),시도,서울특별시 서대문구,봉원고가도로,0.8,37.56267238,126.9431444,37.56805465,126.9480284,-0.004884021,-0.005382262,227.7784812
11440-30,서울특별시(마포구),구도,서울특별시 마포구,마포대로4가길,0.07,37.537366,126.9441093,37.53709434,126.9449348,-0.000825426,0.000271658,161.782955
11440-22,서울특별시(마포구),구도,서울특별시 마포구,고산길,0.13,37.55458012,126.9443258,37.55429967,126.9455766,-0.00125079,0.000280458,167.3619297
29170-31,광주광역시(북구),지방도,광주광역시 북구,무등로,4,35.15952052,126.9448948,35.15722171,126.9735805,-0.028685722,0.002298808,175.4182392
41480-1,경기도(파주시),지방도,경기도 파주시,371호선,0.28,37.92669938,126.9453446,37.92901713,126.9455709,-0.000226321,-0.002317744,264.4229067
41480-1,경기도(파주시),지방도,경기도 파주시,지방도371호선,0.18,37.92968759,126.9454186,37.93166897,126.9464483,-0.001029725,-0.001981378,242.5390428
41630-9,경기도(양주시),시도,경기도 양주시,시도39호선,0.5,37.83174635,126.9454709,37.82890331,126.9363121,0.00915884,0.002843041,17.24512727
41480-1,경기도(파주시),지방도,경기도 파주시,지방도371호선,0.2,37.92740123,126.9456284,37.92894541,126.9455704,5.80202E-05,-0.001544178,272.1517909
41480-1,경기도(파주시),지방도,경기도 파주시,지방도371호선,0.23,37.93956335,126.9461922,37.94164126,126.9424451,0.003747133,-0.002077912,330.9901492
11440-37,서울특별시(마포구),구도,서울특별시 마포구,대흥로24길,0.15,37.5545208,126.946656,37.55474699,126.9481799,-0.001523891,-0.00022619,188.4427352
11440-42,서울특별시(마포구),구도,서울특별시 마포구,대흥로24길,0.16,37.5545208,126.946656,37.55474699,126.9481799,-0.001523891,-0.00022619,188.4427352
41480-1,경기도(파주시),지방도,경기도 파주시,지방도371호선,0.17,37.92547156,126.9470116,37.92651666,126.9460915,0.000920022,-0.0010451,311.3580894
11440-27,서울특별시(마포구),구도,서울특별시 마포구,숭문6길,0.08,37.55000837,126.947178,37.54951908,126.9480847,-0.000906702,0.000489292,151.6469671
11440-38,서울특별시(마포구),구도,서울특별시 마포구,백범로25길,0.17,37.54790162,126.9472721,37.54904019,126.947871,-0.000598881,-0.001138568,242.2558597
11440-30,서울특별시(마포구),구도,서울특별시 마포구,삼개로,0.23,37.53735291,126.9475609,37.53735291,126.9475609,0,0,NaN
41630-6,경기도(양주시),국지도,경기도 양주시,갈곡터널,0.5,37.85123067,126.947649,37.85159546,126.9421519,0.005497167,-0.000364786,356.2034843
11380-8,서울특별시(은평구),시도,서울특별시 은평구,진흥로,1,37.61006671,126.9476868,37.61016394,126.9393647,0.008322022,-9.72239E-05,359.3306598
11440-34,서울특별시(마포구),구도,서울특별시 마포구,백범로25길,0.11,37.55016654,126.9481473,37.55016654,126.9481473,0,0,NaN
29170-27,광주광역시(북구),지방도,광주광역시 북구,석곡로,1.4,35.21445714,126.9490691,35.16211835,126.9618947,-0.012825601,0.052338795,103.7689815
41480-1,경기도(파주시),지방도,경기도 파주시,371호선,0.41,37.92517806,126.9495492,37.92855145,126.9474814,0.002067855,-0.003373395,301.5078565
11440-16,서울특별시(마포구),구도,서울특별시 마포구,마포대로11길,0.11,37.54893022,126.9496543,37.54893022,126.9496543,0,0,NaN
29170-39,광주광역시(북구),지방도,광주광역시 북구,민주로,2.2,35.21600348,126.9497488,35.23157083,126.9423917,0.007357078,-0.015567352,295.2952595
41480-1,경기도(파주시),시도,경기도 파주시,시도53호선,2.7,37.924119,126.9498711,37.92727968,126.9455765,0.004294587,-0.003160682,323.6480939
11000-55,서울특별시(서부도로사업소),시도,서울특별시 용산구,강변북로,0.3,37.53148949,126.9498739,37.53014005,126.9513473,-0.001473416,0.001349443,137.5146698
41430-12,경기도(의왕시),시도,경기도 의왕시,왕송교,0.6,37.326436,126.94995,37.324034,126.947064,0.002886,0.002402,39.77040353
11440-4,서울특별시(마포구),시도,서울특별시 마포구,백범로,0.5,37.54298187,126.9502095,37.54157652,126.9562126,-0.006003106,0.001405353,166.8240957
41110-27,경기도(수원시),시도,경기도 수원시,권선로,0.37,37.26195508,126.9502467,37.2616668,126.9544354,-0.00418867,0.000288279,176.0629169
11440-3,서울특별시(마포구),시도,서울특별시 마포구,만리재로,1.33,37.542782,126.9502731,37.54510699,126.9520285,-0.001755326,-0.002324987,232.9478123
41110-10,경기도(수원시),지방도,경기도 수원시,권선구 호매실지하차도,0.3,37.26191985,126.9503976,37.26121292,126.9639062,-0.0135086,0.00070693,177.0043387
11440-31,서울특별시(마포구),구도,서울특별시 마포구,마포대로7길,0.1,37.54876177,126.9504591,37.54844533,126.9507497,-0.000290582,0.000316439,132.560925
45210-24,전라북도(김제시),군도,전북특별자치도 김제시,10호,0.4,35.8366881,126.950556,35.83662775,126.9514373,-0.000881338,6.03485E-05,176.0828598
41170-9,경기도(안양시),지방도,경기도 안양시,범계 지하차도,0.1,37.38629502,126.9507495,37.39081267,126.9458803,0.004869275,-0.004517649,317.145246
11000-105,서울특별시(서부도로사업소),시도,서울특별시 용산구,원효로,0.58,37.52963269,126.9508219,37.53297449,126.9565151,-0.005693194,-0.003341793,210.412096
41480-1,경기도(파주시),지방도,경기도 파주시,지방도371호선,0.13,37.92409709,126.9509849,37.92498811,126.9498467,0.001138183,-0.000891019,321.9446212
45210-43,전라북도(김제시),지방도,전북특별자치도 김제시,714,0.1,35.79657398,126.9509885,35.79685308,126.9496417,0.001346839,-0.000279101,348.2924915
11620-16,서울특별시(관악구),시도,서울특별시 관악구,은천로(은천삼거리~현대시장교차로),0.4,37.49131311,126.9511648,37.48648904,126.9520284,-0.000863597,0.004824069,100.1494884
11000-56,서울특별시(서부도로사업소),시도,서울특별시 용산구,강변북로,0.3,37.52991586,126.9514376,37.52793772,126.9529892,-0.001551544,0.001978147,128.1085817
44790-19,충청남도(청양군),군도,충청남도 청양군,10,0.14,36.35767309,126.9535404,36.35670742,126.9546119,-0.001071463,0.000965669,137.9728348
45210-23,전라북도(김제시),지방도,전북특별자치도 김제시,735호,0.2,35.73782791,126.9544963,35.73930718,126.9541929,0.000303373,-0.001479266,281.5897257
11440-39,서울특별시(마포구),구도,서울특별시 마포구,새창로8길,0.17,37.54019215,126.9554155,37.54019215,126.9554155,0,0,NaN
11440-43,서울특별시(마포구),구도,서울특별시 마포구,새창로8길,0.13,37.54019215,126.9554155,37.54019215,126.9554155,0,0,NaN
11000-103,서울특별시(서부도로사업소),시도,서울특별시 서대문구,성산로,0.45,37.57112979,126.9554354,37.57192809,126.9596752,-0.004239877,-0.000798303,190.6630634
60400-11,국토관리청(익산청),일반국도,전라남도 담양군,29호선,1,35.228925,126.956536,35.220265,126.954314,0.002222,0.00866,75.6093734
11000-108,서울특별시(남부도로사업소),시도,서울특별시 관악구,관악로,0.55,37.49071352,126.9569288,37.48672722,126.9567443,0.000184495,0.003986305,87.35012173
11000-77,서울특별시(서부도로사업소),시도,서울특별시 서대문구,현저고가도로,0.52,37.57115963,126.9570714,37.57243591,126.9623307,-0.0052593,-0.001276278,193.6403316
60400-13,국토관리청(익산청),일반국도,전북특별자치도 정읍시,1호선,2,35.663175,126.957128,35.6576,126.936459,0.020669,0.005575,15.09502783
11110-11,서울특별시(종로구),구도,서울특별시 종로구,홍지문길(상명대),0.38,37.59996333,126.9573442,37.60175975,126.955206,0.00213822,-0.001796425,319.9647136
41170-8,경기도(안양시),지방도,경기도 안양시,호계 지하차도 ,0.9,37.37350574,126.9575418,37.36667693,126.9582452,-0.000703394,0.006828817,95.88094072
11440-18,서울특별시(마포구),구도,서울특별시 마포구,마포대로24길,0.13,37.55436053,126.9579519,37.55396044,126.9590504,-0.001098563,0.000400089,159.9887068
41430-9,경기도(의왕시),시도,경기도 의왕시,월암교,0.2,37.306237,126.958064,37.30489,126.956031,0.002033,0.001347,33.52716628
11440-15,서울특별시(마포구),구도,서울특별시 마포구,효창목4길,0.26,37.54732387,126.9593874,37.54734216,126.960431,-0.001043596,-1.82947E-05,181.0043186
11440-29,서울특별시(마포구),구도,서울특별시 마포구,환일길,0.14,37.55670513,126.9598266,37.55584051,126.960603,-0.000776438,0.000864626,131.9239783
41000-1,경기도(본청),지방도,경기도 의왕시,지방도309호선,0.23,37.30141781,126.9602934,37.30285475,126.9622431,-0.001949715,-0.001436935,216.3901243
41630-1,경기도(양주시),위임국도,경기도 양주시,말머리고개,1.5,37.77333485,126.9608782,37.76220298,126.9663678,-0.005489594,0.011131872,116.2498444
44000-28,충청남도(본청),군도,충청남도 청양군,13,0.6,36.38173237,126.9608915,36.37622718,126.9619253,-0.001033804,0.005505185,100.6355608
41280-7,경기도(고양시),지방도,경기도 고양시,지방도371우회,1,37.68325448,126.960998,37.69063133,126.9636749,-0.0026769,-0.00737685,250.0552558
11440-40,서울특별시(마포구),구도,서울특별시 마포구,손기정로,0.11,37.55682493,126.9615205,37.55600057,126.9625682,-0.001047689,0.000824353,141.8032862
46790-13,전라남도(화순군),농어촌도로,전라남도 화순군,리도 202,0.08,34.87681388,126.9615663,34.87720979,126.9608667,0.000699677,-0.000395909,330.4968402
11440-33,서울특별시(마포구),구도,서울특별시 마포구,환일길,0.13,37.55157394,126.9621581,37.552519,126.9615119,0.000646244,-0.000945062,304.3647605
60400-9,국토관리청(익산청),일반국도,전라남도 화순군,22호선,2,35.08303,126.962406,35.068916,126.97563,-0.013224,0.014114,133.1353705
11000-106,서울특별시(북부도로사업소),시도,서울특별시 종로구,사직로,0.18,37.57252035,126.9625306,37.57250231,126.9605902,0.001940405,1.80441E-05,0.532785787
41430-8,경기도(의왕시),시도,경기도 의왕시,이동고개,0.2,37.335524,126.963227,37.340077,126.969907,-0.00668,-0.004553,214.277827
41170-10,경기도(안양시),지방도,경기도 안양시,덕고개 주변,0.8,37.37225944,126.9633642,37.37514539,126.9677592,-0.004395067,-0.002885945,213.2902112
45210-20,전라북도(김제시),지방도,전북특별자치도 김제시,712호,0.1,35.75337367,126.9635311,35.75311811,126.9649611,-0.001430024,0.000255568,169.8673227
41430-11,경기도(의왕시),시도,경기도 의왕시,시도로,0.75,37.372444,126.965111,37.365869,126.967109,-0.001998,0.006575,106.90289
11110-6,서울특별시(종로구),시도,서울특별시 종로구,북악산로,3.9,37.59269938,126.9657277,37.60772886,126.9863074,-0.020579628,-0.015029477,216.1409722
11110-2,서울특별시(종로구),시도,서울특별시 종로구,북악산로,2.64,37.592354,126.96611,37.601653,126.980606,-0.014496,-0.009299,212.6796566
41000-1,경기도(본청),지방도,경기도 의왕시,지방도309호선,0.23,37.31859842,126.966181,37.32169366,126.9657928,0.000388135,-0.003095237,277.1474353
45210-44,전라북도(김제시),농어촌도로,전북특별자치도 김제시,면101,0.1,35.77124746,126.9663197,35.77229777,126.9657653,0.000554391,-0.001050317,297.8265214
11000-109,서울특별시(남부도로사업소),시도,서울특별시 관악구,남부순환로,0.95,37.47551616,126.9669147,37.47640185,126.9772172,-0.010302486,-0.000885685,184.9135287
60300-30,국토관리청(대전청),일반국도,충청남도 아산시,21호선,6,36.753365,126.967359,36.766298,126.92464,0.042719,-0.012933,343.1565296
11110-1,서울특별시(종로구),시도,서울특별시 종로구,인왕산로,2.6,37.57478,126.967399,37.592354,126.96611,0.001289,-0.017574,274.1949611
11110-7,서울특별시(종로구),시도,서울특별시 종로구,인왕산로,2.7,37.57475971,126.9674129,37.59306746,126.966286,0.001126879,-0.01830775,273.5222272
44790-15,충청남도(청양군),군도,충청남도 청양군,12,1,36.42907989,126.9676753,36.43472064,126.9735732,-0.005897953,-0.005640748,223.7230529
46790-12,전라남도(화순군),농어촌도로,전라남도 화순군,면도 207,1.7,34.95073433,126.9690538,34.94176857,126.9825562,-0.013502435,0.00896576,146.4154167
41590-3,경기도(화성시),시도,경기도 화성시,시도70호선,0.6,37.21722078,126.9695639,37.22013971,126.9759333,-0.00636944,-0.002918926,204.6205857
70204-2,민자고속도로(서울고속도로(주)),고속국도,경기도 양주시,100호선,0.29,37.70910487,126.9696503,37.7111292,126.9721421,-0.002491772,-0.002024328,219.0905793
41110-11,경기도(수원시),시도,경기도 수원시,서부로(고색교),5.8,37.28391238,126.9697368,37.2352892,126.9829717,-0.013234945,0.048623176,105.226685
41110-15,경기도(수원시),시도,경기도 수원시,권선구 상구운지하차도,5.8,37.29077398,126.9698748,37.23410079,126.9835474,-0.013672557,0.056673193,103.5635758
44200-1,충청남도(아산시),농어촌도로,충청남도 아산시,마을도로,0.5,36.71814933,126.9725832,36.71814933,126.9725832,0,0,NaN
41170-6,경기도(안양시),지방도,경기도 안양시,평촌 지하차도,0.7,37.38498869,126.9725883,37.39047871,126.9737957,-0.001207383,-0.005490025,257.5967822
41110-19,경기도(수원시),시도,경기도 수원시,장안구 밤밭고가차도,1.04,37.30072864,126.9727934,37.29077415,126.9698748,0.002918531,0.009954486,73.65951966
70100-79,한국도로공사(한국도로공사),고속국도,충청남도 청양군,151호선,1.2,36.38536499,126.9739004,36.39231467,126.9841037,-0.010203278,-0.006949676,214.2596341
41800-11,경기도(연천군),지방도,경기도 연천군,지방도372호선,1.5,38.0370734,126.9742258,38.03813619,126.9625058,0.011719931,-0.001062792,354.8184513
41430-7,경기도(의왕시),시도,경기도 의왕시,시도로,1.3,37.381482,126.975247,37.383751,126.978194,-0.002947,-0.002269,217.593952
41000-1,경기도(본청),지방도,경기도 의왕시,지방도309호선,0.5,37.33839103,126.9752852,37.34193442,126.978967,-0.003681853,-0.003543388,223.9021163
11110-9,서울특별시(종로구),구도,서울특별시 종로구,중앙지하차로,0.21,37.57423201,126.9759519,37.57436388,126.977619,-0.001667128,-0.000131873,184.5227716
11140-14,서울특별시(중구),시도,서울특별시 중구,소월로,0.2,37.55531191,126.9768024,37.5539861,126.9789735,-0.00217115,0.001325815,148.5896205
11140-13,서울특별시(중구),시도,서울특별시 중구,소파로,1.6,37.55612072,126.9771082,37.56080314,126.9881894,-0.01108119,-0.004682421,202.9067706
41430-13,경기도(의왕시),지방도,경기도 의왕시,위인로,0.14,37.3456534,126.9776144,37.34463541,126.9781795,-0.000565074,0.001017992,119.0340691
11001-20,서울특별시(시설공단),시도,서울특별시 종로구,내부순환로,3.7,37.60612443,126.9789129,37.60428589,127.0295373,-0.050624419,0.001838544,177.9200842
41800-3,경기도(연천군),지방도,경기도 연천군,지방도372호선,1.5,38.02671705,126.9789851,38.02554998,126.9732031,0.005782047,0.001167074,11.4115085
41000-1,경기도(본청),지방도,경기도 의왕시,지방도309호선,0.65,37.34289995,126.9794985,37.33825387,126.9793581,0.000140323,0.004646087,88.27005107
29170-37,광주광역시(북구),지방도,광주광역시 북구,송강로,2,35.16189506,126.9796442,35.18668611,127.0026528,-0.023008659,-0.024791048,227.1354953
11110-8,서울특별시(종로구),시도,서울특별시 종로구,삼청로,2,37.58135212,126.9805077,37.58769085,126.9835329,-0.003025257,-0.006338728,244.4864635
41430-6,경기도(의왕시),시도,경기도 의왕시,시도로,0.9,37.35168076,126.9820229,37.351125,126.979799,0.002223935,0.000555765,14.0309399
41110-23,경기도(수원시),시도,경기도 수원시,장안구 이목서거리~밤꽃사거리,1.4,37.31629709,126.9822558,37.30591822,126.9726098,0.009646,0.01037887,47.09597493
11590-33,서울특별시(동작구),시도,서울특별시 동작구,이수고가차도,0.8,37.50144662,126.9824541,37.49883492,126.9912436,-0.00878953,0.002611703,163.4513166
11000-88,서울특별시(서부도로사업소),시도,서울특별시 중구,소공로,0.3,37.55854018,126.9829005,37.55642973,126.9830243,-0.000123872,0.002110447,93.35909783
41430-2,경기도(의왕시),시도,경기도 의왕시,문화의거리,1.3,37.378479,126.983386,37.378809,126.9969523,-0.0135663,-0.00033,181.393444
11110-10,서울특별시(종로구),구도,서울특별시 종로구,북촌로(감사원),0.4,37.58734339,126.9834107,37.58506748,126.985303,-0.001892265,0.002275909,129.7412348
46790-2,전라남도(화순군),지방도,전라남도 화순군,839,0.15,34.88104049,126.986439,34.88110357,126.9880322,-0.001593285,-6.30851E-05,182.2674044
45210-61,전라북도(김제시),지방도,전북특별자치도 김제시,712호,0.5,35.73634605,126.986598,35.73366914,126.9876593,-0.00106131,0.002676914,111.6267284
60300-37,국토관리청(대전청),일반국도,충청남도 아산시,39호선,1,36.661257,126.986942,36.652862,126.982976,0.003966,0.008395,64.71282256
41110-21,경기도(수원시),시도,경기도 수원시,장안구 지지대고개교차로,1.18,37.32383738,126.9869644,37.31380518,126.9885688,-0.001604414,0.010032205,99.08616542
11000-107,서울특별시(남부도로사업소),시도,서울특별시 서초구,과천대로,0.7,37.46254442,126.9879181,37.45884672,126.9880353,-0.000117213,0.003697695,91.81561047
11650-25,서울특별시(서초구),구도,서울특별시 서초구,도구로5길,0.1,37.48116788,126.9880509,37.48065002,126.9878995,0.000151391,0.000517861,73.70430745
11000-82,서울특별시(서부도로사업소),시도,서울특별시 중구,퇴계로,0.13,37.56110975,126.9883983,37.56121996,126.9898666,-0.001468327,-0.000110212,184.2925523
11110-5,서울특별시(종로구),구도,서울특별시 종로구,와룡공원길,0.95,37.58934358,126.9892832,37.58615777,126.9848765,0.004406686,0.003185807,35.86498942
41110-9,경기도(수원시),도시계획도로,경기도 수원시,팔달구 화서교,0.2,37.28537936,126.9894619,37.28612493,126.9890671,0.0003948,-0.00074557,297.9024612
41800-10,경기도(연천군),지방도,경기도 연천군,지방도372호선,0.7,38.02787828,126.9897191,38.02578682,126.9852115,0.004507547,0.002091455,24.89081104
41110-3,경기도(수원시),지방도,경기도 수원시,팔달구 화산지하차도,0.3,37.28620164,126.9904682,37.28504802,126.9873532,0.003115,0.00115362,20.32178293
11290-15,서울특별시(성북구),구도,서울특별시 성북구,성북로31길,0.85,37.59461384,126.9909035,37.59172488,126.9897174,0.001186137,0.002888957,67.6781053
70100-117,한국도로공사(한국도로공사),고속국도,전라남도 장흥군,10호선,1,34.7562553,126.9912159,34.76248637,126.9989821,-0.00776624,-0.00623107,218.7410399
41430-14,경기도(의왕시),지방도,경기도 의왕시,이미로,0.13,37.40233245,126.9913601,37.40149745,126.989925,0.001435103,0.000834997,30.19245565
60400-12,국토관리청(익산청),일반국도,전라남도 화순군,29호선,4,34.906693,126.991382,34.87509,127.000199,-0.008817,0.031603,105.5887037
11650-55,서울특별시(서초구),구도,서울특별시 서초구,방배중앙로3길,0.15,37.48153829,126.9925815,37.48098628,126.9911264,0.001455148,0.000552007,20.77410608
11000-104,서울특별시(서부도로사업소),시도,서울특별시 중구,삼일대로,0.7,37.55611352,126.9927462,37.56058034,126.9895258,0.003220445,-0.004466817,305.7905079
41110-17,경기도(수원시),시도,경기도 수원시,권선로,1,37.26079037,126.9928023,37.26397564,127.004822,-0.012019642,-0.003185265,194.8424935
60400-44,국토관리청(익산청),일반국도,전북특별자치도 순창군,29호선,5,35.475614,126.993092,35.443164,126.99651,-0.003418,0.03245,96.0128662
11650-27,서울특별시(서초구),시도,서울특별시 서초구,서초대로,1,37.48812699,126.9932148,37.48539494,126.9822187,0.010996086,0.002732042,13.95294678
11650-45,서울특별시(서초구),구도,서울특별시 서초구,남부순환로297길,0.23,37.47411666,126.9935117,37.47586191,126.9946934,-0.001181667,-0.00174525,235.8990151
11650-44,서울특별시(서초구),구도,서울특별시 서초구,남부순환로297나길,0.2,37.4767252,126.9935533,37.47492984,126.9932781,0.000275157,0.001795368,81.28668362
41290-1,경기도(과천시),시도,경기도 과천시,시도1호선 과천대로,9.71,37.45020196,126.9935823,37.45806058,126.98863,0.004952272,-0.00785862,302.2179258
11650-1,서울특별시(서초구),시도,서울특별시 서초구,신반포로,0.14,37.50554265,126.9935958,37.5065554,126.9928879,0.00070793,-0.001012747,304.9543121
41430-3,경기도(의왕시),시도,경기도 의왕시,학현로(오매기고개),2.3,37.36195541,126.9937136,37.36524816,126.997259,-0.003545417,-0.003292749,222.8839012
11650-35,서울특별시(서초구),구도,서울특별시 서초구,효령로,0.5,37.48028563,126.9939644,37.4810781,126.9973776,-0.003413266,-0.000792472,193.0710094
11290-17,서울특별시(성북구),시도,서울특별시 성북구,북악산로,2.2,37.60211806,126.9969843,37.60771111,126.9864202,0.01056404,-0.005593053,332.1013464
60400-49,국토관리청(익산청),일반국도,전라남도 담양군,29호선,1,35.385743,126.997009,35.380993,126.990393,0.006616,0.00475,35.67670128
41290-1,경기도(과천시),시도,경기도 과천시,시도1호선 과천대로,9.71,37.44230669,126.9980591,37.44972115,126.9938014,0.004257705,-0.007414464,299.8662988
11290-16,서울특별시(성북구),구도,서울특별시 성북구,정릉로10길,0.9,37.60642224,126.9989735,37.60258737,126.9969873,0.001986176,0.00383487,62.61922319
11000-79,서울특별시(서부도로사업소),시도,서울특별시 용산구,서빙고로,1,37.52158768,126.9991586,37.52817144,127.006132,-0.006973378,-0.006583758,223.3538231
41000-1,경기도(본청),지방도,경기도 의왕시,지방도309호선,0.29,37.38233418,126.9992353,37.38233418,126.9992353,0,0,NaN
11290-23,서울특별시(성북구),시도,서울특별시 성북구,정릉로,0.9,37.60891999,126.9993794,37.61194538,126.9913643,0.008015085,-0.003025385,339.3204163
41000-1,경기도(본청),지방도,경기도 의왕시,지방도309호선,0.3,37.38214599,126.9995593,37.38474848,127.0006201,-0.00106079,-0.002602489,247.8239015
41000-1,경기도(본청),지방도,경기도 의왕시,지방도309호선,0.33,37.38194102,126.9998416,37.3847679,127.0010734,-0.001231803,-0.002826878,246.4549814
41000-1,경기도(본청),지방도,경기도 의왕시,지방도309호선,0.25,37.38672589,127.0002626,37.38888059,127.0012187,-0.000956029,-0.002154701,246.0734142
11650-1,서울특별시(서초구),시도,서울특별시 서초구,사평대로,0.35,37.50107012,127.0007013,37.50261445,127.005065,-0.004363663,-0.001544328,199.4891922
11650-48,서울특별시(서초구),시도,서울특별시 서초구,남부순환로,0.42,37.47533099,127.0011132,37.47245376,126.9973193,0.003793978,0.002877232,37.17552583
11650-49,서울특별시(서초구),시도,서울특별시 서초구,방배로,0.78,37.47533099,127.0011132,37.48110433,126.9974195,0.003693712,-0.005773334,302.6106435
41000-1,경기도(본청),지방도,경기도 의왕시,지방도309호선,0.25,37.38637696,127.0011598,37.38855674,127.0019432,-0.000783382,-0.002179775,250.2322505
70207-1,민자고속도로(경기고속도로(주)),고속국도,경기도 화성시,17호선,0.44,37.13526111,127.0020444,37.13931389,127.0030861,-0.001041667,-0.004052778,255.5855416
41290-1,경기도(과천시),지방도,경기도 과천시,309호선,63.5,37.43460786,127.0023172,37.43994515,127.001149,0.001168167,-0.005337283,282.3456013
41800-5,경기도(연천군),지방도,경기도 연천군,지방도375호선,1.5,37.93809314,127.002787,37.93577266,127.0013918,0.001395188,0.002320485,58.98368147
11650-38,서울특별시(서초구),구도,서울특별시 서초구,명달로15길,0.07,37.48469174,127.0030628,37.48472286,127.0035455,-0.000482704,-3.11204E-05,183.6888105
60400-45,국토관리청(익산청),일반국도,전북특별자치도 정읍시,30호선,16,35.597747,127.00334,35.529108,127.113955,-0.110615,0.068639,148.1795037
70100-77,한국도로공사(한국도로공사),고속국도,충청남도 공주시,30호선,2.7,36.51326886,127.0034472,36.49511779,127.0235636,-0.020116444,0.018151074,137.9400536
11140-26,서울특별시(중구),시도,서울특별시 중구,장충단로,0.7,37.55614623,127.0036595,37.55286981,127.0001305,0.00352897,0.003276412,42.87464373
11000-111,서울특별시(남부도로사업소),시도,서울특별시 용산구,삼일대로,0.5,37.53852795,127.004375,37.54230493,127.0015249,0.002850185,-0.003776975,307.0389776
11650-46,서울특별시(서초구),구도,서울특별시 서초구,동광로,0.25,37.49229281,127.0053562,37.49229281,127.0053562,0,0,NaN
11290-18,서울특별시(성북구),구도,서울특별시 성북구,성북로4길,1.2,37.58939307,127.005391,37.59589328,127.008668,-0.003277024,-0.006500216,243.245461
11290-25,서울특별시(성북구),시도,서울특별시 성북구,보국문로,1.2,37.61560424,127.0055029,37.61800296,126.9982392,0.007263709,-0.00239872,341.7250482
45210-39,전라북도(김제시),지방도,전북특별자치도 김제시,714,0.2,35.77743318,127.0059574,35.77954362,127.0040755,0.001881927,-0.002110437,311.7241459
41110-20,경기도(수원시),시도,경기도 수원시,장안구 장안지하차도,0.6,37.30357589,127.0060627,37.29875097,127.012634,-0.006571319,0.004824925,143.7123967
60300-36,국토관리청(대전청),일반국도,충청남도 아산시,39호선,2,36.718885,127.006101,36.705393,127.001097,0.005004,0.013492,69.65086515
11140-25,서울특별시(중구),시도,서울특별시 중구,다산로(버티고개),0.35,37.54934779,127.0072829,37.54950687,127.0079199,-0.000636951,-0.000159086,194.0233705
11290-24,서울특별시(성북구),시도,서울특별시 성북구,솔샘로,0.5,37.6130691,127.007491,37.61728481,127.0081254,-0.00063438,-0.004215713,261.4423508
45210-25,전라북도(김제시),농어촌도로,전북특별자치도 김제시,리도 206호,0.4,35.76171006,127.0081242,35.76178953,127.0123443,-0.004220142,-7.94684E-05,181.0787939
41150-1,경기도(의정부시),지방도,경기도 의정부시,국도 39호선,1.9,37.73650184,127.0093439,37.74285948,127.0234148,-0.014070871,-0.006357645,204.3148905
41370-3,경기도(오산시),지방도,경기도 오산시,독산성로,1.3,37.1845511,127.0094793,37.17632876,127.0214114,-0.011932142,0.008222342,145.429587
45180-1,전라북도(정읍시),위임국도,전북특별자치도 정읍시,국30호(구절재),1.5,35.59065207,127.0095754,35.58099522,127.013287,-0.003711574,0.009656848,111.0240806
41110-13,경기도(수원시),시도,경기도 수원시,덕영대로(세류고가차도),1.9,37.25471096,127.0097105,37.24974097,127.0326828,-0.022972305,0.004969986,167.7923815
41110-4,경기도(수원시),도시계획도로,경기도 수원시,팔달구 도청팔달산로,0.5,37.273533,127.009798,37.27645243,127.0091218,0.0006762,-0.00291943,283.0409192
60100-34,국토관리청(서울청),일반국도,경기도 의정부시,39호선,2,37.736773,127.009807,37.717515,126.919112,0.090695,0.019258,11.9880212
41430-15,경기도(의왕시),지방도,경기도 의왕시,의일로,1.46,37.38229943,127.0101069,37.37548544,127.0074298,0.002677156,0.006813989,68.5505748
45210-22,전라북도(김제시),농어촌도로,전북특별자치도 김제시,면도 105호,0.8,35.71823497,127.011381,35.71882032,127.0197685,-0.008387574,-0.000585344,183.9920308
41110-14,경기도(수원시),시도,경기도 수원시,세권로,0.5,37.25782013,127.0118923,37.25701498,127.0185685,-0.006676224,0.000805148,173.1233824
41110-5,경기도(수원시),도시계획도로,경기도 수원시,팔달구 수원문화원~팔달보건소,0.2,37.27149645,127.0119117,37.27297871,127.0115032,0.0004085,-0.00148226,285.4078168
11305-17,서울특별시(강북구),시도,서울특별시 강북구,인수봉로 지하차도,0.21,37.62540726,127.0125299,37.62718007,127.0123459,0.000183963,-0.001772816,275.9243243
70100-5,한국도로공사(한국도로공사),고속국도,경기도 수원시,50호선,1,37.31058707,127.0129909,37.31340806,127.023694,-0.010703151,-0.002820988,194.7654354
11290-31,서울특별시(성북구),구도,서울특별시 성북구,보문로29다길,0.2,37.58429783,127.0133346,37.58459825,127.0140313,-0.00069672,-0.000300421,203.3253539
11290-22,서울특별시(성북구),시도,서울특별시 성북구,아리랑로,1.2,37.59820957,127.0146372,37.60266733,127.0137027,0.000934433,-0.004457764,281.8388881
11650-18,서울특별시(서초구),구도,서울특별시 서초구,효령로,0.38,37.48816967,127.0146969,37.48246762,127.0176385,-0.002941586,0.00570205,117.288402
11320-63,서울특별시(도봉구),시도,서울특별시 도봉구,방학로,0.6,37.66164047,127.0152864,37.66261073,127.0211654,-0.005878949,-0.000970266,189.3716522
11650-50,서울특별시(서초구),구도,서울특별시 서초구,서초대로55길,0.24,37.49506082,127.0156971,37.49689886,127.0148315,0.000865589,-0.001838039,295.2171978
41110-1,경기도(수원시),지방도,경기도 수원시,팔달구 태장면고개,0.35,37.26549955,127.0159242,37.26450768,127.0206251,-0.0047009,0.00099187,168.0855884
60400-27,국토관리청(익산청),일반국도,전북특별자치도 순창군,21호선,6,35.479366,127.016502,35.464749,127.050323,-0.033821,0.014617,156.6266219
41800-20,경기도(연천군),군도,경기도 연천군,남계대교,0.5,38.00791166,127.0165546,38.00246145,127.0108958,0.005658819,0.005450214,43.92422601
41430-4,경기도(의왕시),지방도,경기도 의왕시,57번국지도,2.3,37.3941715,127.0167233,37.393229,127.034756,-0.0180327,0.0009425,177.008092
45770-2,전라북도(순창군),일반국도,전북특별자치도 순창군,국21호,2,35.47978597,127.0172226,35.47316469,127.0398832,-0.022660573,0.00662128,163.7119622
44130-1,충청남도(천안시),지방도,충청남도 천안시,해수길,2,36.65922923,127.0177267,36.6686168,127.0259514,-0.008224734,-0.009387571,228.7774202
41110-6,경기도(수원시),도시계획도로,경기도 수원시,팔달구 팽나무고개,0.35,37.27080261,127.0177385,37.26990609,127.021115,-0.003376519,0.00089652,165.1301455
11000-37,서울특별시(북부도로사업소),시도,서울특별시 성북구,동소문로,1,37.59379447,127.0179468,37.60080793,127.0216549,-0.003708036,-0.007013467,242.1344879
45210-37,전라북도(김제시),지방도,전북특별자치도 김제시,714,0.8,35.770544,127.0186765,35.76688523,127.0222797,-0.00360315,0.00365877,134.5611761
11650-47,서울특별시(서초구),구도,서울특별시 서초구,강남대로95길,0.12,37.5138348,127.0188612,37.51410163,127.0193796,-0.00051845,-0.000266835,207.2339063
11650-41,서울특별시(서초구),구도,서울특별시 서초구,신반포로,0.75,37.5107093,127.0191642,37.50962012,127.0132783,0.005885874,0.001089176,10.48393692
11290-30,서울특별시(성북구),시도,서울특별시 성북구,숭인로,0.2,37.61078585,127.0196533,37.61183806,127.0238344,-0.004181078,-0.001052216,194.1257989
11305-27,서울특별시(강북구),구도,서울특별시 강북구,노해로,0.02,37.64873104,127.0198462,37.64902977,127.0194767,0.000369423,-0.000298726,321.0399829
11650-51,서울특별시(서초구),구도,서울특별시 서초구,강남대로91길,0.05,37.51221548,127.0202943,37.51213299,127.0200578,0.000236537,8.24898E-05,19.22571481
11650-54,서울특별시(서초구),구도,서울특별시 서초구,사임당로23길,0.08,37.49043236,127.0207876,37.49098828,127.0201659,0.000621722,-0.000555913,318.1985217
41110-25,경기도(수원시),시도,경기도 수원시,팔달구 연무대~삼화페인트,0.4,37.28433509,127.0220346,37.28759559,127.0242095,-0.002174858,-0.003260496,236.2954006
11320-62,서울특별시(도봉구),시도,서울특별시 도봉구,해등로,0.65,37.65736321,127.022665,37.65735144,127.0155186,0.007146422,1.17745E-05,0.094401167
11140-24,서울특별시(중구),시도,서울특별시 중구,난계로,0.36,37.56498384,127.0234436,37.56192674,127.0219985,0.001445146,0.003057102,64.69907358
70100-100,한국도로공사(한국도로공사),고속국도,전라남도 담양군,12호선,2,35.3240531,127.0235958,35.33191515,127.0432335,-0.01963775,-0.007862048,201.818883
45210-40,전라북도(김제시),구국도,전북특별자치도 김제시,1,1.4,35.78511248,127.0236692,35.77686265,127.013138,0.010531163,0.008249832,38.07420323
11290-26,서울특별시(성북구),시도,서울특별시 성북구,고려대로,0.8,37.58633993,127.0239662,37.58609099,127.0293715,-0.005405265,0.000248941,177.3630924
41630-8,경기도(양주시),지방도,경기도 양주시,지방도375호선,1.5,37.88382593,127.0240516,37.89883949,127.0143685,0.009683119,-0.015013561,302.820326
41110-7,경기도(수원시),도시계획도로,경기도 수원시,팔달구 연무대~화홍문,0.8,37.28767799,127.0241015,37.28613089,127.0179153,0.006186191,0.0015471,14.04105911
46780-1,전라남도(보성군),농어촌도로,전라남도 보성군,면도,0.7,34.75982595,127.0241225,34.76050807,127.0174945,0.00662805,-0.000682125,354.1240995
11650-53,서울특별시(서초구),구도,서울특별시 서초구,사평대로58길,0.03,37.50257199,127.0243811,37.50257199,127.0243811,0,0,NaN
45210-49,전라북도(김제시),지방도,전북특별자치도 김제시,712,2,35.72072022,127.0245043,35.71602353,127.004617,0.019887302,0.004696694,13.28781767
11290-21,서울특별시(성북구),시도,서울특별시 성북구,삼양로,0.8,37.60462669,127.0250252,37.60750284,127.0236565,0.001368654,-0.002876156,295.4480114
11290-27,서울특별시(성북구),구도,서울특별시 성북구,고려대로17길,0.7,37.58648116,127.0252074,37.59447103,127.0252162,-8.83776E-06,-0.007989874,269.936624
41110-16,경기도(수원시),시도,경기도 수원시,국도1호선(효원지하차도),0.8,37.26589386,127.0262279,37.25931245,127.0234396,0.002788262,0.006581409,67.03970113
41590-17,경기도(화성시),시도,경기도 화성시,병점육교,0.4,37.20791837,127.0271287,37.2100966,127.0329133,-0.005784639,-0.002178228,200.6340585
41370-4,경기도(오산시),지방도,경기도 오산시,지방도 310호선,0.7,37.16140569,127.0276981,37.1609953,127.0348702,-0.007172144,0.000410386,176.7251357
46790-4,전라남도(화순군),국지도,전라남도 화순군,58,0.38,34.92810653,127.0277254,34.9264919,127.0311799,-0.003454509,0.001614631,154.9486997
41800-8,경기도(연천군),지방도,경기도 연천군,지방도372호선,0.5,38.03426794,127.0280566,38.0402479,127.0305873,-0.002530733,-0.00597996,247.0618095
11320-61,서울특별시(도봉구),시도,서울특별시 도봉구,시루봉로,0.75,37.65100739,127.0288012,37.65686627,127.0276928,0.001108417,-0.005858885,280.7129264
41110-2,경기도(수원시),지방도,경기도 수원시,팔달구 동수원고가도로,1.15,37.282329,127.029396,37.272374,127.028777,0.000619,0.009955,86.44194019
45000-49,전라북도(도로관리사업소),지방도,전북특별자치도 완주군,지방도 716호,0.2,35.82138411,127.0294602,35.82196578,127.0313096,-0.001849437,-0.000581672,197.459042
41800-9,경기도(연천군),지방도,경기도 연천군,지방도372호선,0.7,38.05598793,127.0297203,38.05735878,127.021887,0.007833339,-0.001370843,350.0736933
11290-28,서울특별시(성북구),시도,서울특별시 성북구,종암로,0.2,37.60847324,127.0299236,37.60909933,127.0300909,-0.000167328,-0.000626095,255.0370565
41430-10,경기도(의왕시),시도,경기도 의왕시,시도로(하오고개로),2.2,37.394511,127.030457,37.393061,127.049643,-0.019186,0.00145,175.6780337
46790-5,전라남도(화순군),국지도,전라남도 화순군,58,0.3,34.92489556,127.0305632,34.90147311,127.0486788,-0.018115651,0.023422451,127.7194799
11001-31,서울특별시(시설공단),시도,서울특별시 서초구,고속국도1호,0.1,37.47286254,127.0310287,37.47165934,127.0321471,-0.001118435,0.001203205,132.9088881
11305-26,서울특별시(강북구),시도,서울특별시 강북구,오현로,0.32,37.61692457,127.0315701,37.61669646,127.0339041,-0.002333969,0.000228119,174.4177193
45770-1,전라북도(순창군),일반국도,전북특별자치도 순창군,국21호,2,35.47118384,127.0323351,35.47937821,127.017069,0.015266095,-0.008194367,331.7744733
60300-38,국토관리청(대전청),일반국도,충청남도 아산시,45호선,5,36.901286,127.032412,36.85796,127.027474,0.004938,0.043326,83.4978775
11001-29,서울특별시(시설공단),시도,서울특별시 성북구,북부간선도로,0.7,37.6031275,127.0325105,37.60409322,127.0442419,-0.011731404,-0.000965722,184.7059429
11650-40,서울특별시(서초구),구도,서울특별시 서초구,강남대로39길,0.07,37.48562495,127.0325157,37.48566714,127.032906,-0.000390279,-4.21819E-05,186.1686686
11650-39,서울특별시(서초구),구도,서울특별시 서초구,강남대로39길,0.05,37.48640124,127.0326978,37.48640033,127.0324225,0.000275301,9.02873E-07,0.187905942
41110-22,경기도(수원시),시도,경기도 수원시,팔달구 경기남부경찰청앞,0.2,37.29254984,127.033044,37.29385747,127.0350731,-0.002029128,-0.001307627,212.7988721
11001-21,서울특별시(시설공단),시도,서울특별시 동대문구,내부순환로,0.5,37.5752425,127.0346004,37.57194467,127.0402295,-0.005629024,0.003297826,149.6356223
41110-24,경기도(수원시),일반국도,경기도 수원시,국도43호선,0.21,37.2937161,127.0347435,37.29254691,127.0327586,0.001984825,0.001169198,30.50100281
11650-20,서울특별시(서초구),시도,서울특별시 서초구,양재지하차도,0.17,37.48473533,127.0357734,37.48414554,127.0311683,0.004605171,0.000589784,7.298139507
45210-15,전라북도(김제시),군도,전북특별자치도 김제시,27호,0.3,35.77190742,127.0361262,35.76736112,127.0396914,-0.003565122,0.004546297,128.1028905
11290-29,서울특별시(성북구),구도,서울특별시 성북구,장위로,1.1,37.61241505,127.036226,37.61824143,127.055364,-0.019138057,-0.005826386,196.9323351
11001-33,서울특별시(시설공단),시도,서울특별시 강남구,올림픽대로,2,37.53232331,127.0362551,37.52351898,127.0591106,-0.022855448,0.008804335,158.9324059
11000-90,서울특별시(남부도로사업소),시도,서울특별시 서초구,헌릉로연결도로,1.59,37.46103899,127.0364703,37.46042951,127.0522446,-0.015774301,0.000609483,177.7873219
41110-8,경기도(수원시),지방도,경기도 수원시,팔달구 우만고가도로,0.5,37.27380707,127.0366129,37.28149266,127.0374933,-0.0008804,-0.00768559,263.4651362
11650-52,서울특별시(서초구),구도,서울특별시 서초구,강남대로30길,0.06,37.48180656,127.0373671,37.48192624,127.0376209,-0.00025379,-0.000119681,205.2474926
45210-48,전라북도(김제시),지방도,전북특별자치도 김제시,712,2.5,35.72188057,127.0373793,35.70704614,127.0175567,0.019822618,0.014834431,36.8096686
45210-11,전라북도(김제시),군도,전북특별자치도 김제시,27호,0.1,35.7566534,127.0379468,35.75804024,127.0406751,-0.002728325,-0.001386842,206.9448043
45210-5,전라북도(김제시),농어촌도로,전북특별자치도 김제시,리도 207호,0.3,35.79408403,127.0385493,35.79334105,127.0428352,-0.004285972,0.000742981,170.1654053
45770-3,전라북도(순창군),일반국도,전북특별자치도 순창군,국21호,2,35.47370049,127.039715,35.46473687,127.0503281,-0.010613137,0.008963622,139.8162985
11650-56,서울특별시(서초구),시도,서울특별시 서초구,강남대로~헌릉로,0.35,37.46937277,127.0398193,37.46937277,127.0398193,0,0,NaN
41110-12,경기도(수원시),시도,경기도 수원시,동탄원천로(권선지하차도),1.4,37.24965382,127.040436,37.24321342,127.0376358,0.002800253,0.006440398,66.50083648
41370-1,경기도(오산시),시도,경기도 오산시,서부우회도로(금암터널),1.6,37.16934897,127.0416973,37.16191555,127.0417268,-2.9504E-05,0.007433419,90.22741133
41590-18,경기도(화성시),시도,경기도 화성시,반정 교차로,0.8,37.2312773,127.0417286,37.23050119,127.0495646,-0.007835944,0.000776114,174.343568
41370-2,경기도(오산시),시도,경기도 오산시,서부우회도로(세교터널),2.4,37.17034371,127.0418168,37.17493234,127.0409302,0.000886574,-0.004588635,280.9354151
41370-1,경기도(오산시),일반국도,경기도 오산시,국도1호선(세마지하차도),1.3,37.19417189,127.0431337,37.1831074,127.0495925,-0.006458806,0.011064491,120.273897
11230-6,서울특별시(동대문구),구도,서울특별시 동대문구,고산자로30길,0.04,37.574832,127.04356,37.574657,127.043927,-0.000367,0.000175,154.5063622
41630-11,경기도(양주시),시도,경기도 양주시,암매교,0.6,37.76492913,127.0439258,37.7663,127.053,-0.009074166,-0.001370872,188.5909458
-,경기도(의정부시),지방도,경기도 의정부시,서부로,6,37.69619928,127.0447082,37.74687981,127.0289357,0.015772406,-0.050680527,287.2867871
46780-1,전라남도(보성군),지방도,전라남도 보성군,지방도895,1.3,34.74167043,127.0448629,34.74762674,127.0542101,-0.009347164,-0.005956308,212.5065736
45210-62,전라북도(김제시),농어촌도로,전북특별자치도 김제시,　면도 105호,0.5,35.71932557,127.0458441,35.72106908,127.0497137,-0.003869597,-0.001743502,204.2546233
11230-9,서울특별시(동대문구),구도,서울특별시 동대문구,전농로,0.42,37.58140341,127.0471115,37.58103656,127.051105,-0.003993515,0.000366849,174.7514727
45210-38,전라북도(김제시),지방도,전북특별자치도 김제시,714,1,35.68536881,127.0472484,35.68727366,127.0462735,0.000974853,-0.00190485,297.1022051
45210-35,전라북도(김제시),농어촌도로,전북특별자치도 김제시,비법정,0.1,35.74510524,127.0476597,35.74430575,127.0488395,-0.00117983,0.000799484,145.8774003
46790-14,전라남도(화순군),농어촌도로,전라남도 화순군,리도 205,0.3,34.9109868,127.0478326,34.91001521,127.0505184,-0.00268578,0.000971585,160.1123311
44230-10,충청남도(논산시),시도,충청남도 논산시,시도 6호,0.5,36.20264805,127.0496599,36.20215183,127.047652,0.002007863,0.00049622,13.88182475
41110-26,경기도(수원시),도시계획도로,경기도 수원시,버들치고개,1.5,37.30567009,127.0516585,37.31403907,127.0562755,-0.004617052,-0.008368983,241.115086
41110-18,경기도(수원시),시도,경기도 수원시,영통구 광교로삼거리~버들치터널,1.5,37.30701,127.0518576,37.31939114,127.0575154,-0.005657743,-0.012381146,245.4412857
46790-7,전라남도(화순군),지방도,전라남도 화순군,843,0.8,34.88471225,127.0519092,34.8860097,127.0598178,-0.007908633,-0.00129745,189.316662
46790-15,전라남도(화순군),농어촌도로,전라남도 화순군,농도 312,0.3,34.87516062,127.052027,34.87474145,127.0552714,-0.0032444,0.000419174,172.6382176
-,경기도(의정부시),지방도,경기도 의정부시,시민로,3.3,37.73726948,127.052134,37.72977577,127.0861854,-0.034051357,0.007493706,167.588717
45140-3,전라북도(익산시),지방도,전북특별자치도 익산시,군도15,1.5,36.02077937,127.0523504,36.03219729,127.0526987,-0.00034827,-0.01141792,268.2529025
45140-9,전라북도(익산시),군도,전북특별자치도 익산시,15호선,1,36.02077937,127.0523504,36.02352527,127.0521012,0.000249267,-0.002745907,275.186955
11001-22,서울특별시(시설공단),시도,서울특별시 노원구,동부간선도로,0.3,37.68522175,127.0524461,37.68870324,127.0510354,0.001410709,-0.003481483,292.0579574
11350-32,서울특별시(노원구),구도,서울특별시 노원구,누원2길,0.15,37.68581813,127.0525352,37.68478483,127.0551856,-0.002650361,0.001033299,158.700622
11350-13,서울특별시(노원구),구도,서울특별시 노원구,월계로44가길,0.21,37.6230898,127.0526607,37.62507183,127.0558286,-0.00316789,-0.001982024,212.0325871
70100-166,한국도로공사(한국도로공사),고속국도,서울특별시 서초구,경부선,1,37.44946518,127.0529983,37.45674734,127.046344,,,
11350-24,서울특별시(노원구),구도,서울특별시 노원구,초안산로,0.4,37.64099919,127.0532335,37.63840164,127.0526849,0.000548516,0.002597552,78.07621593
45210-46,전라북도(김제시),농어촌도로,전북특별자치도 김제시,비법정,0.8,35.7390172,127.053249,35.73576374,127.0555116,-0.002262564,0.00325346,124.816031
-,경기도(의정부시),지방도,경기도 의정부시,동부간선도로,0.8,37.70665597,127.0552536,37.70105591,127.0501499,0.005103686,0.005600058,47.65511654
46780-1,전라남도(보성군),농어촌도로,전라남도 보성군,면도,2,34.75765306,127.0564473,34.75662211,127.0337578,0.022689446,0.001030956,2.601597725
41460-75,경기도(용인시),도시계획도로,경기도 용인시,중2-110호(버들치터널),0.57,37.31730772,127.0568764,37.31245972,127.05585,0.001026434,0.004848006,78.04570843
11350-28,서울특별시(노원구),구도,서울특별시 노원구,광운로17길,0.1,37.6224195,127.057154,37.62282474,127.0563133,0.000840689,-0.000405235,334.2646595
41460-63,경기도(용인시),도시계획도로,경기도 용인시,소1-69호(고기동 말구리고개),1,37.34748147,127.0576067,37.35256103,127.0522168,0.005389936,-0.005079558,316.6980913
70100-82,한국도로공사(한국도로공사),고속국도,전북특별자치도 전주시,25호선,1,35.89214817,127.0578096,35.90117103,127.0575618,0.000247747,-0.009022859,271.5728154
-,경기도(의정부시),지방도,경기도 의정부시,금신로,3.6,37.74778791,127.058493,37.72412344,127.0625506,-0.004057681,0.023664475,99.72972698
11350-18,서울특별시(노원구),구도,서울특별시 노원구,월계역 2번출구,0.03,37.63443274,127.059113,37.63446087,127.0588764,0.000236616,-2.81351E-05,353.219005
45770-4,전라북도(순창군),국지도,전북특별자치도 순창군,국지도 55호,2,35.43046957,127.0594498,35.42025575,127.0742719,-0.014822175,0.010213827,145.4296257
11001-27,서울특별시(시설공단),시도,서울특별시 강남구,언주로,0.4,37.47609267,127.0595779,37.47430468,127.0604157,-0.000837755,0.001787988,115.1052586
46780-1,전라남도(보성군),농어촌도로,전라남도 보성군,면도101,1.2,34.76901128,127.0596921,34.76751114,127.071661,-0.01196884,0.001500139,172.855969
41460-74,경기도(용인시),도시계획도로,경기도 용인시,소1-69호(신봉터널),0.35,37.34250766,127.0598885,37.34009775,127.0599607,-7.21052E-05,0.002409913,91.71379232
11350-13,서울특별시(노원구),시도,서울특별시 노원구,월계1지하차도,0.3,37.63102183,127.0603856,37.62936575,127.0576871,0.00269849,0.001656089,31.53783273
11350-10,서울특별시(노원구),시도,서울특별시 노원구,"월계2,3지하차도",0.56,37.63398186,127.0604363,37.62886546,127.0639168,-0.00348055,0.005116404,124.2263834
11350-19,서울특별시(노원구),구도,서울특별시 노원구,염불사,0.64,37.68240978,127.0605847,37.68378299,127.0656605,-0.005075802,-0.001373204,195.138371
11350-17,서울특별시(노원구),구도,서울특별시 노원구,상계요양원,0.06,37.67394152,127.0610362,37.67438409,127.0614156,-0.000379361,-0.000442572,229.3976747
41370-1,경기도(오산시),시도,경기도 오산시,시도6호선(물향기지하차도),0.43,37.17051975,127.0610481,37.17120829,127.0658012,-0.004753101,-0.000688545,188.2426593
41370-1,경기도(오산시),지방도,경기도 오산시,남부대로(탑동대교),0.7,37.13422109,127.0610679,37.13420479,127.0548727,0.006195133,1.63019E-05,0.150768085
11350-20,서울특별시(노원구),구도,서울특별시 노원구,월계어린이공원,0.15,37.62023327,127.0612376,37.6205067,127.0626678,-0.001430271,-0.00027343,190.8228353
11350-21,서울특별시(노원구),구도,서울특별시 노원구,월계2차한일아파트,0.16,37.62101876,127.0615389,37.62072937,127.0625591,-0.001020139,0.000289392,164.1624528
11230-3,서울특별시(동대문구),구도,서울특별시 동대문구,휘경로,0.09,37.59580681,127.0616151,37.59467589,127.0640903,-0.0024752,0.00113092,155.4443177
11001-23,서울특별시(시설공단),시도,서울특별시 광진구,동부간선도로,1.4,37.5329129,127.0617054,37.53100708,127.0642256,-0.002520239,0.001905828,142.9030879
41370-5,경기도(오산시),시도,경기도 오산시,남부대로(갈곶육교),0.6,37.13454545,127.0620028,37.13584345,127.0687542,-0.006751416,-0.001298005,190.8827079
11001-24,서울특별시(시설공단),시도,서울특별시 강남구,동부간선도로,0.3,37.52260603,127.062287,37.51921271,127.0652111,-0.002924173,0.003393323,130.7528945
41130-26,경기도(성남시),시도,경기도 성남시,국지도 57호선,2.8,37.391081,127.062857,37.393161,127.039158,0.023699,-0.00208,354.9841503
46790-6,전라남도(화순군),국지도,전라남도 화순군,58,1.6,34.90089444,127.0638637,34.90368414,127.0801487,-0.016285038,-0.002789698,189.7206661
45210-36,전라북도(김제시),일반국도,전북특별자치도 김제시,1,4.2,35.79120448,127.064051,35.78534751,127.0233489,0.04070215,0.005856969,8.188553139
11001-25,서울특별시(시설공단),시도,서울특별시 광진구,동부간선도로,1.2,37.53100708,127.0642256,37.52260603,127.062287,0.001938647,0.008401046,77.00574331
41460-78,경기도(용인시),도시계획도로,경기도 용인시,대2-2호(신대지하차도),0.68,37.29651087,127.0643117,37.29433829,127.0766741,-0.012362351,0.002172579,170.0325313
41800-4,경기도(연천군),농어촌도로,경기도 연천군,리도206호선,0.8,38.00411874,127.0644676,38.00733749,127.0550537,0.009413951,-0.003218748,341.1237964
45110-8,전라북도(전주시),지방도,전북특별자치도 전주시,우림로,1.5,35.76302362,127.0647087,35.75306757,127.0565444,0.008164267,0.009956056,50.64721084
41460-76,경기도(용인시),도시계획도로,경기도 용인시,대3-20호(성복지하차도),0.37,37.31566401,127.0647735,37.3150524,127.0724017,-0.007628217,0.00061161,175.4159854
41800-1,경기도(연천군),군도,경기도 연천군,군도7호선,1.7,38.10368904,127.0647798,38.11270514,127.0545369,0.010242911,-0.009016096,318.6448672
70100-15,한국도로공사(한국도로공사),고속국도,경기도 성남시,100호선,3,37.39517172,127.0648011,37.40568554,127.0944363,-0.029635247,-0.010513822,199.5333737
70100-102,한국도로공사(한국도로공사),고속국도,전라남도 담양군,25호선,2,35.2611439,127.0658732,35.24941231,127.0493095,0.016563674,0.011731594,35.30889057
41130-22,경기도(성남시),시도,경기도 성남시,국지도 57호선,0.6,37.389774,127.066424,37.38787787,127.0762244,-0.009800432,0.001896131,169.0500345
11350-25,서울특별시(노원구),구도,서울특별시 노원구,공릉지하차도,0.4,37.63242246,127.0671005,37.62999835,127.0678657,-0.000765175,0.002424109,107.5184075
11230-5,서울특별시(동대문구),구도,서울특별시 동대문구,이문로42길,0.05,37.600516,127.067402,37.600833,127.066175,0.001227,-0.000317,345.5141721
11230-4,서울특별시(동대문구),구도,서울특별시 동대문구,한천로 58길,0.17,37.60481161,127.0676556,37.60486059,127.0698241,-0.0021685,-4.898E-05,181.2939222
44230-12,충청남도(논산시),시도,충청남도 논산시,시도 8호,0.2,36.25365895,127.067827,36.25243074,127.0702787,-0.002451709,0.001228202,153.3910792
11230-8,서울특별시(동대문구),시도,서울특별시 동대문구,한천로,0.47,37.59918677,127.0679831,37.60540618,127.0673326,0.000650476,-0.00621941,275.970744
46710-1,전라남도(담양군),군도,전라남도 담양군,군도3호선,1,35.24253443,127.0684323,35.23917318,127.0776651,-0.009232832,0.003361248,159.9957687
11350-11,서울특별시(노원구),시도,서울특별시 노원구,화랑로,0.5,37.61555805,127.0685667,37.61410904,127.0628817,0.005684995,0.001449015,14.29931712
45110-3,전라북도(전주시),일반국도,전북특별자치도 전주시,쑥고개로,1.3,35.79054768,127.0693436,35.79350931,127.0794695,-0.010125901,-0.002961632,196.3031865
60400-35,국토관리청(익산청),일반국도,전라남도 보성군,2호선,2,34.747215,127.069655,34.748015,127.091284,-0.021629,-0.0008,182.118255
11000-40,서울특별시(북부도로사업소),시도,서울특별시 노원구,동일로(하계지하차도),400,37.62997176,127.0709222,37.63290892,127.069599,0.00132319,-0.002937155,294.2515883
11230-7,서울특별시(동대문구),구도,서울특별시 동대문구,장안벚꽃로,0.07,37.56106972,127.071046,37.56008522,127.070299,0.000747044,0.000984503,52.80864312
11230-2,서울특별시(동대문구),구도,서울특별시 동대문구,장안벚꽃로,0.05,37.56126225,127.0711586,37.55992342,127.0700215,0.0011371,0.00133883,49.65796803
41800-7,경기도(연천군),지방도,경기도 연천군,지방도368호선,2,37.98540217,127.0713351,37.98762542,127.0746654,-0.003330359,-0.002223256,213.7259816
45710-1,전라북도(완주군),지방도,전북특별자치도 완주군,구 국도27호선,0.6,35.90266952,127.0723011,35.90357231,127.0761623,-0.003861183,-0.000902789,193.160003
11710-19,서울특별시(송파구),구도,서울특별시 송파구,탄천동로,1.3,37.50444717,127.0726246,37.50065513,127.0858579,-0.013233274,0.003792043,164.0101528
11710-5,서울특별시(송파구),구도,서울특별시 송파구,탄천동로,0.4,37.50431781,127.0726759,37.50286991,127.0761382,-0.003462304,0.001447896,157.3058708
11001-30,서울특별시(시설공단),시도,서울특별시 중랑구,북부간선도로,1,37.61578906,127.0732507,37.61936318,127.0821326,-0.008881882,-0.003574118,201.9201254
60400-41,국토관리청(익산청),일반국도,전라남도 보성군,29호선,2,34.83102,127.073442,34.824169,127.092144,-0.018702,0.006851,159.880982
45770-5,전라북도(순창군),국지도,전북특별자치도 순창군,국지도 55호,2,35.42025575,127.0742719,35.40452592,127.0830814,-0.00880942,0.015729831,119.2508071
70202-1,민자고속도로(천안논산고속도로(주)),고속국도,충청남도 공주시,25호선,0.8,36.391596,127.074418,36.3986291,127.0750557,-0.0006377,-0.0070331,264.8190867
11350-27,서울특별시(노원구),구도,서울특별시 노원구,수락산로,1.2,37.66403507,127.0747906,37.6688521,127.0607757,0.01401495,-0.004817031,341.0318167
11710-18,서울특별시(송파구),시도,서울특별시 송파구,도곡로,0.33,37.50355099,127.0754284,37.50355099,127.0754284,0,0,NaN
11230-1,서울특별시(동대문구),구도,서울특별시 동대문구,장안벚꽃로,0.1,37.58122351,127.0754549,37.57868414,127.0762972,-0.000842265,0.002539374,108.3497638
41630-12,경기도(양주시),도시계획도로,경기도 양주시,청담천1교,0.6,37.81830887,127.0755206,37.81789962,127.0907453,-0.015224653,0.000409249,178.4602198
41250-1,경기도(동두천시),지방도,경기도 동두천시,364호선,0.55,37.89419584,127.0761146,37.89428895,127.082343,-0.006228358,-9.31108E-05,180.8564788
11001-28,서울특별시(시설공단),시도,서울특별시 서초구,언주로,0.2,37.45730608,127.0762161,37.45845984,127.0751079,0.001108214,-0.00115376,313.8464903
44200-5,충청남도(아산시),도시계획도로,충청남도 아산시,곡교천로,0.75,36.78595767,127.0762385,36.78861035,127.0571495,0.019088975,-0.002652686,352.0885997
41460-97,경기도(용인시),일반국도,경기도 용인시,42호(영덕고가),1,37.2671061,127.0770939,37.27166926,127.0891285,-0.012034559,-0.004563161,200.7652951
41460-102,경기도(용인시),지방도,경기도 용인시,318호(삼성반도체앞지하차도),0.5,37.22555506,127.0771398,37.22193182,127.0863862,-0.009246399,0.00362324,158.6020629
41250-1,경기도(동두천시),시도,경기도 동두천시,탑신로,3,37.90584826,127.0771536,37.87661292,127.1400681,-0.062914566,0.029235336,155.0765027
41130-19,경기도(성남시),시도,경기도 성남시,분당내곡로,1,37.437066,127.077277,37.446734,127.077042,0.000235,-0.009668,271.3924139
11710-3,서울특별시(송파구),구도,서울특별시 송파구,한가람로,0.7,37.51539368,127.077466,37.51648649,127.0789977,-0.001531626,-0.00109281,215.5077221
41370-1,경기도(오산시),시도,경기도 오산시,동부대로(원동고가),1.2,37.14612778,127.0781478,37.13607111,127.0782305,-8.27076E-05,0.010056664,90.47119907
11710-22,서울특별시(송파구),구도,서울특별시 송파구,"백제고분로, 한가람로",0.1,37.51600019,127.0784188,37.51600019,127.0784188,0,0,NaN
70202-3,민자고속도로(천안논산고속도로(주)),고속국도,충청남도 공주시,25호선,1,36.432956,127.07887,36.4411966,127.0823633,-0.0034933,-0.0082406,247.0272659
11350-16,서울특별시(노원구),구도,서울특별시 노원구,재현중학교 앞,0.15,37.66124927,127.0798035,37.66082519,127.0784832,0.001320282,0.000424081,17.80728582
11350-26,서울특별시(노원구),구도,서울특별시 노원구,중계로,0.9,37.63681567,127.0802282,37.64281195,127.0833282,-0.003100073,-0.005996276,242.6610465
11350-31,서울특별시(노원구),시도,서울특별시 노원구,노원로,0.3,37.63635676,127.0804892,37.63469194,127.0822,-0.00171075,0.001664816,135.7796249
11350-14,서울특별시(노원구),구도,서울특별시 노원구,덕릉로122길,0.13,37.66896495,127.0805763,37.66862568,127.0816513,-0.001074949,0.000339269,162.4835483
11350-22,서울특별시(노원구),구도,서울특별시 노원구,덕암초,0.23,37.66678317,127.0808116,37.66593996,127.0789601,0.001851492,0.000843214,24.48565931
11710-4,서울특별시(송파구),구도,서울특별시 송파구,탄천동로,0.5,37.50190503,127.0809183,37.50020097,127.0869243,-0.006005924,0.001704053,164.1598389
11350-23,서울특별시(노원구),구도,서울특별시 노원구,불암현대아파트,0.38,37.66846716,127.0817937,37.66682307,127.0808787,0.00091501,0.001644095,60.90216969
70202-2,민자고속도로(천안논산고속도로(주)),고속국도,충청남도 공주시,25호선,0.8,36.4225263,127.0826658,36.429324,127.079713,0.0029528,-0.0067977,293.4792693
41130-18,경기도(성남시),시도,경기도 성남시,분당내곡로,0.2,37.431104,127.082902,37.432761,127.080412,0.00249,-0.001657,326.3577498
41460-100,경기도(용인시),지방도,경기도 용인시,315호(경희대고개),0.6,37.24918481,127.0829542,37.24952384,127.0891495,-0.006195271,-0.000339032,183.1323512
41370-1,경기도(오산시),시도,경기도 오산시,동부대로(운암고가),0.7,37.16086335,127.0838327,37.15510741,127.0812417,0.002591009,0.005755945,65.76535431
11350-15,서울특별시(노원구),구도,서울특별시 노원구,덕릉로 126가길,0.14,37.67002321,127.0845166,37.67046616,127.0823981,0.002118468,-0.000442949,348.1901953
41130-23,경기도(성남시),시도,경기도 성남시,판교로,1,37.390648,127.085551,37.398805,127.092817,-0.007266,-0.008157,228.3063515
44230-13,충청남도(논산시),시도,충청남도 논산시,시도12호,0.2,36.17259139,127.0856596,36.1715688,127.0877289,-0.002069238,0.001022592,153.7019871
46780-1,전라남도(보성군),위임국도,전라남도 보성군,위임국도18,3,34.69552177,127.0857052,34.71247161,127.0868885,-0.001183301,-0.016949841,266.0065492
11710-17,서울특별시(송파구),시도,서울특별시 송파구,삼전로,0.43,37.50224634,127.0861088,37.50224634,127.0861088,0,0,NaN
11350-1,서울특별시(노원구),구도,서울특별시 노원구,덕릉로 143길,2.4,37.6751545,127.0866385,37.67647391,127.0856073,0.001031162,-0.001319403,308.0089318
70100-11,한국도로공사(한국도로공사),고속국도,경기도 성남시,1호선,3,37.41348026,127.0868395,37.43455388,127.0656147,0.021224739,-0.021073618,315.204702
41460-73,경기도(용인시),도시계획도로,경기도 용인시,중2-1호(동천터널),0.36,37.3344723,127.0869058,37.33163232,127.0891645,-0.002258678,0.002839975,128.4958022
11000-94,서울특별시(동부도로사업소),시도,서울특별시 광진구,자양로,1.4,37.52896709,127.0871495,37.5295886,127.0885796,-0.001430185,-0.000621517,203.4883748
46780-5,전라남도(보성군),농어촌도로,전라남도 보성군,면도,2,34.79959879,127.0875634,34.81605765,127.0750863,0.012477086,-0.016458865,307.1649277
41130-24,경기도(성남시),시도,경기도 성남시,동막로,0.9,37.351057,127.087681,37.350079,127.102561,-0.01488,0.000978,176.2395973
11260-2,서울특별시(중랑구),구도,서울특별시 중랑구,상봉중앙로,0.2,37.59734709,127.0880223,37.60022697,127.0875916,0.000430621,-0.002879881,278.5042803
41460-106,경기도(용인시),시도,경기도 수원시,12호(삼막곡교차로),1.1,37.29521392,127.0881589,37.29550664,127.1014901,-0.01333116,-0.000292714,181.2578493
70204-7,서울고속도로㈜,위임도로,서울특별시 노원구,수도권제1순환선,0.64,37.67585161,127.08841,37.67553317,127.0881042,,,
11260-4,서울특별시(중랑구),시도,서울특별시 중랑구,용마산로,0.2,37.57528056,127.0884175,37.57398403,127.0872045,0.00121308,0.001296526,46.90442306
60400-7,국토관리청(익산청),일반국도,전라남도 화순군,15호선,3,35.065624,127.089157,35.041083,127.083629,0.005528,0.024541,77.30567298
11680-27,서울특별시(강남구),구도,서울특별시 강남구,광평로34길,0.9,37.48033195,127.0891633,37.48401091,127.0942829,-0.005119625,-0.003678954,215.7009563
41800-2,경기도(연천군),국지도,경기도 연천군,국지도78호선,1,38.07537025,127.0894688,38.06236403,127.0995715,-0.010102639,0.01300622,127.8384325
41630-15,경기도(양주시),시도,경기도 양주시,옥정지하차도,0.2,37.81397191,127.0895627,37.82250683,127.0916333,-0.002070666,-0.008534918,256.3628914
41460-1,경기도(용인시),시도,경기도 용인시,12호선,1.1,37.29497858,127.0900081,37.29544876,127.1017321,-0.011723952,-0.000470172,182.2965348
41460-110,경기도(용인시),지방도,경기도 용인시,"311호(하갈2교,기흥터널)",3,37.22338751,127.0901345,37.2549527,127.0935005,-0.003366019,-0.031565198,263.9131503
70206-1,민자고속도로(경수고속도로(주)),고속국도,경기도 성남시,171호선,0.4,37.42638889,127.0908333,37.43,127.0908333,0,-0.00361111,270
41460-111,경기도(용인시),도시계획도로,경기도 용인시,중1-99호(흥덕4로),1.5,37.27816751,127.0910821,37.28303357,127.1033063,-0.012224185,-0.004866057,201.7059191
-,경기도(의정부시),국지도,경기도 의정부시,43호선,2.6,37.76381476,127.091086,37.77745033,127.1136573,-0.022571363,-0.013635563,211.1365506
46780-7,전라남도(보성군),위임국도,전라남도 보성군,위임국도18호선,1.82,34.72418489,127.0912563,34.69557887,127.0854615,0.005794811,0.028606015,78.54837626
41630-14,경기도(양주시),시도,경기도 양주시,김삿갓 지하차도,0.2,37.8287024,127.0917707,37.82250683,127.0916333,0.000137394,0.006195575,88.72961147
70207-2,경수고속도로㈜,위임도로,서울특별시 강남구,용인서울선,0.37,37.46472222,127.0927778,37.46555556,127.0913889,,,
41360-10,경기도(남양주시),시도,경기도 남양주시,시도113호선,1.3,37.67759963,127.092928,37.68130248,127.1045063,-0.011578223,-0.003702859,197.7349184
11680-26,서울특별시(강남구),구도,서울특별시 강남구,자곡로,0.9,37.46677896,127.0929669,37.47412945,127.0940865,-0.001119586,-0.007350495,261.3395925
46780-1,전라남도(보성군),지방도,전라남도 보성군,지방도836,1,34.78222977,127.0936034,34.78571192,127.0854287,0.008174661,-0.003482157,336.9274696
45110-14,전라북도(전주시),지방도,전북특별자치도 전주시,유연로,1.4,35.81813938,127.0936805,35.82514096,127.071369,0.022311559,-0.007001579,342.5776478
41800-14,경기도(연천군),농어촌도로,경기도 연천군,리도201호선,0.65,38.19204569,127.0945195,38.1893236,127.1023171,-0.00779757,0.002722091,160.7561713
70100-14,한국도로공사(한국도로공사),고속국도,경기도 성남시,100호선,3,37.40575158,127.0946465,37.41692835,127.1224461,-0.02779952,-0.011176777,201.9025578
11000-97,서울특별시(동부도로사업소),시도,서울특별시 광진구,강변역로,0.16,37.53213706,127.0951805,37.53288429,127.0947754,0.000405193,-0.000747233,298.4691044
11710-8,서울특별시(송파구),시도,서울특별시 송파구,잠실대교 남단,0.5,37.51859392,127.0960453,37.51584762,127.0981407,-0.002095347,0.002746295,127.3426228
11260-5,서울특별시(중랑구),시도,서울특별시 중랑구,신내로,0.34,37.60257408,127.0960626,37.5999186,127.0970786,-0.001015961,0.002655484,110.9363331
45110-19,전라북도(전주시),일반국도,전북특별자치도 전주시,동부대로,0.83,35.87123058,127.0977044,35.87009003,127.1067263,-0.00902191,0.001140549,172.794893
11000-91,서울특별시(동부도로사업소),시도,서울특별시 송파구,송파대로,1.13,37.51672961,127.097712,37.51657142,127.0973027,0.000409273,0.000158194,21.13280596
41630-13,경기도(양주시),지방도,경기도 양주시,천보터널,0.7,37.85155574,127.09778,37.8634523,127.1054256,-0.00764561,-0.011896565,237.2722096
11000-95,서울특별시(동부도로사업소),시도,서울특별시 광진구,광나루로,0.8,37.53886838,127.0978056,37.53847017,127.1001834,-0.002377834,0.000398215,170.4929171
11710-6,서울특별시(송파구),구도,서울특별시 송파구,탄천제방길,0.3,37.49674995,127.0978488,37.4956821,127.1000474,-0.002198581,0.00106785,154.0941693
41650-15,경기도(포천시),지방도,경기도 포천시,지방도368호선,1.9,37.98226317,127.0982102,37.98615047,127.0977323,0.000477972,-0.0038873,277.009756
41460-108,경기도(용인시),시도,경기도 용인시,27호(신수로),1.7,37.292855,127.0984574,37.28714064,127.098897,-0.00043962,0.005714361,94.39923994
45110-13,전라북도(전주시),지방도,전북특별자치도 전주시,천잠로,1.9,35.80215148,127.0987319,35.81760912,127.0946767,0.004055288,-0.015457641,284.7001804
11710-16,서울특별시(송파구),시도,서울특별시 송파구,백제고분로,0.54,37.50257636,127.0991858,37.50465193,127.1056404,-0.006454609,-0.00207557,197.8259253
11000-93,서울특별시(동부도로사업소),시도,서울특별시 송파구,오금로,0.4,37.52132936,127.0994692,37.52333203,127.1091083,-0.009639112,-0.002002668,191.7370637
45110-5,전라북도(전주시),지방도,전북특별자치도 전주시,서원로,0.6,35.81363372,127.0997875,35.81362596,127.1059585,-0.006171015,7.75947E-06,179.927956
41800-12,경기도(연천군),군도,경기도 연천군,군도9호선,1.2,38.13661937,127.099821,38.1363489,127.108349,-0.008528003,0.000270473,178.1834236
41800-6,경기도(연천군),지방도,경기도 연천군,지방도372호선,1,38.01526908,127.1000601,38.02312205,127.1084935,-0.008433431,-0.007852968,222.9587859
41460-105,경기도(용인시),시도,경기도 용인시,58호(신정로),1.8,37.29423868,127.1005179,37.28231545,127.1033538,-0.002835925,0.011923227,103.3791323
11260-6,서울특별시(중랑구),시도,서울특별시 중랑구,용마산로,0.4,37.60495064,127.100802,37.60170886,127.1005814,0.000220598,0.003241782,86.10711026
11215-1,서울특별시(광진구),구도,서울특별시 광진구,워커힐로,1,37.55079182,127.100871,37.55336842,127.0974968,0.003374182,-0.002576601,322.6338382
11215-3,서울특별시(광진구),시도,서울특별시 광진구,천호대로,1,37.5464287,127.1009516,37.54888775,127.0939981,0.006953525,-0.002459053,340.5243094
41460-101,경기도(용인시),지방도,경기도 용인시,317호(기흥저수지옆),1.5,37.24073187,127.1015092,37.22750197,127.1022482,-0.000738947,0.013229902,93.1968946
11710-12,서울특별시(송파구),구도,서울특별시 송파구,송파나루지하차도,0.36,37.51151114,127.1025563,37.51325147,127.106404,-0.003847639,-0.001740332,204.3377891
41460-71,경기도(용인시),도시계획도로,경기도 용인시,대2-6호(풍덕고가차도),0.67,37.33091543,127.1026644,37.32143173,127.1025435,0.000120884,0.009483704,89.26971726
41460-77,경기도(용인시),도시계획도로,경기도 용인시,중1-33호(죽전지하차도),0.1,37.33844249,127.1038832,37.33065834,127.1038211,6.21123E-05,0.007784149,89.54282764
41460-70,경기도(용인시),지방도,경기도 용인시,23호(풍덕제2고가차도),0.23,37.32537506,127.1039388,37.32004419,127.104786,-0.000847175,0.005330868,99.02986476
41800-19,경기도(연천군),군도,경기도 연천군,도신육교,0.5,38.16788135,127.1043352,38.17298632,127.1039222,0.00041301,-0.005104969,274.6253552
11710-15,서울특별시(송파구),구도,서울특별시 송파구,잠실로,0.38,37.51246922,127.1046469,37.51246922,127.1046469,0,0,NaN
11000-96,서울특별시(동부도로사업소),시도,서울특별시 광진구,천호대로,0.68,37.54468671,127.1057756,37.54259252,127.1071175,-0.00134186,0.002094196,122.6497945
41250-1,경기도(동두천시),지방도,경기도 동두천시,364호선,1.5,37.89018947,127.1059504,37.89105406,127.1220089,-0.016058441,-0.000864596,183.0818635
41460-99,경기도(용인시),국지도,경기도 용인시,23호(고매IC인근),1.1,37.23986976,127.1059882,37.23350879,127.1146662,-0.008678058,0.006360972,143.758775
11260-3,서울특별시(중랑구),시도,서울특별시 중랑구,경춘북로,0.8,37.6201132,127.1060018,37.61641042,127.1033928,0.002609021,0.003702773,54.83098425
41460-104,경기도(용인시),시도,경기도 용인시,29호(한성CC옆길),2.2,37.30553411,127.1061422,37.30308392,127.1174937,-0.011351583,0.002450187,167.8198294
11215-2,서울특별시(광진구),시도,서울특별시 광진구,아차산로,2,37.54824619,127.1072185,37.55840936,127.1136916,-0.00647302,-0.01016317,237.5065524
70204-5,민자고속도로(서울고속도로(주)),고속국도,경기도 남양주시,100호선,1.66,37.67010938,127.1073815,37.6754807,127.0892622,0.018119333,-0.005371324,343.4879873
41250-1,경기도(동두천시),지방도,경기도 동두천시,379호선,0.25,37.86601963,127.1076816,37.86813783,127.1081139,-0.000432349,-0.0021182,258.4637283
11260-1,서울특별시(중랑구),고속국도,서울특별시 중랑구,망우로,0.6,37.60044674,127.1088159,37.60165053,127.1150647,-0.006248799,-0.001203792,190.9040941
41460-69,경기도(용인시),도시계획도로,경기도 용인시,대3-2호(죽전고가차도),0.23,37.32421615,127.1089058,37.32920645,127.1089551,-4.93433E-05,-0.0049903,269.433487
44130-1,충청남도(천안시),지방도,충청남도 천안시,검은들로,0.7,36.81247188,127.1090467,36.81138038,127.1146697,-0.00562303,0.001091502,169.0147681
11710-9,서울특별시(송파구),구도,서울특별시 송파구,강동대로,0.3,37.5288338,127.1092467,37.52739989,127.1121454,-0.002898687,0.00143391,153.6795083
11001-26,서울특별시(시설공단),시도,서울특별시 강남구,동부간선도로,0.6,37.48416256,127.109912,37.47088633,127.1231639,-0.013251971,0.013276236,134.9475916
41460-98,경기도(용인시),국지도,경기도 용인시,"23호(양고개,면허시험장앞)",0.8,37.29195451,127.1099872,37.28514802,127.1057054,0.004281828,0.006806489,57.82681437
11710-20,서울특별시(송파구),시도,서울특별시 송파구,양재대로,0.43,37.49622481,127.1100659,37.49622481,127.1100659,0,0,NaN
41460-66,경기도(용인시),일반국도,경기도 용인시,43호(죽전2교),0.15,37.32624998,127.1100906,37.3248718,127.1116644,-0.001573765,0.001378177,138.7907217
41630-2,경기도(양주시),지방도,경기도 양주시,지방도360,1.3,37.83923623,127.110231,37.84372329,127.1150517,-0.004820615,-0.004487059,222.9475896
41800-13,경기도(연천군),군도,경기도 연천군,군도9호선,0.8,38.13564382,127.110354,38.13427192,127.115903,-0.005548988,0.001371893,166.1130658
11000-92,서울특별시(동부도로사업소),시도,서울특별시 송파구,강동대로로,1.99,37.52906224,127.1103946,37.52777926,127.1110321,-0.000637476,0.001282987,116.4213574
41460-68,경기도(용인시),일반국도,경기도 용인시,43호(꽃뫼 램프교),0.1,37.32469084,127.1105478,37.32463499,127.1116814,-0.001133656,5.58541E-05,177.1793777
41460-112,경기도(용인시),도시계획도로,경기도 용인시,"중1-5호(신촌중~독정초,보정로)",0.8,37.3141533,127.1106334,37.31925783,127.1155485,-0.004915071,-0.005104522,226.0832207
70202-5,민자고속도로(천안논산고속도로(주)),고속국도,충청남도 공주시,25호선,2.6,36.65433,127.1111344,36.677295,127.116583,-0.0054486,-0.022965,256.6529783
41460-72,경기도(용인시),일반국도,경기도 용인시,43호(죽전방음터널),1.09,37.32470248,127.1117666,37.32684999,127.1279956,-0.016228981,-0.002147509,187.5379036
-,경기도(의정부시),지방도,경기도 의정부시,민락로,1.6,37.76039456,127.1118068,37.77345068,127.1157404,-0.003933595,-0.013056119,253.2333064
60400-51,국토관리청(익산청),일반국도,전북특별자치도 임실군,27,1,35.616671,127.112161,35.601489,127.123621,,,
11000-1,서울특별시(동부도로사업소),광역시도,서울특별시 송파구,송파지하차도,0.4,37.49961353,127.112388,37.49585601,127.115686,-0.003298025,0.003757519,131.2738621
60400-28,국토관리청(익산청),일반국도,전북특별자치도 순창군,24호선,1,35.371296,127.113755,35.375715,127.123254,-0.009499,-0.004419,204.9481721
70216-2,서울북부고속도로㈜,위임도로,서울특별시 중랑구,구리포천선,1,37.60116219,127.1140907,37.60999762,127.1147235,,,
41630-1,경기도(양주시),지방도,경기도 양주시,회암고개,1.4,37.84289134,127.1141188,37.83883189,127.1066565,0.007462319,0.004059448,28.5458747
41310-1,경기도(구리시),시도,경기도 구리시,국도43호선,0.3,37.56050432,127.1146437,37.56075414,127.1147505,-0.00010678,-0.000249816,246.8564813
44230-1,충청남도(논산시),시도,충청남도 논산시,시도1호선,2.5,36.31414734,127.1147619,36.31395979,127.130055,-0.01529311,0.00018755,179.2973783
41590-19,경기도(화성시),지방도,경기도 화성시,고매교,0.5,37.23317952,127.1151634,37.21511663,127.1198927,-0.004729321,0.018062886,104.6721343
41650-1,경기도(포천시),시도,경기도 포천시,시도4호선,0.5,37.77335457,127.1154243,37.77826434,127.1158064,-0.000382101,-0.004909765,265.5499386
41130-1,경기도(성남시),시도,경기도 성남시,여수대로,0.12,37.42215935,127.1158027,37.42200279,127.1185586,-0.002755922,0.000156568,176.7484449
41130-2,경기도(성남시),지방도,경기도 성남시,탄천로,0.15,37.42761282,127.1166671,37.42858437,127.1181238,-0.001456724,-0.00097155,213.7009733
70202-6,민자고속도로(천안논산고속도로(주)),고속국도,충청남도 천안시,25호선,1,36.6810769,127.1172075,36.690014,127.118548,-0.0013405,-0.0089371,261.4696419
41130-20,경기도(성남시),시도,경기도 성남시,여수대로,0.2,37.42222743,127.1183796,37.42228698,127.1168922,0.001487382,-5.95472E-05,357.7073937
44130-1,충청남도(천안시),지방도,충청남도 천안시,쌍용3길,1,36.80414386,127.1191029,36.80139287,127.1185203,0.000582584,0.002750993,78.04300185
70212-2,민자고속도로(서울북부고속도로(주)),고속국도,경기도 남양주시,29호선,1,37.69716151,127.1197123,37.70409869,127.1086221,0.01109027,-0.00693718,327.9732182
70100-10,한국도로공사(한국도로공사),고속국도,경기도 용인시,1호선,1,37.09788518,127.1199803,37.10634788,127.116151,0.003829309,-0.008462701,294.3463967
41130-17,경기도(성남시),시도,경기도 성남시,탄천로,0.3,37.43680378,127.1200536,37.43680378,127.1200536,0,0,NaN
11000-98,서울특별시(동부도로사업소),시도,서울특별시 강동구,천호대로,1.09,37.54035108,127.1202855,37.54037207,127.1165483,0.003737209,-2.09929E-05,359.6781582
44130-1,충청남도(천안시),지방도,충청남도 천안시,수곡로,1,36.79060392,127.120343,36.79003229,127.121854,-0.001511097,0.000571625,159.2791273
70202-4,민자고속도로(천안논산고속도로(주)),고속국도,충청남도 공주시,25호선,1,36.6209502,127.1204146,36.6299071,127.120529,-0.0001144,-0.0089569,269.2682423
41460-107,경기도(용인시),시도,경기도 용인시,12호(언동육교),0.5,37.29143683,127.1211418,37.29179623,127.1261718,-0.005030031,-0.000359401,184.0868997
70216-1,서울북부고속도로㈜,위임도로,경기도 포천시,구리포천선,1,37.77416,127.1212,37.78162,127.1229,,,
41460-65,경기도(용인시),도시계획도로,경기도 용인시,중1-1호(죽전동 전내교차로),0.43,37.32522025,127.1212257,37.32134057,127.1230792,-0.001853506,0.003879678,115.5360196
44130-1,충청남도(천안시),지방도,충청남도 천안시,쌍용3길,0.1,36.80394241,127.1212452,36.80122398,127.1213335,-8.82767E-05,0.002718439,91.85993078
41130-9,경기도(성남시),시도,경기도 성남시,산성대로,0.05,37.43279942,127.1212861,37.43241737,127.1212655,2.05959E-05,0.000382046,86.91419269
44130-1,충청남도(천안시),지방도,충청남도 천안시,백석1길,0.3,36.8206093,127.1214508,36.81702427,127.1168992,0.004551565,0.003585037,38.22571305
44130-1,충청남도(천안시),지방도,충청남도 천안시,충무로,1,36.79206484,127.1222219,36.79153628,127.1237542,-0.001532296,0.000528564,160.9681739
44130-1,충청남도(천안시),지방도,충청남도 천안시,삼성대로,0.9,36.83932361,127.1224076,36.83683957,127.1177638,0.004643816,0.002484042,28.142944
45110-15,전라북도(전주시),지방도,전북특별자치도 전주시,백제대로,1,35.82521218,127.1227597,35.81672315,127.1229841,-0.000224369,0.00848903,91.5139992
41460-67,경기도(용인시),도시계획도로,경기도 용인시,중1-1호(현메교),0.4,37.3220666,127.1229101,37.33084057,127.1179793,0.004930835,-0.00877397,299.3353132
45110-16,전라북도(전주시),지방도,전북특별자치도 전주시,백제대로,0.7,35.81210954,127.1231394,35.80611667,127.1231864,-4.70903E-05,0.005992869,90.45020477
44130-1,충청남도(천안시),지방도,충청남도 천안시,쌍용11길,0.5,36.80066594,127.1234418,36.80195753,127.1237779,-0.000336034,-0.001291595,255.4166945
44150-7,충청남도(공주시),시도,충청남도 공주시,중학새마을1길,0.1,36.44672756,127.1240795,36.44648499,127.1245952,-0.000515777,0.000242575,154.8119486
41310-1,경기도(구리시),시도,경기도 구리시,북부간선도로,0.27,37.61046335,127.1241506,37.61092912,127.1299875,-0.005836932,-0.000465769,184.5623566
44130-1,충청남도(천안시),지방도,충청남도 천안시,백석3로,0.4,36.82276434,127.1250615,36.82054208,127.1228947,0.002166862,0.002222258,45.72310174
44130-1,충청남도(천안시),지방도,충청남도 천안시,충무로,1,36.79177916,127.1255111,36.79300068,127.1254516,5.94326E-05,-0.001221518,272.7855106
44150-6,충청남도(공주시),시도,충청남도 공주시,중학새마을2길,0.2,36.44675596,127.1255936,36.44588119,127.1247701,0.000823481,0.000874776,46.73007335
11000-100,서울특별시(동부도로사업소),시도,경기도 구리시,양재대로,3.23,37.574282,127.1261299,37.57480229,127.1270778,-0.000947892,-0.000520291,208.7620443
44130-1,충청남도(천안시),지방도,충청남도 천안시,서부대로,0.7,36.79500109,127.126764,36.7982427,127.1261492,0.000614824,-0.003241609,280.7395063
44130-1,충청남도(천안시),지방도,충청남도 천안시,차량고개로,2,36.65759589,127.1274319,36.6553392,127.1266312,0.00080068,0.002256691,70.46517874
41130-15,경기도(성남시),시도,경기도 성남시,경충대로,0.25,37.42733258,127.127826,37.42739027,127.1305202,-0.0026942,-5.769E-05,181.2266678
45710-3,전라북도(완주군),농어촌도로,전북특별자치도 완주군,비봉 농어촌도로 102호선 ,1.26,36.02700867,127.127834,36.03244288,127.1361453,-0.008311286,-0.005434209,213.1780616
41590-7,경기도(화성시),국지도,경기도 화성시,국지도 23호선,0.5,37.20493827,127.1285369,37.2011022,127.1309052,-0.002368294,0.003836069,121.6901601
41460-64,경기도(용인시),일반국도,경기도 용인시,43(죽전동 대지고개),1.35,37.3269159,127.1287554,37.32807183,127.1380365,-0.009281082,-0.001155933,187.0994689
46000-67,전라남도(도로관리사업소),위임국도,전라남도 곡성군,위임국도15호선,1.1,35.20096408,127.1289704,35.19434338,127.1365593,-0.007588845,0.006620698,138.8977422
45110-7,전라북도(전주시),지방도,전북특별자치도 전주시,안행로,1.87,35.79944554,127.1289832,35.81266628,127.1311475,-0.002164331,-0.013220743,260.7027393
45110-17,전라북도(전주시),지방도,전북특별자치도 전주시,어은로,0.5,35.82387673,127.1294434,35.8200549,127.1297662,-0.000322841,0.003821831,94.82847182
44230-2,충청남도(논산시),시도,충청남도 논산시,시도3호선,2.9,36.10720266,127.1298945,36.08678194,127.1363252,-0.006430763,0.020420715,107.4799277
41310-1,경기도(구리시),시도,경기도 구리시,용암천 및 시도56호선,0.21,37.64058985,127.129927,37.64211291,127.1300709,-0.000143896,-0.001523064,264.6028125
41310-1,경기도(구리시),시도,경기도 구리시,용암천 및 시도56호선,0.21,37.64219903,127.1301996,37.6407756,127.1316563,-0.001456641,0.00142343,135.6606685
44130-1,충청남도(천안시),지방도,충청남도 천안시,신방동 249-10,5,36.7657087,127.1302993,36.76512629,127.1297621,0.000537228,0.000582414,47.31104327
41130-8,경기도(성남시),시도,경기도 성남시,산성대로,0.34,37.43386063,127.1304586,37.43313517,127.1272414,0.0032172,0.00072546,12.70733282
45110-6,전라북도(전주시),지방도,전북특별자치도 전주시,서원로,0.8,35.81244254,127.1305227,35.81592467,127.1383078,-0.00778511,-0.003482128,204.0980392
44130-1,충청남도(천안시),지방도,충청남도 천안시,노태산로,0.4,36.83881684,127.130802,36.83421243,127.127549,0.003253034,0.004604414,54.75866454
70100-8,한국도로공사(한국도로공사),고속국도,경기도 안성시,40호선,1,37.03431744,127.1311118,37.03660785,127.14198,-0.010868178,-0.002290408,191.9006243
11740-24,서울특별시(강동구),시도,서울특별시 강동구,아리수로(보도),1.2,37.55594965,127.1312816,37.55644006,127.1420342,-0.010752604,-0.000490419,182.6114122
45110-2,전라북도(전주시),지방도,전북특별자치도 전주시,백제대로,1.1,35.79610215,127.1320359,35.80255116,127.1253565,0.00667943,-0.006449017,316.0054765
44130-1,충청남도(천안시),지방도,충청남도 천안시,일봉로,1,36.7933865,127.1324168,36.79174583,127.1360617,-0.0036449,0.001640676,155.7660993
60100-40,국토관리청(서울청),일반국도,경기도 연천군,37,1,38.020745,127.132798,38.017611,127.143447,,,
41250-1,경기도(동두천시),지방도,경기도 동두천시,지방도364호선,2.58,37.89039647,127.1328366,37.88053861,127.1383988,-0.005562154,0.009857852,119.433254
44230-8,충청남도(논산시),시도,충청남도 논산시,시도 4호,0.5,36.14324837,127.1329372,36.14764065,127.128895,0.004042233,-0.004392274,312.6235263
44230-9,충청남도(논산시),시도,충청남도 논산시,시도 5호,1,36.07113153,127.1335202,36.0764497,127.1264516,0.007068634,-0.005318169,323.0435999
44130-1,충청남도(천안시),지방도,충청남도 천안시,봉명동 232,1,36.80445519,127.1337903,36.80423333,127.1357894,-0.00199909,0.000221855,173.6673377
41250-1,경기도(동두천시),지방도,경기도 동두천시,364호선,2.5,37.88953584,127.1338749,37.88684495,127.1359361,-0.002061186,0.002690893,127.4515939
44130-1,충청남도(천안시),지방도,충청남도 천안시,봉명동 225,1,36.80725807,127.1344164,36.80689224,127.1396035,-0.005187143,0.000365828,175.9658383
45110-1,전라북도(전주시),지방도,전북특별자치도 전주시,용머리로,0.81,35.80838744,127.134741,35.81152273,127.1389272,-0.004186201,-0.00313529,216.8316761
41460-103,경기도(용인시),지방도,경기도 용인시,315호(지곡동써니밸리앞),0.7,37.25432424,127.1352042,37.25364947,127.1386433,-0.00343914,0.000674776,168.8992949
41130-28,경기도(성남시),시도,경기도 성남시,제일로,0.19,37.43343,127.13529,37.43502,127.13448,0.00081,-0.00159,296.9958384
45110-9,전라북도(전주시),지방도,전북특별자치도 전주시,권삼득로,0.38,35.83583814,127.1365756,35.83347343,127.1392346,-0.002658931,0.002364702,138.3519262
11000-99,서울특별시(동부도로사업소),시도,서울특별시 강동구,양재대로,3.23,37.56393305,127.1366758,37.564626,127.1357143,0.000961464,-0.000692949,324.2188712
70100-9,한국도로공사(한국도로공사),고속국도,경기도 안성시,1호선,3,37.04631,127.1368055,37.0729366,127.1326732,0.004132281,-0.026626599,278.8215717
41130-14,경기도(성남시),시도,경기도 성남시,경충대로,0.04,37.42732197,127.1369729,37.42689109,127.1399929,-0.00302,0.00043088,171.8800973
70100-171,한국도로공사(한국도로공사),고속국도,전북특별자치도 순창군,광주대구선,1,35.36299859,127.1369875,35.36339543,127.1476312,,,
44130-1,충청남도(천안시),지방도,충청남도 천안시,다가말1길 ,1,36.79790163,127.1370656,36.79737669,127.1370253,4.03154E-05,0.00052494,85.60830006
44130-1,충청남도(천안시),지방도,충청남도 천안시,다가말2길,1,36.79787022,127.1385655,36.79701843,127.1385535,1.20449E-05,0.000851789,89.18985233
41250-1,경기도(동두천시),지방도,경기도 동두천시,오지재고개,0.7,37.880348,127.138619,37.87583845,127.1403191,-0.001700127,0.004509545,110.65676
44130-1,충청남도(천안시),지방도,충청남도 천안시,성정13길,1,36.8160142,127.1397588,36.81386353,127.1398277,-6.8931E-05,0.002150675,91.83575098
44130-1,충청남도(천안시),지방도,충청남도 천안시,성정6길,0.2,36.81599433,127.1397873,36.81381341,127.1398136,-2.62778E-05,0.002180923,90.69032058
41650-3,경기도(포천시),시도,경기도 포천시,시도3호선,1.6,37.87547457,127.1404772,37.8625074,127.1440504,-0.00357316,0.01296717,105.405773
41310-1,경기도(구리시),시도,경기도 구리시,국도43호선,0.14,37.64563827,127.140688,37.64669558,127.1404341,0.000253923,-0.001057312,283.5043198
46780-1,전라남도(보성군),지방도,전라남도 보성군,지방도895,1,34.82574554,127.1413461,34.81813496,127.1387739,0.002572201,0.007610579,71.32592352
45710-1,전라북도(완주군),군도,전북특별자치도 완주군,군도21호,0.9,36.07244127,127.1413613,36.07112278,127.1338016,0.007559657,0.001318497,9.893570493
45710-5,전라북도(완주군),군도,전북특별자치도 완주군,군도 15호선,1.2,36.07774464,127.141457,36.08607345,127.1372628,0.004194173,-0.008328805,296.7286526
41460-113,경기도(용인시),일반국도,경기도 용인시,42호(효자고개),1.4,37.2553071,127.1439978,37.24974928,127.1585196,-0.014521872,0.005557819,159.0571257
11740-10,서울특별시(강동구),구도,서울특별시 강동구,풍성로,0.2,37.52673753,127.1446122,37.5257351,127.1469797,-0.002367496,0.00100243,157.0515269
11710-21,서울특별시(송파구),구도,서울특별시 송파구,거마로,0.33,37.49426617,127.1446704,37.49719797,127.1458403,-0.001169894,-0.002931807,248.2462675
11710-7,서울특별시(송파구),구도,서울특별시 송파구,거마로 고갯길,0.4,37.49409682,127.1447913,37.49721335,127.1461942,-0.00140296,-0.003116529,245.7642779
11740-17,서울특별시(강동구),시도,서울특별시 강동구,아리수로,0.7,37.5598129,127.1454529,37.56206503,127.1507264,-0.005273473,-0.002252132,203.1257822
45110-11,전라북도(전주시),지방도,전북특별자치도 전주시,견훤왕궁로,0.74,35.83496252,127.1456355,35.8388788,127.1457388,-0.000103281,-0.003916279,268.4893294
41130-25,경기도(성남시),시도,경기도 성남시,서현로,1.9,37.373566,127.145646,37.361422,127.149481,-0.003835,0.012144,107.5257942
44130-1,충청남도(천안시),지방도,충청남도 천안시,천안천공원3길,1,36.79929032,127.1460344,36.79895686,127.1467313,-0.00069692,0.000333467,154.4295415
44130-1,충청남도(천안시),지방도,충청남도 천안시,삼성대로,0.6,36.83894726,127.1462976,36.83902589,127.1381196,0.008178083,-7.86304E-05,359.4491312
44130-1,충청남도(천안시),지방도,충청남도 천안시,대흥동 246-1,1,36.80475751,127.1465345,36.80362933,127.1461599,0.000374626,0.001128179,71.63061612
44130-1,충청남도(천안시),지방도,충청남도 천안시,삼성대로,0.8,36.83895203,127.1467706,36.83918321,127.1551828,-0.008412161,-0.00023118,181.5741833
11740-12,서울특별시(강동구),구도,서울특별시 강동구,전중로,0.13,37.54065682,127.1469288,37.54124393,127.148206,-0.001277182,-0.000587114,204.688023
44130-1,충청남도(천안시),지방도,충청남도 천안시,번영로,0.7,36.86147498,127.1475418,36.86000169,127.1439511,0.003590702,0.001473291,22.30869728
41460-109,경기도(용인시),도시계획도로,경기도 용인시,소1-30호(영진골프랜드고개),0.5,37.2320741,127.1479971,37.2323417,127.1548377,-0.006840665,-0.000267591,182.2401328
41310-1,경기도(구리시),시도,경기도 구리시,국도6호선,0.2,37.60373278,127.1481231,37.60416823,127.149916,-0.001792824,-0.000435451,193.6519594
44150-9,충청남도(공주시),시도,충청남도 공주시,신금1길,0.5,36.47639773,127.1482101,36.47696199,127.143626,0.004584102,-0.000564258,352.9827476
41360-12,경기도(남양주시),시도,경기도 남양주시,도시계획도로,0.25,37.60404316,127.149033,37.60501651,127.1535644,-0.004531466,-0.000973349,192.1228134
46780-1,전라남도(보성군),지방도,전라남도 보성군,지방도895,0.2,34.83290356,127.1499471,34.83125027,127.1500611,-0.00011401,0.001653293,93.94482738
70100-6,한국도로공사(한국도로공사),고속국도,경기도 용인시,50호선,5,37.28937664,127.1505564,37.2636312,127.1952054,-0.044648996,0.025745439,150.0314536
44130-1,충청남도(천안시),지방도,충청남도 천안시,백석로,0.8,36.81865952,127.1507693,36.81864591,127.1490679,0.001701395,1.36124E-05,0.458399266
41610-2,경기도(광주시),국지도,경기도 광주시,국지도57호선,1.43,37.359929,127.151232,37.356355,127.165692,-0.01446,0.003574,166.1167589
11740-23,서울특별시(강동구),구도,서울특별시 강동구,천중로,0.22,37.54013303,127.1518694,37.54013303,127.1518694,0,0,NaN
46780-1,전라남도(보성군),지방도,전라남도 보성군,지방도845,1,34.81459334,127.1527356,34.82162746,127.1545815,-0.001845857,-0.007034119,255.2962606
45110-10,전라북도(전주시),지방도,전북특별자치도 전주시,견훤로,0.53,35.84613921,127.1528315,35.84614429,127.1528209,1.0553E-05,-5.07976E-06,334.2957422
46720-4,전라남도(곡성군),군도,전라남도 곡성군,군도6호선,1.1,35.22557882,127.1528857,35.22557882,127.1528857,0,0,NaN
11740-16,서울특별시(강동구),구도,서울특별시 강동구,동남로82길,0.12,37.55752964,127.1544313,37.55892992,127.1552404,-0.000809085,-0.00140028,239.9806004
44130-1,충청남도(천안시),지방도,충청남도 천안시,동서대로,1,36.82473894,127.1558576,36.82485847,127.14965,0.00620761,-0.000119528,358.8969015
60300-1,국토관리청(대전청),일반국도,세종특별자치시,1호선,2,36.691905,127.156141,36.682604,127.174746,-0.018605,0.009301,153.4386445
11740-15,서울특별시(강동구),구도,서울특별시 강동구,상암로,0.7,37.5467278,127.1569661,37.54619574,127.1636344,-0.006668318,0.000532065,175.4380327
45110-18,전라북도(전주시),지방도,전북특별자치도 전주시,아중로,0.43,35.82313462,127.1572831,35.82450423,127.1616415,-0.004358422,-0.001369615,197.4450904
41130-13,경기도(성남시),시도,경기도 성남시,희망로,0.33,37.42212261,127.1582857,37.4215796,127.1609488,-0.0026631,0.00054301,168.4752896
41130-29,경기도(성남시),시도,경기도 성남시,희망로,0.33,37.44343933,127.1583644,37.44629094,127.1555802,0.002784178,-0.002851608,314.3145072
41130-12,경기도(성남시),시도,경기도 성남시,희망로,0.1,37.42136312,127.1586825,37.42194896,127.159383,-0.000700532,-0.000585841,219.9050747
41460-94,경기도(용인시),일반국도,경기도 용인시,42호(효자고개),0.1,37.24945469,127.1591684,37.2440154,127.165903,-0.006734591,0.005439295,141.0733958
44130-1,충청남도(천안시),지방도,충청남도 천안시,삼성대로,1,36.83809423,127.1597588,36.83181936,127.1617559,-0.00199711,0.006274862,107.6547925
41310-1,경기도(구리시),시도,경기도 구리시,검배로,0.5,37.59341931,127.1601394,37.59349782,127.1661302,-0.005990728,-7.85103E-05,180.7508358
41650-6,경기도(포천시),지방도,경기도 포천시,지방도368호선,1.4,37.95621803,127.1604292,37.95073119,127.1720094,-0.011580145,0.005486835,154.6477487
41310-1,경기도(구리시),시도,경기도 구리시,강변북로,0.32,37.58196449,127.1613913,37.58311574,127.1638831,-0.002491771,-0.001151244,204.7978
60300-7,국토관리청(대전청),일반국도,충청남도 공주시,43호선,10,36.593866,127.162246,36.53639,127.235679,-0.073433,0.057476,141.9497177
44130-1,충청남도(천안시),지방도,충청남도 천안시,신부동 167-1,3,36.82513981,127.1641098,36.82816105,127.1659896,-0.001879785,-0.003021236,238.1105145
44130-1,충청남도(천안시),지방도,충청남도 천안시,구성동 490,1,36.80606396,127.1642878,36.79130158,127.1647587,-0.000470914,0.014762383,91.82709311
46780-1,전라남도(보성군),지방도,전라남도 보성군,오도재,0.8,34.79569122,127.165252,34.79132383,127.1602909,0.004961055,0.004367389,41.35858704
41360-1,경기도(남양주시),지방도,경기도 남양주시,383호선,1.2,37.62820207,127.1658959,37.61979033,127.1677774,-0.001881448,0.008411741,102.6077922
42780-3,강원특별자치도(철원군),군도,강원특별자치도 철원군,군도2호선,2,38.24594121,127.1662993,38.24599344,127.168448,-0.002148745,-5.22224E-05,181.392224
41360-5,경기도(남양주시),지방도,경기도 남양주시,지방도383호선,1.2,37.61996705,127.1679031,37.63187707,127.1651754,0.002727756,-0.011910022,282.8999839
41130-11,경기도(성남시),시도,경기도 성남시,갈마치로,0.05,37.42208947,127.168977,37.42257519,127.1684215,0.000555473,-0.000485726,318.8323509
36000-4,세종특별자치시(본청),시도,세종특별자치시,의당전의로(시도25호),0.5,36.60656162,127.1701581,36.60230098,127.1664414,0.003716722,0.004260643,48.90056283
60300-5,국토관리청(대전청),일반국도,세종특별자치시,23호선,6,36.68411,127.170951,36.649684,127.125651,0.0453,0.034426,37.23323049
41550-3,경기도(안성시),국지도,경기도 안성시,국지도23호선,1.8,37.06102,127.17528,37.0698996,127.1639878,0.0112922,-0.0088796,321.820327
41460-82,경기도(용인시),시도,경기도 용인시,7호(남사사기장골고개),1.2,37.09651601,127.1786237,37.0870331,127.1748553,0.003768378,0.009482913,68.32781472
44230-11,충청남도(논산시),시도,충청남도 논산시,시도 7호,0.2,36.13243556,127.1786513,36.13399731,127.1769725,0.001678756,-0.001561751,317.0678823
41130-1,경기도(성남시),시도,경기도 성남시,순환로,0.52,37.44544957,127.178689,37.45110846,127.1743862,0.004302768,-0.005658898,307.2477022
44230-3,충청남도(논산시),시도,충청남도 논산시,시도4호선,2.95,36.13239412,127.1787438,36.12125009,127.1864506,-0.00770677,0.011144028,124.6662038
44130-1,충청남도(천안시),지방도,충청남도 천안시,삼성5길,1,36.76048703,127.1787664,36.76045085,127.1749492,0.003817216,3.61778E-05,0.543006603
41130-27,경기도(성남시),시도,경기도 성남시,순환로,0.13,37.43195,127.17904,37.43091,127.17918,-0.00014,0.00104,97.66680426
41130-4,경기도(성남시),시도,경기도 성남시,순환로,0.42,37.4428293,127.1792457,37.44522793,127.1788806,0.000365088,-0.002398635,278.6543817
41130-16,경기도(성남시),지방도,경기도 성남시,지방도338,1.5,37.433065,127.180213,37.43287946,127.1912309,-0.011017937,0.000185541,179.0352354
36000-3,세종특별자치시(본청),시도,세종특별자치시,매실로(시도27호),1.1,36.72181298,127.181123,36.71927842,127.1922696,-0.011146537,0.002534558,167.1896045
44130-1,충청남도(천안시),지방도,충청남도 천안시,유량로,2,36.81339648,127.18152,36.80985643,127.1832466,-0.001726627,0.00354005,116.0003842
45110-12,전라북도(전주시),지방도,전북특별자치도 전주시,동부대로,1.1,35.81889806,127.1815584,35.81015535,127.1864204,-0.004862008,0.008742719,119.0793486
41130-6,경기도(성남시),시도,경기도 성남시,순환로,0.06,37.42356503,127.1827369,37.42452527,127.1819214,0.000815488,-0.000960239,310.3397587
44130-1,충청남도(천안시),지방도,충청남도 천안시,유량로,2,36.81003417,127.1830583,36.80087001,127.1909502,-0.00789183,0.009164159,130.7337976
45750-1,전라북도(임실군),군도,전북특별자치도 임실군,13호선,0.2,35.64975593,127.1836723,35.64214754,127.1987769,-0.015104636,0.007608386,153.2650571
60100-11,국토관리청(서울청),일반국도,경기도 용인시,43호선,5,37.339791,127.18398,37.32934,127.14199,0.04199,0.010451,13.97651054
41450-5,경기도(하남시),시도,경기도 하남시,시도180호선,0.9,37.52115267,127.1854117,37.52136909,127.1761924,0.009219321,-0.000216417,358.6552722
60400-20,국토관리청(익산청),일반국도,전북특별자치도 완주군,21호선,4,35.7604,127.185938,35.746382,127.145786,0.040152,0.014018,19.24528619
45710-7,전라북도(완주군),농어촌도로,전북특별자치도 완주군,화산 농어촌도로 203호,0.8,36.06934494,127.1863742,36.06593604,127.1923058,-0.00593164,0.0034089,150.1141148
44130-1,충청남도(천안시),지방도,충청남도 천안시,유량로,1.3,36.82598657,127.1876566,36.8239234,127.1882964,-0.000639788,0.002063168,107.2286437
41650-5,경기도(포천시),일반국도,경기도 포천시,국도87호선,1.9,37.9109142,127.188072,37.92688103,127.1875836,0.000488463,-0.015966823,271.7522666
60100-38,국토관리청(서울청),일반국도,경기도 포천시,87호선,3,37.940267,127.188166,37.914251,127.187481,0.000685,0.026016,88.49175342
45110-4,전라북도(전주시),지방도,전북특별자치도 전주시,동부대로,1.95,35.79693742,127.1891926,35.8102646,127.1862351,0.002957516,-0.013327184,282.5120897
44130-1,충청남도(천안시),지방도,충청남도 천안시,도장로,0.7,36.75172659,127.1893775,36.75140541,127.1949278,-0.005550263,0.000321183,176.688098
41460-91,경기도(용인시),지방도,경기도 용인시,321호(역북터널),0.57,37.25847188,127.1926363,37.25313899,127.1927522,-0.000115926,0.005332895,91.2452948
41460-92,경기도(용인시),지방도,경기도 용인시,321호(여수곡터널),0.28,37.2670128,127.1932972,37.27197803,127.1949357,-0.001638505,-0.004965231,251.7373271
70100-90,한국도로공사(한국도로공사),고속국도,충청남도 논산시,251호선,1,36.16404891,127.1938281,36.16059925,127.2040735,-0.010245401,0.003449663,161.3914374
41650-14,경기도(포천시),지방도,경기도 포천시,국지도98호선,1.2,37.81356792,127.1950363,37.81127452,127.2088133,-0.013776964,0.002293407,170.5488214
41610-12,경기도(광주시),시도,경기도 광주시,갈마터널입구,2.1,37.41458801,127.1973734,37.42347777,127.1783454,0.019028039,-0.008889755,334.9583775
70100-68,한국도로공사(한국도로공사),고속국도,충청남도 천안시,1호선,1,36.76652505,127.2002908,36.76702589,127.1891194,0.011171366,-0.000500844,357.4329868
41360-6,경기도(남양주시),시도,경기도 남양주시,도시계획도로,1,37.67302578,127.2018433,37.6793129,127.2082622,-0.006418981,-0.00628712,224.4054198
44130-1,충청남도(천안시),지방도,충청남도 천안시,덕전1길,1,36.80325258,127.2021374,36.80709535,127.2118136,-0.00967629,-0.003842774,201.659663
41460-123,경기도(용인시),도시계획도로,경기도 용인시,즁2-107호,0.15,37.23439324,127.2043247,37.233306,127.2040083,0.000316437,0.00108724,73.77257662
60100-13,국토관리청(서울청),일반국도,경기도 용인시,45호선,2,37.213568,127.205989,37.196173,127.200089,0.0059,0.017395,71.26419808
41460-95,경기도(용인시),일반국도,경기도 용인시,45호(남리교),0.53,37.21694805,127.207434,37.21835947,127.2090557,-0.001621697,-0.001411424,221.0342651
46720-3,전라남도(곡성군),군도,전라남도 곡성군,군도1호선,0.6,35.29027599,127.2096716,35.28488787,127.2110815,-0.001409873,0.00538812,104.6634417
36000-10,세종특별자치시(본청),시도,세종특별자치시,용연로(시도20호),1.34,36.54796282,127.2108008,36.55473157,127.2205603,-0.009759463,-0.00676875,214.7435388
45750-1,전라북도(임실군),농어촌도로,전북특별자치도 임실군,면도 107호선,0.1,35.4912873,127.2121769,35.4920399,127.2146251,-0.002448161,-0.000752598,197.0881321
41460-90,경기도(용인시),국지도,경기도 용인시,98호(유림교),0.17,37.25541274,127.212515,37.25221006,127.2193321,-0.006817101,0.003202678,154.8358355
60100-14,국토관리청(서울청),일반국도,경기도 용인시,45호선,15,37.129088,127.21313,37.03407,127.13952,0.07361,0.095018,52.23522356
41460-89,경기도(용인시),일반국도,경기도 용인시,45호((신)수포교),0.53,37.26486255,127.2131865,37.26707639,127.2128924,0.00029407,-0.002213839,277.5664657
41460-1,경기도(용인시),국지도,경기도 용인시,82호선(이동읍 묘봉리),0.9,37.12363942,127.2135044,37.11619221,127.2130007,0.000503698,0.007447212,86.13065114
60400-16,국토관리청(익산청),일반국도,전북특별자치도 완주군,17호선,1,35.988327,127.216885,35.982033,127.209116,0.007769,0.006294,39.01241524
36000-5,세종특별자치시(본청),시도,세종특별자치시,솔티로(시도27호),1.64,36.62717875,127.218004,36.61363241,127.2190709,-0.001066913,0.013546338,94.50333276
41460-96,경기도(용인시),일반국도,경기도 용인시,45호(기선교),0.53,37.22364712,127.219221,37.22546951,127.2265713,-0.007350309,-0.001822393,193.9247876
41650-7,경기도(포천시),지방도,경기도 포천시,국지도78호선,1.3,38.06112882,127.2202576,38.06971102,127.2278727,-0.007615085,-0.008582194,228.4169666
46720-7,전라남도(곡성군),지방도,전라남도 곡성군,지방도840호선,0.2,35.32259308,127.2217784,35.32121011,127.2210167,0.000761768,0.001382969,61.15312515
36110-1,세종특별자치시(세종시),시도,세종특별자치시,시도2(불티교),0.73,36.44083817,127.2242311,36.43918168,127.2293459,-0.005114801,0.00165649,162.0548248
46780-3,전라남도(보성군),군도,전라남도 보성군,군도6호선,1.4,34.84678843,127.225288,34.84832247,127.2120763,0.0132117,-0.001534036,353.3769347
44230-7,충청남도(논산시),시도,충청남도 논산시,시도20호선,2.95,36.21254647,127.2259353,36.21089884,127.2509252,-0.024989966,0.001647627,176.2278614
41650-8,경기도(포천시),일반국도,경기도 포천시,국도87호선,1.4,38.14354511,127.2268014,38.1502643,127.23805,-0.011248636,-0.006719197,210.8513226
45000-29,전라북도(도로관리사업소),지방도,전북특별자치도 순창군,지717호,1,35.46091591,127.2273278,35.46952014,127.221579,0.005748778,-0.008604231,303.7482248
60300-29,국토관리청(대전청),일반국도,충청남도 천안시,21호선,5,36.770841,127.227621,36.781657,127.175841,0.05178,-0.010816,348.2014903
60300-61,국토관리청(대전청),일반국도,세종특별자치시,36,1,36.499011,127.227961,36.499777,127.239023,,,
45750-1,전라북도(임실군),농어촌도로,전북특별자치도 임실군,리도 202,0.2,35.57129325,127.2284143,35.5704581,127.2292954,-0.00088109,0.00083515,136.5333173
36110-13,세종특별자치시(세종시),도시계획도로,세종특별자치시,윌현윗길,0.19,36.50448563,127.232117,36.5052464,127.2306761,0.001440919,-0.000760776,332.1668679
41460-1,경기도(용인시),지방도,경기도 용인시,318호(이동읍 묵리),2.1,37.18278523,127.2336942,37.16922163,127.2390846,-0.005390481,0.013563595,111.6739967
45000-28,전라북도(도로관리사업소),지방도,전북특별자치도 순창군,지717호,1,35.45455767,127.2337394,35.46107735,127.2271926,0.006546772,-0.006519679,315.1188003
60100-43,국토관리청(서울청),일반국도,경기도 포천시,43,1,37.946018,127.235014,37.938371,127.229266,,,
46780-2,전라남도(보성군),군도,전라남도 보성군,군도6호선,2,34.84328374,127.2394354,34.84666253,127.2261519,0.013283427,-0.003378788,345.728821
41550-9,경기도(안성시),국지도,경기도 안성시,국지도 23호선,0.6,37.00365084,127.2395643,37.000573,127.238998,0.000566266,0.003077842,79.57522268
41450-4,경기도(하남시),일반국도,경기도 하남시,국도43호선,0.6,37.48201364,127.239855,37.4769758,127.2404841,-0.000629117,0.005037835,97.11816183
60400-17,국토관리청(익산청),일반국도,전북특별자치도 완주군,17호선,2,35.709272,127.239931,35.695103,127.251083,-0.011152,0.014169,128.2052351
41460-1,경기도(용인시),지방도,경기도 용인시,318,1.2,37.16587342,127.2403055,37.16174591,127.2532993,-0.012993769,0.004127515,162.3773726
36110-43,세종특별자치시(세종시),지방도,세종특별자치시,가재마을4단지 ~ 가재마을12단지,0.75,36.50529408,127.2418913,36.50476892,127.2495306,-0.007639378,0.000525166,176.0674082
36110-42,세종특별자치시(세종시),지방도,세종특별자치시,가재마을3단지  ~ 가재마을11단지,0.79,36.50342566,127.2419389,36.503434,127.2498122,-0.007873227,-8.33706E-06,180.0606712
36110-44,세종특별자치시(세종시),지방도,세종특별자치시,종촌초등학교 ~ 가재마을10단지,0.83,36.50267126,127.241947,36.50238746,127.2523165,-0.01036947,0.000283805,178.4322486
44130-1,충청남도(천안시),지방도,충청남도 천안시,삼방로,1,36.83984224,127.2421302,36.84446215,127.2482364,-0.006106156,-0.004619916,217.1111379
45710-2,전라북도(완주군),군도,전북특별자치도 완주군,군도20호,2.3,35.90335154,127.2421721,35.90496871,127.2532442,-0.011072052,-0.001617168,188.3097804
46720-9,전라남도(곡성군),국지도,전라남도 곡성군,국지도 60호선,3,35.22953103,127.2421768,35.24234384,127.2523258,-0.010148975,-0.012812805,231.6173861
36110-14,세종특별자치시(세종시),시도,세종특별자치시,다정남로,0.66,36.49307497,127.2423288,36.49399183,127.2488015,-0.006472636,-0.00091686,188.0624059
36110-45,세종특별자치시(세종시),지방도,세종특별자치시,가재마을1단지 ~ 가재마을5단지,0.76,36.50098864,127.2425979,36.50077864,127.2473318,-0.004733874,0.000209999,177.4599762
46720-11,전라남도(곡성군),군도,전라남도 곡성군,3호선,1.4,35.14451646,127.2435781,35.1450251,127.2326788,0.010899342,-0.000508642,357.3281049
36110-50,세종특별자치시(세종시),지방도,세종특별자치시,새뜸마을 4단지 ~ 새뜸마을 14단지,1.3,36.48922397,127.243879,36.49090355,127.255615,-0.011736023,-0.001679587,188.1445122
36110-1,세종특별자치시(세종시),위임국도,세종특별자치시,"세종로(국도1, 주추지하차도)",0.1,36.52069052,127.2439595,36.49666062,127.2398848,0.004074675,0.024029899,80.37607536
60100-10,국토관리청(서울청),일반국도,경기도 광주시,43호선,1,37.465796,127.244917,37.462831,127.253151,-0.008234,0.002965,160.1964421
36110-49,세종특별자치시(세종시),지방도,세종특별자치시,새뜸마을 3단지 ~ 새롬고등학교,0.5,36.48613814,127.2454157,36.48719584,127.2498648,-0.004449133,-0.001057695,193.3727249
36110-15,세종특별자치시(세종시),시도,세종특별자치시,다정서로,0.63,36.49110419,127.2471918,36.49509925,127.2449651,0.002226773,-0.003995065,299.1344665
36110-48,세종특별자치시(세종시),지방도,세종특별자치시,새뜸마을 2단지 ~ 새뜸마을 6단지,0.4,36.48353665,127.2476426,36.48353665,127.2476426,0,0,NaN
36110-47,세종특별자치시(세종시),지방도,세종특별자치시,새뜸마을 5단지 ~ 새뜸마을 9단지,0.6,36.48303523,127.2494151,36.48491665,127.2549294,-0.005514222,-0.001881416,198.8392976
44150-4,충청남도(공주시),시도,충청남도 공주시,시도1호선,1,36.34015206,127.249783,36.34197918,127.2483333,0.001449659,-0.001827117,308.428952
36110-46,세종특별자치시(세종시),지방도,세종특별자치시,새뜸마을1단지 ~ 새뜸마을 4단지,1.1,36.48067528,127.2506009,36.48998009,127.2468615,0.003739437,-0.009304803,291.8943291
70100-106,한국도로공사(한국도로공사),고속국도,전라남도 곡성군,25호선,1,35.13495722,127.2507353,35.14250823,127.2566989,-0.005963594,-0.00755101,231.699226
36110-16,세종특별자치시(세종시),시도,세종특별자치시,다정북로,0.61,36.4959921,127.2509452,36.49464951,127.2554117,-0.004466513,0.001342592,163.2697142
41650-9,경기도(포천시),지방도,경기도 포천시,지방도387호선,0.9,38.13144615,127.2521084,38.13809043,127.246487,0.005621395,-0.006644285,310.23288
41460-88,경기도(용인시),국지도,경기도 용인시,98호(정수리고개),4.5,37.26199786,127.2537978,37.27093519,127.291488,-0.037690232,-0.008937332,193.3399293
70100-92,한국도로공사(한국도로공사),고속국도,전북특별자치도 완주군,20호선,1.73,35.80571239,127.2539039,35.80149007,127.2716424,-0.017738493,0.004222316,166.6109708
41650-16,경기도(포천시),지방도,경기도 포천시,국지도78호선,1.2,38.07873688,127.2545113,38.07946353,127.2640027,-0.009491346,-0.000726648,184.3779663
36110-32,세종특별자치시(세종시),시도,세종특별자치시,가름로,0.5,36.4988177,127.2547334,36.49850671,127.2576963,-0.002962885,0.000310988,174.0081069
36110-51,세종특별자치시(세종시),지방도,세종특별자치시,새뜸마을 12단지 ~ 새뜸마을 14단지,0.9,36.4907844,127.2555298,36.48357305,127.2591056,-0.003575805,0.007211359,116.374851
36110-33,세종특별자치시(세종시),시도,세종특별자치시,도움3로,0.51,36.50349599,127.2562052,36.50349599,127.2562052,0,0,NaN
36110-35,세종특별자치시(세종시),시도,세종특별자치시,절재로,0.56,36.50750482,127.2564551,36.5084198,127.26044,-0.003984896,-0.000914981,192.9316674
41360-11,경기도(남양주시),시도,경기도 남양주시,경춘로,1.3,37.65493561,127.2585002,37.65374551,127.27314,-0.014639861,0.001190107,175.3525181
36110-12,세종특별자치시(세종시),시도,세종특별자치시,한누리대로,0.37,36.51523527,127.2590047,36.52028528,127.2593869,-0.00038224,-0.005050016,265.6714835
46770-1,전라남도(고흥군),군도,전라남도 고흥군,35호선,1,34.65746384,127.2601404,34.65860158,127.2439085,0.016231882,-0.001137741,355.9905244
44230-4,충청남도(논산시),시도,충청남도 논산시,시도4호선,2.95,36.15590441,127.2603551,36.16218603,127.2952071,-0.034851973,-0.006281622,190.217138
36110-30,세종특별자치시(세종시),시도,세종특별자치시,도움4로,0.47,36.50167507,127.2630158,36.50167507,127.2630158,0,0,NaN
41650-4,경기도(포천시),지방도,경기도 포천시,국지도56호선,2,37.8591722,127.2630463,37.8517529,127.2728477,-0.00980132,0.007419297,142.8754014
60100-12,국토관리청(서울청),일반국도,경기도 광주시,45호선,1.44,37.451109,127.263208,37.369884,127.244813,0.018395,0.081225,77.23949269
60400-29,국토관리청(익산청),일반국도,전북특별자치도 남원시,24호선,3,35.417721,127.263292,35.398998,127.277216,-0.013924,0.018723,126.6376001
60100-8,국토관리청(서울청),일반국도,경기도 용인시,42호선,9,37.225076,127.263553,37.254917,127.356944,-0.093391,-0.029841,197.7201147
36110-29,세종특별자치시(세종시),시도,세종특별자치시,도움6로,0.47,36.50384082,127.2638874,36.50384082,127.2638874,0,0,NaN
70100-94,한국도로공사(한국도로공사),고속국도,전북특별자치도 임실군,27호선,0.9,35.6920308,127.2641689,35.69914051,127.259463,0.004705938,-0.00710971,303.5006927
60300-3,국토관리청(대전청),일반국도,충청남도 공주시,1호선,2,36.361179,127.264687,36.34355,127.264573,0.000114,0.017629,89.62949527
36110-26,세종특별자치시(세종시),시도,세종특별자치시,도움8로,0.51,36.5059843,127.2646974,36.5059843,127.2646974,0,0,NaN
60400-37,국토관리청(익산청),일반국도,전라남도 순천시,15호선,8,34.966929,127.264973,34.904616,127.281096,-0.016123,0.062313,104.5066898
44130-1,충청남도(천안시),지방도,충청남도 천안시,위례성로,2,36.88839205,127.2666119,36.88335821,127.2715262,-0.004914325,0.005033839,134.311701
60400-36,국토관리청(익산청),일반국도,전라남도 보성군,2호선,2,34.83068,127.267555,34.840234,127.284413,-0.016858,-0.009554,209.5416978
36110-34,세종특별자치시(세종시),시도,세종특별자치시,어진지하도로,1.3,36.50740118,127.2686271,36.50740118,127.2686271,0,0,NaN
36110-52,세종특별자치시(세종시),지방도,세종특별자치시,해밀마을 211동∼212동 사이 육교 ,0.45,36.52804891,127.2699951,36.5281852,127.2703365,-0.000341408,-0.00013629,201.7619339
60400-15,국토관리청(익산청),일반국도,전북특별자치도 완주군,17호선,2,36.088313,127.27073,36.079665,127.257312,0.013418,0.008648,32.80207894
30200-5,대전광역시(유성구),구도,대전광역시 유성구,소로2-세동1,0.27,36.29265223,127.2713245,36.29221455,127.273723,-0.002398502,0.000437674,169.6585572
36110-1,세종특별자치시(세종시),시도,세종특별자치시,심동로(시도31),0.45,36.64968134,127.2714976,36.6517609,127.2757817,-0.004284178,-0.002079561,205.8921641
36110-39,세종특별자치시(세종시),지방도,세종특별자치시,농로,1.13,36.55535596,127.272258,36.55140166,127.2688878,0.003370196,0.003954309,49.55956147
41360-9,경기도(남양주시),지방도,경기도 남양주시,지방도387호선,0.3,37.75002451,127.272652,37.74864423,127.2720296,0.000622392,0.001380278,65.72853913
41360-3,경기도(남양주시),지방도,경기도 남양주시,국지도86호선,1.5,37.6169445,127.2732196,37.62633531,127.2825176,-0.009297995,-0.009390814,225.284559
41460-93,경기도(용인시),국지도,경기도 용인시,57호(곱든고개),0.3,37.18714691,127.2742922,37.17771819,127.2947627,-0.020470531,0.009428717,155.2692252
70100-91,한국도로공사(한국도로공사),고속국도,충청남도 논산시,251호선,3,36.21860522,127.2754394,36.24409736,127.2781828,-0.00274345,-0.025492148,263.8575031
36110-41,세종특별자치시(세종시),시도,세종특별자치시,해들마을1단지 인도,0.8,36.46965473,127.2764298,36.47273808,127.2817968,-0.005366998,-0.003083356,209.8774907
36110-36,세종특별자치시(세종시),시도,세종특별자치시,해들마을 6단지 앞 인도,0.35,36.47460659,127.2765134,36.47448967,127.2771046,-0.000591194,0.000116918,168.8132082
41460-87,경기도(용인시),지방도,경기도 용인시,318호(원삼문수봉터널),0.6,37.15487884,127.2767881,37.15505126,127.2814103,-0.004622184,-0.000172426,182.1363739
41460-122,경기도(용인시),시도,경기도 용인시,75호선,1,37.2350635,127.2770176,37.24153942,127.2652661,0.011751438,-0.006475923,331.1419397
36110-25,세종특별자치시(세종시),시도,세종특별자치시,시청대로,3,36.4760459,127.2775605,36.47706062,127.2809494,-0.003388926,-0.001014721,196.6688886
36110-39,세종특별자치시(세종시),시도,세종특별자치시,"해들마을 2,3단지 앞 상가인도",0.4,36.47099762,127.2776742,36.47099762,127.2776742,0,0,NaN
36110-37,세종특별자치시(세종시),시도,세종특별자치시,해들마을 3단지 앞,0.7,36.47319897,127.2779485,36.47319897,127.2779485,0,0,NaN
60300-2,국토관리청(대전청),일반국도,세종특별자치시,1호선,1,36.42434,127.278102,36.415952,127.275806,0.002296,0.008388,74.69172052
36110-37,세종특별자치시(세종시),시도,세종특별자치시,21호선,1,36.55915563,127.2784579,36.56610099,127.284783,-0.006325057,-0.006945358,227.6762366
60300-34,국토관리청(대전청),일반국도,충청남도 천안시,34호선,2,36.903121,127.278819,36.892089,127.285918,-0.007099,0.011032,122.7609431
60100-28,국토관리청(서울청),일반국도,경기도 남양주시,46호선,2,37.648135,127.279457,37.641198,127.300278,-0.020821,0.006937,161.5733071
46720-1,전라남도(곡성군),지방도,전라남도 곡성군,840,10,35.21182912,127.2796605,35.15116339,127.3194679,-0.039807404,0.060665725,123.271932
70205-1,민자고속도로(서울춘천고속도로(주)),고속국도,경기도 남양주시,60호선,3.35,37.62214995,127.279876,37.63153969,127.3128367,-0.032960694,-0.009389737,195.9010231
41360-1,경기도(남양주시),시도,경기도 남양주시,시도10호선,1.5,37.60481226,127.281589,37.59512653,127.2914339,-0.009844906,0.009685723,135.4669746
36110-53,세종특별자치시(세종시),시도,세종특별자치시,해들마을 4단지 인도해들마을 4단지 인도,0.4,36.47273808,127.2817968,36.47273808,127.2817968,0,0,NaN
41360-7,경기도(남양주시),지방도,경기도 남양주시,지방도387호선,1.2,37.77250683,127.2826532,37.76505448,127.2832494,-0.000596189,0.007452352,94.57392494
41820-1,경기도(가평군),지방도,경기도 가평군,387호선,2,37.77968723,127.2826893,37.78434525,127.2965302,-0.013840864,-0.004658015,198.6001829
43110-1,충청북도(청주시),시도,충청북도 청주시,시도2호선,1.13,36.6376641,127.2829436,36.63704939,127.3015498,-0.018606243,0.000614717,178.1077396
41820-6,경기도(가평군),지방도,경기도 가평군,지방도387호선,2,37.7749426,127.2832529,37.78394815,127.2956386,-0.012385691,-0.009005551,216.0206421
46720-6,전라남도(곡성군),지방도,전라남도 곡성군,지방도840호선,1.8,35.21883442,127.2833554,35.2050706,127.2816619,0.001693478,0.013763821,82.98567248
45710-6,전라북도(완주군),군도,전북특별자치도 완주군,군도26호선,5.1,35.83996172,127.2834504,35.8295611,127.3107077,-0.027257294,0.010400619,159.1145475
60400-21,국토관리청(익산청),일반국도,전북특별자치도 완주군,26호선,5,35.844167,127.283831,35.854836,127.328655,-0.044824,-0.010669,193.3884079
46150-3,전라남도(순천시),국지도,전라남도 순천시,국지도58,2,34.90635073,127.2840787,34.91360787,127.3242801,-0.04020142,-0.007257144,190.2328077
36110-23,세종특별자치시(세종시),시도,세종특별자치시,보람1길,2,36.47548054,127.2843298,36.47548054,127.2843298,0,0,NaN
36110-17,세종특별자치시(세종시),시도,세종특별자치시,남세종로,3,36.47474517,127.2849624,36.47474517,127.2849624,0,0,NaN
60100-1,국토관리청(서울청),일반국도,경기도 광주시,3호선,9,37.382883,127.286098,37.354102,127.379372,-0.093274,0.028781,162.8516566
36110-18,세종특별자치시(세종시),시도,세종특별자치시,남세종로,3,36.47616329,127.2884335,36.47616329,127.2884335,0,0,NaN
60400-48,국토관리청(익산청),일반국도,전라남도 순천시,22호선,4,35.046589,127.28909,35.030767,127.320616,-0.031526,0.015822,153.3492311
36110-24,세종특별자치시(세종시),시도,세종특별자치시,보람동 752,2,36.47744266,127.2891596,36.47803852,127.2893237,-0.000164124,-0.000595858,254.6002626
36110-19,세종특별자치시(세종시),시도,세종특별자치시,남세종로,2,36.47727729,127.2910549,36.47727729,127.2910549,0,0,NaN
36000-1,세종특별자치시(본청),도시계획도로,세종특별자치시,허만석로,1.2,36.61889782,127.2912266,36.61149723,127.3005315,-0.00930488,0.007400583,141.5032183
60100-32,국토관리청(서울청),일반국도,경기도 가평군,47호선,2,37.86499,127.291791,37.847809,127.280554,0.011237,0.017181,56.81385172
70100-93,한국도로공사(한국도로공사),고속국도,전북특별자치도 임실군,27호선,0.42,35.67084937,127.2924228,35.67312894,127.2890001,0.003422714,-0.002279573,326.3358575
45000-48,전라북도(도로관리사업소),국지도,전북특별자치도 완주군,국지도 55호,1.5,35.87018034,127.2925243,35.86915261,127.2999976,-0.007473278,0.001027734,172.1697341
36110-20,세종특별자치시(세종시),시도,세종특별자치시,남세종로,2,36.47774622,127.2930404,36.47786231,127.2952388,-0.00219838,-0.000116094,183.0229067
60300-24,국토관리청(대전청),일반국도,충청북도 진천군,34호선,11,36.897349,127.293955,36.872782,127.398855,-0.1049,0.024567,166.8191946
46780-4,전라남도(보성군),농어촌도로,전라남도 보성군,면도,2,34.88391061,127.2942826,34.89710846,127.2847034,0.009579146,-0.013197848,305.9725669
60400-40,국토관리청(익산청),일반국도,전라남도 고흥군,27호선,1,34.606387,127.295202,34.600483,127.286997,0.008205,0.005904,35.73732762
30000-5,대전광역시(건설관리본부),지방도,대전광역시 유성구,계백로,1.7,36.278653,127.29583,36.276306,127.293375,0.002455,0.002347,43.71159909
36110-22,세종특별자치시(세종시),시도,세종특별자치시,남세종로,2,36.47993753,127.2963563,36.47993753,127.2963563,0,0,NaN
36110-21,세종특별자치시(세종시),시도,세종특별자치시,남세종로,3,36.47958402,127.2965951,36.47958402,127.2965951,0,0,NaN
46720-2,전라남도(곡성군),군도,전라남도 곡성군,군도4호선,0.2,35.12715662,127.2975761,35.12793063,127.2960514,0.001524721,-0.000774011,333.0857867
36110-26,세종특별자치시(세종시),시도,세종특별자치시,새샘9단지~글벗중~글벗초~새샘4단지~새샘3단지,0.92,36.48983912,127.300129,36.48399023,127.2966841,0.003444887,0.005848883,59.50268104
36110-30,세종특별자치시(세종시),시도,세종특별자치시,새샘1단지~새샘5단지,0.8,36.48029896,127.3013304,36.48092957,127.3057341,-0.004403678,-0.000630614,188.1494515
36110-27,세종특별자치시(세종시),시도,세종특별자치시,새샘7단지~현대자동차~새샘6단지~새샘5단지,0.68,36.48571939,127.3014321,36.48628454,127.2998834,0.001548756,-0.000565144,339.95286
60100-23,국토관리청(서울청),일반국도,경기도 포천시,37호선,1,37.900524,127.301543,37.891898,127.302535,-0.000992,0.008626,96.56026196
70100-105,한국도로공사(한국도로공사),고속국도,전라남도 순천시,25호선,3,35.03384066,127.3015514,35.05398469,127.2799286,0.021622753,-0.02014403,317.0276691
60100-2,국토관리청(서울청),일반국도,경기도 용인시,17호선,1,37.22749,127.303171,37.222206,127.31229,-0.009119,0.005284,149.9098742
46150-1,전라남도(순천시),일반국도,전라남도 순천시,국도22,2.5,35.02961934,127.3058069,35.02972098,127.318353,-0.012546101,-0.000101642,180.4641714
70100-113,한국도로공사(한국도로공사),고속국도,전북특별자치도 남원시,27호선,4,35.41176036,127.3061005,35.44616278,127.3161866,-0.010086092,-0.034402414,253.65993
41460-86,경기도(용인시),농어촌도로,경기도 용인시,209호(원삼죽능리),1.6,37.13787157,127.3072469,37.13863367,127.323909,-0.016662026,-0.000762103,182.618823
30200-4,대전광역시(유성구),시도,대전광역시 유성구,대로3-84,0.64,36.36790942,127.3074268,36.36411484,127.3075999,-0.000173095,0.00379458,92.61181611
36000-9,세종특별자치시(본청),농어촌도로,세종특별자치시,금병로(면도101호),0.9,36.45438323,127.3076871,36.46181736,127.3078179,-0.000130768,-0.007434137,268.9922568
41460-84,경기도(용인시),농어촌도로,경기도 용인시,201호(원삼문촌리),1.2,37.16471042,127.3101949,37.15807648,127.2990205,0.011174481,0.006633937,30.69626903
60300-28,국토관리청(대전청),일반국도,충청남도 천안시,21호선,1,36.753988,127.310768,36.755364,127.299752,0.011016,-0.001376,352.8801048
30000-4,대전광역시(건설관리본부),지방도,대전광역시 유성구,계백로,1.2,36.28578054,127.3120823,36.27998731,127.2999659,0.012116453,0.005793226,25.55381021
44230-6,충청남도(논산시),시도,충청남도 논산시,시도9호선,2.2,36.19325559,127.3123724,36.22377432,127.3094739,0.002898529,-0.030518726,275.4254169
44230-5,충청남도(논산시),시도,충청남도 논산시,시도9호선,2.7,36.16130266,127.3137711,36.14540885,127.3058459,0.007925186,0.015893811,63.49762083
41550-4,경기도(안성시),지방도,경기도 안성시,지방도325호선,1.7,36.9462923,127.3154783,36.9370209,127.319011,-0.0035327,0.0092714,110.8584412
70100-69,한국도로공사(한국도로공사),고속국도,대전광역시 유성구,251호선,2,36.33584831,127.3158289,36.35208467,127.3254231,-0.009594184,-0.016236355,239.4208405
36110-1,세종특별자치시(세종시),시도,세종특별자치시,"구즉세종로(황용교, 시도6)",0.35,36.47741765,127.3166276,36.47693388,127.3199415,-0.003313836,0.000483767,171.6944074
30200-7,대전광역시(유성구),지방도,대전광역시 유성구,테스터,1,36.29935243,127.3169576,36.29936125,127.3172661,-0.000308465,-8.82004E-06,181.6378281
70100-65,한국도로공사(한국도로공사),고속국도,경기도 안성시,40호선,2,36.97686981,127.3210491,36.98179889,127.3423957,-0.021346592,-0.004929086,193.0021327
60100-31,국토관리청(서울청),일반국도,경기도 포천시,47호선,3,37.972272,127.321077,37.949994,127.302055,0.019022,0.022278,49.50774791
41460-83,경기도(용인시),시도,경기도 용인시,17호(원삼좌전고개),1.4,37.21558971,127.3211621,37.20354434,127.3212463,-8.42421E-05,0.012045366,90.40070511
70100-114,한국도로공사(한국도로공사),고속국도,전북특별자치도 임실군,27호선,1,35.55438707,127.3217093,35.56325296,127.3227423,-0.001032931,-0.00886589,263.3546467
70100-115,한국도로공사(한국도로공사),고속국도,전북특별자치도 임실군,27호선,2,35.57225225,127.3221426,35.58983152,127.3253222,-0.003179618,-0.017579273,259.7475774
45720-5,전라북도(진안군),군도,전북특별자치도 진안군,군도 1호선,1.5,35.70672046,127.3226417,35.71348702,127.3130335,0.009608198,-0.006766563,324.8449216
46720-1,전라남도(곡성군),도시계획도로,전라남도 곡성군,도시계획도로2-2,0.1,35.26693657,127.3248734,35.26666358,127.3265539,-0.001680576,0.000272994,170.7734384
36110-1,세종특별자치시(세종시),시도,세종특별자치시,시도13(내판과선교),0.54,36.55247817,127.3258516,36.55354901,127.3287328,-0.002881153,-0.001070839,200.3886103
41650-10,경기도(포천시),지방도,경기도 포천시,국지도78호선,1.8,38.06125423,127.3258686,38.05579437,127.3422115,-0.016342909,0.005459855,161.526508
42780-2,강원특별자치도(철원군),군도,강원특별자치도 철원군,군도4호선,3,38.14037497,127.3267258,38.12699981,127.3485089,-0.021783116,0.013375157,148.449456
41650-11,경기도(포천시),지방도,경기도 포천시,지방도387호선,2,38.03232484,127.327177,38.04765506,127.3265514,0.000625679,-0.015330227,272.3371389
43000-43,충청북도(본청),지방도,충청북도 진천군,지방도 325,1.3,36.92835495,127.3284551,36.93432618,127.3200513,0.008403754,-0.005971229,324.6045673
30000-3,대전광역시(건설관리본부),지방도,대전광역시 서구,계백로,0.8,36.301389,127.329803,36.30188,127.338735,-0.008932,-0.000491,183.1464333
36110-1,세종특별자치시(세종시),시도,세종특별자치시,아람찬교(시도1),0.85,36.51027485,127.3298732,36.51538099,127.3303674,-0.000494239,-0.005106132,264.4713746
36000-2,세종특별자치시(본청),시도,세종특별자치시,바람재로(시도4호),2.43,36.45741613,127.3303773,36.45315889,127.3245624,0.005814937,0.004257237,36.20864027
30000-15,대전광역시(건설관리본부),지방도,대전광역시 유성구,한밭대로,0.54,36.366782,127.330785,36.366808,127.32365,0.007135,-2.6E-05,359.7912146
30000-13,대전광역시(건설관리본부),지방도,대전광역시 유성구,원신흥로,0.52,36.335767,127.333626,36.340908,127.337844,-0.004218,-0.005141,230.6323907
30000-12,대전광역시(건설관리본부),지방도,대전광역시 유성구,월드컵대로,0.6,36.348447,127.335235,36.348477,127.344841,-0.009606,-3E-05,180.1789369
36000-8,세종특별자치시(본청),시도,세종특별자치시,송암로(시도12호),0.74,36.56267247,127.3359282,36.55772375,127.3412072,-0.005278944,0.004948721,136.8492779
30000-14,대전광역시(건설관리본부),지방도,대전광역시 유성구,동서대로,0.57,36.332191,127.337069,36.332269,127.328979,0.00809,-7.8E-05,359.447598
41650-13,경기도(포천시),지방도,경기도 포천시,지방도387호선,1.9,37.92330435,127.3378557,37.94345183,127.3348981,0.00295758,-0.020147479,278.3511755
36110-1,세종특별자치시(세종시),시도,세종특별자치시,금빛노을교(행복대로),0.95,36.51049395,127.3380013,36.51849307,127.3383722,-0.000370839,-0.007999123,267.345669
60400-14,국토관리청(익산청),일반국도,전북특별자치도 완주군,17호선,3,36.126506,127.338234,36.104899,127.335332,0.002902,0.021607,82.35047647
45720-3,전라북도(진안군),군도,전북특별자치도 진안군,군도 11호선,0.9,35.84785507,127.3391344,35.8541379,127.3403644,-0.001229925,-0.006282836,258.9238735
60200-10,국토관리청(원주청),일반국도,강원특별자치도 철원군,43호선,1,38.197911,127.339287,38.1894,127.336794,0.002493,0.008511,73.673898
41460-85,경기도(용인시),농어촌도로,경기도 용인시,214호(원삼평대사거리),0.8,37.15401387,127.3395885,37.14895809,127.334232,0.005356518,0.005055782,43.34559633
41550-1,경기도(안성시),국지도,경기도 안성시,국지도82호선,1.24,37.0978225,127.3407905,37.0904136,127.3501145,-0.009324,0.0074089,141.5291593
30170-6,대전광역시(서구),지방도,대전광역시 서구,장안로,0.57,36.2341,127.3439,36.2298,127.3456,-0.0017,0.0043,111.5713072
36110-1,세종특별자치시(세종시),국지도,세종특별자치시,연청로(국지도96),0.4,36.53996436,127.3449398,36.53965121,127.3426386,0.002301147,0.000313155,7.749569956
30000-16,대전광역시(건설관리본부),지방도,대전광역시 유성구,한밭대로,0.7,36.36165217,127.3462846,36.36324126,127.3414153,0.004869332,-0.001589089,341.9260867
30170-7,대전광역시(서구),지방도,대전광역시 서구,언목재길,0.77,36.2622,127.3471,36.2678,127.352,-0.0049,-0.0056,228.8140748
36110-1,세종특별자치시(세종시),시도,세종특별자치시,"집현부강로(부용교, 시도10)",0.42,36.49602492,127.3484826,36.49775365,127.3557111,-0.007228556,-0.001728732,193.4498436
60100-5,국토관리청(서울청),일반국도,경기도 안성시,38호선,14,37.031257,127.34962,37.101908,127.516232,-0.166612,-0.070651,202.9791341
30000-11,대전광역시(건설관리본부),지방도,대전광역시 서구,동서대로,0.63,36.332102,127.352511,36.332214,127.343746,0.008765,-0.000112,359.2679089
30000-2,대전광역시(건설관리본부),지방도,대전광역시 서구,계백로,0.4,36.305073,127.35327,36.307086,127.361556,-0.008286,-0.002013,193.6548965
70100-104,한국도로공사(한국도로공사),고속국도,전라남도 순천시,25호선,3,35.02061406,127.3540049,35.02851076,127.3225054,0.031499528,-0.007896696,345.9264183
60100-24,국토관리청(서울청),일반국도,경기도 가평군,37호선,4,37.798072,127.354422,37.772801,127.379926,-0.025504,0.025271,135.2629212
44000-1,충청남도(본청),위임국도,충청남도 금산군,17호선,2,36.132485,127.355039,36.126506,127.338234,0.016805,0.005979,19.58489586
60300-62,국토관리청(대전청),일반국도,충청남도 금산군,17,2,36.132485,127.355039,36.126506,127.338234,,,
30000-18,대전광역시(건설관리본부),지방도,대전광역시 서구,월드컵대로,0.48,36.352616,127.356256,36.348702,127.350849,0.005407,0.003914,35.89989397
30000-19,대전광역시(건설관리본부),지방도,대전광역시 서구,갑천도시고속도로,0.47,36.357207,127.358346,36.36077,127.362141,-0.003795,-0.003563,223.1940448
41650-17,경기도(포천시),지방도,경기도 포천시,국지도78호선,1.6,38.0547565,127.3587327,38.05003302,127.3675272,-0.008794544,0.004723484,151.7600864
60400-33,국토관리청(익산청),일반국도,전북특별자치도 임실군,30호선,3,35.637782,127.359445,35.657952,127.367273,-0.007828,-0.02017,248.7887104
70100-173,한국도로공사(한국도로공사),고속국도,경기도 이천시,영동선,1,37.24386984,127.3597157,37.24099115,127.3699902,,,
46150-5,전라남도(순천시),지방도,전라남도 순천시,지방도857,2.8,34.95212722,127.3601963,34.96939203,127.3578506,0.002345656,-0.017264816,277.7370235
36110-1,세종특별자치시(세종시),시도,세종특별자치시,"세종청주로(갈산교, 시도17)",0.4,36.54016697,127.3605216,36.54145265,127.3660192,-0.005497632,-0.001285674,193.1626187
41610-3,경기도(광주시),국지도,경기도 광주시,국지도88호선,1.4,37.480013,127.361879,37.478658,127.352442,0.009437,0.001355,8.170897989
42780-4,강원특별자치도(철원군),군도,강원특별자치도 철원군,군도2호선,2,38.28437358,127.3639717,38.29641525,127.3757485,-0.01177682,-0.012041668,225.6370693
43000-6,충청북도(본청),지방도,충청북도 청주시,지방도 507,0.8,36.687529,127.365114,36.694511,127.363774,0.00134,-0.006982,280.8642198
30000-10,대전광역시(건설관리본부),지방도,대전광역시 서구,동서대로,1.2,36.334354,127.367289,36.332124,127.355616,0.011673,0.00223,10.81542057
70205-2,민자고속도로(서울춘천고속도로(주)),고속국도,경기도 양평군,60호선,2,37.63413819,127.3684518,37.6330448,127.3903418,-0.021890039,0.001093391,177.1404954
30000-1,대전광역시(건설관리본부),지방도,대전광역시 서구,계백로,0.85,36.312413,127.368559,36.311501,127.368308,0.000251,0.000912,74.61206795
30200-2,대전광역시(유성구),지방도,대전광역시 유성구,유성대로 1312번길,0.92,36.39808931,127.3687469,36.39808931,127.3687469,0,0,NaN
30200-1,대전광역시(유성구),지방도,대전광역시 유성구,유성대로 1312번길,0.92,36.399397,127.3696209,36.3995559,127.3690855,0.000535418,-0.000158899,343.470377
41820-7,경기도(가평군),군도,경기도 가평군,군도20호선,0.8,37.78058069,127.3703229,37.77362771,127.3721525,-0.001829587,0.00695298,104.74245
43000-1,충청북도(본청),지방도,충청북도 청주시,지방도507호,0.9,36.67680719,127.370892,36.68444596,127.365757,0.00513499,-0.007638774,303.9100581
46150-6,전라남도(순천시),지방도,전라남도 순천시,지방도857,3.5,35.04145599,127.3711866,35.08488215,127.3616944,0.009492226,-0.043426163,282.3299618
30000-6,대전광역시(건설관리본부),지방도,대전광역시 서구,계룡로,0.86,36.350815,127.372192,36.345974,127.378868,-0.006676,0.004841,144.0528255
60100-27,국토관리청(서울청),일반국도,경기도 남양주시,45호선,2,37.666812,127.372237,37.650398,127.36639,0.005847,0.016414,70.39306879
30000-20,대전광역시(건설관리본부),지방도,대전광역시 유성구,대덕대로,0.2,36.406689,127.372633,36.407872,127.376383,-0.00375,-0.001183,197.5087485
46720-1,전라남도(곡성군),지방도,전라남도 곡성군,지방도 861호선,2.9,35.29506249,127.3726527,35.29921967,127.3817158,-0.009063121,-0.004157178,204.6405308
41550-5,경기도(안성시),지방도,경기도 안성시,지방도302호선,1.6,36.9616154,127.3734207,36.9603426,127.3836735,-0.0102528,0.0012728,172.9234093
43000-1,충청북도(본청),지방도,충청북도 청주시,지방도507호선,0.5,36.6530553,127.3738575,36.65201297,127.3726632,0.001194228,0.001042332,41.11469963
36000-6,세종특별자치시(본청),시도,세종특별자치시,시목부강로(시도13호),0.7,36.52682332,127.3742652,36.52023582,127.3773033,-0.003038042,0.006587497,114.7583524
70100-112,한국도로공사(한국도로공사),고속국도,전북특별자치도 남원시,27호선,1.65,35.31716203,127.3766464,35.32555252,127.3624501,0.014196334,-0.008390486,329.4155588
30000-22,대전광역시(건설관리본부),지방도,대전광역시 서구,갑천도시고속도로,0.5,36.370347,127.376696,36.371098,127.382951,-0.006255,-0.000751,186.8463854
30140-3,대전광역시(중구),지방도,대전광역시 중구,복수로,0.4,36.27484376,127.3768423,36.27145,127.379011,-0.002168687,0.00339376,122.5794691
41000-1,경기도(본청),지방도,경기도 가평군,391호선,1.3,37.65379527,127.377083,37.64698214,127.3811876,-0.004104607,0.006813138,121.0670576
43110-1,충청북도(청주시),도시계획도로,충청북도 청주시,옥산산단4로,1,36.69495242,127.3773155,36.67977205,127.3969749,-0.019659394,0.015180368,142.3258051
30200-3,대전광역시(유성구),지방도,대전광역시 유성구,대덕대로 925번길,0.43,36.41152429,127.3777701,36.41288147,127.3741857,0.003584305,-0.001357177,339.26111
70100-13,한국도로공사(한국도로공사),고속국도,경기도 이천시,35호선,2,37.29048795,127.3782991,37.30111808,127.3611621,0.017137033,-0.010630136,328.1885897
46150-4,전라남도(순천시),국지도,전라남도 순천시,국지도58,2,34.91864591,127.3800001,34.9116947,127.3520809,0.027919264,0.006951205,13.98096898
30000-7,대전광역시(건설관리본부),지방도,대전광역시 서구,계룡로,0.6,36.343933,127.380586,36.340055,127.391067,-0.010481,0.003878,159.695382
30000-17,대전광역시(건설관리본부),지방도,대전광역시 서구,한밭대로,0.57,36.357659,127.382895,36.357702,127.376104,0.006791,-4.3E-05,359.6372131
41000-1,경기도(본청),지방도,경기도 가평군,98호선,0.49,37.69680788,127.3829587,37.69389495,127.3692273,0.013731317,0.002912934,11.97705361
60100-19,국토관리청(서울청),일반국도,경기도 양평군,6호선,1,37.50996,127.382973,37.508408,127.392922,-0.009949,0.001552,171.1335713
43110-1,충청북도(청주시),시도,충청북도 청주시,저산척북로,0.5,36.56047748,127.3837804,36.56265911,127.3865959,-0.002815547,-0.002181636,217.7704332
30000-31,대전광역시(건설관리본부),지방도,대전광역시 유성구,구즉세종로,0.25,36.443673,127.383938,36.44171704,127.3912813,-0.007343284,0.001955964,165.084939
43110-1,충청북도(청주시),지방도,충청북도 청주시,507호선,0.4,36.65686567,127.3854475,36.65080347,127.3930491,-0.00760159,0.006062203,141.4279401
30000-21,대전광역시(건설관리본부),지방도,대전광역시 서구,둔산대로,0.66,36.364805,127.386518,36.364826,127.374035,0.012483,-2.1E-05,359.9036121
30000-29,대전광역시(건설관리본부),지방도,대전광역시 중구,대둔산로,0.1,36.306466,127.386865,36.308296,127.387539,-0.000674,-0.00183,249.7809444
30200-6,대전광역시(유성구),구도,대전광역시 유성구,중로1-99,1.58,36.45766347,127.3873896,36.45060288,127.3900468,-0.00265715,0.007060599,110.6230685
30000-25,대전광역시(건설관리본부),지방도,대전광역시 중구,문화로,0.3,36.31508373,127.3874095,36.314149,127.403569,-0.016159474,0.000934734,176.6894515
45720-4,전라북도(진안군),군도,전북특별자치도 진안군,군도 14호선,1.2,35.98366087,127.3874138,35.99705283,127.379024,0.008389811,-0.01339196,302.0663711
30140-1,대전광역시(중구),지방도,대전광역시 중구,산서로,1.5,36.290886,127.388087,36.281471,127.394742,-0.006655,0.009415,125.2546096
43000-1,충청북도(본청),지방도,충청북도 진천군,지방도302호선,2,36.95999056,127.3891233,36.96240953,127.373349,0.015774275,-0.002418972,351.2816554
43110-1,충청북도(청주시),농어촌도로,충청북도 청주시,화산고개,0.5,36.72751917,127.3902706,36.72301314,127.3895914,0.000679203,0.004506032,81.42822139
60300-21,국토관리청(대전청),일반국도,충청북도 청주시,17호선,7,36.633485,127.390383,36.598389,127.448759,-0.058376,0.035096,148.9854637
30000-28,대전광역시(건설관리본부),지방도,대전광역시 중구,당디로,0.2,36.309283,127.393301,36.307123,127.394155,-0.000854,0.00216,111.5723742
30000-32,대전광역시(건설관리본부),지방도,대전광역시 중구,문화로,0.3,36.3144179,127.3940682,36.31446965,127.4046457,-0.010577488,-5.17527E-05,180.2803298
60100-30,국토관리청(서울청),일반국도,경기도 포천시,47호선,2,38.099335,127.394262,38.084248,127.391258,0.003004,0.015087,78.73900767
36000-7,세종특별자치시(본청),농어촌도로,세종특별자치시,부강외천로(리도213호),0.8,36.52923525,127.3949544,36.52338017,127.3998873,-0.004932943,0.005855077,130.1143717
30000-9,대전광역시(건설관리본부),지방도,대전광역시 중구,계백로,0.34,36.317814,127.395195,36.320502,127.40566,-0.010465,-0.002688,194.4053658
45720-1,전라북도(진안군),군도,전북특별자치도 진안군,군도 6호선,1.2,35.744487,127.3974571,35.75352879,127.3967167,0.000740362,-0.009041786,274.6810666
30140-5,대전광역시(중구),지방도,대전광역시 중구,산서로,3.8,36.29657482,127.3989999,36.29003583,127.3937339,0.005266033,0.006538992,51.15453367
43000-1,충청북도(본청),지방도,충청북도 진천군,지방도302호,2,36.95055724,127.3990846,36.96014996,127.3893857,0.009698902,-0.009592721,315.3153527
41820-5,경기도(가평군),지방도,경기도 가평군,지방도391호선,2,37.710408,127.4005699,37.694314,127.39026,0.010309881,0.016094,57.3562136
30000-26,대전광역시(건설관리본부),지방도,대전광역시 중구,동서대로,0.2,36.327429,127.400657,36.327727,127.401849,-0.001192,-0.000298,194.0362435
30140-7,대전광역시(중구),지방도,대전광역시 중구,산서로,1.5,36.269929,127.401067,36.263088,127.398155,0.002912,0.006841,66.94206077
30000-27,대전광역시(건설관리본부),지방도,대전광역시 중구,오류로,0.2,36.32582977,127.4015639,36.32598209,127.4022796,-0.000715755,-0.000152317,192.013697
43110-1,충청북도(청주시),시도,충청북도 청주시,사동구암로,0.7,36.58737761,127.4034578,36.58329942,127.4086844,-0.005226587,0.004078191,142.0358665
41500-3,경기도(이천시),시도,경기도 이천시,시도4호선,1,37.21850285,127.4045319,37.22034253,127.4015732,0.002958699,-0.001839686,328.1271058
30140-10,대전광역시(중구),구도,대전광역시 중구,을지대학교  급경사지,0.23,36.33148396,127.4049613,36.33242627,127.4060692,-0.001107818,-0.000942308,220.384447
30000-33,대전광역시(건설관리본부),광역시도,대전광역시 중구,계백로,0.53,36.32888813,127.405227,36.3333695,127.3990409,0.006186138,-0.004481364,324.0796609
43110-1,충청북도(청주시),도시계획도로,충청북도 청주시,가로수로,2.8,36.6226734,127.4059298,36.62000398,127.4003182,0.005611558,0.002669419,25.44044137
30000-8,대전광역시(건설관리본부),지방도,대전광역시 중구,계룡로,0.53,36.327587,127.406273,36.333358,127.399138,0.007135,-0.005771,321.0330388
43110-1,충청북도(청주시),시도,충청북도 청주시,중척길,0.5,36.48299127,127.4069714,36.48712843,127.4075786,-0.000607165,-0.004137164,261.6509368
46150-2,전라남도(순천시),일반국도,전라남도 순천시,국도22,3,35.02189252,127.4082022,35.03278051,127.4332247,-0.025022513,-0.010887993,203.515202
30140-16,대전광역시(중구),지방도,대전광역시 중구,중촌동 55-3 ~ 281-10,0.37,36.34028726,127.4084877,36.33817393,127.4074989,0.000988725,0.002113328,64.92735254
30140-15,대전광역시(중구),지방도,대전광역시 중구,중촌동 16-10 ~ 402-1,0.36,36.3377852,127.4093887,36.33775121,127.4134338,-0.004045013,3.39877E-05,179.5185906
45720-9,전라북도(진안군),농어촌도로,전북특별자치도 진안군,백운 105호,0.5,35.72629153,127.4103173,35.73066405,127.4114838,-0.001166503,-0.004372519,255.0624913
30140-11,대전광역시(중구),지방도,대전광역시 중구,목동 47-24 ~ 52-2,0.65,36.33649103,127.4105586,36.33784885,127.4077109,0.002847732,-0.001357818,334.5078755
30000-23,대전광역시(건설관리본부),지방도,대전광역시 중구,대종로,0.5,36.340657,127.410973,36.344623,127.404865,0.006108,-0.003966,327.0038374
43110-1,충청북도(청주시),시도,충청북도 청주시,사동구암로,0.45,36.57389023,127.4115123,36.57861448,127.4099105,0.001601817,-0.00472425,288.7298842
30140-14,대전광역시(중구),지방도,대전광역시 중구,중촌동 408-1 ~ 412-1,0.24,36.33531841,127.4135833,36.33598144,127.4115285,0.002054861,-0.000663029,342.1169966
41610-4,경기도(광주시),국지도,경기도 광주시,국지도98호선,0.92,37.39111106,127.4144816,37.38819354,127.406444,0.008037576,0.002917522,19.95015657
45720-8,전라북도(진안군),농어촌도로,전북특별자치도 진안군,진안 104호,0.5,35.74582216,127.4161873,35.74210519,127.4152333,0.000953908,0.003716974,75.6064864
41550-2,경기도(안성시),국지도,경기도 안성시,국지도82호선,2.3,37.0425784,127.4179312,37.03767,127.42471,-0.0067788,0.0049084,144.0924184
43000-1,충청북도(본청),지방도,충청북도 진천군,지방도302호선,2,36.94007584,127.4182408,36.94876033,127.400518,0.017722762,-0.00868449,333.8942677
45720-2,전라북도(진안군),군도,전북특별자치도 진안군,군도 13호선,0.8,35.77633478,127.4186662,35.78296778,127.4208637,-0.002197536,-0.006633004,251.6697954
30000-30,대전광역시(건설관리본부),지방도,대전광역시 중구,충무로,0.5,36.318257,127.420006,36.317104,127.425347,-0.005341,0.001153,167.8180905
30140-17,대전광역시(중구),지방도,대전광역시 중구,대흥동 326-210 ~326-141,0.16,36.31971828,127.4206581,36.32015338,127.4221185,-0.001460416,-0.000435105,196.5904857
41670-5,경기도(여주시),국지도,경기도 여주시,국지도 98호,0.6,37.39316817,127.4210544,37.39101029,127.4152279,0.0058265,0.00215788,20.32241941
60400-31,국토관리청(익산청),일반국도,전북특별자치도 진안군,26호선,4,35.783908,127.421403,35.778837,127.449257,-0.027854,0.005071,169.6819399
70100-71,한국도로공사(한국도로공사),고속국도,대전광역시 중구,300호선,1,36.27816359,127.4230108,36.27828215,127.4341065,-0.011095746,-0.000118562,180.6122025
30230-3,대전광역시(대덕구),지방도,대전광역시 대덕구,장동로,2,36.403852,127.423375,36.412519,127.435654,-0.012279,-0.008667,215.2159442
30140-8,대전광역시(중구),지방도,대전광역시 중구,대사동 129-7 ~ 233-122,0.25,36.31643416,127.4247499,36.31749609,127.4222311,0.002518829,-0.001061921,337.140039
30140-9,대전광역시(중구),지방도,대전광역시 중구,대사동 160-6 ~ 152-4,0.3,36.31497267,127.4248258,36.31378233,127.4253256,-0.000499835,0.001190339,112.7779986
41650-12,경기도(포천시),지방도,경기도 포천시,지방도372호선,2,38.08324437,127.425113,38.0943743,127.43103,-0.005917054,-0.011129934,242.0033598
60400-38,국토관리청(익산청),일반국도,전라남도 순천시,17호선,7,35.093534,127.425719,35.039717,127.437218,-0.011499,0.053817,102.060944
43110-1,충청북도(청주시),시도,충청북도 청주시,남석로,0.9,36.57594718,127.4258608,36.58312722,127.4277,-0.00183922,-0.007180044,255.632213
41500-6,경기도(이천시),시도,경기도 이천시,시도1호선,1,37.28997512,127.4268464,37.29230813,127.4249135,0.00193288,-0.002333012,309.6414519
70205-3,민자고속도로(서울춘천고속도로(주)),고속국도,경기도 양평군,60호선,2,37.64949691,127.430264,37.64882405,127.45277,-0.022505936,0.000672863,178.2875305
43110-1,충청북도(청주시),지방도,충청북도 청주시,엘지로,1.4,36.6790486,127.4305827,36.68405574,127.4290904,0.001492254,-0.005007143,286.5953765
43110-1,충청북도(청주시),농어촌도로,충청북도 청주시,복현고개,0.4,36.74820852,127.4310119,36.74847099,127.4275539,0.003458043,-0.00026247,355.6594906
30140-6,대전광역시(중구),지방도,대전광역시 중구,산서로,0.5,36.247556,127.4311202,36.251176,127.431943,-0.0008228,-0.00362,257.1946394
30230-4,대전광역시(대덕구),지방도,대전광역시 대덕구,용호동길,1.7,36.444323,127.434904,36.448539,127.450541,-0.015637,-0.004216,195.0891164
60100-3,국토관리청(서울청),일반국도,경기도 안성시,17호선,5,37.08218,127.434919,37.038931,127.43855,-0.003631,0.043249,94.79905283
41650-18,경기도(포천시),지방도,경기도 포천시,지방도372호선,2,38.0972284,127.434956,38.09986556,127.4431843,-0.00822827,-0.002637159,197.7706451
60300-20,국토관리청(대전청),일반국도,충청북도 진천군,17호선,1,36.996516,127.435262,36.987521,127.434538,0.000724,0.008995,85.39823122
60400-39,국토관리청(익산청),일반국도,전라남도 구례군,19호선,4,35.357845,127.437539,35.323095,127.44021,-0.002671,0.03475,94.39530105
43110-1,충청북도(청주시),일반국도,충청북도 청주시,3순환로,1.6,36.60373973,127.4377358,36.6016671,127.4435385,-0.005802683,0.002072631,160.3440379
30140-12,대전광역시(중구),지방도,대전광역시 중구,옥계동 31-4 ~ 156-16,0.5,36.30925601,127.4378626,36.30910702,127.4395199,-0.001657366,0.000148991,174.8631473
41550-6,경기도(안성시),국지도,경기도 안성시,국지도70호선,0.9,37.1476327,127.4379595,37.14126,127.4368439,0.0011156,0.0063727,80.07046135
60300-22,국토관리청(대전청),일반국도,충청북도 진천군,21호선,4,36.860678,127.438326,36.833913,127.413316,0.02501,0.026765,46.94139272
70100-49,한국도로공사(한국도로공사),고속국도,경기도 안성시,35호선,2,37.13626809,127.4411783,37.15409818,127.4392551,0.001923234,-0.017830094,276.1563777
41820-10,경기도(가평군),일반국도,경기도 가평군,국도75호선,2,37.982914,127.443387,37.97467566,127.4500058,-0.006618793,0.008238337,128.7788695
44710-1,충청남도(금산군),군도,충청남도 금산군,군도1호선 ,1,36.08436556,127.4450651,36.0772396,127.4473924,-0.002327267,0.007125963,108.0865085
70100-48,한국도로공사(한국도로공사),고속국도,경기도 안성시,35호선,2,37.10951011,127.4452808,37.12743489,127.4434092,0.001871569,-0.017924788,275.9607875
45720-7,전라북도(진안군),군도,전북특별자치도 진안군,군도 22호선,1.2,35.95387923,127.4473866,35.95341135,127.4613154,-0.01392883,0.000467884,178.0760961
43110-1,충청북도(청주시),도시계획도로,충청북도 청주시,2순환로,1,36.60617802,127.4496788,36.60154893,127.4596919,-0.010013018,0.004629086,155.1885795
43110-1,충청북도(청주시),시도,충청북도 청주시,죽암도원로,0.8,36.52458998,127.4499747,36.52186844,127.4588034,-0.008828725,0.00272154,162.8675797
30110-12,대전광역시(동구),지방도,대전광역시 동구,백룡로 48번길,0.05,36.33377017,127.4510783,36.3333942,127.4507403,0.000337958,0.000375968,48.04758658
30110-7,대전광역시(동구),지방도,대전광역시 동구,산서로,0.82,36.26881864,127.451831,36.2729761,127.4542133,-0.002382322,-0.004157458,240.1862668
70100-111,한국도로공사(한국도로공사),고속국도,전라남도 순천시,27호선,2,35.15426511,127.4518345,35.17099733,127.4454983,0.006336241,-0.016732221,290.7409249
30140-13,대전광역시(중구),지방도,대전광역시 중구,옥계동 31-4 ~ 156-16,1.15,36.29855276,127.452165,36.29646868,127.4541926,-0.002027686,0.002084082,134.2142032
60100-35,국토관리청(서울청),일반국도,강원특별자치도 화천군,75호선,3,38.039875,127.452886,38.023564,127.443002,0.009884,0.016311,58.78533421
41670-9,경기도(여주시),시도,경기도 여주시,시도6호,1.8,37.3787004,127.4529214,37.378538,127.461257,-0.008335617,0.0001624,178.8838649
70100-45,한국도로공사(한국도로공사),고속국도,경기도 양평군,45호선,1,37.49847234,127.4530441,37.50745551,127.4522441,0.000800002,-0.008983171,275.0890867
30110-9,대전광역시(동구),지방도,대전광역시 동구,백룡로,0.58,36.33201344,127.4547956,36.33504687,127.4503663,0.004429329,-0.003033433,325.5946503
43110-1,충청북도(청주시),시도,충청북도 청주시,척산화당로,2.5,36.55718521,127.455739,36.54916761,127.4780072,-0.022268227,0.008017601,160.1987572
30110-2,대전광역시(동구),지방도,대전광역시 동구,동구청로,0.83,36.3150854,127.4563273,36.31352211,127.4560675,0.000259827,0.001563291,80.56340177
41830-1,경기도(양평군),지방도,경기도 양평군,325호선,1,37.57887392,127.457702,37.58645593,127.4555965,0.002105458,-0.007582008,285.5195139
30230-1,대전광역시(대덕구),지방도,대전광역시 대덕구,대청로,1.9,36.449465,127.458241,36.463509,127.4667703,-0.0085293,-0.014044,238.7285612
30230-2,대전광역시(대덕구),지방도,대전광역시 대덕구,대청호수로,1.8,36.449465,127.458241,36.440278,127.465361,-0.00712,0.009187,127.7759765
41500-2,경기도(이천시),국지도,경기도 이천시,국지도70,0.5,37.26775092,127.4587039,37.26631835,127.4621552,-0.003451281,0.001432565,157.4575375
51790-1,강원특별자치도(화천군),일반국도,강원특별자치도 화천군,국도,0.1,38.04250498,127.4590325,38.04250498,127.4590325,0,0,NaN
45000-5,전라북도(도로관리사업소),지방도,전북특별자치도 남원시,국지60호,2.3,35.38837881,127.4594429,35.38662224,127.4785786,-0.019135709,0.00175657,174.7552093
41500-4,경기도(이천시),국지도,경기도 이천시,국지도70호선,0.55,37.29738401,127.4602411,37.30167077,127.4614632,-0.001222136,-0.004286756,254.0873786
43110-1,충청북도(청주시),시도,충청북도 청주시,1순환로,0.8,36.62963508,127.461961,36.62239644,127.4675736,-0.00561259,0.007238644,127.7887445
30110-10,대전광역시(동구),지방도,대전광역시 동구,새울로,0.46,36.32206543,127.4626014,36.31881465,127.4623473,0.000254119,0.003250784,85.53018854
60100-25,국토관리청(서울청),일반국도,경기도 가평군,37호선,2,37.690819,127.462853,37.677488,127.470105,-0.007252,0.013331,118.5459785
46150-8,전라남도(순천시),시도,전라남도 순천시,용수동길,7,34.94700054,127.4647398,34.98792555,127.4297525,0.034987361,-0.040925003,310.527598
30110-3,대전광역시(동구),지방도,대전광역시 동구,동부로,0.5,36.32434491,127.4651109,36.32248685,127.462691,0.002419911,0.001858061,37.51784029
60100-29,국토관리청(서울청),일반국도,경기도 가평군,46호선,2,37.782499,127.46526,37.792998,127.474311,-0.009051,-0.010499,229.235963
43110-2,충청북도(청주시),도시계획도로,충청북도 청주시,대로 1-6,0.29,36.6674661,127.465473,36.66640984,127.4635287,0.001944317,0.001056264,28.51333443
42000-42,강원특별자치도(도로관리사업소 북부지소),지방도,강원특별자치도 화천군,지방도372호선,2,38.08149769,127.4664597,38.08991647,127.4530388,0.013420936,-0.008418781,327.9004776
42000-101,강원특별자치도(도로관리사업소 북부지소),위임국도,강원특별자치도 철원군,56호,1.6,38.24040428,127.4696735,38.24313468,127.4695599,0.00011354,-0.002730395,272.381195
43110-1,충청북도(청주시),시도,충청북도 청주시,2순환로,1.7,36.59694108,127.4698126,36.59501613,127.4740043,-0.004191647,0.001924951,155.3337616
30110-4,대전광역시(동구),지방도,대전광역시 동구,신상로,0.13,36.35506614,127.4702067,36.35649812,127.4614637,0.008742953,-0.001431981,350.698292
43110-1,충청북도(청주시),도시계획도로,충청북도 청주시,1순환로,1.3,36.6155945,127.4708791,36.60728726,127.4815882,-0.010709091,0.008307238,142.1986122
43110-1,충청북도(청주시),시도,충청북도 청주시,공항ic육교 램프구간,2.9,36.70312292,127.471826,36.70930482,127.4715524,0.000273607,-0.0061819,272.5342211
60400-30,국토관리청(익산청),일반국도,전북특별자치도 남원시,24호선,4,35.449828,127.4728,35.446693,127.50591,-0.03311,0.003135,174.5911097
41670-6,경기도(여주시),지방도,경기도 여주시,지방도 333호,1.6,37.40597295,127.4741644,37.40031825,127.4633306,0.010833838,0.005654699,27.56221221
41500-1,경기도(이천시),지방도,경기도 이천시,지방도337호선,0.55,37.28752807,127.4746565,37.28645292,127.4766402,-0.00198368,0.001075153,151.5423444
43000-1,충청북도(본청),지방도,충청북도 음성군,지방도329호선,1.6,37.04347022,127.474744,37.0563667,127.4758132,-0.00106916,-0.012896477,265.2608318
43110-3,충청북도(청주시),시도,충청북도 청주시,2순환로,1,36.69562149,127.4751695,36.69794425,127.4736965,0.001472952,-0.002322761,302.3803513
30110-8,대전광역시(동구),지방도,대전광역시 동구,대청호수로,1.63,36.3495359,127.4751988,36.35372666,127.4774641,-0.002265287,-0.004190767,241.6069022
70100-47,한국도로공사(한국도로공사),고속국도,충청북도 음성군,35호선,1,37.05303875,127.4755191,37.06190744,127.4735229,0.001996196,-0.008868689,282.6849398
43110-1,충청북도(청주시),시도,충청북도 청주시,17,0.26,36.69448149,127.4758057,36.69676302,127.4744804,0.001325317,-0.002281528,300.1518886
46150-7,전라남도(순천시),지방도,전라남도 순천시,지방도840,1.5,35.08382774,127.4758676,35.10696359,127.48755,-0.0116824,-0.023135851,243.2086018
30110-6,대전광역시(동구),지방도,대전광역시 동구,금산로,0.35,36.24606418,127.4765497,36.24136065,127.4777205,-0.00117076,0.004703524,103.9775219
30110-11,대전광역시(동구),지방도,대전광역시 동구,대청호수로,0.3,36.39277468,127.4773264,36.39321081,127.4734533,0.00387311,-0.000436136,353.5752103
43110-1,충청북도(청주시),시도,충청북도 청주시,공항로,0.05,36.69131663,127.4776396,36.69131663,127.4776396,0,0,NaN
45000-6,전라북도(도로관리사업소),지방도,전북특별자치도 남원시,국지60호,1.8,35.38781075,127.4777786,35.37971811,127.4865302,-0.008751651,0.00809264,137.2404835
46150-9,전라남도(순천시),시도,전라남도 순천시,조비길,5,34.97271827,127.4781201,34.99798443,127.4459325,0.032187568,-0.025266151,321.8692875
70100-60,한국도로공사(한국도로공사),고속국도,충청북도 청주시,30호선,1,36.54586033,127.479322,36.54138211,127.488983,-0.009661017,0.004478223,155.1306094
43110-1,충청북도(청주시),도시계획도로,충청북도 청주시,남사로,0.15,36.63186434,127.4808193,36.63175424,127.482428,-0.001608693,0.000110095,176.0849091
30110-5,대전광역시(동구),지방도,대전광역시 동구,곤룡로,1.01,36.28288173,127.4813406,36.27849265,127.4887984,-0.007457805,0.004389075,149.5222931
43110-1,충청북도(청주시),도시계획도로,충청북도 청주시,사북로,0.15,36.64440125,127.4817117,36.64485508,127.483404,-0.00169233,-0.000453823,195.0115148
43110-1,충청북도(청주시),도시계획도로,충청북도 청주시,모충로,0.2,36.62932544,127.4819496,36.62953428,127.4837848,-0.001835258,-0.000208833,186.4917212
70100-170,한국도로공사(한국도로공사),고속국도,전라남도 순천시,호남선,9,35.00316506,127.4824536,35.01243753,127.3852655,,,
42000-41,강원특별자치도(도로관리사업소 북부지소),지방도,강원특별자치도 화천군,지방도372호선,2,38.07944239,127.4825837,38.08153635,127.4665086,0.016075114,-0.002093957,352.5783941
43110-4,충청북도(청주시),도시계획도로,충청북도 청주시,대로 1-5,0.49,36.64717894,127.4826044,36.64635777,127.4805907,0.002013717,0.000821172,22.18510653
43110-1,충청북도(청주시),도시계획도로,충청북도 청주시,대로 1-6,0.13,36.67411623,127.4826769,36.67454084,127.4846972,-0.002020279,-0.000424614,191.8694232
43110-1,충청북도(청주시),도시계획도로,충청북도 청주시,중로 1-10,1,36.63639321,127.4828311,36.63654498,127.4847595,-0.001928472,-0.00015177,184.4998794
45000-7,전라북도(도로관리사업소),지방도,전북특별자치도 남원시,국지60호,2,35.38299834,127.4837889,35.38738166,127.4978926,-0.014103643,-0.004383322,197.2649122
43110-1,충청북도(청주시),도시계획도로,충청북도 청주시,시직대로,0.15,36.63654317,127.4847787,36.63638314,127.4828336,0.001945049,0.000160031,4.703489095
60100-26,국토관리청(서울청),일반국도,경기도 가평군,37호선,9,37.599576,127.486637,37.551168,127.460633,0.026004,0.048408,61.75602221
70100-89,한국도로공사(한국도로공사),고속국도,충청남도 금산군,35호선,1.88,36.22041529,127.486852,36.23624781,127.4788236,0.00802844,-0.015832519,296.8889029
60100-46,국토관리청(서울청),위임국도,경기도 가평군,75,1,37.93241,127.48754,37.92709,127.493235,,,
43110-1,충청북도(청주시),도시계획도로,충청북도 청주시,청남로,0.15,36.62473285,127.4887531,36.62638784,127.4900288,-0.001275761,-0.001654997,232.3730252
60400-43,국토관리청(익산청),일반국도,전북특별자치도 장수군,13호선,11,35.619338,127.490249,35.588355,127.426162,0.064087,0.030983,25.80154624
43110-1,충청북도(청주시),도시계획도로,충청북도 청주시,소로 6-0,0.5,36.63616387,127.4924438,36.63698909,127.4967822,-0.004338432,-0.000825221,190.7696752
30110-1,대전광역시(동구),지방도,대전광역시 동구,옥천로,0.22,36.34608876,127.493126,36.34775886,127.4962754,-0.003149398,-0.001670094,207.9365541
60400-26,국토관리청(익산청),일반국도,전북특별자치도 장수군,19호선,4,35.551271,127.494336,35.536906,127.532143,-0.037807,0.014365,159.1954073
43110-1,충청북도(청주시),도시계획도로,충청북도 청주시,월평로,0.18,36.61191314,127.4962962,36.61192532,127.4980867,-0.001790484,-1.21819E-05,180.3898158
43110-1,충청북도(청주시),도시계획도로,충청북도 청주시,수영로,0.25,36.6160931,127.4966625,36.61580793,127.4937424,0.002920084,0.000285172,5.577758004
45000-44,전라북도(도로관리사업소),지방도,전북특별자치도 남원시,지737호,2.5,35.36702018,127.4966633,35.36702018,127.4966633,0,0,NaN
43110-1,충청북도(청주시),도시계획도로,충청북도 청주시,대로 1-3,0.24,36.59610762,127.4968965,36.59644788,127.4990974,-0.002200915,-0.000340265,188.7884345
43110-1,충청북도(청주시),도시계획도로,충청북도 청주시,소로 32-0,0.7,36.63692821,127.4970488,36.63332383,127.4970302,1.8612E-05,0.003604383,89.70414382
43110-1,충청북도(청주시),도시계획도로,충청북도 청주시,대로 2-0,0.21,36.60603364,127.4971373,36.60597849,127.4988367,-0.001699373,5.51433E-05,178.1414513
45000-8,전라북도(도로관리사업소),지방도,전북특별자치도 남원시,국지60호,0.7,35.38744033,127.4978664,35.38497547,127.5025272,-0.004660819,0.002464858,152.1280317
60300-25,국토관리청(대전청),일반국도,충청북도 진천군,34호선,2,36.845268,127.50124,36.842708,127.522833,-0.021593,0.00256,173.238748
43110-1,충청북도(청주시),도시계획도로,충청북도 청주시,소로34-0,0.7,36.6345899,127.5031519,36.63327958,127.4971221,0.006029815,0.001310321,12.26016336
45000-9,전라북도(도로관리사업소),지방도,전북특별자치도 남원시,지737호,0.8,35.38352599,127.5051754,35.37753052,127.5058193,-0.000643861,0.005995478,96.12956164
45000-45,전라북도(도로관리사업소),지방도,전북특별자치도 남원시,지737호,5.1,35.37684992,127.5059203,35.36374114,127.520848,-0.014927701,0.013108774,138.711985
45000-10,전라북도(도로관리사업소),지방도,전북특별자치도 남원시,지737호,2,35.37725919,127.5059933,35.36381956,127.5206793,-0.01468602,0.013439627,137.5374119
70100-46,한국도로공사(한국도로공사),고속국도,충청북도 진천군,35호선,3,36.79618449,127.5073925,36.81738103,127.4910263,0.016366215,-0.021196539,307.6723523
60100-36,국토관리청(서울청),일반국도,경기도 가평군,75호선,5,37.765859,127.508219,37.73106,127.501293,0.006926,0.034799,78.74358803
41820-1,경기도(가평군),일반국도,경기도 가평군,국도75호선,2,37.78106909,127.5086004,37.76358632,127.5102533,-0.001652833,0.017482774,95.40072916
43110-1,충청북도(청주시),도시계획도로,충청북도 청주시,중로 46-0,1.7,36.63779465,127.5091107,36.65000356,127.516238,-0.00712726,-0.01220891,239.7246741
43110-1,충청북도(청주시),도시계획도로,충청북도 청주시,대로 1-2,8.8,36.59867028,127.5093885,36.64480846,127.5601474,-0.050758942,-0.046138175,222.2697845
42000-14,강원특별자치도(도로관리사업소 북부지소),위임국도,강원특별자치도 철원군,국도56호선,1.6,38.21852295,127.5100981,38.22521107,127.4949894,0.015108713,-0.006688115,336.12265
43110-1,충청북도(청주시),지방도,충청북도 청주시,512,6,36.63868275,127.5133109,36.65037139,127.5529128,-0.039601928,-0.011688635,196.4441333
41820-11,경기도(가평군),군도,경기도 가평군,커브길,0.6,37.63890709,127.5135436,37.64858792,127.4958561,0.017687522,-0.00968083,331.3069927
43000-10,충청북도(본청),지방도,충청북도 청주시,지방도 509,1.2,36.488016,127.514128,36.489702,127.521882,-0.007754,-0.001686,192.2672279
43110-1,충청북도(청주시),도시계획도로,충청북도 청주시,대로 2-0,0.4,36.60121782,127.5143505,36.6057758,127.5112451,0.003105423,-0.004557985,304.2671906
43110-1,충청북도(청주시),도시계획도로,충청북도 청주시,대로 1-3,0.5,36.61784067,127.5150749,36.62175472,127.518229,-0.003154077,-0.003914055,231.1369671
43000-1,충청북도(본청),지방도,충청북도 청주시,지방도509호선,1.9,36.49686513,127.5157907,36.49126873,127.511101,0.004689699,0.005596406,50.0375263
60300-27,국토관리청(대전청),일반국도,충청북도 옥천군,37호선,2,36.256917,127.515964,36.241085,127.506931,0.009033,0.015832,60.29293744
42000-13,강원특별자치도(도로관리사업소 북부지소),위임국도,강원특별자치도 철원군,국도56호선,2,38.21269415,127.5168063,38.21851396,127.510294,0.006512312,-0.005819807,318.2140446
60200-52,국토관리청(원주청),일반국도,강원특별자치도 철원군,56호선,1,38.203408,127.518618,38.197873,127.519947,-0.001329,0.005535,103.5016058
43000-9,충청북도(본청),지방도,충청북도 청주시,지방도 509,1.3,36.505434,127.519178,36.497205,127.516188,0.00299,0.008229,70.03143002
42000-12,강원특별자치도(도로관리사업소 북부지소),위임국도,강원특별자치도 철원군,국도56호선,2,38.19996738,127.5197244,38.22286343,127.5003819,0.019342513,-0.022896052,310.1910183
41820-2,경기도(가평군),일반국도,경기도 가평군,국도75호선,1,37.8635642,127.5201961,37.87274869,127.5218339,-0.001637803,-0.009184494,259.8891448
43110-1,충청북도(청주시),도시계획도로,충청북도 청주시,대로 1-3,2.5,36.62804237,127.5203123,36.64895184,127.5146268,0.005685493,-0.020909463,285.2115281
43110-1,충청북도(청주시),도시계획도로,충청북도 청주시,대로 32-0,0.7,36.6276126,127.5203425,36.62666302,127.5272436,-0.006901083,0.000949577,172.1653972
43110-1,충청북도(청주시),도시계획도로,충청북도 청주시,중로 107-0,0.7,36.62773905,127.5205926,36.63043009,127.511366,0.009226612,-0.002691042,343.7400996
41830-2,경기도(양평군),군도,경기도 양평군,군도3,1.5,37.57082253,127.5209368,37.58228889,127.5310301,-0.01009333,-0.01146636,228.6439637
45000-46,전라북도(도로관리사업소),지방도,전북특별자치도 남원시,지737호,1.8,35.36363044,127.5213786,35.3489483,127.5347898,-0.013411156,0.014682139,132.4096206
45000-11,전라북도(도로관리사업소),지방도,전북특별자치도 남원시,지737호,2.3,35.36359858,127.5215128,35.34603732,127.5341747,-0.012661831,0.017561263,125.7919487
43000-1,충청북도(본청),지방도,충청북도 청주시,지방도509호선,2,36.48767064,127.5224431,36.47416138,127.52669,-0.004246857,0.01350926,107.4513921
60300-26,국토관리청(대전청),일반국도,충청북도 청주시,36호선,1,36.683256,127.522775,36.689855,127.530368,-0.007593,-0.006599,220.9935773
60400-42,국토관리청(익산청),일반국도,전북특별자치도 진안군,13호선,3,35.951949,127.52285,35.938003,127.530466,-0.007616,0.013946,118.6392368
42000-80,강원특별자치도(도로관리사업소 북부지소),지방도,강원특별자치도 화천군,국도56호선,2,38.19400068,127.5231555,38.20692495,127.5189604,0.004195098,-0.012924266,287.9829554
43110-1,충청북도(청주시),도시계획도로,충청북도 청주시,소로 1552-0,0.2,36.63504903,127.5243735,36.63390965,127.5215031,0.002870456,0.001139379,21.64977459
51000-1,강원특별자치도(도로관리사업소 북부지소),지방도,강원특별자치도 화천군,화악산로,4.3,38.0045432,127.5256824,38.02721036,127.5202127,0.005469753,-0.022667154,283.5665436
43730-16,충청북도(옥천군),군도,충청북도 옥천군,항곡(방아재),0.5,36.36463636,127.5261862,36.36828639,127.529928,-0.003741815,-0.003650028,224.2885748
41000-1,경기도(본청),지방도,경기도 가평군,391호선,0.68,37.98548627,127.5264892,38.0135815,127.5219211,0.004568097,-0.028095233,279.2350949
41820-8,경기도(가평군),지방도,경기도 가평군,지방도391호선,1.92,37.986123,127.526876,37.994639,127.523798,0.003078,-0.008516,289.8717457
42000-11,강원특별자치도(도로관리사업소 북부지소),위임국도,강원특별자치도 화천군,국도56호선,2,38.18307012,127.5280874,38.20016708,127.5200684,0.008019003,-0.017096961,295.1280294
45000-47,전라북도(도로관리사업소),지방도,전북특별자치도 남원시,지737호,1.8,35.35604022,127.5294529,35.34897635,127.534677,-0.005224068,0.007063867,126.4847034
45720-6,전라북도(진안군),군도,전북특별자치도 진안군,군도 26호선,1.4,35.97371971,127.5310226,35.97098821,127.5337378,-0.002715189,0.002731503,134.8283878
70100-119,한국도로공사(한국도로공사),고속국도,전북특별자치도 장수군,12호선,1.53,35.48394526,127.5314478,35.47507892,127.5437747,-0.012326921,0.008866341,144.2738015
41670-20,경기도(여주시),시도,경기도 여주시,흥천교,0.7,37.33730833,127.5327152,37.33363348,127.538918,-0.006202753,0.003674848,149.3551932
45000-12,전라북도(도로관리사업소),지방도,전북특별자치도 남원시,지737호,6,35.34814938,127.5354443,35.3553951,127.5593568,-0.023912515,-0.007245719,196.8573072
43110-1,충청북도(청주시),도시계획도로,충청북도 청주시,중로 8-0,0.1,36.62771725,127.5356385,36.62408579,127.5340281,0.001610444,0.003631457,66.0841301
60200-61,국토관리청(원주청),일반국도,강원특별자치도 춘천시,46,1,37.841209,127.536845,37.843554,127.547303,,,
43110-60,충청북도(청주시),시도,충청북도 청주시,월오~가덕로,2.1,36.61225592,127.5371429,36.5981789,127.5535632,-0.016420324,0.014077023,139.3937579
43000-1,충청북도(본청),지방도,충청북도 보은군,571호선,1.5,36.43002328,127.5389141,36.42678973,127.5336316,0.005282534,0.003233551,31.47168624
43000-225,충청북도(본청),지방도,충청북도 보은군,지방도571호선,1.5,36.43033676,127.539587,36.42647144,127.533222,0.006365094,0.003865321,31.26899028
44710-2,충청남도(금산군),군도,충청남도 금산군,군도2호선,1,36.17871922,127.5397862,36.18747232,127.5445776,-0.004791412,-0.0087531,241.3038786
41670-16,경기도(여주시),시도,경기도 여주시,흥천대교,1.3,37.32948803,127.5398183,37.33735723,127.5297304,0.010087886,-0.007869205,322.0434622
41820-4,경기도(가평군),군도,경기도 가평군,군도4호선,1.5,37.69644004,127.5398401,37.68650148,127.5272719,0.012568134,0.009938555,38.33603528
41820-3,경기도(가평군),국지도,경기도 가평군,국지도86호선,1.2,37.66558923,127.5404163,37.66300196,127.5494447,-0.009028322,0.002587264,164.0091822
45730-12,전라북도(무주군),군도,전북특별자치도 무주군,군도 17호선,0.3,35.97221642,127.5416034,35.97348464,127.5440478,-0.002444381,-0.001268218,207.4216267
43000-13,충청북도(본청),지방도,충청북도 청주시,지방도 509,1.6,36.46974983,127.5422304,36.46923126,127.5527162,-0.010485828,0.000518567,177.1687963
60100-20,국토관리청(서울청),일반국도,경기도 양평군,6호선,6,37.482726,127.54459,37.50154,127.602939,-0.058349,-0.018814,197.8713516
43730-13,충청북도(옥천군),농어촌도로,충청북도 옥천군,농어촌도로203호,0.7,36.39124452,127.5447422,36.38977755,127.5472836,-0.002541383,0.001466966,150.005117
41670-3,경기도(여주시),국지도,경기도 여주시,국지도 70호,1,37.40311929,127.5454946,37.40087784,127.5367855,0.0087091,0.00224145,14.43291133
45730-14,전라북도(무주군),지방도,전북특별자치도 무주군,지방도 635,0.6,35.98851739,127.5500196,35.98631399,127.5538722,-0.003852589,0.002203405,150.2335436
41670-12,경기도(여주시),시도,경기도 여주시,삼군교,0.3,37.23552934,127.5515755,37.23374621,127.5542998,-0.002724247,0.001783135,146.7935563
42000-16,강원특별자치도(도로관리사업소 원주본소),지방도,강원특별자치도 홍천군,국지도86호선,1.8,37.664142,127.554424,37.665804,127.56282,-0.008396,-0.001662,191.1970268
43000-1,충청북도(본청),지방도,충청북도 보은군,509호선,1.5,36.46722115,127.556275,36.46832371,127.5586095,-0.002334452,-0.001102556,205.2812509
43110-1,충청북도(청주시),농어촌도로,충청북도 청주시,형동고개,0.4,36.69560095,127.5565479,36.69667548,127.5604189,-0.003870982,-0.001074528,195.5138829
43720-6,충청북도(보은군),지방도,충청북도 보은군,509,1.5,36.46728958,127.5566061,36.46799369,127.558523,-0.001916887,-0.000704107,200.1691827
60300-23,국토관리청(대전청),일반국도,충청북도 청주시,25호선,5,36.544582,127.558249,36.526957,127.577604,-0.019355,0.017625,137.6784608
41820-9,경기도(가평군),지방도,경기도 가평군,지방도391호선,0.5,37.89654766,127.560475,37.89377801,127.5569028,0.003572273,0.002769649,37.78707878
42110-18,강원특별자치도(춘천시),지방도,강원특별자치도 춘천시,남산102호선,3.3,37.761452,127.561364,37.754641,127.569772,-0.008408,0.006811,140.9903878
43000-22,충청북도(본청),지방도,충청북도 진천군,지방도 516,1.1,36.870687,127.567388,36.876472,127.567116,0.000272,-0.005785,272.691959
41670-19,경기도(여주시),시도,경기도 여주시,흥서교,0.3,37.3478528,127.5687488,37.34790966,127.5708897,-0.002140873,-5.68651E-05,181.5215134
43110-1,충청북도(청주시),농어촌도로,충청북도 청주시,부연고개,1,36.73687507,127.569052,36.7370275,127.5751188,-0.006066829,-0.000152428,181.4392437
45730-3,전라북도(무주군),지방도,전북특별자치도 무주군,농어촌도로,0.4,35.99558617,127.5694317,35.98997866,127.5617029,0.007728813,0.00560751,35.96212817
42800-4,강원특별자치도(양구군),군도,강원특별자치도 양구군,군도 6호선,7,38.101813,127.572279,38.103371,127.572575,-0.000296,-0.001558,259.2427428
43110-1,충청북도(청주시),농어촌도로,충청북도 청주시,세교고개,0.4,36.70633439,127.5726975,36.70491528,127.569385,0.003312539,0.001419106,23.19050791
70100-88,한국도로공사(한국도로공사),고속국도,충청남도 금산군,35호선,1,36.0256832,127.5766865,36.03353709,127.5713242,0.005362273,-0.007853892,304.3234479
43000-1,충청북도(본청),지방도,충청북도 음성군,지방도516호,2,36.88795895,127.5777038,36.88786914,127.5947552,-0.01705134,8.98102E-05,179.6982233
43000-1,충청북도(본청),지방도,충청북도 음성군,지방도533호선,2,36.88841188,127.5788732,36.88760954,127.595656,-0.016782787,0.000802345,177.2629083
43730-10,충청북도(옥천군),군도,충청북도 옥천군,군도13호,1.1,36.34766357,127.5789304,36.35562256,127.5730593,0.005871165,-0.007958993,306.4153395
45730-13,전라북도(무주군),군도,전북특별자치도 무주군,군도 8호선,0.3,35.99363052,127.5794976,35.99470471,127.5821241,-0.002626512,-0.001074194,202.2436452
60400-46,국토관리청(익산청),일반국도,전북특별자치도 무주군,37호선,1,36.019024,127.580971,36.010445,127.582666,-0.001695,0.008579,101.1762982
42110-15,강원특별자치도(춘천시),지방도,강원특별자치도 춘천시,군도14호선,1,37.96757,127.581239,37.960913,127.583106,-0.001867,0.006657,105.6665062
46000-5,전라남도(도로관리사업소),지방도,전라남도 광양시,지방도 865호선,1.8,34.99129635,127.5836068,35.00272243,127.5910347,-0.007427866,-0.011426073,236.9728945
60300-11,국토관리청(대전청),일반국도,충청북도 음성군,21호선,1,37.002897,127.583793,36.999841,127.573326,0.010467,0.003056,16.2759684
70100-87,한국도로공사(한국도로공사),고속국도,전북특별자치도 무주군,35호선,1,36.00909045,127.5850647,36.0176777,127.5817054,0.003359317,-0.008587246,291.3653584
43730-6,충청북도(옥천군),군도,충청북도 옥천군,군도13호 및 15호,1.6,36.3577275,127.586658,36.36926975,127.5887701,-0.002112047,-0.011542246,259.6305052
45730-15,전라북도(무주군),군도,전북특별자치도 무주군,군도20호선,0.3,35.90484093,127.5882326,35.93677097,127.6580704,-0.069837796,-0.031930045,204.5700186
43730-7,충청북도(옥천군),군도,충청북도 옥천군,군도13호 및 15호,1.3,36.36926978,127.5887763,36.37782258,127.5942314,-0.005455084,-0.008552797,237.4697439
43770-2,충청북도(음성군),군도,충청북도 음성군,28호선,0.4,36.9848736,127.5897282,36.98162953,127.5903733,-0.000645113,0.003244071,101.2470586
43110-1,충청북도(청주시),농어촌도로,충청북도 청주시,면도 101호선,1.6,36.67545584,127.5913076,36.68156045,127.5957409,-0.004433283,-0.006104604,234.0121139
43730-11,충청북도(옥천군),군도,충청북도 옥천군,군도8호,1,36.25599092,127.5925666,36.25031961,127.6006308,-0.008064185,0.005671303,144.8824098
70100-61,한국도로공사(한국도로공사),고속국도,충청북도 보은군,30호선,1,36.49866063,127.5955682,36.49192605,127.6029831,-0.007414947,0.006734584,137.7528776
43000-1,충청북도(본청),지방도,충청북도 보은군,571호선,1,36.47143511,127.5963392,36.47183826,127.5981272,-0.001788021,-0.000403147,192.706063
70100-66,한국도로공사(한국도로공사),고속국도,충청북도 음성군,40호선,2,36.97624943,127.5979718,36.98614163,127.6165515,-0.018579685,-0.009892201,208.0317423
46230-3,전라남도(광양시),군도,전라남도 광양시,군도 11호선,1.5,35.10167352,127.5981702,35.09267047,127.5960447,0.002125435,0.009003051,76.71685291
41830-1,경기도(양평군),군도,경기도 양평군,군도7,0.4,37.52118936,127.5997307,37.52502223,127.6017209,-0.00199013,-0.00383287,242.5604373
42000-64,강원특별자치도(도로관리사업소 원주본소),지방도,강원특별자치도 춘천시,지방도403호선,0.5,37.730891,127.600074,37.729424,127.594808,0.005266,0.001467,15.56675054
43000-1,충청북도(본청),국지도,충청북도 영동군,68,2.5,36.1252897,127.6008304,36.12382785,127.6348736,-0.03404324,0.001461854,177.5411671
43110-1,충청북도(청주시),시도,충청북도 청주시,12호선,1.3,36.65622469,127.6009176,36.6608288,127.6122974,-0.011379794,-0.004604109,202.0275829
45000-34,전라북도(도로관리사업소),지방도,전북특별자치도 남원시,국지37호,0.5,35.47773726,127.6012508,35.47910559,127.6031419,-0.001891199,-0.001368331,215.8866976
45000-33,전라북도(도로관리사업소),지방도,전북특별자치도 남원시,국지60호,1,35.45109055,127.6037121,35.44581271,127.6079461,-0.004233961,0.00527784,128.7371006
43000-1,충청북도(본청),지방도,충청북도 옥천군,지방도501호선,1,36.2949582,127.6039181,36.30310544,127.5948295,0.009088623,-0.008147242,318.1262488
43730-14,충청북도(옥천군),군도,충청북도 옥천군,군도13호,1.2,36.38011012,127.6043051,36.37434664,127.6049657,-0.000660638,0.005763478,96.53898064
43730-4,충청북도(옥천군),군도,충청북도 옥천군,군도13호,1,36.38829737,127.6046025,36.38564519,127.6050255,-0.000423035,0.002652171,99.06263697
60400-25,국토관리청(익산청),일반국도,전북특별자치도 장수군,19호선,3,35.776878,127.605021,35.75468,127.596468,0.008553,0.022198,68.92807751
42000-69,강원특별자치도(도로관리사업소 원주본소),지방도,강원특별자치도 홍천군,지방도494호선,0.9,37.672005,127.605167,37.665658,127.609499,-0.004332,0.006347,124.3145988
45000-32,전라북도(도로관리사업소),지방도,전북특별자치도 남원시,국지60호,1.2,35.44857935,127.6059353,35.43964226,127.6070577,-0.001122477,0.008937088,97.15872752
43000-7,충청북도(본청),지방도,충청북도 청주시,지방도 511,2,36.718225,127.607151,36.703627,127.60933,-0.002179,0.014598,98.48968883
42000-47,강원특별자치도(도로관리사업소 원주본소),지방도,강원특별자치도 홍천군,국지도86호선,2,37.67521,127.607818,37.683571,127.625158,-0.01734,-0.008361,205.7424318
43000-1,충청북도(본청),지방도,충청북도 음성군,지방도516호선,0.4,36.88940569,127.6082588,36.89229492,127.6099285,-0.001669691,-0.002889229,239.9762933
43000-1,충청북도(본청),지방도,충청북도 청주시,지방도511호,1.7,36.70331161,127.609024,36.69225877,127.6090416,-1.7656E-05,0.01105284,90.09152498
43000-8,충청북도(본청),지방도,충청북도 청주시,지방도 511,1.7,36.70363,127.609252,36.693337,127.608373,0.000879,0.010293,85.11890662
43000-1,충청북도(본청),국지도,충청북도 음성군,82호선,4,36.99242212,127.6094926,37.00273929,127.6509718,-0.041479172,-0.010317172,193.9678123
43110-1,충청북도(청주시),농어촌도로,충청북도 청주시,초정고개,0.5,36.71160101,127.6108344,36.7103799,127.6112539,-0.000419437,0.001221116,108.9569104
45730-2,전라북도(무주군),지방도,전북특별자치도 무주군,군도3호,0.3,35.98042149,127.6142123,35.97965077,127.6125764,0.001635872,0.000770728,25.22708621
43000-1,충청북도(본청),지방도,충청북도 보은군,571호선,2,36.53752525,127.614648,36.54831696,127.6291879,-0.014539842,-0.010791711,216.5834155
41670-1,경기도(여주시),시도,경기도 여주시,세종대교,3,37.29809173,127.6150057,37.32249699,127.6303758,-0.01537019,-0.024405256,237.7976796
45000-35,전라북도(도로관리사업소),지방도,전북특별자치도 남원시,국지37호,0.2,35.48989953,127.6158624,35.49052428,127.616538,-0.00067562,-0.000624748,222.7596431
70100-62,한국도로공사(한국도로공사),고속국도,충청북도 보은군,30호선,1,36.4788764,127.6183123,36.47532386,127.6284819,-0.010169642,0.003552539,160.7442704
60200-53,국토관리청(원주청),일반국도,강원특별자치도 춘천시,56호선,10.83,38.04389,127.618823,37.884112,127.82018,-0.201357,0.159778,141.5677867
43000-2,충청북도(본청),지방도,충청북도 청주시,국지도 32,1.1,36.60533948,127.6218438,36.61157267,127.6300943,-0.008250475,-0.00623319,217.070855
43000-1,충청북도(본청),지방도,충청북도 옥천군,502호선,2,36.40934924,127.6244441,36.41243099,127.6387346,-0.014290571,-0.00308175,192.1694275
41500-5,경기도(이천시),일반국도,경기도 이천시,국도38호선,1,37.1143249,127.6257512,37.11741369,127.6206928,0.005058332,-0.003088785,328.590375
43000-1,충청북도(본청),지방도,충청북도 옥천군,501호선,1.5,36.18452992,127.6296918,36.17212097,127.6308599,-0.001168146,0.012408951,95.37782762
43730-1,충청북도(옥천군),군도,충청북도 옥천군,군도11호,0.8,36.19256088,127.6310425,36.19350692,127.6381648,-0.007122336,-0.000946036,187.5661176
43000-1,충청북도(본청),지방도,충청북도 영동군,501호선,1,36.1678005,127.6317866,36.17277459,127.6311581,0.000628424,-0.004974094,277.2005698
43110-1,충청북도(청주시),시도,충청북도 청주시,구)국지도 32호선,0.8,36.61830375,127.6328166,36.61169628,127.6293761,0.003440473,0.006607473,62.49426587
41670-15,경기도(여주시),시도,경기도 여주시,원부교,0.4,37.16342584,127.6333654,37.16096855,127.6351213,-0.001755861,0.002457291,125.5477578
60400-32,국토관리청(익산청),일반국도,전북특별자치도 장수군,26호선,3,35.726418,127.63515,35.723862,127.660049,-0.024899,0.002556,174.1388482
48000-23,경상남도(도로관리사업소 진주지소),군도,경상남도 하동군,군도2호선,3.5,35.26255426,127.6356204,35.2828603,127.6170427,0.018577704,-0.020306033,312.4549557
48000-196,경상남도(도로관리사업소 진주지소),위임국도,경상남도 함양군,국도24호선(팔령재),4.3,35.46769677,127.6367171,35.47892126,127.6803055,-0.043588428,-0.011224488,194.4405413
42110-4,강원특별자치도(춘천시),지방도,강원특별자치도 춘천시,군도3호선,1.2,37.764754,127.642181,37.759148,127.645389,-0.003208,0.005606,119.7800901
43000-1,충청북도(본청),지방도,충청북도 옥천군,575호선,1.5,36.42850675,127.6427057,36.44339534,127.6475062,-0.00480044,-0.01488859,252.1294285
43000-3,충청북도(본청),지방도,충청북도 청주시,국지도 32,1.4,36.62465535,127.6428294,36.6307772,127.6543951,-0.011565685,-0.006121853,207.892796
70100-120,한국도로공사(한국도로공사),고속국도,경상남도 함양군,12호선,1.01,35.53487213,127.6437969,35.5380969,127.6540563,-0.010259415,-0.003224768,197.449122
60200-1,국토관리청(원주청),일반국도,강원특별자치도 춘천시,5호선,8,37.992933,127.64426,37.950361,127.700183,-0.055923,0.042572,142.7193957
45730-11,전라북도(무주군),지방도,전북특별자치도 무주군,지방도 49호선,0.5,35.87308515,127.644432,35.86423166,127.6126649,0.031767085,0.008853486,15.57315293
70100-107,한국도로공사(한국도로공사),고속국도,전라남도 광양시,10호선,1,34.96569364,127.6445979,34.96388912,127.654818,-0.010220095,0.001804523,169.9867094
45730-10,전라북도(무주군),지방도,전북특별자치도 무주군,지방도 49호선,0.2,35.87105274,127.6449586,35.86830757,127.6485694,-0.00361079,0.002745169,142.7554245
42110-6,강원특별자치도(춘천시),지방도,강원특별자치도 춘천시,군도3호선,1.2,37.746423,127.645134,37.7422507,127.634863,0.010271,0.0041723,22.10804181
42110-5,강원특별자치도(춘천시),지방도,강원특별자치도 춘천시,군도3호선,1,37.759148,127.645389,37.750703,127.652595,-0.007206,0.008445,130.4736611
48000-22,경상남도(도로관리사업소 진주지소),지방도,경상남도 하동군,지방도1023호선,2,35.28969936,127.6455916,35.27523207,127.6523784,-0.006786801,0.014467289,115.1319086
41670-7,경기도(여주시),지방도,경기도 여주시,지방도345호,0.5,37.29561998,127.6473826,37.29978296,127.6494577,-0.0020751,-0.00416298,243.5053493
46000-55,전라남도(도로관리사업소),지방도,전라남도 광양시,지방도 861호선,1.9,35.15922991,127.6474541,35.17316917,127.6346834,0.012770677,-0.013939256,312.494867
43000-1,충청북도(본청),지방도,충청북도 영동군,501호선,0.5,36.10118293,127.6474948,36.07473798,127.6566032,-0.009108446,0.02644495,109.0052662
48000-200,경상남도(도로관리사업소 진주지소),지방도,경상남도 함양군,국지도37호선(매치재),1.8,35.53117476,127.6484674,35.52729098,127.6282244,0.020242982,0.00388378,10.86068424
43000-1,충청북도(본청),지방도,충청북도 괴산군,지방도592호,2,36.74680487,127.6493838,36.73559579,127.6581969,-0.008813155,0.011209082,128.1762445
43730-2,충청북도(옥천군),군도,충청북도 옥천군,군도11호,0.8,36.19193532,127.6513628,36.19247465,127.6536578,-0.002294994,-0.000539329,193.2246771
43000-1,충청북도(본청),지방도,충청북도 보은군,575호선,2,36.4909702,127.6520238,36.49679108,127.6484013,0.003622509,-0.005820882,301.8952386
60200-70,국토관리청(원주청),위임국도,강원특별자치도 화천군,5,3,38.065836,127.652581,38.049443,127.636938,,,
43000-1,충청북도(본청),지방도,충청북도 음성군,지방도516호선,2,36.92169675,127.6535014,36.92898983,127.6711446,-0.017643163,-0.007293086,202.458544
43000-1,충청북도(본청),지방도,충청북도 음성군,지방도516호선,1.4,36.92132883,127.6535605,36.92724236,127.6644386,-0.010878097,-0.005913534,208.5293178
45730-1,전라북도(무주군),지방도,전북특별자치도 무주군,군도5호,0.3,36.01140496,127.6542178,36.01420163,127.6480276,0.006190171,-0.002796676,335.6868821
60300-14,국토관리청(대전청),일반국도,충청북도 음성군,36호선,10,36.87521,127.654545,36.945172,127.710027,-0.055482,-0.069962,231.5845104
42000-15,강원특별자치도(도로관리사업소 원주본소),지방도,강원특별자치도 홍천군,국지도70호선,1.9,37.662474,127.655597,37.650542,127.652358,0.003239,0.011932,74.81275715
41670-17,경기도(여주시),시도,경기도 여주시,뇌곡교,1,37.17240278,127.6574449,37.1662982,127.6664949,-0.009049983,0.006104584,145.998724
43730-8,충청북도(옥천군),농어촌도로,충청북도 옥천군,농어촌도로103호,1.3,36.4060243,127.6578341,36.40661342,127.6456205,0.012213603,-0.000589128,357.2384561
43000-1,충청북도(본청),지방도,충청북도 괴산군,지방도592호선,2,36.73541783,127.6578795,36.74369815,127.6779008,-0.020021354,-0.008280317,202.4687274
43000-85,충청북도(본청),지방도,충청북도 괴산군,592,2,36.73583329,127.6585523,36.74333039,127.6765654,-0.018013133,-0.007497092,202.5971483
43740-8,충청북도(영동군),군도,충청북도 영동군,군도23호선,1.75,36.05461285,127.6597439,36.03907693,127.6659666,-0.006222667,0.01553592,111.8277895
48000-158,경상남도(도로관리사업소 진주지소),지방도,경상남도 함양군,지방도1023호(송알~음정),2.8,35.37726337,127.6606065,35.3602049,127.6431347,0.017471751,0.017058468,44.31427573
60400-24,국토관리청(익산청),일반국도,전북특별자치도 무주군,19호선,1,35.955218,127.661324,35.946941,127.657084,0.00424,0.008277,62.87562047
60500-71,국토관리청(부산청),일반국도,경상남도 함양군,24호선,1,35.474852,127.661338,35.478279,127.670948,-0.00961,-0.003427,199.6266258
43770-3,충청북도(음성군),군도,충청북도 음성군,18호선,0.6,36.96294261,127.6616372,36.96595978,127.6551971,0.00644015,-0.003017173,334.8971828
60500-18,국토관리청(부산청),일반국도,경상남도 함양군,26호선,5,35.717477,127.663028,35.690453,127.688841,-0.025813,0.027024,133.6870367
43110-1,충청북도(청주시),시도,충청북도 청주시,14호선,1.5,36.6965481,127.6633906,36.70056452,127.6779646,-0.014574022,-0.004016424,195.4075632
70100-86,한국도로공사(한국도로공사),고속국도,전북특별자치도 무주군,35호선,2.5,35.89332936,127.6641167,35.91566382,127.6649406,-0.000823961,-0.022334457,267.8872069
45730-9,전라북도(무주군),일반국도,전북특별자치도 무주군,국도 19호선,0.3,35.86964427,127.664672,35.8701809,127.6689666,-0.004294647,-0.000536627,187.1223393
42110-7,강원특별자치도(춘천시),지방도,강원특별자치도 춘천시,군도4호선,1.4,37.740562,127.6659946,37.7396143,127.6535055,0.0124891,0.0009477,4.339411861
46000-58,전라남도(도로관리사업소),지방도,전라남도 광양시,국지도 58호선,0.73,34.97561387,127.667184,34.97610948,127.6683912,-0.001207184,-0.000495607,202.3205009
60300-18,국토관리청(대전청),일반국도,충청북도 옥천군,4호선,3,36.237457,127.667894,36.216738,127.684273,-0.016379,0.020719,128.3274435
43720-1,충청북도(보은군),군도,충청북도 보은군,군도8호선(적음재),0.5,36.57270361,127.669749,36.5615235,127.6983105,-0.028561441,0.011180106,158.6226111
70100-16,한국도로공사(한국도로공사),고속국도,경기도 여주시,50호선,2,37.2543768,127.6707325,37.25440678,127.6932499,-0.022517363,-2.9983E-05,180.0762922
41670-2,경기도(여주시),일반국도,경기도 여주시,국도42호,2,37.28309295,127.671037,37.283329,127.69114,-0.020102959,-0.000236045,180.6727252
41670-13,경기도(여주시),시도,경기도 여주시,당진교,0.8,37.19248193,127.6722837,37.18822366,127.6800418,-0.007758091,0.00425827,151.2384455
70100-85,한국도로공사(한국도로공사),고속국도,경상남도 함양군,35호선,8.5,35.66589745,127.673611,35.72117901,127.6114978,0.062113244,-0.055281558,318.3305206
43000-1,충청북도(본청),지방도,충청북도 옥천군,지방도502호선,2,36.39245687,127.6744786,36.39693235,127.6846047,-0.010126027,-0.004475486,203.8443958
43000-1,충청북도(본청),국지도,충청북도 음성군,국지도49호,1.7,36.97419541,127.6746717,36.98814109,127.6689337,0.005738015,-0.01394569,292.3649316
60100-21,국토관리청(서울청),일반국도,경기도 양평군,6호선,1,37.533112,127.675041,37.537393,127.684267,-0.009226,-0.004281,204.8919951
42000-82,강원특별자치도(도로관리사업소 북부지소),지방도,강원특별자치도 춘천시,지방도407호선,1.5,37.97994779,127.6772211,37.97994186,127.6912897,-0.0140686,5.93133E-06,179.9758441
43000-1,충청북도(본청),국지도,충청북도 음성군,국지도49호선,1.4,36.96090732,127.6773383,36.97301909,127.6756132,0.001725048,-0.012111774,278.1059664
46130-9,전라남도(여수시),시도,전라남도 여수시,신월로,1,34.749806,127.678838,34.756792,127.674387,0.004451,-0.006986,302.5024919
46130-1,전라남도(여수시),시도,전라남도 여수시,쌍봉로,1.3,34.76423874,127.678873,34.768925,127.696353,-0.01747997,-0.004686262,195.0076993
42110-3,강원특별자치도(춘천시),지방도,강원특별자치도 춘천시,군도3호선,1.8,37.781626,127.678893,37.77679,127.660906,0.017987,0.004836,15.04872367
60200-12,국토관리청(원주청),일반국도,강원특별자치도 춘천시,46호선,1,37.829193,127.679598,37.823399,127.687906,-0.008308,0.005794,145.1080775
42000-81,강원특별자치도(도로관리사업소 북부지소),지방도,강원특별자치도 춘천시,국지70호선,1.9,37.9576901,127.6797195,37.96940581,127.6670752,0.01264421,-0.011715704,317.1828365
42000-45,강원특별자치도(도로관리사업소 북부지소),위임국도,강원특별자치도 춘천시,국지70호선,1.9,37.95762412,127.6797707,37.96934312,127.666241,0.013529675,-0.011719001,319.1018672
43000-1,충청북도(본청),위임국도,충청북도 청주시,위임국도19호선,0.3,36.61200598,127.6800413,36.61172024,127.6812413,-0.001199977,0.000285746,166.6058044
43000-1,충청북도(본청),지방도,충청북도 음성군,지방도525호,1.7,37.0549272,127.6813131,37.04373209,127.6936718,-0.012358712,0.011195115,137.8282047
43000-1,충청북도(본청),지방도,충청북도 옥천군,575,1,36.32182309,127.6813705,36.33001083,127.6836758,-0.002305247,-0.008187747,254.2755181
60300-42,국토관리청(대전청),일반국도,충청북도 청주시,19호선,5,36.597575,127.683381,36.557729,127.701111,-0.01773,0.039846,113.9872996
48000-199,경상남도(도로관리사업소 진주지소),지방도,경상남도 함양군,국지도37호선(원통재),7,35.62422965,127.6842928,35.59051761,127.6514827,0.032810048,0.033712037,45.77684017
48000-198,경상남도(도로관리사업소 진주지소),지방도,경상남도 함양군,국지도37호선(남령재),2.9,35.74544317,127.684766,35.74987954,127.7063815,-0.021615448,-0.004436377,191.5983792
42110-2,강원특별자치도(춘천시),지방도,강원특별자치도 춘천시,군도3호선,1,37.78798,127.684916,37.781626,127.678893,0.006023,0.006354,46.53190464
46000-54,전라남도(도로관리사업소),지방도,전라남도 광양시,지방도 861호선,0.3,35.10224456,127.6924651,35.10133835,127.6954959,-0.003030813,0.000906216,163.3532921
43000-1,충청북도(본청),지방도,충청북도 옥천군,575호선,1,36.39460957,127.6956197,36.39245543,127.6754577,0.020161942,0.002154144,6.098465943
41670-18,경기도(여주시),시도,경기도 여주시,현사교,0.9,37.1957752,127.6958773,37.20159401,127.6984401,-0.002562759,-0.005818803,246.2300043
46130-2,전라남도(여수시),시도,전라남도 여수시,만성로,0.5,34.768925,127.696353,34.770274,127.702457,-0.006104,-0.001349,192.4622009
43110-1,충청북도(청주시),시도,충청북도 청주시,16호선,0.7,36.61842983,127.6983302,36.62446449,127.7057606,-0.007430315,-0.006034654,219.0823549
48000-197,경상남도(도로관리사업소 진주지소),지방도,경상남도 함양군,지방도1023호선(오도재),7.6,35.47831844,127.6999518,35.42443973,127.6870474,0.012904427,0.053878706,76.53087742
46130-8,전라남도(여수시),시도,전라남도 여수시,여서로,1.3,34.748635,127.700431,34.749423,127.709598,-0.009167,-0.000788,184.9130969
45730-8,전라북도(무주군),지방도,전북특별자치도 무주군,지방도 49호선,0.45,35.92456619,127.7006131,35.92719902,127.7043512,-0.003738184,-0.002632836,215.1573725
46130-3,전라남도(여수시),시도,전라남도 여수시,상암로,1,34.786804,127.702592,34.79038723,127.7112198,-0.008627843,-0.003583227,202.5535852
48000-21,경상남도(도로관리사업소 진주지소),지방도,경상남도 하동군,지방도1014호선,5.5,35.23845775,127.7054767,35.22086043,127.7449828,-0.039506055,0.017597323,155.9902046
43730-17,충청북도(옥천군),군도,충청북도 옥천군,도농-대안,2,36.36384355,127.7056283,36.35639365,127.7159713,-0.010343016,0.0074499,144.2354293
70100-157,한국도로공사(한국도로공사),고속국도,경상남도 함양군,35호선,2,35.63781847,127.7058309,35.65225797,127.694672,0.011158993,-0.014439503,307.6972099
41670-4,경기도(여주시),국지도,경기도 여주시,국지도 88호,0.6,37.3986567,127.7077896,37.39903934,127.714181,-0.006391384,-0.000382639,183.4260906
43000-1,충청북도(본청),위임국도,충청북도 보은군,국도19호선,5,36.54192449,127.7080924,36.55649364,127.70153,0.00656243,-0.014569152,294.2483851
46130-7,전라남도(여수시),시도,전라남도 여수시,한재로,1.25,34.74942,127.709901,34.744003,127.721444,-0.011543,0.005417,154.8598631
43000-1,충청북도(본청),지방도,충청북도 영동군,지방도505호선,1.8,36.26006602,127.710009,36.2694912,127.7129456,-0.002936651,-0.009425182,252.6942702
48000-152,경상남도(도로관리사업소 진주지소),지방도,경상남도 하동군,지방도1047호선,1.3,35.20690195,127.7102529,35.20776833,127.7200661,-0.00981318,-0.000866375,185.0453852
46130-4,전라남도(여수시),시도,전라남도 여수시,상암로,1,34.79025017,127.7112143,34.803043,127.7184,-0.007185652,-0.012792827,240.6773456
43110-1,충청북도(청주시),시도,충청북도 청주시,16호선,0.8,36.62523417,127.7114344,36.62471017,127.7164551,-0.005020711,0.000524003,174.0417125
42000-65,강원특별자치도(도로관리사업소 원주본소),지방도,강원특별자치도 춘천시,국지도70호선,0.8,37.775888,127.714199,37.780386,127.715554,-0.001355,-0.004498,253.235335
41670-10,경기도(여주시),시도,경기도 여주시,시도9호,1.8,37.35420071,127.7155812,37.360542,127.726241,-0.0106598,-0.00634129,210.7475205
41670-14,경기도(여주시),시도,경기도 여주시,삼합교,0.5,37.20236156,127.715869,37.20210646,127.7208176,-0.004948538,0.000255101,177.0489666
42000-66,강원특별자치도(도로관리사업소 원주본소),지방도,강원특별자치도 춘천시,국지도70호선,0.6,37.790097,127.716015,37.794594,127.712551,0.003464,-0.004497,307.6067478
43000-1,충청북도(본청),지방도,충청북도 영동군,지방도505호선,1,36.20288651,127.7166507,36.18898795,127.7131733,0.003477454,0.013898557,75.95283439
46130-5,전라남도(여수시),시도,전라남도 여수시,충민로,1.7,34.757938,127.716818,34.753647,127.734014,-0.017196,0.004291,165.9888467
60300-12,국토관리청(대전청),일반국도,충청북도 괴산군,34호선,2,36.796645,127.716948,36.800268,127.738564,-0.021616,-0.003623,189.5147535
41670-11,경기도(여주시),시도,경기도 여주시,시도12호,1.5,37.2642095,127.7174147,37.271513,127.727403,-0.0099883,-0.0073035,216.1744771
48000-15,경상남도(도로관리사업소 진주지소),지방도,경상남도 거창군,국지도37호선(남령),3,35.770279,127.718237,35.749898,127.706431,0.011806,0.020381,59.91778865
60100-9,국토관리청(서울청),일반국도,경기도 여주시,42호선,4,37.27227,127.719396,37.27855,127.75548,-0.036084,-0.00628,189.8727758
43720-1,충청북도(보은군),군도,충청북도 보은군,산외면 산대리 ~ 중티리,0.8,36.57897254,127.7205739,36.56802649,127.6912217,0.029352231,0.010946051,20.45152099
70100-59,한국도로공사(한국도로공사),고속국도,충청북도 충주시,45호선,2,37.08321269,127.7212692,37.10056482,127.7154845,0.005784756,-0.017352129,288.4370677
43000-1,충청북도(본청),지방도,충청북도 보은군,575호선,1,36.59549525,127.7255004,36.58604786,127.7301672,-0.004666807,0.009447389,116.2883832
42720-4,강원특별자치도(홍천군),군도,강원특별자치도 홍천군,군도4호선,1,37.72306843,127.7264835,37.71845325,127.7353569,-0.008873344,0.004615178,152.5202864
42110-28,강원특별자치도(춘천시),지방도,강원특별자치도 춘천시,시도,0.9,37.880529,127.727821,37.885665,127.731801,-0.00398,-0.005136,232.2271036
41670-8,경기도(여주시),시도,경기도 여주시,시도1호,1.3,37.19844178,127.7283431,37.19327353,127.7384405,-0.0100974,0.00516825,152.8948318
42110-29,강원특별자치도(춘천시),지방도,강원특별자치도 춘천시,시도,0.4,37.880381,127.729714,37.881112,127.730918,-0.001204,-0.000731,211.2637317
60300-19,국토관리청(대전청),일반국도,충청북도 영동군,4호선,1,36.203457,127.730512,36.201185,127.741034,-0.010522,0.002272,167.8152792
70100-58,한국도로공사(한국도로공사),고속국도,충청북도 충주시,45호선,2,37.04835438,127.731177,37.06540283,127.7243152,0.00686177,-0.017048445,291.9241226
43000-1,충청북도(본청),위임국도,충청북도 괴산군,위임국도19호선,2,36.75557413,127.7313891,36.76199061,127.7409787,-0.009589637,-0.006416487,213.7867309
70100-70,한국도로공사(한국도로공사),고속국도,충청북도 영동군,1호선,4.2,36.27355398,127.7337768,36.28101306,127.6875469,0.046229886,-0.007459076,350.8344607
46130-6,전라남도(여수시),시도,전라남도 여수시,충민로,0.5,34.753647,127.734014,34.752977,127.738681,-0.004667,0.00067,171.8303703
60300-41,국토관리청(대전청),일반국도,충청북도 괴산군,19호선,2,36.762657,127.735682,36.752765,127.728191,0.007491,0.009892,52.86413201
43740-7,충청북도(영동군),군도,충청북도 영동군,군도21호선,1,36.1266975,127.7365093,36.13265838,127.7386976,-0.002188282,-0.005960884,249.841465
48000-178,경상남도(도로관리사업소 진주지소),지방도,경상남도 하동군,지방도1047호선,1.3,35.24263578,127.736551,35.23187306,127.7333654,0.003185635,0.010762722,73.51188769
43000-1,충청북도(본청),지방도,충청북도 괴산군,지방도575호선,1.1,36.65661894,127.7377026,36.6476437,127.7251772,0.012525367,0.008975244,35.62407246
42110-24,강원특별자치도(춘천시),지방도,강원특별자치도 춘천시,시도,2.1,37.866798,127.738177,37.8739,127.742176,-0.003999,-0.007102,240.6169728
60300-16,국토관리청(대전청),일반국도,충청북도 충주시,38호선,2,37.105255,127.738205,37.100126,127.7597,-0.021495,0.005129,166.5793972
48000-201,경상남도(도로관리사업소 진주지소),지방도,경상남도 함양군,지방도1001호선(표토재),2.8,35.50521414,127.7385671,35.48610958,127.7375774,0.000989605,0.019104566,87.03476329
43000-1,충청북도(본청),지방도,충청북도 영동군,5505호선,3.7,36.04920137,127.7388617,36.06905668,127.7409672,-0.002105543,-0.01985531,263.9467312
42110-27,강원특별자치도(춘천시),지방도,강원특별자치도 춘천시,시도,0.2,37.866043,127.738864,37.864172,127.740717,-0.001853,0.001871,134.7230623
48860-8,경상남도(산청군),지방도,경상남도 산청군,내대도로,2,35.27770399,127.7392165,35.27470655,127.7421552,-0.002938636,0.002997437,134.4324579
46230-2,전라남도(광양시),일반국도,전라남도 광양시,국도 2호선,2.3,35.04785008,127.7393825,35.05857587,127.7379063,0.001476235,-0.010725796,277.8366136
41670-1,경기도(여주시),시도,경기도 여주시,시도11호,0.3,37.305055,127.740191,37.307692,127.740545,-0.000354,-0.002637,262.3541273
70205-4,민자고속도로(서울춘천고속도로(주)),고속국도,강원특별자치도 춘천시,60호선,2,37.75742617,127.7416352,37.76100461,127.763646,-0.022010889,-0.003578441,189.2341254
43000-1,충청북도(본청),지방도,충청북도 보은군,575호선,1.5,36.56093595,127.7417499,36.55884827,127.740229,0.001520945,0.00208768,53.92540052
43000-1,충청북도(본청),국지도,충청북도 충주시,국지도49호선,1.5,37.12250045,127.7438894,37.13350081,127.7368866,0.007002801,-0.011000364,302.4807155
43000-1,충청북도(본청),지방도,충청북도 영동군,505호선,2.7,36.05083591,127.7475131,36.03990972,127.760897,-0.013383946,0.010926188,140.7729968
70210-1,민자고속도로(제이영동고속도로(주)),고속국도,경기도 양평군,52호선,0.6,37.39967312,127.7496701,37.40136189,127.7518948,-0.00222478,-0.00168877,217.2011449
43730-15,충청북도(옥천군),군도,충청북도 옥천군,망월-만월,1.6,36.38477389,127.7503831,36.38249526,127.7678282,-0.017445151,0.002278634,172.5583238
48860-6,경상남도(산청군),군도,경상남도 산청군,고운동도로,2,35.24428508,127.7506903,35.24460669,127.7573835,-0.006693132,-0.000321614,182.7510233
60400-47,국토관리청(익산청),일반국도,전북특별자치도 무주군,37호선,7,35.93301,127.751543,35.903455,127.786598,-0.035055,0.029555,139.8656384
45730-4,전라북도(무주군),일반국도,전북특별자치도 무주군,국도 37호선,1.3,35.92965394,127.7519521,35.93139897,127.7564734,-0.004521326,-0.001745026,201.1043189
48000-202,경상남도(도로관리사업소 진주지소),지방도,경상남도 함양군,국도24호선(정취고개),1,35.54340213,127.752029,35.5418462,127.741648,0.010381026,0.00155593,8.524160847
42110-30,강원특별자치도(춘천시),지방도,강원특별자치도 춘천시,시도,1.8,37.87173,127.752641,37.867202,127.75156,0.001081,0.004528,76.57272329
43000-1,충청북도(본청),국지도,충청북도 충주시,49호선,1.8,37.07589399,127.7536288,37.08796258,127.7503561,0.003272697,-0.012068595,285.1722865
42720-3,강원특별자치도(홍천군),군도,강원특별자치도 홍천군,군도4호선,1.8,37.720567,127.753783,37.72886423,127.776782,-0.022999006,-0.008297233,199.8376628
42110-26,강원특별자치도(춘천시),지방도,강원특별자치도 춘천시,시도,0.3,37.88203239,127.7545247,37.88320399,127.756895,-0.002370282,-0.001171596,206.3025254
43000-1,충청북도(본청),지방도,충청북도 영동군,지방도505호선,1,36.23631099,127.7575917,36.24017619,127.7526972,0.0048945,-0.003865196,321.7017785
43000-1,충청북도(본청),위임국도,충청북도 옥천군,19,1.6,36.3370834,127.7582209,36.34429692,127.7486087,0.009612166,-0.007213522,323.1133277
43000-1,충청북도(본청),지방도,충청북도 옥천군,505호선,2.4,36.30840981,127.7601462,36.30228086,127.7533864,0.006759799,0.006128946,42.1978331
60200-2,국토관리청(원주청),일반국도,강원특별자치도 춘천시,5호선,2,37.827773,127.761196,37.812047,127.763235,-0.002039,0.015726,97.38763566
60500-72,국토관리청(부산청),일반국도,경상남도 함양군,24호선,1,35.584784,127.76271,35.59085,127.769986,-0.007276,-0.006066,219.8179617
46230-4,전라남도(광양시),일반국도,전라남도 광양시,국도 2호선 ,0.05,35.00526842,127.7639226,35.00079802,127.7597947,0.00412784,0.004470401,47.28150638
48880-1,경상남도(거창군),군도,경상남도 거창군,군도4호(산수병곡길),1.8,35.80017267,127.7641806,35.81352109,127.7713667,-0.007186118,-0.013348419,241.7042084
45730-6,전라북도(무주군),일반국도,전북특별자치도 무주군,국도 37호선,0.4,35.90569849,127.7680071,35.90467946,127.7678932,0.00011398,0.001019036,83.61794131
46000-57,전라남도(도로관리사업소),지방도,전라남도 광양시,지방도 861호선,0.22,35.00939422,127.7684245,35.00857903,127.7710265,-0.002602045,0.000815183,162.604975
42130-2,강원특별자치도(원주시),지방도,강원특별자치도 원주시,군도24호선,1.5,37.276382,127.771636,37.277401,127.75688,0.014756,-0.001019,356.0496167
42130-28,강원특별자치도(원주시),군도,강원특별자치도 원주시,군도24호선,1.5,37.276382,127.771636,37.277401,127.75688,0.014756,-0.001019,356.0496167
70100-34,한국도로공사(한국도로공사),고속국도,강원특별자치도 춘천시,55호선,5,37.80220685,127.7716685,37.83876898,127.7779954,-0.006326907,-0.036562131,260.1824554
43720-1,충청북도(보은군),농어촌도로,충청북도 보은군,장안101호선(말티재),0.7,36.49593452,127.7736072,36.49908556,127.7908534,-0.017246195,-0.003151036,190.3542475
43000-1,충청북도(본청),지방도,충청북도 충주시,525호선,1,37.0325044,127.7745761,37.0268535,127.7739549,0.000621229,0.005650893,83.72640284
46000-56,전라남도(도로관리사업소),지방도,전라남도 광양시,지방도 861호선,0.17,35.00230751,127.7755992,35.00341584,127.7742713,0.001327893,-0.001108331,320.1498169
60200-62,국토관리청(원주청),일반국도,강원특별자치도 춘천시,46,1,37.957415,127.775947,37.965812,127.779231,,,
48860-4,경상남도(산청군),군도,경상남도 산청군,곡점~중산리,2.9,35.275346,127.776844,35.292067,127.754488,0.022356,-0.016721,323.2056281
48860-1,경상남도(산청군),군도,경상남도 산청군,오봉고개,1,35.441791,127.777583,35.424042,127.781882,-0.004299,0.017749,103.6154453
42110-8,강원특별자치도(춘천시),지방도,강원특별자치도 춘천시,군도8호선,1.9,37.959256,127.779536,37.974961,127.787208,-0.007672,-0.015705,243.9641743
48000-20,경상남도(도로관리사업소 진주지소),지방도,경상남도 하동군,지방도1014호선,2,35.18705569,127.7837413,35.19961297,127.7834287,0.000312682,-0.012557276,271.4263969
43760-1,충청북도(괴산군),도시계획도로,충청북도 괴산군,도시계획도로,1.4,36.81227794,127.7854814,36.81327552,127.7855137,-3.22937E-05,-0.000997577,268.1458591
48860-3,경상남도(산청군),군도,경상남도 산청군,주상~자혜,0.5,35.455292,127.786338,35.443229,127.783182,0.003156,0.012063,75.33852979
42110-9,강원특별자치도(춘천시),지방도,강원특별자치도 춘천시,군도8호선,1.9,37.974961,127.787208,37.969786,127.788774,-0.001566,0.005175,106.8362715
43730-9,충청북도(옥천군),농어촌도로,충청북도 옥천군,농어촌도로101호,0.51,36.33341294,127.7885156,36.32966389,127.785265,0.003250686,0.003749054,49.07247203
48000-154,경상남도(도로관리사업소 진주지소),지방도,경상남도 하동군,지방도1003호선,2.8,35.1596519,127.790178,35.16916955,127.7662749,0.023903163,-0.009517647,338.2887797
43760-1,충청북도(괴산군),도시계획도로,충청북도 괴산군,도시계획도로,0.1,36.81250563,127.7909772,36.81372192,127.7899297,0.001047497,-0.001216295,310.735684
70100-33,한국도로공사(한국도로공사),고속국도,강원특별자치도 춘천시,55호선,1,37.75876477,127.7958142,37.7664292,127.7909967,0.004817458,-0.007664433,302.1513006
70100-35,한국도로공사(한국도로공사),고속국도,강원특별자치도 춘천시,60호선,3,37.75559342,127.7968373,37.75802791,127.8306418,-0.033804435,-0.002434489,184.1191503
60500-13,국토관리청(부산청),일반국도,경상남도 하동군,19호선,1,34.997943,127.797435,34.997529,127.807783,-0.010348,0.000414,177.7089477
43740-1,충청북도(영동군),군도,충청북도 영동군,군도2호선,2,36.212928,127.799796,36.207248,127.817,-0.017204,0.00568,161.7290615
42130-10,강원특별자치도(원주시),지방도,강원특별자치도 원주시,군도9호선,0.96,37.363684,127.800286,37.355382,127.799512,0.000774,0.008302,84.67367955
43000-1,충청북도(본청),국지도,충청북도 괴산군,국지도49호선,2,36.7619247,127.8009849,36.77782176,127.793259,0.00772587,-0.01589706,295.9194572
43000-1,충청북도(본청),지방도,충청북도 충주시,599호선,1.1,36.94657731,127.8052075,36.96042145,127.8178061,-0.012598591,-0.013844142,227.69685
42000-3,강원특별자치도(도로관리사업소 원주본소),지방도,강원특별자치도 춘천시,국도56호선,1,37.902982,127.805464,37.904717,127.811332,-0.005868,-0.001735,196.4714435
43000-118,충청북도(본청),국지도,충청북도 괴산군,국지도49호선,2,36.76096001,127.8058541,36.77807563,127.7931672,0.012686849,-0.017115615,306.547473
43730-5,충청북도(옥천군),군도,충청북도 옥천군,군도3호,2,36.37279116,127.8064956,36.37373098,127.8002648,0.006230851,-0.000939814,351.4225998
43000-1,충청북도(본청),지방도,충청북도 보은군,505호선,1.5,36.50121133,127.8072602,36.50097835,127.8085219,-0.001261704,0.000232974,169.5381813
42130-20,강원특별자치도(원주시),지방도,강원특별자치도 원주시,군도11호선,0.26,37.22055,127.808686,37.2196,127.806095,0.002591,0.00095,20.13565367
48000-179,경상남도(도로관리사업소 진주지소),지방도,경상남도 거창군,송계로(지방도1001호),2.8,35.825585,127.813623,35.84653893,127.8297059,-0.016082918,-0.020953931,232.4924262
43720-1,충청북도(보은군),군도,충청북도 보은군,군도18호선(변둔재),0.5,36.38923216,127.8139752,36.39485269,127.8660218,-0.052046556,-0.005620528,186.1635082
42000-4,강원특별자치도(도로관리사업소 원주본소),지방도,강원특별자치도 춘천시,국도56호선,1.5,37.900303,127.817556,37.894902,127.820689,-0.003133,0.005401,120.117067
42000-5,강원특별자치도(도로관리사업소 원주본소),지방도,강원특별자치도 춘천시,국도56호선,1.4,37.900303,127.817556,37.894902,127.820689,-0.003133,0.005401,120.117067
70100-153,한국도로공사(한국도로공사),고속국도,경상남도 하동군,10호선,3,35.00380029,127.8181281,35.01471937,127.8433693,-0.025241173,-0.010919081,203.3928301
42110-20,강원특별자치도(춘천시),지방도,강원특별자치도 춘천시,군도18호선,2.7,37.99518481,127.8185905,37.98432267,127.8185153,7.51965E-05,0.010862134,89.60335869
60500-8,국토관리청(부산청),일반국도,경상남도 함양군,3호선,2,35.658884,127.818847,35.643786,127.80815,0.010697,0.015098,54.68225894
42000-6,강원특별자치도(도로관리사업소 원주본소),지방도,강원특별자치도 춘천시,국도56호선,1.5,37.886175,127.818854,37.878698,127.820796,-0.001942,0.007477,104.5597162
70100-136,한국도로공사(한국도로공사),고속국도,경상남도 함양군,12호선,1,35.54755422,127.8188994,35.54895237,127.8293829,-0.010483447,-0.001398152,187.5965715
48000-4,경상남도(도로관리사업소 진주지소),지방도,경상남도 산청군,지방도1034호선(본통고개),1.5,35.490678,127.822165,35.493402,127.818241,0.003924,-0.002724,325.2320206
45730-7,전라북도(무주군),일반국도,전북특별자치도 무주군,국도 37호선,0.4,35.87795669,127.8226713,35.87925732,127.8246202,-0.00194888,-0.001300638,213.718254
42000-7,강원특별자치도(도로관리사업소 원주본소),지방도,강원특별자치도 춘천시,국도56호선,1.3,37.877333,127.823306,37.87451,127.833006,-0.0097,0.002823,163.7733704
48000-153,경상남도(도로관리사업소 진주지소),위임국도,경상남도 하동군,국도59호선,0.3,35.12741029,127.8251932,35.12960972,127.824604,0.000589186,-0.002199426,284.9964044
48000-186,경상남도(도로관리사업소 진주지소),지방도,경상남도 하동군,국지도58호선,2,35.0908589,127.8254715,35.09887273,127.8384018,-0.01293026,-0.008013827,211.7895204
48000-18,경상남도(도로관리사업소 진주지소),위임국도,경상남도 하동군,국도59호선,2,35.13944135,127.825512,35.15105654,127.8332413,-0.007729302,-0.011615186,236.3583033
43130-64,충청북도(충주시),군도,충청북도 충주시,군도17호선,0.2,37.09937226,127.82658,37.10443035,127.8216311,0.004948938,-0.005058095,314.3750424
43000-1,충청북도(본청),국지도,충청북도 괴산군,국지도32호,1.7,36.68085522,127.8284237,36.6795431,127.8406913,-0.012267688,0.001312121,173.894997
60500-83,국토관리청(부산청),위임국도,경상남도 거창군,37,3,35.865032,127.828957,35.847497,127.837574,,,
48000-24,경상남도(도로관리사업소 진주지소),지방도,경상남도 하동군,지방도1003호선,1,35.07303823,127.8306817,35.09064956,127.8254545,0.00522725,-0.017611324,286.5315141
51720-1,강원특별자치도(홍천군),군도,강원특별자치도 홍천군,군도4호선,1.8,37.73919688,127.8314285,37.738091,127.814228,0.01720047,0.001105875,3.678672339
42130-19,강원특별자치도(원주시),지방도,강원특별자치도 원주시,군도11호선,2,37.237236,127.831606,37.220437,127.824059,0.007547,0.016799,65.80786036
42130-14,강원특별자치도(원주시),지방도,강원특별자치도 원주시,운곡로,0.1,37.332362,127.832844,37.334264,127.833673,-0.000829,-0.001902,246.4496836
43720-1,충청북도(보은군),군도,충청북도 보은군,군도24호선(삼가재),0.8,36.49305899,127.8336548,36.48917597,127.8771027,-0.043447903,0.003883014,174.8929451
70210-2,민자고속도로(제이영동고속도로(주)),고속국도,강원특별자치도 원주시,52호선,1,37.39034837,127.8339444,37.39055142,127.844664,-0.010719608,-0.000203047,181.0851477
48000-19,경상남도(도로관리사업소 진주지소),위임국도,경상남도 하동군,국도59호선,2,35.18780909,127.834001,35.1712618,127.82713,0.006871022,0.016547292,67.45004265
48000-16,경상남도(도로관리사업소 진주지소),위임국도,경상남도 거창군,국도37호(빼재),1.9,35.850821,127.835243,35.860969,127.831199,0.004044,-0.010148,291.727389
42000-8,강원특별자치도(도로관리사업소 원주본소),지방도,강원특별자치도 춘천시,국도56호선,1.6,37.871854,127.836824,37.865731,127.842167,-0.005343,0.006123,131.1083237
48000-2,경상남도(도로관리사업소 진주지소),지방도,경상남도 남해군,지방도1024호선(남서대로),0.2,34.804473,127.838458,34.806823,127.839857,-0.001399,-0.00235,239.2338515
42130-3,강원특별자치도(원주시),지방도,강원특별자치도 원주시,농어촌208호선,1.8,37.366177,127.840515,37.370432,127.854318,-0.013803,-0.004255,197.1327681
48000-6,경상남도(도로관리사업소 진주지소),지방도,경상남도 산청군,국지도60호선,2,35.4387173,127.840908,35.45296113,127.8164034,0.024504582,-0.014243832,329.8317543
43000-1,충청북도(본청),국지도,충청북도 괴산군,국지도49호,1.6,36.70583321,127.8431795,36.71468455,127.828589,0.014590522,-0.008851338,328.7569116
43000-1,충청북도(본청),국지도,충청북도 영동군,49호선,8,36.08852671,127.8441018,36.04942857,127.8155134,0.028588485,0.039098145,53.82580321
48000-184,경상남도(도로관리사업소 진주지소),위임국도,경상남도 산청군,국도59호선,2.9,35.39076619,127.8464457,35.38212231,127.8487156,-0.002269915,0.008643887,104.7138528
60400-34,국토관리청(익산청),일반국도,전북특별자치도 무주군,30호선,5,35.963629,127.846596,35.949006,127.895879,-0.049283,0.014623,163.473593
42130-1,강원특별자치도(원주시),지방도,강원특별자치도 원주시,군도11호선,1.9,37.233803,127.848912,37.245863,127.857834,-0.008922,-0.01206,233.5059272
42130-27,강원특별자치도(원주시),군도,강원특별자치도 원주시,군도11호선,1.9,37.233803,127.848912,37.245863,127.857834,-0.008922,-0.01206,233.5059272
45730-5,전라북도(무주군),군도,전북특별자치도 무주군,군도 15호선,0.3,35.99543935,127.8498547,35.9938798,127.8485464,0.001308267,0.001559549,50.00755115
48000-212,경상남도(도로관리사업소 진주지소),지방도,경상남도 남해군,지방도1024호선,0.28,34.76493147,127.8504633,34.76253553,127.8498575,0.000605867,0.00239594,75.80897708
60500-74,국토관리청(부산청),일반국도,경상남도 산청군,59호선,4,35.388639,127.850512,35.363827,127.846773,0.003739,0.024812,81.43039416
43130-1,충청북도(충주시),농어촌도로,충청북도 충주시,리도 213호선,1.3,36.91848241,127.8506125,36.92542403,127.8582579,-0.007645428,-0.006941619,222.2376842
48000-203,경상남도(도로관리사업소 진주지소),지방도,경상남도 거창군,수남로(지방도1084호선),0.3,35.57876715,127.8507664,35.58199237,127.8532519,-0.00248548,-0.00322522,232.3807539
48000-187,경상남도(도로관리사업소 진주지소),지방도,경상남도 하동군,국지도58호선,2,35.11670006,127.8508837,35.10534606,127.841657,0.009226644,0.011354007,50.9015417
48840-10,경상남도(남해군),군도,경상남도 남해군,군도4호선,1,34.87305848,127.8519281,34.87308566,127.841881,0.010047169,-2.71806E-05,359.8449981
42130-25,강원특별자치도(원주시),지방도,강원특별자치도 원주시,농어촌208호선,1,37.370432,127.854318,37.377222,127.858696,-0.004378,-0.00679,237.1872215
42130-5,강원특별자치도(원주시),지방도,강원특별자치도 원주시,군도24호선,1.4,37.341761,127.854916,37.337626,127.869002,-0.014086,0.004135,163.6401937
42130-24,강원특별자치도(원주시),지방도,강원특별자치도 원주시,군도11호선,1.9,37.245863,127.857834,37.257915,127.870388,-0.012554,-0.012052,223.8312407
60500-9,국토관리청(부산청),일반국도,경상남도 산청군,3호선,6,35.468295,127.860117,35.419949,127.880388,-0.020271,0.048346,112.7478226
43000-1,충청북도(본청),지방도,충청북도 충주시,525호선,1.9,36.89873185,127.8602602,36.90487673,127.8685546,-0.008294418,-0.006144882,216.5327305
43000-1,충청북도(본청),지방도,충청북도 영동군,901호선,1.5,36.23900531,127.8604162,36.24172966,127.8862609,-0.025844739,-0.002724349,186.0174484
60200-54,국토관리청(원주청),일반국도,강원특별자치도 춘천시,56호선,3,37.851289,127.86125,37.841015,127.880157,-0.018907,0.010274,151.4804923
43000-1,충청북도(본청),국지도,충청북도 괴산군,국지도49호선,1.4,36.67833698,127.8614729,36.68249015,127.8594307,0.002042208,-0.004153175,296.1843643
70100-17,한국도로공사(한국도로공사),고속국도,강원특별자치도 원주시,50호선,2,37.34080122,127.862395,37.3491828,127.8820304,-0.019635424,-0.008381581,203.1157071
42000-9,강원특별자치도(도로관리사업소 원주본소),지방도,강원특별자치도 춘천시,국도56호선,1.7,37.851504,127.863812,37.845718,127.868071,-0.004259,0.005786,126.3563054
70100-32,한국도로공사(한국도로공사),고속국도,강원특별자치도 홍천군,55호선,1,37.67539981,127.8657604,37.67842853,127.855277,0.01048341,-0.003028721,343.8856721
42110-23,강원특별자치도(춘천시),지방도,강원특별자치도 춘천시,군도18호선,2,37.979456,127.866592,37.975574,127.85478,0.011812,0.003882,18.19304835
48840-2,경상남도(남해군),군도,경상남도 남해군,군도5호선,1.3,34.800062,127.869464,34.794597,127.869447,1.7E-05,0.005465,89.82177034
70100-156,한국도로공사(한국도로공사),고속국도,경상남도 산청군,35호선,1,35.40749625,127.8705845,35.41462666,127.8638484,0.006736083,-0.007130404,313.3711201
42130-18,강원특별자치도(원주시),지방도,강원특별자치도 원주시,군도11호선,0.57,37.259298,127.870726,37.265267,127.875327,-0.004601,-0.005969,232.3743936
43130-63,충청북도(충주시),농어촌도로,충청북도 충주시,농도 301호선,5.5,37.0927804,127.8731498,37.10120278,127.8537134,0.019436412,-0.008422379,336.5714723
43730-12,충청북도(옥천군),군도,충청북도 옥천군,군도1호,1.9,36.35442416,127.8752668,36.36276824,127.8872889,-0.01202216,-0.008344081,214.7629059
48000-78,경상남도(도로관리사업소 진주지소),지방도,경상남도 거창군,지방도1089호(소사고개),2.7,35.88728411,127.8763023,35.904689,127.860227,0.016075306,-0.017404885,312.7258406
42720-1,강원특별자치도(홍천군),군도,강원특별자치도 홍천군,군도2호선,1,37.688896,127.876582,37.69169,127.86625,0.010332,-0.002794,344.8678919
48000-25,경상남도(도로관리사업소 진주지소),지방도,경상남도 하동군,지방도1005호선,1,35.13530244,127.8769623,35.14613737,127.8792261,-0.002263814,-0.010834932,258.1985875
60200-3,국토관리청(원주청),일반국도,강원특별자치도 홍천군,5호선,1,37.667257,127.878639,37.660084,127.885092,-0.006453,0.007173,131.9752949
48000-5,경상남도(도로관리사업소 진주지소),지방도,경상남도 산청군,지방도1026호선(오부고개),1,35.48126453,127.8792954,35.48570716,127.8806038,-0.001308385,-0.004442624,253.5899172
48000-9,경상남도(도로관리사업소 진주지소),지방도,경상남도 산청군,지방도1026호선(내곡고개),1.3,35.48140786,127.8793196,35.48829079,127.8835915,-0.004271925,-0.006882933,238.1739977
48880-4,경상남도(거창군),군도,경상남도 거창군,군도35호선(건계정),0.9,35.691355,127.881358,35.686341,127.875976,0.005382,0.005014,42.9726773
48840-1,경상남도(남해군),군도,경상남도 남해군,군도2호선,1,34.926719,127.881725,34.925581,127.892502,-0.010777,0.001138,173.9721758
43000-1,충청북도(본청),지방도,충청북도 괴산군,지방도517호선,1.6,36.6820589,127.8834038,36.6746366,127.8730652,0.01033864,0.0074223,35.67526243
60300-40,국토관리청(대전청),일반국도,충청북도 충주시,19호선,2,37.15961,127.884486,37.14215,127.88403,0.000456,0.01746,88.50395546
42130-17,강원특별자치도(원주시),지방도,강원특별자치도 원주시,군도11호선,1.8,37.295555,127.884826,37.280742,127.877669,0.007157,0.014813,64.21217853
70100-154,한국도로공사(한국도로공사),고속국도,경상남도 하동군,10호선,1,35.04014486,127.8871803,35.04050235,127.8980846,-0.010904293,-0.000357488,181.877721
48880-5,경상남도(거창군),농어촌도로,경상남도 거창군,고웅로(면도103호),2.8,35.830463,127.887745,35.845313,127.906169,-0.018424,-0.01485,218.8692969
43000-86,충청북도(본청),지방도,충청북도 괴산군,517,2,36.77610164,127.8883661,36.76418109,127.8881786,0.000187462,0.011920542,89.09904167
43000-1,충청북도(본청),지방도,충청북도 괴산군,지방도517호선,2,36.77603564,127.8890782,36.76341213,127.8884819,0.000596305,0.012623515,87.29549114
48840-7,경상남도(남해군),지방도,경상남도 남해군,농어촌도로 남해읍 201호선,0.6,34.84480349,127.8906954,34.84346752,127.8847695,0.005925877,0.001335971,12.70475787
70100-31,한국도로공사(한국도로공사),고속국도,강원특별자치도 홍천군,55호선,2,37.65985572,127.8908752,37.67018364,127.8743817,0.0164935,-0.010327914,327.9459895
60500-7,국토관리청(부산청),일반국도,경상남도 거창군,3호선,4,35.693154,127.891073,35.697259,127.857028,0.034045,-0.004105,353.1247114
42000-63,강원특별자치도(도로관리사업소 원주본소),지방도,강원특별자치도 원주시,지방도409호선,0.5,37.383175,127.891379,37.38618,127.886411,0.004968,-0.003005,328.8314654
48860-7,경상남도(산청군),농어촌도로,경상남도 산청군,일물도로,1,35.47076334,127.8920978,35.47859757,127.8983534,-0.006255562,-0.007834222,231.3929214
43000-1,충청북도(본청),지방도,충청북도 괴산군,지방도517호선,1.5,36.69276022,127.8931523,36.68529272,127.8810858,0.01206647,0.007467505,31.75187796
48840-8,경상남도(남해군),군도,경상남도 남해군,군도6호선,2.7,34.82945251,127.8936231,34.81759942,127.878256,0.015367133,0.01185309,37.6439839
42130-16,강원특별자치도(원주시),지방도,강원특별자치도 원주시,농어촌201호선,0.4,37.296584,127.894897,37.293479,127.896975,-0.002078,0.003105,123.7921459
42130-21,강원특별자치도(원주시),지방도,강원특별자치도 원주시,북원로,0.67,37.223889,127.895614,37.229083,127.896717,-0.001103,-0.005194,258.010753
42130-22,강원특별자치도(원주시),지방도,강원특별자치도 원주시,북원로,0.47,37.229708,127.897653,37.233333,127.899307,-0.001654,-0.003625,245.4739306
42130-23,강원특별자치도(원주시),지방도,강원특별자치도 원주시,북원로,1.6,37.240448,127.898263,37.25395,127.900447,-0.002184,-0.013502,260.8117721
47250-4,경상북도(상주시),군도,경상북도 상주시,군도21호선,0.41,36.40672303,127.9005069,36.406716,127.895845,0.004661914,7.02951E-06,0.086393936
48000-185,경상남도(도로관리사업소 진주지소),위임국도,경상남도 산청군,국도59호선,3,35.44179757,127.90186,35.45802171,127.9123451,-0.010485059,-0.016224132,237.126903
60200-7,국토관리청(원주청),일반국도,강원특별자치도 원주시,19호선,3,37.263931,127.902774,37.237391,127.898103,0.004671,0.02654,80.01825447
48840-11,경상남도(남해군),지방도,경상남도 남해군,지방도1024호선,1,34.93770343,127.9028331,34.93232734,127.9112351,-0.008401984,0.005376093,147.3864503
48240-3,경상남도(사천시),지방도,경상남도 사천시,시도18호선,0.8,35.08337228,127.9031601,35.08243846,127.9070046,-0.003844559,0.00093382,166.3475879
43000-15,충청북도(본청),지방도,충청북도 괴산군,지방도 517,0.9,36.73652022,127.9036947,36.73273548,127.9079653,-0.004270585,0.003784731,138.4515956
60200-60,국토관리청(원주청),일반국도,강원특별자치도 원주시,42,0.87,37.295335,127.90427,37.387446,127.990884,,,
48000-8,경상남도(도로관리사업소 진주지소),지방도,경상남도 산청군,지방도1001호선(어천고개),2,35.36289664,127.9046927,35.33814087,127.9062658,-0.00157308,0.024755773,93.63591253
42130-15,강원특별자치도(원주시),지방도,강원특별자치도 원주시,대안로,0.85,37.31175,127.90557,37.308378,127.899276,0.006294,0.003372,28.18010579
48840-9,경상남도(남해군),군도,경상남도 남해군,10호선,0.3,34.74415278,127.9074501,34.74354515,127.9051113,0.002338778,0.000607634,14.56392133
47000-3,경상북도(본청),지방도,경상북도 김천시,1089호선(신동-부항),1.5,35.97468799,127.9089383,35.97238244,127.8967422,0.012196092,0.002305547,10.70486046
48000-10,경상남도(도로관리사업소 진주지소),지방도,경상남도 산청군,지방도1026호선(대현고개),1.8,35.50392133,127.9093139,35.50103084,127.9244606,-0.015146639,0.002890486,169.1959481
43000-1,충청북도(본청),지방도,충청북도 충주시,531호선,2,37.13946255,127.9102921,37.15579136,127.9114605,-0.001168426,-0.016328811,265.9071127
43000-16,충청북도(본청),지방도,충청북도 괴산군,지방도 517,0.9,36.71189111,127.9114186,36.70852584,127.9140956,-0.002676967,0.003365278,128.501078
43000-1,충청북도(본청),지방도,충청북도 충주시,531호선,1.6,37.15667265,127.9116104,37.16730371,127.9171774,-0.005566992,-0.01063106,242.3610409
43000-1,충청북도(본청),국지도,충청북도 영동군,49호선,1.8,36.26294193,127.9137981,36.27802616,127.9306042,-0.016806016,-0.01508423,221.9095451
42130-4,강원특별자치도(원주시),지방도,강원특별자치도 원주시,군도4호선,1.1,37.414661,127.91442,37.418162,127.904294,0.010126,-0.003501,340.9274994
43000-1,충청북도(본청),지방도,충청북도 괴산군,지방도517호선,2,36.70468096,127.9156898,36.69357681,127.9221149,-0.006425166,0.011104151,120.0548509
43740-2,충청북도(영동군),군도,충청북도 영동군,군도5호선,1.5,36.17040759,127.916241,36.19603246,127.8858873,0.030353766,-0.025624874,319.8286949
48880-1,경상남도(거창군),군도,경상남도 거창군,감악산로(군도16호),2.1,35.613533,127.918382,35.602253,127.913438,0.004944,0.01128,66.33226313
60500-14,국토관리청(부산청),일반국도,경상남도 산청군,20호선,1,35.269821,127.918999,35.269869,127.929401,-0.010402,-4.8E-05,180.2643893
42130-11,강원특별자치도(원주시),지방도,강원특별자치도 원주시,농어촌205호선,1.3,37.39582,127.919658,37.39961,127.929746,-0.010088,-0.00379,200.5908929
47250-1,경상북도(상주시),군도,경상북도 상주시,군도26호선,1,36.537936,127.924255,36.536846,127.93052,-0.006265,0.00109,170.1303336
43130-61,충청북도(충주시),농어촌도로,충청북도 충주시,농도312호선,0.23,36.91314348,127.9249884,36.91248437,127.9273959,-0.002407536,0.000659107,164.6893862
48000-183,경상남도(도로관리사업소 진주지소),지방도,경상남도 산청군,지방도1001호선,0.5,35.27100015,127.9279664,35.2853228,127.9168349,0.011131501,-0.014322658,307.85418
43130-1,충청북도(충주시),도시계획도로,충청북도 충주시,금릉동,0.08,36.99728459,127.9279917,36.99663217,127.9275965,0.00039515,0.000652423,58.79816583
48000-160,경상남도(도로관리사업소 진주지소),지방도,경상남도 거창군,지방도1099호선(우두령로),2,35.83128483,127.928024,35.8523227,127.9366207,-0.008596719,-0.021037864,247.7735623
60500-61,국토관리청(부산청),일반국도,경상북도 상주시,25호선,1,36.446375,127.928821,36.444298,127.939375,-0.010554,0.002077,168.8666124
43130-66,충청북도(충주시),도시계획도로,충청북도 충주시,소로2-186,0.75,36.95860665,127.9292842,36.95860665,127.9292842,0,0,NaN
60300-13,국토관리청(대전청),일반국도,충청북도 괴산군,34호선,4,36.767599,127.930857,36.758892,127.973783,-0.042926,0.008707,168.5338326
47250-5,경상북도(상주시),농어촌도로,경상북도 상주시,농도304호,0.35,36.58446376,127.9329498,36.58677909,127.9318499,0.001099863,-0.002315327,295.4093847
60500-84,국토관리청(부산청),위임국도,경상남도 거창군,59,1,35.529811,127.933821,35.521656,127.934135,,,
48000-189,경상남도(도로관리사업소 진주지소),위임국도,경상남도 산청군,국도59호선,2.9,35.50343726,127.9359521,35.52689825,127.9347434,0.001208674,-0.023460991,272.9491837
48860-2,경상남도(산청군),군도,경상남도 산청군,신기재,2.8,35.465824,127.937201,35.470484,127.955346,-0.018145,-0.00466,194.403424
43130-57,충청북도(충주시),도시계획도로,충청북도 충주시,중로2-72,2.5,36.97930438,127.9377824,36.9772184,127.9452158,-0.007433413,0.002085984,164.3246752
43130-60,충청북도(충주시),도시계획도로,충청북도 충주시,소로3-142,2.6,36.96794254,127.9404847,36.96424442,127.945859,-0.005374284,0.003698113,145.4676441
42130-13,강원특별자치도(원주시),지방도,강원특별자치도 원주시,호저로,0.64,37.387574,127.940767,37.393347,127.938879,0.001888,-0.005773,288.1097979
42110-12,강원특별자치도(춘천시),지방도,강원특별자치도 춘천시,군도10호선,2.1,37.920771,127.941283,37.911628,127.929551,0.011732,0.009143,37.93005331
47150-1,경상북도(김천시),구국도,경상북도 김천시,3호선(남해-초산),1.6,35.87410077,127.941347,35.87288113,127.9296731,0.011673915,0.001219637,5.964364236
43130-65,충청북도(충주시),도시계획도로,충청북도 충주시,중로3-48호선,0.2,36.95907786,127.9440249,36.95906761,127.9420453,0.001979667,1.02542E-05,0.296774814
43130-58,충청북도(충주시),도시계획도로,충청북도 충주시,중로2-31,2.3,36.97398309,127.9460805,36.97579062,127.9423625,0.003717998,-0.001807533,334.0729401
43130-59,충청북도(충주시),도시계획도로,충청북도 충주시,소로2-142,2.4,36.9737972,127.9460913,36.97200608,127.946139,-4.77482E-05,0.001791117,91.52704786
42130-9,강원특별자치도(원주시),지방도,강원특별자치도 원주시,강변로,0.17,37.375364,127.9484,37.376869,127.948827,-0.000427,-0.001505,254.1602508
48000-194,경상남도(도로관리사업소 진주지소),지방도,경상남도 거창군,지방도1089호(일원정),0.4,35.64569064,127.9502483,35.64479316,127.954136,-0.003887666,0.00089748,167.0008156
43000-1,충청북도(본청),지방도,충청북도 괴산군,지방도517호선,1.7,36.81915485,127.9504276,36.80804421,127.9513522,-0.000924618,0.011110637,94.75714442
48240-1,경상남도(사천시),지방도,경상남도 사천시,시도8호선,0.4,34.98791112,127.9509629,34.98813668,127.9513663,-0.000403457,-0.000225558,209.2078989
43760-1,충청북도(괴산군),군도,충청북도 괴산군,군도2호선,0.5,36.78074613,127.9518681,36.7803203,127.9554558,-0.003587719,0.000425823,173.2312807
48880-6,경상남도(거창군),군도,경상남도 거창군,고들고개길(군도18호),1.7,35.73866475,127.9519122,35.737047,127.965675,-0.013762769,0.001617751,173.2959067
43000-1,충청북도(본청),지방도,충청북도 괴산군,지방도508호,2,36.85856212,127.9540635,36.85115117,127.9704204,-0.016356957,0.007410951,155.6258422
48000-7,경상남도(도로관리사업소 진주지소),지방도,경상남도 산청군,국지도60호선(척지고개),2.5,35.40195568,127.9544795,35.3961387,127.9800772,-0.025597645,0.005816974,167.1971655
43000-1,충청북도(본청),지방도,충청북도 영동군,901호선,3.5,36.06738622,127.9548256,36.07690808,127.9442596,0.010565925,-0.009521863,317.9752694
48000-40,경상남도(도로관리사업소 진주지소),지방도,경상남도 사천시,국지도58호선,0.2,35.06450746,127.9572261,35.06304868,127.9572105,1.55804E-05,0.001458784,89.38808317
48000-211,경상남도(도로관리사업소 진주지소),지방도,경상남도 남해군,지방도1024호선,0.11,34.78580088,127.95799,34.7852804,127.9571336,0.000856433,0.000520474,31.28802192
48000-188,경상남도(도로관리사업소 진주지소),지방도,경상남도 산청군,지방도1006호선,2.8,35.43759879,127.959315,35.4178361,127.9756056,-0.016290629,0.019762689,129.4991809
43130-1,충청북도(충주시),군도,충청북도 충주시,면도 101호선,0.7,36.90464427,127.9593441,36.9017254,127.9651312,-0.005787113,0.002918872,153.2347903
43000-1,충청북도(본청),지방도,충청북도 영동군,514호선,1,36.15751674,127.959786,36.1568683,127.9672572,-0.007471166,0.000648436,175.0396254
42130-6,강원특별자치도(원주시),지방도,강원특별자치도 원주시,농어촌204호선,0.79,37.401969,127.960285,37.400904,127.967163,-0.006878,0.001065,171.1981342
48000-39,경상남도(도로관리사업소 진주지소),지방도,경상남도 사천시,국지도58호선,0.5,35.04948833,127.9610816,35.04911299,127.9627582,-0.001676602,0.00037534,167.3812655
48000-79,경상남도(도로관리사업소 진주지소),지방도,경상남도 거창군,지방도1089호(밤티재),4.7,35.629117,127.961846,35.59205124,127.9594039,0.002442105,0.037065763,86.23047424
47250-3,경상북도(상주시),군도,경상북도 상주시,군도20호선,0.9,36.39254882,127.9631301,36.3925096,127.979518,-0.016387863,3.922E-05,179.8628782
43130-62,충청북도(충주시),농어촌도로,충청북도 충주시,세성리 212~237,0.28,36.90039387,127.9642257,36.8981057,127.963499,0.000726676,0.002288174,72.38124888
43130-1,충청북도(충주시),농어촌도로,충청북도 충주시,리도 201호선,2,37.11164574,127.9649885,37.11955203,127.9619045,0.003083968,-0.007906285,291.3090375
47280-2,경상북도(문경시),일반국도,경상북도 문경시,국지도32호선,1.5,36.56289277,127.9650465,36.5627103,127.9682029,-0.003156347,0.000182466,176.6914504
60300-17,국토관리청(대전청),일반국도,충청북도 충주시,38호선,12,37.096436,127.970248,37.139706,128.070137,-0.099889,-0.04327,203.421336
48880-2,경상남도(거창군),군도,경상남도 거창군,보해길(군도2호),2.7,35.793554,127.971051,35.792025,127.954273,0.016778,0.001529,5.207052718
60200-4,국토관리청(원주청),일반국도,강원특별자치도 원주시,5호선,5,37.43002,127.971386,37.400221,127.988128,-0.016742,0.029799,119.3286245
43000-1,충청북도(본청),지방도,충청북도 충주시,531호선,1.3,37.0460876,127.9729729,37.05695926,127.9682368,0.004736127,-0.010871661,293.5398518
70100-30,한국도로공사(한국도로공사),고속국도,강원특별자치도 횡성군,55호선,3,37.59072855,127.9730209,37.6134811,127.9563302,0.016690726,-0.022752554,306.2628756
48000-34,경상남도(도로관리사업소 진주지소),지방도,경상남도 사천시,지방도1002호선,0.7,35.06672218,127.9760904,35.06658448,127.9768341,-0.000743728,0.000137693,169.5111241
60500-10,국토관리청(부산청),일반국도,경상남도 산청군,3호선,1,35.310573,127.977757,35.309033,127.98827,-0.010513,0.00154,171.6662812
60500-78,국토관리청(부산청),일반국도,경상남도 거창군,24,2,35.640439,127.978097,35.633333,128.004101,,,
43000-1,충청북도(본청),지방도,충청북도 충주시,508호선,2,36.84779845,127.9783858,36.85182011,127.9643973,0.013988523,-0.004021659,343.9602116
48880-3,경상남도(거창군),군도,경상남도 거창군,거창88로(살피재),0.6,35.711526,127.979836,35.71365991,127.9859046,-0.006068552,-0.002133908,199.3733965
42110-10,강원특별자치도(춘천시),지방도,강원특별자치도 춘천시,군도10호선,1.9,37.911125,127.980048,37.913704,127.965533,0.014515,-0.002579,349.9249292
48000-180,경상남도(도로관리사업소 진주지소),지방도,경상남도 거창군,지산로(지방도1099호),3,35.666726,127.980773,35.65868237,127.9698281,0.010944886,0.008043626,36.31294446
42000-71,강원특별자치도(도로관리사업소 원주본소),위임국도,강원특별자치도 홍천군,국도56호선,0.8,37.757245,127.983136,37.758767,127.989664,-0.006528,-0.001522,193.1240334
70100-57,한국도로공사(한국도로공사),고속국도,충청북도 괴산군,45호선,3,36.76743493,127.9838823,36.79384375,127.9815387,0.002343573,-0.026408822,275.0712605
48000-11,경상남도(도로관리사업소 진주지소),지방도,경상남도 산청군,지방도1049호선(묵곡재),1,35.27653854,127.9850866,35.27993987,127.9918722,-0.006785629,-0.00340133,206.6225397
60500-5,국토관리청(부산청),일반국도,경상북도 김천시,30호선,1,35.899767,127.985406,35.899792,127.990619,-0.005213,-2.5E-05,180.2747714
48000-3,경상남도(도로관리사업소 진주지소),지방도,경상남도 남해군,지방도1024호선(삼이로),0.3,34.822196,127.986973,34.823244,127.990205,-0.003232,-0.001048,197.9656715
43000-1,충청북도(본청),지방도,충청북도 충주시,508호선,1.8,36.84904312,127.9896447,36.84708611,127.9790183,0.010626382,0.001957009,10.43495847
42130-26,강원특별자치도(원주시),지방도,강원특별자치도 원주시,군도20호선,1.9,37.442773,127.989959,37.455854,127.98222,0.007739,-0.013081,300.6094688
48240-7,경상남도(사천시),시도,경상남도 사천시,시도18호선,1.8,35.0923037,127.9904018,35.10111311,127.9730293,0.017372458,-0.008809407,333.1108703
48890-10,경상남도(합천군),지방도,경상남도 합천군,1026호선,3.6,35.53305095,127.9938103,35.51483992,127.9673376,0.0264727,0.01821103,34.52475796
43150-15,충청북도(제천시),군도,충청북도 제천시,군도 27호,0.9,37.12342263,127.994435,37.12007711,127.9867114,0.007723537,0.00334552,23.42028356
42130-7,강원특별자치도(원주시),지방도,강원특별자치도 원주시,농어촌210호선,1.8,37.378413,127.994793,37.365287,128.003978,-0.009185,0.013126,124.9826445
60200-50,국토관리청(원주청),일반국도,강원특별자치도 양구군,31호선,1,38.12456,127.996364,38.117131,127.990032,0.006332,0.007429,49.55786873
43000-1,충청북도(본청),지방도,충청북도 제천시,597호선,2,37.19295608,127.9978159,37.20445264,128.0041131,-0.006297151,-0.011496567,241.2886349
48840-3,경상남도(남해군),군도,경상남도 남해군,군도12호선,0.5,34.807081,127.999227,34.805889,128.004022,-0.004795,0.001192,166.0396934
48000-33,경상남도(도로관리사업소 진주지소),지방도,경상남도 사천시,지방도1002호선,0.8,35.06980261,128.0001344,35.07051014,128.0007686,-0.000634166,-0.000707532,228.1299123
47000-20,경상북도(본청),지방도,경상북도 상주시,지방도901호선,1.5,36.366392,128.001393,36.365822,127.985992,0.015401,0.00057,2.119582808
43000-1,충청북도(본청),지방도,충청북도 제천시,597호선,2,37.202873,128.0024393,37.20875825,128.0221345,-0.019695179,-0.005885249,196.6370245
42730-7,강원특별자치도(횡성군),군도,강원특별자치도 횡성군,군도2호선,1.2,37.49782909,128.003205,37.50014017,128.0087945,-0.005589434,-0.002311081,202.4637819
42000-21,강원특별자치도(도로관리사업소 원주본소),지방도,강원특별자치도 홍천군,지방도451호선,2,37.803423,128.003708,37.808943,128.012843,-0.009135,-0.00552,211.14328
48240-9,경상남도(사천시),시도,경상남도 사천시,시도6호선,1.3,35.0439823,128.0050947,35.04768837,128.008264,-0.003169309,-0.003706071,229.4640373
42130-8,강원특별자치도(원주시),지방도,강원특별자치도 원주시,군도20호선,2,37.433386,128.005146,37.442773,127.989959,0.015187,-0.009387,328.2800201
60200-5,국토관리청(원주청),일반국도,강원특별자치도 원주시,5호선,3,37.279294,128.005317,37.263771,128.03003,-0.024713,0.015523,147.8657988
42800-1,강원특별자치도(양구군),군도,강원특별자치도 양구군,군도4호선,1.6,38.105477,128.005462,38.106495,128.022857,-0.017395,-0.001018,183.3492758
70100-18,한국도로공사(한국도로공사),고속국도,강원특별자치도 원주시,50호선,1,37.43185982,128.0091148,37.43842636,128.0160126,-0.006897865,-0.006566547,223.5904106
48000-120,경상남도(도로관리사업소),지방도,경상남도 합천군,지방도1089호선,4.3,35.527656,128.010011,35.542356,127.999372,0.010639,-0.0147,305.8948197
42800-2,강원특별자치도(양구군),군도,강원특별자치도 양구군,군도3호선,2,38.13588,128.0103,38.134386,128.030972,-0.020672,0.001494,175.8663252
43740-5,충청북도(영동군),군도,충청북도 영동군,군도20호선,2,36.23967428,128.0121463,36.25424108,128.0063351,0.005811203,-0.014566806,291.7487656
42000-22,강원특별자치도(도로관리사업소 원주본소),지방도,강원특별자치도 홍천군,지방도451호선,1.7,37.808943,128.012843,37.802976,128.029453,-0.01661,0.005967,160.2396097
48000-121,경상남도(도로관리사업소),지방도,경상남도 합천군,지방도1089호선,1.3,35.56474,128.012866,35.575236,127.996932,0.015934,-0.010496,326.6264161
70100-124,한국도로공사(한국도로공사),고속국도,경상북도 김천시,1호선,1,36.17900884,128.013779,36.18614407,128.0072266,0.006552433,-0.007135235,312.5618975
47000-2,경상북도(본청),지방도,경상북도 김천시,903호선(성주-금수),2,35.95510077,128.0142206,35.93365209,128.0161068,-0.001886212,0.02144868,95.02570171
48000-123,경상남도(도로관리사업소),위임국도,경상남도 합천군,국도59호선,1.8,35.59802778,128.0148231,35.58942566,128.0067586,0.008064543,0.00860212,46.84741572
42730-8,강원특별자치도(횡성군),군도,강원특별자치도 횡성군,군도2호선,1,37.50623034,128.0158014,37.50590214,128.0151644,0.000636988,0.000328198,27.25908707
60300-8,국토관리청(대전청),일반국도,충청북도 충주시,3호선,4,36.816768,128.01906,36.782526,128.018217,0.000843,0.034242,88.58972643
43000-1,충청북도(본청),지방도,충청북도 제천시,597호선,1,37.20882197,128.0223178,37.21245612,128.0330669,-0.010749066,-0.003634155,198.6798976
43760-1,충청북도(괴산군),농어촌도로,충청북도 괴산군,농어촌도로203호선,1,36.81472877,128.0245523,36.79037317,128.0215914,0.002960938,0.024355596,83.06850036
48000-119,경상남도(도로관리사업소),지방도,경상남도 합천군,지방도1089호선,1.5,35.486374,128.02472,35.468246,128.036442,-0.011722,0.018128,122.8876787
48170-4,경상남도(진주시),시도,경상남도 진주시,시도20호선,1,35.20115516,128.0247265,35.2031373,128.0196351,0.005091484,-0.001982134,338.7288496
42800-5,강원특별자치도(양구군),농어촌도로,강원특별자치도 양구군,농어촌도로 남면 207호선,1.7,38.083068,128.029618,38.087832,128.044851,-0.015233,-0.004764,197.3666596
47280-1,경상북도(문경시),일반국도,경상북도 문경시,무운로,1.5,36.578845,128.029944,36.583291,128.020978,0.008966,-0.004446,333.6244149
43000-1,충청북도(본청),지방도,충청북도 충주시,508호선,2,36.8403142,128.0309062,36.83637775,128.051772,-0.020865786,0.003936445,169.3164022
42800-3,강원특별자치도(양구군),군도,강원특별자치도 양구군,군도3호선,1.5,38.134386,128.030972,38.134432,128.046071,-0.015099,-4.6E-05,180.1745545
48170-5,경상남도(진주시),시도,경상남도 진주시,면도103호선,0.3,35.16003652,128.0310313,35.16262555,128.0389009,-0.007869614,-0.002589038,198.2107776
42000-44,강원특별자치도(도로관리사업소 원주본소),위임국도,강원특별자치도 횡성군,국도19호선,2,37.516731,128.031715,37.532054,128.056121,-0.024406,-0.015323,212.1221399
48240-6,경상남도(사천시),지방도,경상남도 사천시,지방도1003호선,0.9,34.95511351,128.0327256,34.96002115,128.0377294,-0.005003756,-0.004907639,224.4443845
43130-1,충청북도(충주시),농어촌도로,충청북도 충주시,군도 19호선,2,37.1133039,128.0337245,37.10557602,128.0312666,0.002457969,0.007727883,72.3559538
47250-6,경상북도(상주시),농어촌도로,경상북도 상주시,농도 303호선,0.4,36.37507224,128.0369765,36.3752208,128.0412185,-0.004242021,-0.000148564,182.0057883
70100-63,한국도로공사(한국도로공사),고속국도,경상북도 상주시,30호선,2,36.4282136,128.0369841,36.41649006,128.0526618,-0.015677682,0.011723537,143.2114076
48240-4,경상남도(사천시),일반국도,경상남도 사천시,국도3호선,0.6,34.94956285,128.0389969,34.95769372,128.0391109,-0.000113994,-0.008130871,269.1967746
60500-38,국토관리청(부산청),일반국도,경상북도 문경시,3호선,7,36.752027,128.040608,36.722975,128.103503,-0.062895,0.029052,155.2071846
48000-193,경상남도(도로관리사업소 진주지소),지방도,경상남도 사천시,국지58호선,2.7,34.99896258,128.0408071,35.00553717,128.0171241,0.023683003,-0.006574581,344.4849425
48000-35,경상남도(도로관리사업소 진주지소),지방도,경상남도 사천시,지방도1002호선,0.2,35.09435741,128.0416984,35.09488358,128.0424796,-0.000781277,-0.000526167,213.9591156
42000-62,강원특별자치도(도로관리사업소 원주본소),지방도,강원특별자치도 원주시,지방도597호선,0.4,37.209687,128.042012,37.209442,128.047012,-0.005,0.000245,177.1947505
42000-74,강원특별자치도(도로관리사업소 원주본소),지방도,강원특별자치도 횡성군,지방도442호선,0.6,37.479784,128.043628,37.474787,128.046742,-0.003114,0.004997,121.9300836
43150-14,충청북도(제천시),군도,충청북도 제천시,군도 25호,2.2,37.14561983,128.0445503,37.14010627,128.068858,-0.024307702,0.005513556,167.2202153
48840-12,경상남도(남해군),군도,경상남도 남해군,군도15호선,0.22,34.86664973,128.0446422,34.86598176,128.0470754,-0.002433274,0.000667976,164.6494565
47150-4,경상북도(김천시),군도,경상북도 김천시,군도 3호선,1,36.14284925,128.0466324,36.14662463,128.0398545,0.006777914,-0.003775388,330.8816146
42730-6,강원특별자치도(횡성군),군도,강원특별자치도 횡성군,10호선,1.2,37.46231142,128.0475567,37.46162874,128.0480592,-0.000502505,0.000682677,126.3560589
43130-1,충청북도(충주시),농어촌도로,충청북도 충주시,군도 19호선,2,37.10092878,128.0487227,37.08139997,128.0615531,-0.012830395,0.019528812,123.3048439
42000-17,강원특별자치도(도로관리사업소 원주본소),지방도,강원특별자치도 홍천군,지방도406호선,1.6,37.664915,128.050605,37.661085,128.06186,-0.011255,0.00383,161.2069096
48000-168,경상남도(도로관리사업소),지방도,경상남도 합천군,지방도1089호선,1.2,35.44253192,128.0512288,35.45214245,128.0459439,0.005284946,-0.009610536,298.80691
43000-1,충청북도(본청),지방도,충청북도 충주시,508호선,2,36.83614624,128.0525303,36.82807738,128.0705002,-0.017969851,0.008068861,155.8188643
48890-9,경상남도(합천군),일반국도,경상남도 합천군,24호선,0.5,35.63494867,128.0548662,35.63527552,128.0492261,0.00564012,-0.00032685,356.6833724
48000-38,경상남도(도로관리사업소 진주지소),지방도,경상남도 사천시,지방도1049호선,0.3,35.10705038,128.0577055,35.10604275,128.0582629,-0.000557463,0.001007633,118.9531027
60200-49,국토관리청(원주청),일반국도,강원특별자치도 횡성군,19호선,3,37.534252,128.059675,37.520848,128.034231,0.025444,0.013404,27.78043911
48000-116,경상남도(도로관리사업소),지방도,경상남도 합천군,지방도1034호선,1.8,35.634721,128.059996,35.622292,128.050069,0.009927,0.012429,51.38575699
47150-3,경상북도(김천시),군도,경상북도 김천시,군도 1호선(지례-조마),2,35.983882,128.0602281,35.98039623,128.0698339,-0.009605831,0.003485763,160.0551824
42800-6,강원특별자치도(양구군),군도,강원특별자치도 양구군,군도11호선,5,38.145923,128.061398,38.154184,128.054931,0.006467,-0.008261,308.0550832
48890-7,경상남도(합천군),지방도,경상남도 합천군,1026호선,2.3,35.51967798,128.0616397,35.5147876,128.0726952,-0.0110555,0.00489038,156.137886
70100-67,한국도로공사(한국도로공사),고속국도,경상북도 문경시,45호선,0.6,36.74713043,128.0617772,36.7474604,128.0550894,0.006687741,-0.000329965,357.1753865
43130-1,충청북도(충주시),군도,충청북도 충주시,군도 37호선,1.3,36.90175674,128.0631783,36.89606698,128.0517128,0.011465543,0.005689761,26.39284782
48860-5,경상남도(산청군),군도,경상남도 산청군,상능~간공,0.5,35.374413,128.064164,35.386487,128.043699,0.020465,-0.012074,329.460122
42730-2,강원특별자치도(횡성군),군도,강원특별자치도 횡성군,군도14호선,1.6,37.33479498,128.0650151,37.33350823,128.0662932,-0.001278045,0.001286757,134.805392
60200-51,국토관리청(원주청),일반국도,강원특별자치도 양구군,31호선,3,38.134303,128.066928,38.146932,128.095581,-0.028653,-0.012629,203.785805
42730-5,강원특별자치도(횡성군),군도,강원특별자치도 횡성군,군도4호선,0.6,37.5662397,128.0677582,37.56627211,128.0667536,0.001004589,-3.24081E-05,358.1522729
70100-56,한국도로공사(한국도로공사),고속국도,강원특별자치도 원주시,55호선,6,37.23649978,128.0706601,37.26642139,128.0187361,0.051924006,-0.029921609,330.0469713
43000-1,충청북도(본청),지방도,충청북도 충주시,508호선,1.7,36.82805498,128.0706873,36.8238399,128.0873451,-0.016657866,0.004215075,165.8000408
48170-1,경상남도(진주시),지방도,경상남도 진주시,지방도1007호선,1,35.20552603,128.0726618,35.21492699,128.065416,0.007245734,-0.009400958,307.623031
48890-17,경상남도(합천군),일반국도,경상남도 합천군,국도 24호선,1.2,35.64252658,128.0754451,35.63654667,128.0670849,0.008360287,0.005979907,35.57520608
43000-1,충청북도(본청),지방도,충청북도 제천시,508호선,2,36.88495697,128.0788753,36.87009337,128.0870298,-0.008154458,0.014863599,118.7500233
47280-6,경상북도(문경시),시도,경상북도 문경시,이화령로,5.4,36.74297084,128.0789616,36.75167461,128.0328291,0.046132517,-0.008703775,349.3156559
60200-11,국토관리청(원주청),일반국도,강원특별자치도 인제군,44호선,10,37.974908,128.082161,38.038157,128.149923,-0.067762,-0.063249,223.0270844
43150-1,충청북도(제천시),군도,충청북도 제천시,25호선,2,37.13553885,128.0829494,37.14554882,128.0623924,0.020556994,-0.010009962,334.0368336
43000-1,충청북도(본청),지방도,충청북도 제천시,508호선,2,36.86370649,128.0876662,36.83485325,128.0966501,-0.008983903,0.02885324,107.2947861
43000-1,충청북도(본청),지방도,충청북도 제천시,508호선,2,36.86867898,128.0877257,36.85625153,128.085955,0.00177067,0.012427452,81.89104446
48170-3,경상남도(진주시),시도,경상남도 진주시,시도,3,35.19424482,128.0890627,35.19803597,128.1102416,-0.021178929,-0.00379115,190.1487845
48000-190,경상남도(도로관리사업소 진주지소),지방도,경상남도 진주시,지방도1007호선,2.9,35.31626096,128.0897545,35.30278131,128.1135397,-0.023785138,0.013479651,150.4586547
48000-210,경상남도(도로관리사업소 진주지소),지방도,경상남도 진주시,1007,3,35.3173425,128.0903712,35.29858589,128.0816383,0.008732934,0.018756611,65.03367453
48000-118,경상남도(도로관리사업소),지방도,경상남도 합천군,지방도1034호선,1.8,35.600242,128.093012,35.598059,128.076226,0.016786,0.002183,7.409664508
60200-9,국토관리청(원주청),일반국도,강원특별자치도 횡성군,42호선,1,37.441986,128.093439,37.435959,128.101782,-0.008343,0.006027,144.1555776
42000-50,강원특별자치도(도로관리사업소 원주본소),지방도,강원특별자치도 홍천군,지방도408호선,1.2,37.888102,128.096255,37.893143,128.0873,0.008955,-0.005041,330.6237198
48890-13,경상남도(합천군),농어촌도로,경상남도 합천군,면도 101호선,3.6,35.79183441,128.0966402,35.77840034,128.1233308,-0.026690597,0.013434072,153.2826982
60500-20,국토관리청(부산청),일반국도,경상남도 진주시,33호선,2,35.244022,128.096747,35.234189,128.084521,0.012226,0.009833,38.8086622
42730-1,강원특별자치도(횡성군),군도,강원특별자치도 횡성군,군도14호선,1.2,37.3365418,128.0969597,37.34165378,128.1000119,-0.003052208,-0.005111979,239.1598546
48890-19,경상남도(합천군),위임국도,경상남도 합천군,위임국도 59호선,3.3,35.71938405,128.0970943,35.69980872,128.0765764,0.020517922,0.019575332,43.65322775
48170-2,경상남도(진주시),일반국도,경상남도 진주시,시도,2,35.17026071,128.0971093,35.16516686,128.1057259,-0.008616576,0.005093853,149.4097336
42000-49,강원특별자치도(도로관리사업소 원주본소),지방도,강원특별자치도 홍천군,지방도408호선,2,37.834457,128.098562,37.850996,128.102857,-0.004295,-0.016539,255.442464
48240-2,경상남도(사천시),지방도,경상남도 사천시,시도3호선,0.2,35.10386334,128.0990314,35.10443574,128.1007508,-0.001719361,-0.000572398,198.413278
70100-19,한국도로공사(한국도로공사),고속국도,강원특별자치도 횡성군,50호선,4,37.44877377,128.1002489,37.4711351,128.1197017,-0.019452757,-0.02236133,228.9790647
48000-32,경상남도(도로관리사업소 진주지소),지방도,경상남도 사천시,지방도1001호선,0.4,35.04331408,128.1015771,35.03628766,128.1156981,-0.014120993,0.00702642,153.5456668
48240-5,경상남도(사천시),일반국도,경상남도 사천시,국도77호선,1.3,34.93073507,128.1019176,34.92913271,128.1145396,-0.012622066,0.001602357,172.7650647
43150-13,충청북도(제천시),군도,충청북도 제천시,군도 21호,3.7,37.13366351,128.1059057,37.11217154,128.1057347,0.000170978,0.021491969,89.54419741
47250-7,경상북도(상주시),농어촌도로,경상북도 상주시,농도302호선,0.9,36.55946996,128.1063041,36.55275666,128.1033901,0.002913958,0.006713304,66.5363999
42000-61,강원특별자치도(도로관리사업소 원주본소),지방도,강원특별자치도 원주시,국지도88호선,0.9,37.251391,128.110428,37.252501,128.119976,-0.009548,-0.00111,186.6311377
70100-64,한국도로공사(한국도로공사),고속국도,경상북도 상주시,30호선,3,36.3806125,128.1150718,36.36763445,128.142789,-0.02771719,0.012978055,154.9095371
43150-1,충청북도(제천시),군도,충청북도 제천시,21호선,3,37.07571391,128.1167478,37.07069647,128.1171044,-0.000356604,0.005017442,94.06534217
48890-18,경상남도(합천군),일반국도,경상남도 합천군,국도 24호선,0.7,35.65709545,128.1175809,35.65267459,128.1220592,-0.004478328,0.004420853,135.3700337
51810-3,강원특별자치도(인제군),군도,강원특별자치도 인제군,인제군 남면 관대리 38대교,1.4,38.01954648,128.1221751,38.02005929,128.1306785,-0.008503445,-0.000512812,183.4511194
60500-39,국토관리청(부산청),일반국도,경상북도 문경시,3호선,5,36.666542,128.125402,36.640227,128.149657,-0.024255,0.026315,132.667311
60500-15,국토관리청(부산청),일반국도,경상남도 의령군,20호선,1,35.367003,128.125971,35.36265,128.135486,-0.009515,0.004353,155.4164655
60200-6,국토관리청(원주청),일반국도,강원특별자치도 횡성군,6호선,4,37.506456,128.126,37.492147,128.151686,-0.025686,0.014309,150.878962
48890-21,경상남도(합천군),농어촌도로,경상남도 합천군,농도 308,0.4,35.48195488,128.1281995,35.47959101,128.123976,0.004223579,0.002363871,29.23506068
48890-20,경상남도(합천군),농어촌도로,경상남도 합천군,리도202호,0.4,35.48023341,128.1288166,35.47959101,128.123976,0.004840614,0.000642398,7.559549689
48000-36,경상남도(도로관리사업소 진주지소),지방도,경상남도 사천시,국지도30호선,0.3,35.08939099,128.1294669,35.08962682,128.1313208,-0.001853808,-0.000235824,187.2497005
70100-55,한국도로공사(한국도로공사),고속국도,충청북도 제천시,55호선,5,37.18803642,128.130216,37.21857896,128.0942091,0.036006856,-0.030542542,319.6939774
43150-3,충청북도(제천시),군도,충청북도 제천시,군도9호선,4.3,37.18771017,128.1316049,37.14988645,128.1243752,0.007229686,0.037823729,79.17891975
48000-191,경상남도(도로관리사업소 진주지소),지방도,경상남도 진주시,지방도1007호선,2.9,35.26897764,128.1323748,35.28851193,128.12836,0.004014808,-0.019534291,281.6140559
47280-7,경상북도(문경시),시도,경상북도 문경시,시도22호선,3.7,36.76389695,128.1334158,36.79042305,128.130597,0.00281883,-0.026526093,276.0658463
48000-37,경상남도(도로관리사업소 진주지소),지방도,경상남도 사천시,지방도1016호선,0.2,34.97106333,128.1336636,34.96945513,128.1339605,-0.000296939,0.001608202,100.4612926
60500-1,국토관리청(부산청),일반국도,경상북도 김천시,3호선,1,36.096364,128.133895,36.094199,128.123332,0.010563,0.002165,11.58296595
42000-70,강원특별자치도(도로관리사업소 원주본소),위임국도,강원특별자치도 홍천군,국도56호선,0.8,37.719596,128.135313,37.718495,128.14345,-0.008137,0.001101,172.29423
47000-1,경상북도(본청),일반국도,경상북도 김천시,59호선(광양-양양),2,35.98024999,128.137075,35.96171631,128.1391235,-0.002048475,0.018533683,96.30713975
48000-177,경상남도(도로관리사업소),지방도,경상남도 합천군,지방도 1034호선,0.8,35.60084237,128.1378779,35.59536132,128.143565,-0.00568707,0.005481048,136.0568384
48720-12,경상남도(의령군),군도,경상남도 의령군,군도4호선,1,35.37950688,128.1391592,35.38190108,128.1262972,0.012862018,-0.002394203,349.4553495
47840-22,경상북도(성주군),지방도,경상북도 성주군,903호선(성주~대황),2.5,35.87666357,128.1392994,35.88221658,128.1531058,-0.013806426,-0.005553007,201.910216
48000-110,경상남도(도로관리사업소),위임국도,경상남도 합천군,국도59호선,1,35.77832485,128.1400698,35.78400877,128.1454538,-0.005384009,-0.005683922,226.5521888
48720-5,경상남도(의령군),군도,경상남도 의령군,군도12호선,1.4,35.356076,128.143842,35.350255,128.140516,0.003326,0.005821,60.25723877
47840-3,경상북도(성주군),고속국도,경상북도 성주군,30호선(부안~대구),1.5,35.9303,128.1445,35.9281,128.1355,0.009,0.0022,13.73626831
48820-4,경상남도(고성군),군도,경상남도 고성군,군도4호선,1.6,34.908203,128.144763,34.916679,128.137591,0.007172,-0.008476,310.2363583
48000-176,경상남도(도로관리사업소),지방도,경상남도 합천군,지방도 1034호선,0.3,35.57467292,128.1472547,35.56942228,128.1514811,-0.004226443,0.005250645,128.8319058
47250-2,경상북도(상주시),일반국도,경상북도 상주시,국도3호선,0.7,36.36330051,128.1492602,36.369388,128.148868,0.000392194,-0.006087486,273.6862544
70100-20,한국도로공사(한국도로공사),고속국도,강원특별자치도 횡성군,50호선,2,37.46816433,128.1492626,37.48143201,128.1641366,-0.014873917,-0.013267673,221.73326
48240-8,경상남도(사천시),시도,경상남도 사천시,시도16호선,3.4,34.99941259,128.1500533,35.02146492,128.1592169,-0.009163661,-0.022052331,247.4350838
47840-5,경상북도(성주군),군도,경상북도 성주군,2호선,3,35.8046,128.1503,35.7976,128.173,-0.0227,0.007,162.8618048
48000-30,경상남도(도로관리사업소 진주지소),지방도,경상남도 진주시,지방도1013호선,0.5,35.25558,128.150721,35.260401,128.159329,-0.008608,-0.004821,209.2514611
60500-69,국토관리청(부산청),일반국도,경상북도 성주군,59호선,1,35.804861,128.151422,35.80076,128.144402,0.00702,0.004101,30.29296133
47250-8,경상북도(상주시),농어촌도로,경상북도 상주시,마을안길,0.3,36.44296217,128.1531853,36.44297669,128.1476998,0.005485436,-1.45211E-05,359.848326
47840-21,경상북도(성주군),고속국도,경상북도 성주군,59호선(광양~양양),6,35.9024,128.1537,35.9402,128.1533,0.0004,-0.0378,270.6062819
60300-9,국토관리청(대전청),일반국도,충청북도 제천시,5호선,5,37.131559,128.153937,37.113249,128.202124,-0.048187,0.01831,159.1943103
48000-124,경상남도(도로관리사업소),지방도,경상남도 합천군,지방도1026호선,0.6,35.55566239,128.1556006,35.55674858,128.1614825,-0.005881932,-0.001086186,190.4626443
43150-7,충청북도(제천시),일반국도,충청북도 제천시,국도5,1,37.13064495,128.1558297,37.12991894,128.1641112,-0.008281508,0.000726011,174.9898854
42000-1,강원특별자치도(도로관리사업소 원주본소),지방도,강원특별자치도 횡성군,국도19호선,1.2,37.656375,128.160855,37.663085,128.164417,-0.003562,-0.00671,242.0384257
60500-40,국토관리청(부산청),일반국도,경상북도 상주시,3호선,2,36.519639,128.164145,36.503893,128.172043,-0.007898,0.015746,116.63778
47840-20,경상북도(성주군),고속국도,경상북도 성주군,59호선(광양~양양),9.2,35.81274066,128.1643802,35.7851,128.1456,0.018780245,0.027640663,55.80614093
48890-22,경상남도(합천군),농어촌도로,경상남도 합천군,리도 208호,0.3,35.42006447,128.1661126,35.41978055,128.1688423,-0.002729694,0.000283921,174.0619046
60500-19,국토관리청(부산청),일반국도,경상남도 합천군,33호선,2,35.50205,128.166998,35.490636,128.152627,0.014371,0.011414,38.45795179
48000-113,경상남도(도로관리사업소),지방도,경상남도 합천군,지방도1084호선,1.9,35.68221234,128.1670913,35.69375758,128.1651849,0.001906429,-0.011545236,279.3764646
48000-140,경상남도(도로관리사업소),지방도,경상남도 고성군,지방도1016호선,1,34.98160691,128.1674303,34.98324334,128.180731,-0.013300726,-0.001636425,187.0140102
48170-8,경상남도(진주시),시도,경상남도 진주시,시도20호선,1.7,35.19780475,128.1679005,35.20061838,128.1846785,-0.016778007,-0.002813636,189.5198003
48170-7,경상남도(진주시),시도,경상남도 진주시,시도6호선,1.5,35.11180696,128.1689176,35.11787676,128.1551162,0.01380139,-0.006069805,336.2602669
48000-29,경상남도(도로관리사업소 진주지소),지방도,경상남도 진주시,지방도1013호선,0.7,35.28107589,128.169052,35.283145,128.179147,-0.010094996,-0.002069107,191.5831268
48000-77,경상남도(도로관리사업소),지방도,경상남도 고성군,지1016호선,3,34.978962,128.169798,34.985931,128.161861,0.007937,-0.006969,318.7155874
70100-54,한국도로공사(한국도로공사),고속국도,충청북도 제천시,55호선,5,37.08378056,128.1698621,37.12122317,128.1495986,0.020263467,-0.037442609,298.4216921
60500-16,국토관리청(부산청),일반국도,경상남도 합천군,24호선,2,35.592662,128.1717,35.57777,128.168214,0.003486,0.014892,76.82511833
42000-2,강원특별자치도(도로관리사업소 원주본소),지방도,강원특별자치도 홍천군,국도19호선,1.5,37.667297,128.17215,37.67081679,128.170798,0.001352043,-0.003519789,291.0130939
70100-161,한국도로공사(한국도로공사),고속국도,경상남도 진주시,35호선,1,35.09195653,128.1725079,35.09560662,128.1624089,0.010098943,-0.00365009,340.1284783
47840-9,경상북도(성주군),군도,경상북도 성주군,10호선(수륜 봉양~가천면 신계),4,35.85424196,128.1731052,35.85657021,128.102695,0.070410209,-0.002328248,358.1060956
43150-12,충청북도(제천시),군도,충청북도 제천시,군도 9호,3.4,37.19465654,128.1748908,37.19023009,128.1397712,0.035119639,0.004426454,7.183638919
42000-20,강원특별자치도(도로관리사업소 원주본소),지방도,강원특별자치도 홍천군,지방도451호선,2,37.818778,128.176246,37.82105,128.162627,0.013619,-0.002272,350.5288091
48720-2,경상남도(의령군),군도,경상남도 의령군,군도4호선,1.4,35.381917,128.177743,35.386467,128.168766,0.008977,-0.00455,333.1217907
42730-3,강원특별자치도(횡성군),농어촌도로,강원특별자치도 횡성군,면도101호선,1.8,37.36547689,128.1782048,37.37707183,128.1735679,0.004636907,-0.011594939,291.7968567
48000-107,경상남도(도로관리사업소),지방도,경상남도 고성군,지방도1010호선,1,34.91201395,128.1793784,34.91217275,128.181186,-0.0018076,-0.0001588,185.0206187
47840-8,경상북도(성주군),군도,경상북도 성주군,10호선(수륜 봉양~가천면 신계),1.5,35.84094854,128.1819545,35.85908929,128.1710732,0.010881266,-0.018140741,300.9563749
43150-1,충청북도(제천시),군도,충청북도 제천시,군도21호선,9,37.00388161,128.18196,36.9646703,128.2303865,-0.04842651,0.039211307,141.0026498
48000-174,경상남도(도로관리사업소),지방도,경상남도 의령군,지방도1013호선,2,35.376552,128.183205,35.38544,128.195351,-0.012146,-0.008888,216.1953054
47840-18,경상북도(성주군),고속국도,경상북도 성주군,33호선(고성~구미),1,35.86800546,128.1838734,35.85393711,128.1916705,-0.007797132,0.01406835,118.9966309
48000-164,경상남도(도로관리사업소),지방도,경상남도 의령군,지방도1013호선,2,35.2921837,128.1844938,35.28549826,128.1809277,0.003566059,0.00668544,61.92423679
48820-3,경상남도(고성군),군도,경상남도 고성군,군도19호선,1,34.97365064,128.1873961,34.95354907,128.1897093,-0.002313204,0.020101566,96.56448243
47830-8,경상북도(고령군),군도,경상북도 고령군,군도2호선,2,35.79821206,128.1891531,35.79716642,128.1721307,0.017022432,0.001045638,3.515094547
47830-5,경상북도(고령군),군도,경상북도 고령군,군도 9호선,1,35.77311147,128.1898125,35.75963726,128.1737914,0.01602119,0.013474203,40.06463614
60500-21,국토관리청(부산청),일반국도,경상남도 고성군,33호선,1,34.998736,128.189836,34.994845,128.199301,-0.009465,0.003891,157.6527547
48720-1,경상남도(의령군),군도,경상남도 의령군,군도1호선,1.3,35.27884291,128.1900278,35.28548206,128.1813572,0.008670589,-0.006639152,322.5583777
48000-51,경상남도(도로관리사업소),지방도,경상남도 의령군,지방도1013호선,0.5,35.32034021,128.1905438,35.32361703,128.1917657,-0.001221825,-0.00327682,249.5510704
42000-59,강원특별자치도(도로관리사업소 원주본소),지방도,강원특별자치도 영월군,지방도411호선,1.8,37.307072,128.191196,37.296619,128.193811,-0.002615,0.010453,104.0452711
47840-2,경상북도(성주군),고속국도,경상북도 성주군,30호선(부안~대구),1,35.9332,128.1931,35.9436,128.2104,-0.0173,-0.0104,211.012436
48000-52,경상남도(도로관리사업소),지방도,경상남도 의령군,지방도1013호선,0.9,35.32491614,128.1934029,35.33089094,128.1991352,-0.005732331,-0.005974802,226.1865079
48000-56,경상남도(도로관리사업소),지방도,경상남도 합천군,지방도1041호선,2.1,35.44617893,128.1949017,35.44328827,128.203392,-0.008490278,0.002890661,161.197975
47840-19,경상북도(성주군),고속국도,경상북도 성주군,33호선(고성~구미),6,35.8242,128.1952,35.7936,128.2546,-0.0594,0.0306,152.7446716
70100-53,한국도로공사(한국도로공사),고속국도,충청북도 제천시,55호선,2,37.05599334,128.1965757,37.07133696,128.1856656,0.010910085,-0.015343615,305.4147485
48890-8,경상남도(합천군),일반국도,경상남도 합천군,24,1.4,35.56754864,128.196873,35.57308134,128.2105925,-0.0137195,-0.0055327,201.9628757
48890-16,경상남도(합천군),일반국도,경상남도 합천군,국도 24호선,1.2,35.51380372,128.1987253,35.50897092,128.2072031,-0.008477831,0.004832805,150.3146116
47840-4,경상북도(성주군),군도,경상북도 성주군,9호선,2,36.00141202,128.1987648,36.00957072,128.192108,0.006656788,-0.008158702,309.2114418
48000-211,경상남도(도로관리사업소 진주지소),지방도,경상남도 진주시,1007호,1,35.159398,128.200084,35.15405307,128.2032451,-0.00316115,0.005344934,120.6013106
43150-2,충청북도(제천시),군도,충청북도 제천시,군도1호선,4.2,37.23940094,128.2003879,37.22398066,128.2237313,-0.023343353,0.015420279,146.5518297
43150-16,충청북도(제천시),시도,충청북도 제천시,청전대로,0.1,37.14433625,128.2012129,37.14394865,128.2005723,0.000640574,0.000387604,31.1776252
42000-19,강원특별자치도(도로관리사업소 원주본소),지방도,강원특별자치도 인제군,지방도451호선,2,37.820534,128.20383,37.818778,128.176246,0.027584,0.001756,3.642539354
43150-17,충청북도(제천시),시도,충청북도 제천시,의병대로,0.3,37.13798537,128.2050929,37.13909979,128.2015494,0.003543452,-0.001114428,342.5414508
43150-8,충청북도(제천시),일반국도,충청북도 제천시,국도 5,0.5,37.11166262,128.207822,37.11292212,128.2025849,0.005237081,-0.001259491,346.4774567
43150-11,충청북도(제천시),군도,충청북도 제천시,1호,2.4,37.23147433,128.2091011,37.23021014,128.199999,0.009102132,0.001264188,7.907182701
48000-172,경상남도(도로관리사업소),지방도,경상남도 의령군,지방도1041호선,2.4,35.44709818,128.2098391,35.43793947,128.2250252,-0.015186099,0.00915871,148.9058953
42000-18,강원특별자치도(도로관리사업소 원주본소),지방도,강원특별자치도 인제군,지방도444호선,1.9,37.819908,128.216104,37.799674,128.2135375,0.0025665,0.020234,82.77115077
48170-6,경상남도(진주시),시도,경상남도 진주시,시도26호선,1.4,35.19240796,128.2170383,35.19664522,128.2038959,0.01314237,-0.004237261,342.130043
43150-1,충청북도(제천시),군도,충청북도 제천시,16호선,3,37.07646428,128.2181692,37.07243868,128.2223185,-0.004149218,0.004025599,135.8663575
47840-24,경상북도(성주군),지방도,경상북도 성주군,913호선(성주~선산),1,35.8873,128.2197,35.88240731,128.211016,0.008684002,0.004892695,29.39754972
47830-7,경상북도(고령군),군도,경상북도 고령군,군도1호선,3,35.65479423,128.2208222,35.64154509,128.2121939,0.008628217,0.013249144,56.92668695
48170-10,경상남도(진주시),지방도,경상남도 진주시,지방도1007호선,2.2,35.17891764,128.2231129,35.17039394,128.2047743,0.01833861,0.008523695,24.92877084
48000-122,경상남도(도로관리사업소),지방도,경상남도 합천군,지방도 1034호선,0.8,35.61391292,128.2233163,35.61756792,128.2343893,-0.011072963,-0.003655004,198.2672116
48720-4,경상남도(의령군),군도,경상남도 의령군,군도7호선,4.1,35.434419,128.225875,35.421185,128.199561,0.026314,0.013234,26.6990212
42000-73,강원특별자치도(도로관리사업소 원주본소),지방도,강원특별자치도 횡성군,지방도420호선,1.3,37.510924,128.227426,37.50201,128.234159,-0.006733,0.008914,127.0647979
48000-167,경상남도(도로관리사업소),지방도,경상남도 의령군,지방도1013호선,2.1,35.38151022,128.2305061,35.380928,128.213359,0.017147067,0.000582215,1.944685974
48820-1,경상남도(고성군),군도,경상남도 고성군,군도3호선,1,34.9668742,128.232984,34.97503728,128.2338047,-0.00082071,-0.008163082,264.2588178
51730-1,강원특별자치도(횡성군),농어촌도로,강원특별자치도 횡성군,면도104호선,1.2,37.54752721,128.2330423,37.5330757,128.2336192,-0.00057698,0.014451509,92.28633391
48820-2,경상남도(고성군),군도,경상남도 고성군,군도17호선,1,35.01197431,128.2338362,35.01364441,128.2455947,-0.011758544,-0.001670106,188.0838436
47840-26,경상북도(성주군),군도,경상북도 성주군,6호선(송계~대봉),5,35.87716598,128.234848,35.87215002,128.2446042,-0.009756241,0.005015959,152.7910248
47840-10,경상북도(성주군),군도,경상북도 성주군,11호선(수륜 남은~용암 죽전),8,35.87726976,128.2353874,35.8602,128.2251,0.010287432,0.017069755,58.92388583
42000-72,강원특별자치도(도로관리사업소 원주본소),지방도,강원특별자치도 횡성군,지방도420호선,0.9,37.500129,128.236897,37.494918,128.241832,-0.004935,0.005211,133.4417764
48000-109,경상남도(도로관리사업소),지방도,경상남도 고성군,지방도1016호선,0.5,34.998265,128.237505,35.000606,128.234517,0.002988,-0.002341,321.922465
48890-15,경상남도(합천군),일반국도,경상남도 합천군,국도 24호,1.9,35.57798052,128.2393544,35.56304345,128.2523135,-0.012959093,0.014937074,130.9442238
43000-1,충청북도(본청),국지도,충청북도 제천시,82호선,1.9,37.21240438,128.2403442,37.22714601,128.2409132,-0.000569051,-0.01474163,267.7893862
43000-1,충청북도(본청),국지도,충청북도 제천시,82호선,2,37.19285707,128.2406157,37.21121614,128.2418868,-0.001271145,-0.018359067,266.0392758
70100-21,한국도로공사(한국도로공사),고속국도,강원특별자치도 횡성군,50호선,2,37.50912776,128.2433871,37.52050209,128.260071,-0.016683936,-0.01137433,214.2843429
48000-126,경상남도(도로관리사업소),지방도,경상남도 의령군,지방도1037호선,2.8,35.35965401,128.2442542,35.37300715,128.2387068,0.005547369,-0.01335314,292.5597333
60300-15,국토관리청(대전청),일반국도,충청북도 단양군,36호선,10.62,36.930249,128.244495,36.822343,128.599038,-0.354543,0.107906,163.072249
47840-25,경상북도(성주군),지방도,경상북도 성주군,913호선(성주~선산),2.5,35.9988,128.2448,36.0463,128.2103,0.0345,-0.0475,305.9914963
60500-17,국토관리청(부산청),일반국도,경상남도 합천군,24호선,1,35.574357,128.245322,35.566571,128.24983,-0.004508,0.007786,120.0703233
47280-3,경상북도(문경시),시도,경상북도 문경시,달곡로,2.8,36.678723,128.246458,36.69578231,128.2575081,-0.011050117,-0.017059315,237.0669785
70100-52,한국도로공사(한국도로공사),고속국도,충청북도 단양군,55호선,2,37.04026851,128.2479094,37.04844547,128.2281546,0.019754852,-0.008176963,337.5142723
43000-1,충청북도(본청),지방도,충청북도 단양군,532호선,2,37.01636622,128.2490162,37.01236267,128.227387,0.021629176,0.004003549,10.4867288
48890-12,경상남도(합천군),농어촌도로,경상남도 합천군,101호선,4.5,35.51056018,128.2491465,35.50042015,128.2377311,0.011415376,0.010140031,41.61399083
48000-128,경상남도(도로관리사업소),지방도,경상남도 의령군,지방도1011호선,2.5,35.43817532,128.2506751,35.428731,128.275784,-0.025108944,0.009444316,159.3870356
48000-50,경상남도(도로관리사업소),지방도,경상남도 의령군,지방도1011호선,2.6,35.46271928,128.2518405,35.4727211,128.2581547,-0.00631417,-0.01000182,237.7356957
42000-28,강원특별자치도(도로관리사업소 강릉지소),지방도,강원특별자치도 인제군,지방도446호선,1.26,37.8813797,128.2525886,37.88595869,128.2456123,0.006976285,-0.004578998,326.7204596
60200-45,국토관리청(원주청),일반국도,강원특별자치도 횡성군,42호선,4,37.424524,128.253544,37.433547,128.29444,-0.040896,-0.009023,192.4419982
48000-104,경상남도(도로관리사업소),지방도,경상남도 고성군,국지도30호선,0.3,35.11741151,128.2536093,35.11679182,128.2520414,0.00156788,0.000619687,21.56586319
42000-79,강원특별자치도(도로관리사업소 강릉지소),지방도,강원특별자치도 인제군,지방도446호선,1.1,37.88142834,128.2538986,37.88670043,128.2444119,0.009486679,-0.005272089,330.9374936
42000-23,강원특별자치도(도로관리사업소 원주본소),지방도,강원특별자치도 평창군,지방도420호선,1.6,37.474149,128.255092,37.477098,128.247038,0.008054,-0.002949,339.8896205
48000-53,경상남도(도로관리사업소),지방도,경상남도 의령군,지방도1037호선,1.4,35.27899,128.25689,35.271414,128.264737,-0.007847,0.007576,136.0066497
48000-114,경상남도(도로관리사업소),지방도,경상남도 합천군,지방도907호선,1.7,35.641655,128.257048,35.634676,128.25388,0.003168,0.006979,65.5851234
47280-4,경상북도(문경시),시도,경상북도 문경시,종곡길,2.8,36.69585649,128.2573768,36.716139,128.272347,-0.014970231,-0.020282513,233.5694982
51000-1,강원특별자치도(도로관리사업소 원주본소),농어촌도로,강원특별자치도 영월군,102호,2,37.28375647,128.2574194,37.27614954,128.2598721,-0.002452736,0.007606936,107.8710926
60200-31,국토관리청(원주청),일반국도,강원특별자치도 인제군,46호선,4,38.164756,128.260627,38.18203,128.286117,-0.02549,-0.017274,214.1246108
43000-1,충청북도(본청),지방도,충청북도 단양군,532호선,2,37.01610696,128.2640441,37.01652797,128.249286,0.014758155,-0.000421016,358.3659288
47840-16,경상북도(성주군),군도,경상북도 성주군,20호선(남은~용암 상신),3,35.83838763,128.2643425,35.8075,128.2693,-0.004957548,0.030887627,99.11835972
70100-145,한국도로공사(한국도로공사),고속국도,경상북도 성주군,45호선,1,36.02121371,128.2666229,36.02994278,128.2693798,-0.002756845,-0.008729072,252.4726653
60200-8,국토관리청(원주청),일반국도,강원특별자치도 인제군,31호선,9,37.891608,128.267424,37.83051,128.259405,0.008019,0.061098,82.52277341
48000-115,경상남도(도로관리사업소),지방도,경상남도 합천군,지방도907호선,1.6,35.60568542,128.2680219,35.59622277,128.2704738,-0.002451947,0.009462646,104.526899
47280-5,경상북도(문경시),시도,경상북도 문경시,거산소야길,2.7,36.72628344,128.2713515,36.72249963,128.2433965,0.027955051,0.00378381,7.708330052
48000-45,경상남도(도로관리사업소),지방도,경상남도 의령군,국지도60호선,1,35.46822407,128.2726307,35.46759294,128.2891841,-0.016553486,0.000631137,177.8165334
48720-6,경상남도(의령군),군도,경상남도 의령군,군도13호선,0.3,35.388136,128.27316,35.389706,128.270903,0.002257,-0.00157,325.1769984
47840-23,경상북도(성주군),지방도,경상북도 성주군,905호선(성산~남면),2,35.96152502,128.2738236,36.0222766,128.2694243,0.004399288,-0.06075158,274.1418085
48000-117,경상남도(도로관리사업소),지방도,경상남도 합천군,지방도1034호선,1.7,35.62945705,128.2754406,35.638521,128.292264,-0.016823432,-0.009063948,208.3144217
48730-1,경상남도(함안군),군도,경상남도 함안군,2호선,1.8,35.25800981,128.2757205,35.26698252,128.2808033,-0.0050828,-0.008972705,240.4695936
70100-146,한국도로공사(한국도로공사),고속국도,경상북도 김천시,45호선,1,36.11397656,128.2767983,36.12284124,128.2784353,-0.001637012,-0.008864686,259.5372496
48720-7,경상남도(의령군),군도,경상남도 의령군,군도13호선,1.8,35.39549,128.277058,35.409665,128.280127,-0.003069,-0.014175,257.7835644
43150-9,충청북도(제천시),일반국도,충청북도 제천시,국도 38,0.9,37.18656769,128.2775639,37.18508129,128.2871846,-0.009620664,0.001486399,171.2172073
48000-136,경상남도(도로관리사업소),지방도,경상남도 고성군,지방도1009호선,1,35.04165047,128.281853,35.0285768,128.2986964,-0.016843427,0.013073669,142.1818082
47830-2,경상북도(고령군),군도,경상북도 고령군,군도 3호선,0.8,35.65799,128.2818969,35.65077666,128.2842398,-0.002342935,0.007213343,107.994091
48000-47,경상남도(도로관리사업소),지방도,경상남도 의령군,지방도907호선,1.7,35.4998132,128.2862667,35.49833891,128.2723387,0.013928038,0.001474289,6.042283393
48720-19,경상남도(의령군),농어촌도로,경상남도 의령군,면도102호선,1.5,35.350328,128.286614,35.350631,128.271206,0.015408,-0.000303,358.8734175
43800-3,충청북도(단양군),군도,충청북도 단양군,군도5호선,1.5,36.97447217,128.2868627,36.98162775,128.2879105,-0.001047843,-0.007155574,261.6689707
43800-4,충청북도(단양군),군도,충청북도 단양군,군도5호선,1.1,36.981796,128.287559,36.987623,128.290557,-0.002998,-0.005827,242.7741136
51000-1,강원특별자치도(도로관리사업소 원주본소),군도,강원특별자치도 영월군,3호,1,37.23326518,128.2882523,37.22582229,128.2915389,-0.003286603,0.007442899,113.8250849
70100-137,한국도로공사(한국도로공사),고속국도,경상북도 고령군,12호선,1.3,35.71278727,128.2902513,35.72262356,128.2970969,-0.006845545,-0.009836295,235.1641093
60200-55,국토관리청(원주청),일반국도,강원특별자치도 홍천군,56호선,3.6,37.727537,128.290966,37.75688,128.386119,-0.095153,-0.029343,197.138561
48890-11,경상남도(합천군),군도,경상남도 합천군,5호선,2.3,35.61714675,128.2915654,35.63176446,128.2878322,0.003733249,-0.014617714,284.3266464
70100-51,한국도로공사(한국도로공사),고속국도,충청북도 단양군,55호선,1,36.99614571,128.2918918,37.00485428,128.2941624,-0.002270596,-0.008708573,255.3865531
43150-10,충청북도(제천시),일반국도,충청북도 제천시,국도 38,0.2,37.18292567,128.2924788,37.18250423,128.2932028,-0.000723959,0.000421443,149.7947536
47840-14,경상북도(성주군),군도,경상북도 성주군,16호선(초전 동포~월항 지방),0.5,35.99492111,128.293504,35.99155254,128.294439,-0.00093498,0.003368577,105.5124948
48000-165,경상남도(도로관리사업소),지방도,경상남도 의령군,지방도1040호선,1.5,35.314292,128.293574,35.30910278,128.2901622,0.003411723,0.005189222,56.67654482
48000-57,경상남도(도로관리사업소),지방도,경상남도 의령군,지방도1041호선,1,35.41169327,128.2943257,35.41389234,128.3052561,-0.010930396,-0.002199072,191.3754072
42000-60,강원특별자치도(도로관리사업소 원주본소),지방도,강원특별자치도 영월군,국지도82호선,1.8,37.278367,128.295217,37.279584,128.276824,0.018393,-0.001217,356.2144581
48000-139,경상남도(도로관리사업소),지방도,경상남도 고성군,지방도1010호선,1,34.93019446,128.2955185,34.93165945,128.2993298,-0.00381134,-0.001464993,201.0256383
48000-74,경상남도(도로관리사업소),지방도,경상남도 고성군,지1007호선,1,35.060486,128.29555,35.072302,128.284705,0.010845,-0.011816,312.546437
47840-7,경상북도(성주군),군도,경상북도 성주군,5호선(월항 장산~칠곡군),1.5,35.9909,128.2967,35.9944,128.3131,-0.0164,-0.0035,192.0470305
48720-11,경상남도(의령군),군도,경상남도 의령군,군도13호선,0.6,35.34409476,128.2969492,35.34341243,128.3027737,-0.005824486,0.00068233,173.318336
60200-64,국토관리청(원주청),일반국도,강원특별자치도 영월군,38,9,37.179997,128.298175,37.188382,128.383045,,,
70100-50,한국도로공사(한국도로공사),고속국도,충청북도 단양군,55호선,2,36.96248978,128.2987739,36.97851848,128.2899903,0.008783595,-0.0160287,298.7223768
48000-76,경상남도(도로관리사업소),지방도,경상남도 고성군,지1010호선,1.6,34.935354,128.299613,34.928829,128.290868,0.008745,0.006525,36.72811569
48000-75,경상남도(도로관리사업소),지방도,경상남도 고성군,지1009호선,1,35.024871,128.301983,35.049458,128.270841,0.031142,-0.024587,321.7084648
48000-138,경상남도(도로관리사업소),지방도,경상남도 고성군,지방도1009호선,1,35.02491326,128.3020172,35.03577192,128.291834,0.010183127,-0.010858654,313.161203
51810-1,강원특별자치도(인제군),군도,강원특별자치도 인제군,군도5호선(장승고개),3,38.06961394,128.3022258,38.07054144,128.3060893,-0.00386353,-0.000927502,193.4993118
48000-137,경상남도(도로관리사업소),지방도,경상남도 고성군,지방도1010호선,1,34.93739507,128.3026405,34.94190181,128.306196,-0.003555558,-0.004506744,231.7286148
60300-49,국토관리청(대전청),위임국도,충청북도 단양군,59,1,36.920851,128.303474,36.915495,128.306531,-0.002700933,0.005950793,114.4122473
60200-13,국토관리청(원주청),일반국도,강원특별자치도 평창군,6호선,1,37.591346,128.305152,37.599116,128.309007,-0.003855,-0.00777,243.6121974
48000-58,경상남도(도로관리사업소),지방도,경상남도 의령군,지방도1041호선,0.9,35.41636117,128.3055443,35.42159287,128.3077156,-0.002171269,-0.005231699,247.4604802
42000-10,강원특별자치도(도로관리사업소 원주본소),지방도,강원특별자치도 홍천군,국도56호선,1.5,37.746485,128.307337,37.737078,128.29508,0.012257,0.009407,37.50551065
48890-14,경상남도(합천군),일반국도,경상남도 합천군,국도 24호선,0.9,35.55012478,128.3074056,35.55194848,128.2985956,0.008809958,-0.001823701,348.3046985
48720-9,경상남도(의령군),군도,경상남도 의령군,군도19호선,1.4,35.439789,128.309228,35.450992,128.309282,-5.4E-05,-0.011203,269.7238286
48000-103,경상남도(도로관리사업소),지방도,경상남도 고성군,지방도1009호선,0.4,34.995891,128.309523,34.998496,128.307205,0.002318,-0.002605,311.6635593
47840-11,경상북도(성주군),군도,경상북도 성주군,14호선(용암 상언~성주읍 성산),1.5,35.88903832,128.3098644,35.88883778,128.3103568,-0.000492342,0.000200547,157.8372997
48000-49,경상남도(도로관리사업소),지방도,경상남도 의령군,지방도1011호선,2,35.38923,128.310491,35.410638,128.294035,0.016456,-0.021408,307.5489269
48170-9,경상남도(진주시),지방도,경상남도 진주시,국지도30호선,0.4,35.12641718,128.3107761,35.13023379,128.308493,0.002283099,-0.003816612,300.8878751
47840-1,경상북도(성주군),고속국도,경상북도 성주군,30호선(부안~대구),1.5,35.91701937,128.3110359,35.91113715,128.3297631,-0.018727222,0.00588222,162.5624977
60200-29,국토관리청(원주청),일반국도,강원특별자치도 인제군,44호선,12,38.123375,128.31222,38.094988,128.412796,-0.100576,0.028387,164.2385841
48000-31,경상남도(도로관리사업소 진주지소),지방도,경상남도 진주시,지방도1004호선,1,35.215654,128.312416,35.221863,128.317273,-0.004857,-0.006209,231.9656493
48720-8,경상남도(의령군),군도,경상남도 의령군,군도15호선,0.9,35.494432,128.313762,35.49996331,128.3134117,0.000350334,-0.005531313,273.6240696
47840-12,경상북도(성주군),군도,경상북도 성주군,14호선(용암 상언~성주읍 성산),2.5,35.86937192,128.3151714,35.86977365,128.3149214,0.000250099,-0.00040173,301.9044802
70100-22,한국도로공사(한국도로공사),고속국도,강원특별자치도 평창군,50호선,1,37.55079961,128.3166324,37.55604991,128.3257012,-0.009068846,-0.005250304,210.0682018
48730-1,경상남도(함안군),지방도,경상남도 함안군,1004호선,2.5,35.22212404,128.3176414,35.23130048,128.3248235,-0.007182056,-0.009176439,231.9510408
48730-19,경상남도(함안군),지방도,경상남도 진주시,지방도1004호,2.5,35.22205163,128.3177459,35.2319183,128.3253947,-0.007648713,-0.009866673,232.2169103
60500-68,국토관리청(부산청),일반국도,경상북도 문경시,59호선,3,36.810558,128.318764,36.787557,128.319594,-0.00083,0.023001,92.06664369
43800-1,충청북도(단양군),군도,충청북도 단양군,군도1호선,1.6,36.849527,128.320856,36.865443,128.327747,-0.006891,-0.015916,246.5892922
43000-1,충청북도(본청),지방도,충청북도 단양군,522호선,2,37.09235996,128.3212968,37.09896903,128.3034216,0.01787527,-0.006609069,339.7090071
48000-166,경상남도(도로관리사업소),지방도,경상남도 의령군,지방도1041호선,1.5,35.43420476,128.3243304,35.43023566,128.3389017,-0.014571248,0.003969101,164.7627274
43000-1,충청북도(본청),지방도,충청북도 단양군,532호선,2,37.04676914,128.3255492,37.05019104,128.3295468,-0.003997606,-0.003421907,220.5631659
43000-1,충청북도(본청),지방도,충청북도 단양군,532호선,0.6,37.04676046,128.3255598,37.07452132,128.3318517,-0.006291885,-0.027760854,257.2298859
42000-67,강원특별자치도(도로관리사업소 원주본소),지방도,강원특별자치도 평창군,지방도408호선,0.8,37.585097,128.325699,37.580969,128.333216,-0.007517,0.004128,151.2263794
48000-73,경상남도(도로관리사업소),지방도,경상남도 고성군,지1002호선,1,35.102707,128.326752,35.11401,128.313331,0.013421,-0.011303,319.8963318
70100-155,한국도로공사(한국도로공사),고속국도,경상남도 함안군,10호선,1,35.28284456,128.3268247,35.28907413,128.3347686,-0.007943901,-0.006229565,218.103354
48000-108,경상남도(도로관리사업소),지방도,경상남도 고성군,지방도1002호선,2.4,35.10279875,128.3269359,35.11425061,128.3138923,0.0130436,-0.01145186,318.7179111
48730-1,경상남도(함안군),위임국도,경상남도 함안군,79호,1,35.27554373,128.3282731,35.27932827,128.3158863,0.012386764,-0.003784538,343.0104732
43000-1,충청북도(본청),지방도,충청북도 단양군,532호선,2,37.05665132,128.3296279,37.07027553,128.3343337,-0.004705817,-0.013624201,250.9450208
47840-17,경상북도(성주군),군도,경상북도 성주군,21호선(성주읍 예산~월항 유월),1,35.9549,128.3302,35.9588,128.345,-0.0148,-0.0039,194.762617
48730-1,경상남도(함안군),군도,경상남도 함안군,8호선,1,35.31982497,128.3311393,35.31400764,128.3509435,-0.019804213,0.005817334,163.6302594
48000-150,경상남도(도로관리사업소 진주지소),지방도,경상남도 진주시,국지도30호선,0.4,35.20305806,128.3326053,35.20748413,128.3315626,0.001042724,-0.004426073,283.2564037
48720-18,경상남도(의령군),농어촌도로,경상남도 의령군,면도102호선,0.8,35.45761996,128.3334497,35.457425,128.339509,-0.006059255,0.000194964,178.1570723
48000-125,경상남도(도로관리사업소),위임국도,경상남도 통영시,국도77호선,1.25,34.906736,128.334822,34.905692,128.323842,0.01098,0.001044,5.431466832
47840-6,경상북도(성주군),군도,경상북도 성주군,4호선,2,35.9096,128.3366,35.9189,128.3247,0.0119,-0.0093,321.9919253
51750-1,강원특별자치도(영월군),군도,강원특별자치도 영월군,1호,2,37.25508725,128.3370167,37.26016436,128.3445605,-0.007543726,-0.005077104,213.941474
60200-24,국토관리청(원주청),일반국도,강원특별자치도 홍천군,31호선,2,37.74287,128.340878,37.738927,128.346035,-0.005157,0.003943,142.5987675
48000-48,경상남도(도로관리사업소),지방도,경상남도 의령군,지방도1011호선,1.8,35.362244,128.34233,35.353319,128.356527,-0.014197,0.008925,147.8443163
42000-68,강원특별자치도(도로관리사업소 원주본소),지방도,강원특별자치도 평창군,국지도82호선,0.9,37.330779,128.342609,37.325413,128.335807,0.006802,0.005366,38.26940069
47190-1,경상북도(구미시),시도,경상북도 구미시,도시계획도로,0.4,36.12192414,128.3428961,36.12530869,128.3440228,-0.001126669,-0.003384543,251.5880904
48000-131,경상남도(도로관리사업소),지방도,경상남도 통영시,지방도1021호선,2.1,34.82426304,128.3445664,34.83318989,128.3435807,0.000985718,-0.008926854,276.3011672
42810-4,강원특별자치도(인제군),군도,강원특별자치도 인제군,군도5호선(포사고개),2.6,38.00329217,128.3456848,38.00189267,128.347984,-0.00229919,0.001399504,148.6713682
47840-13,경상북도(성주군),군도,경상북도 성주군,15호선(용암 용정~고령),0.6,35.82287822,128.3491997,35.80099956,128.369073,-0.019873241,0.02187865,132.250106
60500-6,국토관리청(부산청),일반국도,경상남도 진주시,2호선,3,35.138714,128.349322,35.1249,128.377152,-0.02783,0.013814,153.6015394
48730-1,경상남도(함안군),군도,경상남도 함안군,3호선,1.8,35.29163766,128.3503524,35.27539226,128.3525542,-0.002201759,0.016245402,97.71833867
42750-10,강원특별자치도(영월군),군도,강원특별자치도 영월군,1호,1,37.26472409,128.3504639,37.25947145,128.3473708,0.003093086,0.005252642,59.50775022
60500-4,국토관리청(부산청),일반국도,경상북도 고령군,26호선,1,35.745792,128.354601,35.748419,128.365147,-0.010546,-0.002627,193.9876563
42810-3,강원특별자치도(인제군),군도,강원특별자치도 인제군,군도5호선(귀둔고개),3,38.02867553,128.3558192,38.01998244,128.3577124,-0.001893271,0.008693088,102.2866079
48220-5,경상남도(통영시),농어촌도로,경상남도 통영시,농어촌도로 102호선,0.6,34.8984,128.357,34.8956,128.352,0.005,0.0028,29.24882634
48220-8,경상남도(통영시),일반국도,경상남도 통영시,국도14호선,1.5,34.910381,128.3571698,34.92186607,128.3599708,-0.002801017,-0.011485068,256.294072
48000-54,경상남도(도로관리사업소),지방도,경상남도 의령군,지방도1041호선,2.7,35.4049801,128.358605,35.42177604,128.3475135,0.011091491,-0.016795944,303.4394638
27710-16,대구광역시(달성군),지방도,대구광역시 달성군,군도1,2,35.68461293,128.3587367,35.6784211,128.3643648,-0.005628101,0.006191827,132.269469
27710-15,대구광역시(달성군),지방도,대구광역시 달성군,군도1,2,35.70106922,128.3598924,35.68464735,128.3586885,0.001203876,0.016421861,85.80718502
60500-12,국토관리청(부산청),일반국도,경상남도 통영시,14호선,1,34.924564,128.36005,34.915986,128.358932,0.001118,0.008578,82.5743031
60200-32,국토관리청(원주청),일반국도,강원특별자치도 고성군,46호선,3,38.260249,128.360252,38.27768,128.354143,0.006109,-0.017431,289.3139083
47840-15,경상북도(성주군),군도,경상북도 성주군,19호선(선남관화~용신),2.5,35.9233828,128.3614514,35.93106394,128.3860368,-0.024585377,-0.007681145,197.3502344
43000-1,충청북도(본청),지방도,충청북도 단양군,927호선,2,36.80743299,128.36257,36.82237926,128.3657983,-0.003228286,-0.014946273,257.8117671
47190-5,경상북도(구미시),지방도,경상북도 구미시,지방도 927호선,0.7,36.19384381,128.3626089,36.19679784,128.3699277,-0.00731879,-0.002954023,201.9800766
48000-127,경상남도(도로관리사업소),지방도,경상남도 의령군,지방도1041호선,2.7,35.40281969,128.3638633,35.38635609,128.3824876,-0.018624263,0.016463604,138.5237404
48730-1,경상남도(함안군),군도,경상남도 함안군,14호선,0.5,35.32501974,128.3658852,35.314514,128.3572271,0.008658059,0.010505743,50.50716679
43000-1,충청북도(본청),지방도,충청북도 단양군,927호선,2,36.82482227,128.3664358,36.84168065,128.3728663,-0.006430542,-0.016858386,249.1209124
60200-33,국토관리청(원주청),일반국도,강원특별자치도 고성군,46호선,1,38.322363,128.36652,38.32542,128.371434,-0.004914,-0.003057,211.8857483
48720-10,경상남도(의령군),농어촌도로,경상남도 의령군,면도106호선,1.9,35.452823,128.366989,35.457329,128.375026,-0.008037,-0.004506,209.2774732
43000-1,충청북도(본청),지방도,충청북도 단양군,927호선,0.3,36.82949959,128.3685968,36.86224787,128.3773829,-0.008786051,-0.032748275,254.981756
43000-1,충청북도(본청),지방도,충청북도 단양군,522호선,2,37.09340246,128.3687648,37.09338726,128.379579,-0.010814215,1.52046E-05,179.9194433
47830-6,경상북도(고령군),군도,경상북도 고령군,군도7호,1,35.80094641,128.3690929,35.80212801,128.3730719,-0.003978998,-0.001181593,196.5391738
42000-58,강원특별자치도(도로관리사업소 원주본소),지방도,강원특별자치도 영월군,지방도519호선,1.4,37.176205,128.370403,37.171469,128.356854,0.013549,0.004736,19.26687411
60500-48,국토관리청(부산청),일반국도,경상북도 예천군,34호선,1,36.619433,128.371639,36.623636,128.381057,-0.009418,-0.004203,204.0499212
48000-111,경상남도(도로관리사업소),지방도,경상남도 의령군,국지도60호선,1.8,35.43712896,128.3727162,35.42892976,128.3766495,-0.003933361,0.008199206,115.6281811
43000-1,충청북도(본청),지방도,충청북도 단양군,927호선,2,36.84181747,128.3729802,36.85420079,128.378961,-0.00598074,-0.012383316,244.2209655
48720-3,경상남도(의령군),군도,경상남도 의령군,군도5호선,1,35.491111,128.373562,35.479317,128.359845,0.013717,0.011794,40.68923951
48000-46,경상남도(도로관리사업소),지방도,경상남도 의령군,국지도60호선,1.8,35.42146706,128.3740215,35.41167011,128.384025,-0.010003475,0.009796944,135.5976109
60300-10,국토관리청(대전청),일반국도,충청북도 단양군,5호선,4,36.918342,128.37447,36.909757,128.410232,-0.035762,0.008585,166.5010552
48730-1,경상남도(함안군),군도,경상남도 함안군,5호선,3,35.26783241,128.3748457,35.26020726,128.3701683,0.004677378,0.007625144,58.47442029
42750-9,강원특별자치도(영월군),농어촌도로,강원특별자치도 영월군,203호,3,37.19670327,128.3755422,37.19859365,128.3678525,0.007689673,-0.001890383,346.1886299
47000-53,경상북도(본청),지방도,경상북도 예천군,지방도927호선,2,36.79846082,128.3777845,36.80194767,128.3687401,0.009044352,-0.003486848,338.9169682
47850-4,경상북도(칠곡군),군도,경상북도 칠곡군,군도8호선 ,7.3,35.98567,128.37864,35.99463,128.3134,0.06524,-0.00896,352.179974
43000-1,충청북도(본청),지방도,충청북도 단양군,927호선,2,36.85613537,128.379117,36.86772688,128.3699449,0.00917204,-0.011591507,308.3535957
43000-1,충청북도(본청),지방도,충청북도 단양군,522호선,2,37.09429153,128.3794498,37.0991076,128.397452,-0.01800222,-0.004816075,194.9774133
70100-23,한국도로공사(한국도로공사),고속국도,강원특별자치도 평창군,50호선,0.31,37.56217426,128.3801666,37.56404123,128.3826135,-0.002446967,-0.001866966,217.3425983
48720-16,경상남도(의령군),군도,경상남도 의령군,군도5호선,1,35.506508,128.38092,35.498991,128.382277,-0.001357,0.007517,100.2330599
51810-2,강원특별자치도(인제군),군도,강원특별자치도 인제군,군도11호(꿩밭고개),5,38.004477,128.3817744,37.99849853,128.3808316,0.000942803,0.005978463,81.03826985
51750-1,강원특별자치도(영월군),농어촌도로,강원특별자치도 영월군,203호,3,37.19186022,128.3818251,37.19645842,128.3593578,0.022467263,-0.004598203,348.4334393
48720-17,경상남도(의령군),군도,경상남도 의령군,군도5호선,1.1,35.49793428,128.3819267,35.49125092,128.3739821,0.007944588,0.006683358,40.07211133
27710-14,대구광역시(달성군),지방도,대구광역시 달성군,군도1,2,35.69867494,128.3822017,35.70100216,128.3600155,0.022186201,-0.002327226,354.0118454
47190-3,경상북도(구미시),시도,경상북도 구미시,도시계획도로,1.2,36.083602,128.3852941,36.08326172,128.3985497,-0.013255583,0.000340279,178.5295065
47830-3,경상북도(고령군),군도,경상북도 고령군,군도 4호선,1.4,35.74601348,128.3854661,35.71685777,128.4124132,-0.026947053,0.029155705,132.7455456
42000-53,강원특별자치도(도로관리사업소 원주본소),지방도,강원특별자치도 평창군,지방도424호선,1.3,37.476471,128.385787,37.482288,128.393901,-0.008114,-0.005817,215.6370812
48740-1,경상남도(창녕군),군도,경상남도 창녕군,군도23호선,4,35.54322303,128.3881722,35.57180231,128.3990553,-0.010883092,-0.028579287,249.1529928
48000-102,경상남도(도로관리사업소),지방도,경상남도 고성군,지방도1009호선,0.4,34.970403,128.388553,34.971481,128.385771,0.002782,-0.001078,338.8190982
42000-48,강원특별자치도(도로관리사업소 원주본소),지방도,강원특별자치도 영월군,국지도88호선,0.8,37.22369,128.390809,37.217966,128.395675,-0.004866,0.005724,130.3680231
42000-54,강원특별자치도(도로관리사업소 원주본소),지방도,강원특별자치도 평창군,지방도424호선,1.3,37.683172,128.392604,37.672061,128.38643,0.006174,0.011111,60.94057999
48720-15,경상남도(의령군),군도,경상남도 의령군,군도5호선,0.7,35.50600852,128.3926669,35.50939815,128.3857141,0.006952859,-0.003389634,334.009996
47190-2,경상북도(구미시),지방도,경상북도 구미시,지방도 514호선,0.8,36.11096638,128.3929882,36.11101116,128.4008316,-0.007843349,-4.478E-05,180.327115
48220-10,경상남도(통영시),지방도,경상남도 통영시,지방도1021호선,0.75,34.84333169,128.3944283,34.83917527,128.400508,-0.00607973,0.004156418,145.6414705
42000-51,강원특별자치도(도로관리사업소 원주본소),지방도,강원특별자치도 평창군,지방도424호선,1.7,37.534719,128.394452,37.522312,128.397109,-0.002657,0.012407,102.0875032
70100-123,한국도로공사(한국도로공사),고속국도,경상북도 칠곡군,1호선,1,36.06972005,128.3949695,36.07004935,128.3839372,0.011032239,-0.000329295,358.2903186
42000-52,강원특별자치도(도로관리사업소 원주본소),지방도,강원특별자치도 평창군,지방도424호선,0.9,37.557312,128.396474,37.564524,128.400027,-0.003553,-0.007212,243.7727851
60200-14,국토관리청(원주청),일반국도,강원특별자치도 평창군,6호선,1,37.587629,128.39743,37.59167,128.407497,-0.010067,-0.004041,201.8710467
48720-14,경상남도(의령군),군도,경상남도 의령군,군도5호선,0.5,35.500787,128.397508,35.503206,128.396169,0.001339,-0.002419,298.9660419
42000-55,강원특별자치도(도로관리사업소 원주본소),지방도,강원특별자치도 홍천군,지방도424호선,1.3,37.701483,128.399991,37.712663,128.402679,-0.002688,-0.01118,256.4810095
70100-172,한국도로공사(한국도로공사),고속국도,강원특별자치도 인제군,서울양양선,1,37.9707071,128.4004059,37.98906715,128.5283313,,,
70100-41,한국도로공사(한국도로공사),고속국도,강원특별자치도 인제군,60호선,0.12,37.9707071,128.4004059,37.97174767,128.4022637,-0.001857847,-0.001040573,209.2530211
48000-130,경상남도(도로관리사업소),지방도,경상남도 통영시,지방도1021호선,1,34.77015825,128.4011828,34.76853831,128.4060206,-0.004837745,0.001619946,161.4865876
42000-77,강원특별자치도(도로관리사업소 강릉지소),지방도,강원특별자치도 인제군,국지도56호선,1,38.2210861,128.4018547,38.2182391,128.4148327,-0.012978064,0.002847,167.6270084
42000-26,강원특별자치도(도로관리사업소 강릉지소),지방도,강원특별자치도 인제군,국지도56호선,1,38.22115354,128.4021963,38.2184614,128.4126617,-0.010465453,0.002692135,165.573997
48730-1,경상남도(함안군),군도,경상남도 함안군,5호선,1.8,35.23709145,128.4032549,35.25285663,128.391659,0.011595882,-0.015765181,306.3358764
47850-3,경상북도(칠곡군),군도,경상북도 칠곡군,군도3호선,10,36.07904,128.40333,36.05435,128.49377,-0.09044,0.02469,164.7304087
48220-6,경상남도(통영시),국지도,경상남도 통영시,국지도67호선,1,34.82747,128.40567,34.827283,128.415539,-0.009869,0.000187,178.9144768
48000-129,경상남도(도로관리사업소),지방도,경상남도 통영시,지방도1021호선,1.5,34.868247,128.4058635,34.872173,128.394309,0.011554494,-0.003926002,341.233195
60200-66,국토관리청(원주청),일반국도,강원특별자치도 영월군,31,11,37.286286,128.406146,37.236566,128.427284,,,
42760-4,강원특별자치도(평창군),군도,강원특별자치도 평창군,군도4호선,0.9,37.50556011,128.4064025,37.50610815,128.4114792,-0.005076704,-0.000548036,186.1612811
48720-13,경상남도(의령군),군도,경상남도 의령군,군도5호선,0.7,35.4989795,128.4064866,35.5006068,128.3997965,0.006690162,-0.001627308,346.3289235
70100-144,한국도로공사(한국도로공사),고속국도,충청북도 단양군,55호선,4,36.9108399,128.4072301,36.91796566,128.3641922,0.043037889,-0.007125755,350.5988614
48000-55,경상남도(도로관리사업소),지방도,경상남도 의령군,지방도1041호선,1,35.36913478,128.4074144,35.37453034,128.3993637,0.008050733,-0.005395557,326.1702231
48730-1,경상남도(함안군),군도,경상남도 함안군,14호선,1.7,35.3354545,128.4074355,35.33367573,128.4013459,0.006089629,0.001778776,16.28304141
60200-67,국토관리청(원주청),일반국도,강원특별자치도 평창군,31,1,37.397041,128.40826,37.391532,128.399333,,,
42820-4,강원특별자치도(고성군),지방도,강원특별자치도 고성군,농어촌202호선,1.3,38.504489,128.413566,38.5100974,128.3972533,0.016312686,-0.005608397,341.0267306
47730-6,경상북도(의성군),군도,경상북도 의성군,군도18호,1,36.33335442,128.4158781,36.33247535,128.4073114,0.008566626,0.000879077,5.858980641
48000-144,경상남도(도로관리사업소),지방도,경상남도 창녕군,지방도1080호선,0.4,35.56643558,128.4166969,35.57093795,128.4087059,0.007990963,-0.004502375,330.6016386
47190-4,경상북도(구미시),위임국도,경상북도 구미시,국도 67호선,1.6,36.11446442,128.4172291,36.12447316,128.410345,0.006884179,-0.010008737,304.5208554
48220-7,경상남도(통영시),시도,경상남도 통영시,시도,1.3,34.84611,128.41745,34.839099,128.412467,0.004983,0.007011,54.59705903
47190-6,경상북도(구미시),위임국도,경상북도 구미시,67호선,1.4,36.1508583,128.4174682,36.16033065,128.4162416,0.00122658,-0.009472351,277.3782059
48220-9,경상남도(통영시),일반국도,경상남도 통영시,국도77호선,1.2,34.91861862,128.4187169,34.92682414,128.4267896,-0.008072684,-0.008205523,225.4675545
48730-1,경상남도(함안군),군도,경상남도 함안군,5호선,0.7,35.23925566,128.4198306,35.23914986,128.4133472,0.006483441,0.000105796,0.934864764
70100-138,한국도로공사(한국도로공사),고속국도,대구광역시 달성군,12호선,0.84,35.76924669,128.4201299,35.76860407,128.4286031,-0.008473244,0.000642621,175.662922
60200-25,국토관리청(원주청),일반국도,강원특별자치도 홍천군,31호선,7,37.718321,128.420729,37.70556,128.453481,-0.032752,0.012761,158.7128651
60500-3,국토관리청(부산청),일반국도,경상북도 구미시,25호선,1,36.164628,128.421287,36.165161,128.432375,-0.011088,-0.000533,182.7520888
48730-1,경상남도(함안군),군도,경상남도 함안군,10호선,3,35.3205792,128.4217797,35.32856612,128.4483319,-0.026552169,-0.007986925,196.7413519
48220-3,경상남도(통영시),일반국도,경상남도 통영시,국도14호선,1.4,34.86540828,128.4232828,34.8587,128.4357,-0.012417187,0.006708283,151.6202289
60200-26,국토관리청(원주청),일반국도,강원특별자치도 평창군,31호선,7,37.597539,128.423378,37.554657,128.439482,-0.016104,0.042882,110.5832754
48220-11,경상남도(통영시),농어촌도로,경상남도 통영시,면도101호선(용남면),2,34.87041402,128.4239876,34.86739509,128.4426421,-0.018654445,0.003018933,170.8072676
48740-3,경상남도(창녕군),일반국도,경상남도 창녕군,국도20호선,1,35.53383225,128.4270437,35.51994537,128.4169269,0.010116818,0.013886884,53.92606224
48820-5,경상남도(고성군),군도,경상남도 고성군,군도14호선,2.9,35.03397743,128.4271494,35.01855331,128.4403277,-0.013178334,0.015424119,130.5105068
48220-2,경상남도(통영시),시도,경상남도 통영시,시도,0.5,34.85213,128.431455,34.854418,128.435665,-0.00421,-0.002288,208.5226618
48000-1,경상남도(도로관리사업소),지방도,경상남도 함안군,1021호선,1.6,35.2087972,128.4326773,35.19520816,128.4271964,0.005480928,0.01358904,68.03408369
48730-1,경상남도(함안군),지방도,경상남도 함안군,1021호,2.2,35.248088,128.4351412,35.2582837,128.4519188,-0.01677763,-0.010195696,211.2868761
42760-3,강원특별자치도(평창군),군도,강원특별자치도 평창군,군도4호선,0.8,37.50510619,128.436418,37.50600794,128.4412664,-0.004848356,-0.000901744,190.5360361
42820-5,강원특별자치도(고성군),군도,강원특별자치도 고성군,군도8호선,6.62,38.214322,128.437941,38.209969,128.485594,-0.047653,0.004353,174.780638
60200-34,국토관리청(원주청),일반국도,강원특별자치도 평창군,31호선,1,37.554657,128.439482,37.547989,128.445973,-0.006491,0.006668,134.2293684
43000-1,충청북도(본청),지방도,충청북도 단양군,595호선,2,37.0691973,128.4432095,37.06117973,128.4229346,0.020274984,0.008017566,21.57588797
48000-142,경상남도(도로관리사업소),지방도,경상남도 창녕군,지방도1021호선,1.5,35.42999954,128.443249,35.4253768,128.4474821,-0.004233093,0.004622737,132.4806931
60200-65,국토관리청(원주청),일반국도,강원특별자치도 평창군,31,1,37.467187,128.444376,37.458611,128.441433,,,
70211-1,민자고속도로(상주영천고속도로),고속국도,대구광역시 군위군,301호선,0.5,36.25767332,128.4445099,36.25625363,128.4594245,-0.014914603,0.001419691,174.5625141
48000-143,경상남도(도로관리사업소),지방도,경상남도 창녕군,지방도1080호선,0.4,35.57077093,128.4455092,35.56392623,128.4513341,-0.005824925,0.006844709,130.3981603
60200-46,국토관리청(원주청),일반국도,강원특별자치도 평창군,42호선,16,37.347185,128.44711,37.361673,128.594776,-0.147666,-0.014488,185.6035442
27710-18,대구광역시(달성군),지방도,대구광역시 달성군,군도14,2,35.89124562,128.4479176,35.89987894,128.4458294,0.002088165,-0.008633315,283.597154
60500-41,국토관리청(부산청),일반국도,경상북도 영주시,5호선,4,36.900682,128.448639,36.899661,128.466401,-0.017762,0.001021,176.7101291
48730-1,경상남도(함안군),군도,경상남도 함안군,12호선,1,35.31895096,128.4519994,35.31642676,128.4664584,-0.014459037,0.002524203,170.0973205
48730-1,경상남도(함안군),지방도,경상남도 함안군,1021호,2.3,35.32012479,128.4523712,35.33388637,128.4506257,0.001745529,-0.013761579,277.2288356
42820-1,강원특별자치도(고성군),군도,강원특별자치도 고성군,군도11호선,2,38.338298,128.45437,38.330392,128.459591,-0.005221,0.007906,123.4401549
48730-1,경상남도(함안군),위임국도,경상남도 함안군,79호선,2.5,35.19212383,128.4575096,35.1882076,128.46086,-0.003350375,0.003916226,130.5473556
48000-149,경상남도(도로관리사업소),위임국도,경상남도 창녕군,국도79호선,0.6,35.45815546,128.4581294,35.45888454,128.453403,0.00472632,-0.000729083,351.230669
47900-1,경상북도(예천군),군도,경상북도 예천군,군도1호선,3,36.828208,128.459525,36.84396132,128.4674888,-0.007963847,-0.015753321,243.1818285
42750-12,강원특별자치도(영월군),농어촌도로,강원특별자치도 영월군,204호,1,37.11869922,128.4601434,37.11725147,128.4582727,0.001870645,0.001447754,37.73747206
27710-17,대구광역시(달성군),지방도,대구광역시 달성군,군도14,2,35.88243627,128.4619812,35.891594,128.4477651,0.014216114,-0.009157729,327.2111977
70100-122,한국도로공사(한국도로공사),고속국도,대구광역시 달성군,1호선,2,35.93941533,128.4624309,35.95610354,128.4550931,0.007337786,-0.016688213,293.735031
48000-1,경상남도(도로관리사업소),지방도,경상남도 함안군,1041호선,1.3,35.32375124,128.4633495,35.34695015,128.4344477,0.028901805,-0.023198908,321.2466754
60200-17,국토관리청(원주청),일반국도,강원특별자치도 고성군,7호선,7,38.404704,128.467196,38.365112,128.50144,-0.034244,0.039592,130.8572558
48000-1,경상남도(도로관리사업소),국지도,경상남도 함안군,30호선,2.5,35.26763682,128.4704534,35.2643549,128.4889226,-0.018469205,0.003281916,169.9239064
43000-1,충청북도(본청),지방도,충청북도 단양군,595호선,2,37.07013346,128.4732171,37.06989927,128.4506474,0.022569687,0.000234196,0.59451224
47210-2,경상북도(영주시),군도,경상북도 영주시,군도2호선,2,36.85563,128.473705,36.844916,128.467328,0.006377,0.010714,59.23878475
27290-4,대구광역시(달서구),지방도,대구광역시 달서구,성서공단 강변로,1,35.85189431,128.4740727,35.83918856,128.4767452,-0.002672474,0.012705753,101.8782008
60500-46,국토관리청(부산청),일반국도,경상북도 예천군,28호선,4,36.674262,128.474078,36.638553,128.47164,0.002438,0.035709,86.09424314
70100-121,한국도로공사(한국도로공사),고속국도,경상북도 칠곡군,1호선,2,35.92108529,128.4847369,35.93370508,128.4706306,0.014106288,-0.012619797,318.1834815
70100-152,한국도로공사(한국도로공사),고속국도,경상남도 함안군,102호선,3,35.27031959,128.4850472,35.26105939,128.5127187,-0.027671523,0.009260202,161.4973188
43000-1,충청북도(본청),지방도,충청북도 단양군,595호선,2,37.07089817,128.4858309,37.06963909,128.4737047,0.012126245,0.001259082,5.9278437
42750-1,강원특별자치도(영월군),지방도,강원특별자치도 영월군,농어촌도로 102호,2,37.21354209,128.4897722,37.21104603,128.5021989,-0.012426704,0.002496058,168.642562
60200-15,국토관리청(원주청),일반국도,강원특별자치도 평창군,6호선,7,37.632427,128.490162,37.650595,128.563361,-0.073199,-0.018168,193.9391427
70100-143,한국도로공사(한국도로공사),고속국도,경상북도 영주시,55호선,3,36.87248746,128.4937975,36.88829215,128.4672247,0.026572758,-0.015804697,329.2570597
43000-1,충청북도(본청),지방도,충청북도 단양군,595호선,2,37.05934518,128.4940005,37.0709842,128.485832,0.008168465,-0.01163902,305.0618414
43000-1,충청북도(본청),지방도,충청북도 단양군,595호선,1.6,37.05909563,128.494008,37.05018729,128.4171733,0.076834628,0.008908345,6.613447303
42760-2,강원특별자치도(평창군),군도,강원특별자치도 평창군,군도6호선,1.4,37.5729314,128.4945495,37.58026557,128.5110251,-0.016475559,-0.007334166,203.9964431
51750-8,강원특별자치도(영월군),농어촌도로,강원특별자치도 영월군,삼옥리 산162-3,1.2,37.21252955,128.4945548,37.21165104,128.5015054,-0.006950597,0.000878503,172.7964444
48000-148,경상남도(도로관리사업소),위임국도,경상남도 창녕군,국도79호선,0.5,35.45885596,128.4953945,35.45981865,128.4861567,0.009237737,-0.000962686,354.0505518
48310-10,경상남도(거제시),일반국도,경상남도 거제시,국도14호선,1,34.88935663,128.4961945,34.89869344,128.50877,-0.012575504,-0.00933681,216.5924123
27710-1,대구광역시(달성군),지방도,대구광역시 달성군,면도102,2,35.79652558,128.4969896,35.78050916,128.5069863,-0.009996719,0.016016419,121.9705318
70211-2,민자고속도로(상주영천고속도로),고속국도,대구광역시 군위군,301호선,0.5,36.23421681,128.4977467,36.23201867,128.5027571,-0.005010366,0.002198137,156.3120872
70100-24,한국도로공사(한국도로공사),고속국도,강원특별자치도 평창군,50호선,0.84,37.63942696,128.4988116,37.64212761,128.5069995,-0.008187865,-0.002700647,198.2543802
27710-13,대구광역시(달성군),지방도,대구광역시 달성군,면도101,1.5,35.69474795,128.5043989,35.70079053,128.491193,0.013205912,-0.00604258,335.4127653
48000-170,경상남도(도로관리사업소),지방도,경상남도 창원시,국지도30호선,2.3,35.262812,128.505829,35.265199,128.481132,0.024697,-0.002387,354.4794293
27710-2,대구광역시(달성군),지방도,대구광역시 달성군,면도102,1.2,35.78050357,128.5069942,35.76047771,128.507911,-0.000916758,0.020025862,92.62109543
60500-80,국토관리청(부산청),일반국도,경상남도 창녕군,20,6,35.583547,128.507768,35.610147,128.538357,,,
48740-5,경상남도(창녕군),일반국도,경상남도 창녕군,국도20호선,3,35.5827082,128.5082591,35.60249127,128.53684,-0.028580963,-0.019783069,214.6900697
60200-68,국토관리청(원주청),위임국도,강원특별자치도 양양군,56,2,37.90992,128.509222,37.910649,128.503104,,,
42000-56,강원특별자치도(도로관리사업소 강릉지소),위임국도,강원특별자치도 홍천군,위임국도56호선,1.2,37.87964095,128.5144888,37.88801254,128.5214098,-0.006920995,-0.008371596,230.4186582
60200-56,국토관리청(원주청),일반국도,강원특별자치도 홍천군,56호선,6,37.866829,128.514619,37.900337,128.530738,-0.016119,-0.033508,244.3101516
48310-11,경상남도(거제시),일반국도,경상남도 거제시,국도14호선,1,34.9128221,128.5179164,34.91279825,128.5422521,-0.024335746,2.38496E-05,179.9438489
27000-9,대구광역시(본청),지방도,대구광역시 달서구,도시고속도로,0.25,35.84802016,128.5222853,35.84839461,128.5253703,-0.003085007,-0.000374451,186.9205756
48730-1,경상남도(함안군),군도,경상남도 함안군,10호선,1,35.34504312,128.5224843,35.34160397,128.5129364,0.009547821,0.003439154,19.80917482
60500-81,국토관리청(부산청),일반국도,경상남도 창녕군,5,1,35.401983,128.523351,35.393635,128.519296,,,
48000-1,경상남도(도로관리사업소),지방도,경상남도 함안군,1040호,1.6,35.35350699,128.5239354,35.36154343,128.5321256,-0.008190138,-0.008036441,224.457316
27230-10,대구광역시(북구),지방도,대구광역시 북구,사수로1,1.9,35.89774706,128.5248621,35.89538807,128.5065275,0.018334684,0.002358995,7.331566189
48730-1,경상남도(함안군),군도,경상남도 함안군,15호선,0.7,35.34709524,128.5250518,35.33858641,128.5278849,-0.002833025,0.008508822,108.4152574
42000-76,강원특별자치도(도로관리사업소 강릉지소),지방도,강원특별자치도 양양군,지방도418호선,1.3,37.98288362,128.5278005,37.99139256,128.5108776,0.016922926,-0.008508941,333.3064971
51000-17,강원특별자치도(도로관리사업소 강릉지소),지방도,강원특별자치도 양양군,지방도418호선,1.82,37.98263175,128.5279934,37.99142836,128.5138717,0.014121733,-0.008796617,328.080666
60500-57,국토관리청(부산청),일반국도,경상남도 창원시,5호선,1,35.193346,128.528486,35.185101,128.532923,-0.004437,0.008245,118.2866643
60200-18,국토관리청(원주청),일반국도,강원특별자치도 고성군,7호선,11,38.317329,128.529357,38.229514,128.568196,-0.038839,0.087815,113.8589474
27000-13,대구광역시(본청),지방도,대구광역시 달서구,신천대로,1.2,35.86959212,128.5312233,35.88159215,128.5345476,-0.003324274,-0.012000028,254.5160884
70100-25,한국도로공사(한국도로공사),고속국도,강원특별자치도 평창군,50호선,1,37.64543926,128.532719,37.6468775,128.543902,-0.011182999,-0.001438239,187.3285479
27000-11,대구광역시(본청),지방도,대구광역시 서구,신천대로,0.9,35.87981406,128.5333011,35.87341488,128.5311786,0.002122564,0.00639918,71.64967222
27230-11,대구광역시(북구),지방도,대구광역시 북구,사수로2,1.1,35.89437365,128.5337788,35.89770364,128.5250742,0.008704549,-0.003329986,339.0652995
60200-36,국토관리청(원주청),일반국도,강원특별자치도 영월군,31호선,6,37.183905,128.533974,37.195637,128.598096,-0.064122,-0.011732,190.3683681
27290-7,대구광역시(달서구),지방도,대구광역시 달서구,학산남로,1,35.82139474,128.5350579,35.82582468,128.5433125,-0.00825466,-0.004429945,208.2206728
70211-3,민자고속도로(상주영천고속도로),고속국도,경상북도 구미시,301호선,0.59,36.18539324,128.5364564,36.18062179,128.5390528,-0.002596378,0.004771453,118.5527512
48310-6,경상남도(거제시),시도,경상남도 거제시,시도9호선,1,34.88865756,128.5369425,34.88624404,128.537592,-0.000649478,0.002413521,105.0614954
27720-1,대구광역시(군위군),군도,대구광역시 군위군,군도2호선,1,36.21570451,128.5371599,36.21906233,128.5203291,0.016830818,-0.003357816,348.7173942
27000-8,대구광역시(본청),지방도,대구광역시 서구,신천대로,0.3,35.88581452,128.5371857,35.8857229,128.5321798,0.005005858,9.16177E-05,1.048515863
60200-30,국토관리청(원주청),일반국도,강원특별자치도 양양군,44호선,3,38.072232,128.537419,38.059713,128.564953,-0.027534,0.012519,155.5499311
47850-5,경상북도(칠곡군),군도,경상북도 칠곡군,군도10호선,13.9,36.06507,128.53769,36.07523,128.60427,-0.06658,-0.01016,188.6763099
42750-11,강원특별자치도(영월군),군도,강원특별자치도 영월군,16호,2,37.18165926,128.5382009,37.19246807,128.5419641,-0.003763195,-0.010808813,250.8039347
27290-5,대구광역시(달서구),지방도,대구광역시 달서구,월곡로,1,35.81839281,128.5383801,35.81987575,128.5367735,0.001606601,-0.00148294,317.2920829
48730-1,경상남도(함안군),군도,경상남도 함안군,15호선,1,35.3297801,128.5393241,35.31971855,128.5425551,-0.003231017,0.010061541,107.8031481
27230-2,대구광역시(북구),위임국도,대구광역시 북구,태전로2,0.6,35.93244482,128.5399344,35.93008922,128.532601,0.007333318,0.002355602,17.80801163
70100-128,한국도로공사(한국도로공사),고속국도,경상북도 구미시,55호선,2,36.14304192,128.5408728,36.15963453,128.5479581,-0.007085363,-0.016592608,246.8765851
48120-38,경상남도(창원시),시도,경상남도 창원시,마재고개,1,35.23876529,128.5416428,35.24246971,128.5326721,0.008970635,-0.003704419,337.5618486
48000-1,경상남도(도로관리사업소),국지도,경상남도 함안군,60호선,2,35.35023875,128.5418548,35.34906701,128.5617957,-0.019940891,0.001171746,176.6371108
42750-4,강원특별자치도(영월군),농어촌도로,강원특별자치도 영월군,304호,4,37.10286069,128.5436599,37.09118426,128.5504864,-0.006826504,0.011676431,120.3122466
60200-69,국토관리청(원주청),위임국도,강원특별자치도 양양군,56,6,38.019358,128.544421,38.058281,128.56854,,,
48000-145,경상남도(도로관리사업소),지방도,경상남도 창녕군,지방도1080호선,0.1,35.49719897,128.5456176,35.49559887,128.5396271,0.005990516,0.001600105,14.95493982
27290-3,대구광역시(달서구),지방도,대구광역시 달서구,송현로,1,35.82300921,128.5465024,35.82057459,128.5505993,-0.004096841,0.00243462,149.2783491
27230-1,대구광역시(북구),위임국도,대구광역시 북구,태전로1,1.4,35.92010723,128.5465963,35.93044074,128.5394962,0.007100149,-0.01033351,304.4929368
48120-18,경상남도(창원시),시도,경상남도 창원시,평성고개,1.25,35.24849631,128.5468485,35.25660702,128.539491,0.007357545,-0.008110711,312.2124071
70100-127,한국도로공사(한국도로공사),고속국도,경상북도 칠곡군,55호선,6,36.00732047,128.5472048,36.05152342,128.522209,0.024995841,-0.044202946,299.4872509
27290-6,대구광역시(달서구),지방도,대구광역시 달서구,월곡로,2,35.80794763,128.5488953,35.79941693,128.5498115,-0.000916194,0.0085307,96.13004486
70100-142,한국도로공사(한국도로공사),고속국도,경상북도 예천군,55호선,5.02,36.63894712,128.5494847,36.67784472,128.5495172,-3.2531E-05,-0.038897605,269.9520822
70100-129,한국도로공사(한국도로공사),고속국도,대구광역시 군위군,55호선,2,36.18589602,128.5507808,36.20190014,128.5602379,-0.009457097,-0.016004125,239.4204705
27230-3,대구광역시(북구),지방도,대구광역시 북구,팔달로,0.3,35.89375603,128.5520493,35.89761758,128.548981,0.003068279,-0.003861546,308.4696911
27710-12,대구광역시(달성군),지방도,대구광역시 달성군,군도8,1,35.7340687,128.5522305,35.72952966,128.5606207,-0.008390119,0.004539038,151.5866955
48310-8,경상남도(거제시),시도,경상남도 거제시,시도1호선,1,34.86925286,128.5522468,34.87310128,128.5613311,-0.009084218,-0.003848415,202.959334
47730-7,경상북도(의성군),군도,경상북도 의성군,군도22호,2,36.44797243,128.5524227,36.43903679,128.5646784,-0.012255634,0.00893564,143.9040342
27230-6,대구광역시(북구),지방도,대구광역시 북구,관음로,0.08,35.95322096,128.5545457,35.95352652,128.5532604,0.001285285,-0.000305554,346.6271551
27290-2,대구광역시(달서구),지방도,대구광역시 달서구,중흥로,1,35.83325455,128.5546886,35.82822173,128.5594268,-0.004738244,0.00503282,133.2731793
27230-7,대구광역시(북구),지방도,대구광역시 북구,학정로,0.56,35.93190416,128.5552263,35.9313829,128.5611555,-0.005929191,0.000521258,174.9758234
27710-11,대구광역시(달성군),지방도,대구광역시 달성군,군도8,1,35.74255691,128.5562038,35.73406757,128.5522309,0.003972925,0.008489338,64.92087676
48730-1,경상남도(함안군),군도,경상남도 함안군,16호선,2.5,35.36680009,128.5564298,35.36208881,128.5725587,-0.016128918,0.004711276,163.7168555
43000-1,충청북도(본청),지방도,충청북도 단양군,935호선,2,37.0715717,128.5564825,37.07240718,128.5726627,-0.016180132,-0.000835484,182.955923
27000-10,대구광역시(본청),지방도,대구광역시 달서구,앞산순환로,0.75,35.80901462,128.5566356,35.81273921,128.5499381,0.006697493,-0.003724586,330.9208416
48120-12,경상남도(창원시),시도,경상남도 창원시,밤밭고개,2.3,35.180144,128.557125,35.168665,128.555446,0.001679,0.011479,81.67852129
27710-10,대구광역시(달성군),지방도,대구광역시 달성군,군도8,1,35.75176925,128.5579871,35.74254494,128.5562059,0.001781218,0.009224312,79.07068196
47000-59,경상북도(본청),지방도,경상북도 청도군,902호선,2,35.72953806,128.5608107,35.71639242,128.5581922,0.002618424,0.013145645,78.73493823
48120-15,경상남도(창원시),시도,경상남도 창원시,무학로,5,35.215719,128.561168,35.17329565,128.556098,0.005069974,0.042423353,83.18495919
27000-1,대구광역시(본청),지방도,대구광역시 남구,앞산순환로,0.3,35.8284595,128.5616586,35.83126717,128.5651524,-0.003493808,-0.00280767,218.7858127
70100-141,한국도로공사(한국도로공사),고속국도,경상북도 안동시,55호선,1,36.61455947,128.5620913,36.62163795,128.5556566,0.006434661,-0.007078483,312.2722551
48120-39,경상남도(창원시),시도,경상남도 창원시,무학로(석전삼거리),1,35.22072755,128.562222,35.22577463,128.5724637,-0.010241609,-0.005047084,206.2341637
48120-16,경상남도(창원시),시도,경상남도 창원시,가포고개,1,35.170769,128.563382,35.167181,128.572727,-0.009345,0.003588,158.9957754
27290-1,대구광역시(달서구),지방도,대구광역시 달서구,파도고개로,1.27,35.85985377,128.5644361,35.85117355,128.5730387,-0.008602615,0.008680219,134.7427294
60500-49,국토관리청(부산청),일반국도,경상북도 안동시,34호선,1,36.584489,128.565535,36.586082,128.576521,-0.010986,-0.001593,188.2505405
48120-14,경상남도(창원시),시도,경상남도 창원시,수정고개,2,35.13269077,128.5660044,35.11686803,128.5800038,-0.013999376,0.015822735,131.5012224
60200-57,국토관리청(원주청),일반국도,강원특별자치도 평창군,59호선,5,37.521977,128.567364,37.487762,128.582603,-0.015239,0.034215,114.0076868
27710-9,대구광역시(달성군),지방도,대구광역시 달성군,군도8,1,35.75738843,128.5674968,35.76269918,128.5704171,-0.002920252,-0.005310757,241.1947092
48000-146,경상남도(도로관리사업소),위임국도,경상남도 창녕군,국도24호선,3.8,35.56356318,128.5706909,35.56940006,128.5832297,-0.012538806,-0.005836883,204.9622378
48730-15,경상남도(함안군),지방도,경상남도 함안군,1041호선,1,35.32157062,128.5708857,35.31457705,128.5637804,0.0071053,0.006993567,44.54594221
48730-1,경상남도(함안군),지방도,경상남도 함안군,1041호선,1,35.32162187,128.5709283,35.31456003,128.5637592,0.007169195,0.007061844,44.56780391
47210-3,경상북도(영주시),군도,경상북도 영주시,군도3호선,7,36.991607,128.571128,37.03882258,128.6043237,-0.033195709,-0.047215576,234.8902167
27710-8,대구광역시(달성군),지방도,대구광역시 달성군,군도8,1,35.76531926,128.5712994,35.75743455,128.5675574,0.003742017,0.007884703,64.61135803
43000-1,충청북도(본청),지방도,충청북도 단양군,935호선,2,37.07216725,128.5716071,37.06745495,128.5902633,-0.018656178,0.004712301,165.8243561
48740-12,경상남도(창녕군),군도,경상남도 창녕군,군도 10호선,1,35.4429051,128.5718306,35.43963893,128.5676222,0.004208452,0.003266164,37.81490475
48310-1,경상남도(거제시),일반국도,경상남도 거제시,14호선,1,34.89756089,128.5724773,34.89001327,128.5958771,-0.023399799,0.007547622,162.1228578
47850-1,경상북도(칠곡군),군도,경상북도 칠곡군,군도20호선,2.4,36.01620905,128.5736836,36.02463623,128.5535461,0.020137502,-0.008427187,337.2915548
27110-7,대구광역시(중구),지방도,대구광역시 중구,명덕로53,0.1,35.85935723,128.5765003,35.85883446,128.5776394,-0.001139043,0.000522777,155.3466982
42750-2,강원특별자치도(영월군),지방도,강원특별자치도 영월군,농어촌도로 302호,2,37.12894254,128.5767444,37.12413155,128.588254,-0.011509598,0.004810998,157.3151334
27110-1,대구광역시(중구),지방도,대구광역시 중구,명덕로,0.05,35.85955063,128.5771426,35.85907784,128.5767973,0.000345295,0.000472796,53.85840737
48310-3,경상남도(거제시),시도,경상남도 거제시,시도2호선,1,34.87622853,128.5787335,34.88573028,128.5768493,0.001884159,-0.009501748,281.216024
27200-1,대구광역시(남구),지방도,대구광역시 남구,현충로,0.5,35.83280329,128.5795554,35.83698072,128.5797201,-0.00016473,-0.00417743,267.7418025
27200-2,대구광역시(남구),지방도,대구광역시 남구,앞산순환로,2,35.83264824,128.5795744,35.82861029,128.5614942,0.018080211,0.004037948,12.58956185
27710-7,대구광역시(달성군),지방도,대구광역시 달성군,군도8,1,35.77013224,128.5797299,35.76533509,128.571251,0.008478921,0.004797147,29.50002293
48120-13,경상남도(창원시),시도,경상남도 창원시,백령고개,5,35.11686803,128.5800038,35.08729428,128.5855391,-0.00553527,0.029573746,100.6012994
70100-40,한국도로공사(한국도로공사),고속국도,강원특별자치도 양양군,65호선,2,38.1182643,128.5800105,38.13604084,128.5809538,-0.000943344,-0.017776548,266.9623473
27000-15,대구광역시(본청),지방도,대구광역시 남구,앞산순환로,1.1,35.8331048,128.5827634,35.83050059,128.57319,0.009573427,0.002604216,15.21768779
48120-6,경상남도(창원시),시도,경상남도 창원시,무동고개,2,35.3276061,128.5847647,35.3219255,128.5710731,0.0136916,0.0056806,22.533402
70100-43,한국도로공사(한국도로공사),고속국도,강원특별자치도 양양군,60호선,2,38.04734987,128.5848353,38.06124832,128.5944354,-0.009600059,-0.013898451,235.3660491
27110-6,대구광역시(중구),지방도,대구광역시 중구,원대지하차도,0.25,35.87800443,128.584892,35.87800443,128.584892,0,0,NaN
42830-1,강원특별자치도(양양군),군도,강원특별자치도 양양군,군도1호,0.2,38.09722877,128.585109,38.09683843,128.5875577,-0.00244868,0.000390344,170.942686
42770-1,강원특별자치도(정선군),군도,강원특별자치도 정선군,군도 8호선,1.9,37.499806,128.58514,37.516667,128.587291,-0.002151,-0.016861,262.7299038
42770-10,강원특별자치도(정선군),농어촌도로,강원특별자치도 정선군,농어촌도로204호선,1.6,37.250257,128.585434,37.25976,128.576623,0.008811,-0.009503,312.8360912
27200-3,대구광역시(남구),지방도,대구광역시 남구,앞산순환로,1.3,35.83304408,128.5858004,35.83312728,128.5938647,-0.008064259,-8.31977E-05,180.591091
27000-12,대구광역시(본청),지방도,대구광역시 북구,서변로,1.2,35.91092744,128.586398,35.91539286,128.5969032,-0.010505254,-0.004465417,203.0286548
27110-5,대구광역시(중구),지방도,대구광역시 중구,태평지하차도,0.07,35.87715721,128.5881898,35.87715721,128.5881898,0,0,NaN
42830-2,강원특별자치도(양양군),군도,강원특별자치도 양양군,군도1호,0.15,38.15563877,128.5901802,38.15533373,128.5913515,-0.001171276,0.000305039,165.4025315
43000-1,충청북도(본청),지방도,충청북도 단양군,935호선,1.9,37.0674849,128.5902799,37.07178443,128.6039654,-0.013685492,-0.004299531,197.4410008
48000-147,경상남도(도로관리사업소),위임국도,경상남도 창녕군,국도79호선,1,35.43557029,128.5904592,35.44313669,128.561037,0.029422164,-0.007566404,345.5779401
27230-9,대구광역시(북구),지방도,대구광역시 북구,호국로2,1.7,35.93892115,128.5917991,35.9461544,128.5767902,0.015008915,-0.007233243,334.2691999
70100-130,한국도로공사(한국도로공사),고속국도,경상북도 의성군,55호선,1.5,36.40020467,128.5934348,36.41134406,128.6020361,-0.008601269,-0.011139386,232.3265003
27710-6,대구광역시(달성군),지방도,대구광역시 달성군,군도8,1,35.78792051,128.5944715,35.77014703,128.5797434,0.014728104,0.01777348,50.35294661
27110-4,대구광역시(중구),지방도,대구광역시 중구,대구역지히차도,0.13,35.87563394,128.5948056,35.87119456,128.5953858,-0.00058017,0.004439373,97.44563333
48000-87,경상남도(도로관리사업소),위임국도,경상남도 밀양시,국도24호(지도~울산),1.5,35.575937,128.595504,35.571182,128.586753,0.008751,0.004755,28.51817383
27230-8,대구광역시(북구),지방도,대구광역시 북구,호국로1,1.8,35.92778709,128.599018,35.93845636,128.5919632,0.007054776,-0.010669261,303.473652
48120-34,경상남도(창원시),시도,경상남도 창원시,창원육교,0.36,35.25180402,128.60059,35.25526834,128.6054468,-0.004856829,-0.003464317,215.4997996
27230-4,대구광역시(북구),지방도,대구광역시 북구,체육관로,0.4,35.89012241,128.6007365,35.89253765,128.6050983,-0.004361837,-0.002415244,208.9742596
48000-27,경상남도(도로관리사업소),지방도,경상남도 창원시,국지도60호선(도태고개),2,35.33988453,128.6009387,35.35015427,128.5648161,0.036122642,-0.010269735,344.1294499
27110-3,대구광역시(중구),지방도,대구광역시 중구,칠성지하차도,0.15,35.87554321,128.6012571,35.8739802,128.6012241,3.29319E-05,0.001563004,88.79297765
47170-12,경상북도(안동시),지방도,경상북도 안동시,지방도 928,0.2,36.7122269,128.603873,36.71103767,128.6043841,-0.000511085,0.001189225,113.2562488
27710-5,대구광역시(달성군),지방도,대구광역시 달성군,군도8,1,35.79165501,128.6046443,35.78791019,128.5944587,0.010185599,0.003744812,20.1863315
27110-2,대구광역시(중구),지방도,대구광역시 중구,동인지하차도,0.1,35.87388878,128.6049784,35.87365107,128.6048282,0.000150183,0.000237712,57.71588495
48120-4,경상남도(창원시),시도,경상남도 창원시,동정동 정렬대로,1.8,35.2552037,128.6056295,35.27651134,128.6171811,-0.01155162,-0.021307636,241.5363187
48000-86,경상남도(도로관리사업소),위임국도,경상남도 밀양시,국도24호(지도~울산),2,35.56857,128.60614,35.575937,128.595504,0.010636,-0.007367,325.2916828
42000-84,강원특별자치도(도로관리사업소 태백지소),위임국도,강원특별자치도 정선군,국도59호선,1.6,37.479951,128.606829,37.485588,128.591448,0.015381,-0.005637,339.8725629
47850-2,경상북도(칠곡군),군도,경상북도 칠곡군,군도31호선,2,36.0159,128.60863,36.02064,128.62993,-0.0213,-0.00474,192.5458956
48120-7,경상남도(창원시),시도,경상남도 창원시,상천고개,2,35.3547865,128.6106843,35.3620689,128.5725162,0.0381681,-0.0072824,349.1979063
27710-4,대구광역시(달성군),지방도,대구광역시 달성군,군도8,1,35.79844763,128.6115666,35.79163805,128.6046621,0.006904462,0.006809584,44.60361324
60200-16,국토관리청(원주청),일반국도,강원특별자치도 평창군,6호선,2,37.763142,128.611947,37.776378,128.614647,-0.0027,-0.013236,258.4704681
42750-5,강원특별자치도(영월군),농어촌도로,강원특별자치도 영월군,203호,2,37.15005659,128.6119548,37.14662745,128.6146455,-0.002690644,0.003429138,128.1192055
48000-141,경상남도(도로관리사업소),지방도,경상남도 창녕군,지방도1008호선,0.9,35.43101815,128.6124884,35.42876281,128.6327399,-0.020251496,0.002255342,173.6453452
42770-3,강원특별자치도(정선군),군도,강원특별자치도 정선군,군도 6호선,0.8,37.227984,128.613315,37.230236,128.612824,0.000491,-0.002252,282.2996258
27000-16,대구광역시(본청),지방도,대구광역시 수성구,신천좌안도로,2.9,35.81317796,128.6138186,35.83791164,128.6051983,0.008620253,-0.024733681,289.2146138
48000-133,경상남도(도로관리사업소),지방도,경상남도 거제시,지방도1018호선,1.5,34.76469605,128.6157339,34.75691078,128.6121192,0.003614673,0.007785267,65.09471624
60200-19,국토관리청(원주청),일반국도,강원특별자치도 양양군,7호선,1,38.138347,128.615737,38.130756,128.621664,-0.005927,0.007591,127.9824705
48000-26,경상남도(도로관리사업소),위임국도,경상남도 창원시,국도79호선(굴현터널),2,35.27864246,128.6168745,35.29728564,128.6088514,0.008023109,-0.018643185,293.2846643
27230-5,대구광역시(북구),지방도,대구광역시 북구,경대로,0.4,35.89101413,128.6199039,35.88882578,128.6169123,0.002991619,0.002188347,36.18518664
27140-3,대구광역시(동구),광역시도,대구광역시 동구,팔공산로,2.3,35.98692259,128.621184,35.99547883,128.6118169,0.009367081,-0.008556239,317.590266
42770-2,강원특별자치도(정선군),군도,강원특별자치도 정선군,군도 6호선,1.8,37.226904,128.621377,37.227984,128.613315,0.008062,-0.00108,352.3699803
48120-5,경상남도(창원시),시도,경상남도 창원시,화양고개,2,35.3211862,128.6228756,35.3052053,128.6549056,-0.03203,0.0159809,153.4837685
48000-85,경상남도(도로관리사업소),위임국도,경상남도 밀양시,국도24호(지도~울산),2,35.558593,128.623002,35.56857,128.60614,0.016862,-0.009977,329.3878146
42000-83,강원특별자치도(도로관리사업소 태백지소),위임국도,강원특별자치도 정선군,국도59호선,1,37.465929,128.623321,37.469605,128.61824,0.005081,-0.003676,324.1150278
27260-1,대구광역시(수성구),지방도,대구광역시 수성구,국채보상로,0.45,35.86726609,128.6234591,35.86782103,128.6183928,0.005066295,-0.000554937,353.7490249
27710-3,대구광역시(달성군),지방도,대구광역시 달성군,군도8,1,35.79878178,128.6237671,35.79843599,128.6116252,0.012141824,0.000345793,1.63131533
48000-105,경상남도(도로관리사업소),지방도,경상남도 창원시,국지도60호선,1.3,35.34825901,128.6237879,35.35347621,128.6349817,-0.011193752,-0.005217198,204.9893454
48120-1,경상남도(창원시),시도,경상남도 창원시,신촌로,1,35.20865855,128.6270262,35.19656064,128.6305911,-0.003564934,0.012097914,106.4188471
47720-3,대구광역시(군위군),군도,대구광역시 군위군,군도10호선,2,36.030238,128.628986,36.021749,128.630058,-0.001072,0.008489,97.19727557
42770-9,강원특별자치도(정선군),군도,강원특별자치도 정선군,군도6호선,1.2,37.290574,128.629222,37.289341,128.638146,-0.008924,0.001233,172.1334342
42000-57,강원특별자치도(도로관리사업소 강릉지소),위임국도,강원특별자치도 강릉시,위임국도59호선,2,37.84932026,128.6301919,37.8444936,128.6363588,-0.006166884,0.004826657,141.9506577
70100-140,한국도로공사(한국도로공사),고속국도,경상북도 안동시,55호선,1,36.58684188,128.6308889,36.5902639,128.6206301,0.01025873,-0.003422022,341.5527604
48120-3,경상남도(창원시),일반국도,경상남도 창원시,국도14호선(용강고개),2,35.2616089,128.6315774,35.26733348,128.6394899,-0.007912513,-0.005724579,215.8851462
60200-20,국토관리청(원주청),일반국도,강원특별자치도 양양군,7호선,2,38.074826,128.632193,38.060307,128.643829,-0.011636,0.014519,128.7098234
27140-1,대구광역시(동구),광역시도,대구광역시 동구,파계로,1.3,35.97941067,128.6335348,35.97693386,128.6307022,0.002832634,0.002476809,41.16591795
47170-7,경상북도(안동시),지방도,경상북도 안동시,지방도 924호선,0.2,36.56186577,128.6338104,36.56105903,128.6350256,-0.001215227,0.000806733,146.4216677
27260-1,대구광역시(수성구),지방도,대구광역시 수성구,화랑로,0.63,35.87200802,128.6352605,35.8763258,128.6444988,-0.009238286,-0.004317781,205.0504031
27260-10,대구광역시(수성구),지방도,대구광역시 수성구,청수로,1,35.84063987,128.6369507,35.84175738,128.642307,-0.005356336,-0.001117511,191.7847708
48120-23,경상남도(창원시),시도,경상남도 창원시,마진터널 고갯길,2,35.18764,128.637415,35.171866,128.65455,-0.017135,0.015774,137.3682015
48000-134,경상남도(도로관리사업소),지방도,경상남도 거제시,지방도1018호선,1.5,34.78059448,128.6375026,34.7841391,128.6341789,0.003323739,-0.003544619,313.1580543
48120-9,경상남도(창원시),지방도,경상남도 창원시,본포고개,2,35.35463293,128.6378296,35.3693316,128.6433649,-0.005535343,-0.014698673,249.3642321
70100-139,한국도로공사(한국도로공사),고속국도,경상북도 안동시,55호선,2,36.53733791,128.6380013,36.55469354,128.6439827,-0.005981428,-0.017355623,250.9840413
70100-26,한국도로공사(한국도로공사),고속국도,강원특별자치도 평창군,50호선,5,37.67497159,128.6381361,37.6783977,128.6879903,-0.049854139,-0.003426116,183.9313451
27260-1,대구광역시(수성구),지방도,대구광역시 수성구,청수로,0.72,35.84077809,128.6384611,35.84586934,128.6423596,-0.003898442,-0.005091247,232.5581932
27260-1,대구광역시(수성구),지방도,대구광역시 수성구,청호로,0.3,35.84946709,128.638617,35.85566061,128.6406081,-0.001991067,-0.006193512,252.1786314
27260-1,대구광역시(수성구),지방도,대구광역시 수성구,청호로,1.5,35.84179726,128.6389618,35.81887761,128.6495316,-0.010569854,0.022919658,114.7577246
42750-6,강원특별자치도(영월군),농어촌도로,강원특별자치도 영월군,303호,4.8,37.10326254,128.6405805,37.09824179,128.640471,0.000109506,0.005020754,88.7505387
51750-7,강원특별자치도(영월군),농어촌도로,강원특별자치도 영월군,농어촌도로101호,0,37.16435016,128.6410513,37.16435016,128.6410513,0,0,NaN
48310-4,경상남도(거제시),시도,경상남도 거제시,시도5호선,1,34.81387972,128.6423975,34.81317905,128.6551233,-0.01272573,0.000700667,176.8485272
48120-26,경상남도(창원시),시도,경상남도 창원시,팔룡육교(팔용과선교),1,35.2341995,128.6448874,35.2296082,128.6407759,0.004111521,0.004591301,48.15547839
42000-96,강원특별자치도(도로관리사업소 태백지소),지방도,강원특별자치도 영월군,국지도88호선,1.8,37.115121,128.645605,37.119477,128.626663,0.018942,-0.004356,347.0491316
48000-135,경상남도(도로관리사업소),지방도,경상남도 거제시,지방도1018호선,0.7,34.83372231,128.6463594,34.83012484,128.6421044,0.004254934,0.003597478,40.21397935
60500-42,국토관리청(부산청),일반국도,경상북도 영주시,5호선,4,36.778097,128.647768,36.761973,128.687145,-0.039377,0.016124,157.7319988
48310-2,경상남도(거제시),지방도,경상남도 거제시,지방도1018호선,1,34.85475508,128.6501927,34.8493295,128.6501827,1.00278E-05,0.005425582,89.89410388
70100-147,한국도로공사(한국도로공사),고속국도,경상북도 의성군,30호선,1.1,36.42372611,128.6507035,36.42041617,128.661962,-0.011258491,0.003309947,163.6168951
27260-9,대구광역시(수성구),지방도,대구광역시 수성구,진밭길,3.5,35.81519,128.65195,35.80293,128.66354,-0.01159,0.01226,133.3908562
42830-3,강원특별자치도(양양군),군도,강원특별자치도 양양군,군도 2호,0.1,38.07028613,128.6520686,38.07095783,128.6524285,-0.000359928,-0.000671698,241.8154481
48120-1,경상남도(창원시),시도,경상남도 창원시,시티세븐 뒷도로 두대터널,2,35.2358969,128.6550503,35.23768074,128.6556839,-0.000633632,-0.001783845,250.4446577
60500-11,국토관리청(부산청),일반국도,경상남도 거제시,5호선,1,34.954866,128.655756,34.946107,128.654078,0.001678,0.008759,79.15499569
48310-12,경상남도(거제시),일반국도,경상남도 거제시,국도5호선,1,34.94150153,128.6557816,34.95372304,128.6551724,0.000609199,-0.012221511,272.8536285
60500-53,국토관리청(부산청),일반국도,경상북도 영주시,36호선,4,36.841729,128.656439,36.855231,128.697243,-0.040804,-0.013502,198.3093244
27260-1,대구광역시(수성구),구국도,대구광역시 수성구,달구벌대로,0.7,35.85353058,128.657298,35.85074095,128.6654958,-0.008197827,0.002789636,161.2070912
48120-1,경상남도(창원시),시도,경상남도 창원시,충혼로,2,35.22747165,128.6578254,35.23608703,128.6639472,-0.006121798,-0.008615384,234.6036966
48120-2,경상남도(창원시),일반국도,경상남도 창원시,국도2호선(태백동),1,35.169303,128.658229,35.1652,128.662073,-0.003844,0.004103,133.1333388
27260-1,대구광역시(수성구),지방도,대구광역시 수성구,고모로,1.6,35.87128904,128.6582962,35.86215316,128.6758051,-0.017508874,0.009135879,152.4450949
42000-24,강원특별자치도(도로관리사업소 강릉지소),지방도,강원특별자치도 평창군,지방도456호선,1,37.68533976,128.6609058,37.68645604,128.6723113,-0.011405448,-0.001116281,185.5898829
60500-50,국토관리청(부산청),일반국도,경상북도 안동시,34호선,7,36.54916,128.661533,36.542066,128.728307,-0.066774,0.007094,173.9357033
60200-40,국토관리청(원주청),일반국도,강원특별자치도 정선군,38호선,5,37.250908,128.662565,37.266318,128.698965,-0.0364,-0.01541,202.94545
47170-13,경상북도(안동시),지방도,경상북도 안동시,지방도 928,0.3,36.68162269,128.6636789,36.68236633,128.6644309,-0.000752005,-0.000743643,224.6796476
27140-4,대구광역시(동구),광역시도,대구광역시 동구,팔공로,0.8,35.95693539,128.6641923,35.95720342,128.6682847,-0.004092385,-0.000268032,183.7472555
48120-27,경상남도(창원시),시도,경상남도 창원시,북부순환도로,2,35.2503604,128.6642807,35.25577983,128.6452192,0.01906148,-0.005419426,344.128862
42770-12,강원특별자치도(정선군),군도,강원특별자치도 정선군,군도 3호선,0.6,37.442332,128.664805,37.438688,128.67021,-0.005405,0.003644,146.0125227
60200-58,국토관리청(원주청),일반국도,강원특별자치도 정선군,59호선,3,37.372407,128.665312,37.369741,128.696833,-0.031521,0.002666,175.1655129
48000-17,경상남도(도로관리사업소),위임국도,경상남도 거제시,국도14호선,3.7,34.791973,128.665428,34.778178,128.652801,0.012627,0.013795,47.53114565
70100-131,한국도로공사(한국도로공사),고속국도,대구광역시 동구,20호선,1.3,35.91960258,128.6675863,35.92997052,128.6727663,-0.005179975,-0.010367945,243.4526245
47720-2,대구광역시(군위군),군도,대구광역시 군위군,군도10호선,2,36.100675,128.668214,36.11514284,128.6881461,-0.019932103,-0.014467841,215.9742546
60500-45,국토관리청(부산청),일반국도,경상북도 의성군,5호선,3,36.434148,128.671072,36.412617,128.675298,-0.004226,0.021531,101.1045758
27720-1,대구광역시(군위군),군도,대구광역시 군위군,군도10호선,2,36.1063541,128.6721682,36.11258954,128.68387,-0.011701746,-0.006235432,208.0515203
48120-1,경상남도(창원시),시도,경상남도 창원시,외동반림로,1,35.22097802,128.6744485,35.22978444,128.6714502,0.002998386,-0.008806418,288.8025459
51750-6,강원특별자치도(영월군),농어촌도로,강원특별자치도 영월군,0,0,37.14723352,128.6753361,37.14723352,128.6753361,0,0,NaN
48120-1,경상남도(창원시),시도,경상남도 창원시,용호로,1,35.23044582,128.6760113,35.23702334,128.682756,-0.006744656,-0.006577519,224.2812181
47820-6,경상북도(청도군),군도,경상북도 청도군,15호선,2,35.72064961,128.6770534,35.69916029,128.6877833,-0.010729953,0.021489323,116.5336701
47730-3,경상북도(의성군),군도,경상북도 의성군,구국도5호,1,36.39220263,128.677893,36.38480168,128.6776522,0.000240838,0.007400955,88.13617205
48310-9,경상남도(거제시),도시계획도로,경상남도 거제시,도시계획도로(대로1-1),1,34.91199036,128.6796216,34.90365197,128.6826876,-0.003066081,0.008338387,110.1888144
48310-5,경상남도(거제시),시도,경상남도 거제시,시도8호선,3,34.8366652,128.6804361,34.83553471,128.6576644,0.022771777,0.001130491,2.842081642
60500-44,국토관리청(부산청),일반국도,경상북도 안동시,5호선,2,36.519289,128.680705,36.506142,128.671606,0.009099,0.013147,55.31300561
48120-1,경상남도(창원시),시도,경상남도 창원시,"외동반림로, 중앙대로",2,35.24167239,128.6816487,35.23599609,128.6769095,0.004739176,0.005676297,50.14127905
42770-7,강원특별자치도(정선군),군도,강원특별자치도 정선군,군도2호선,2,37.20976006,128.6816487,37.20646061,128.6888846,-0.007235899,0.003299456,155.4877578
47730-4,경상북도(의성군),군도,경상북도 의성군,군도4호,1,36.42318945,128.6831334,36.42381577,128.6957162,-0.012582764,-0.000626325,182.8496248
48000-84,경상남도(도로관리사업소),위임국도,경상남도 밀양시,국도24호(지도~울산),2,35.532072,128.683323,35.540011,128.669932,0.013391,-0.007939,329.3379569
48120-22,경상남도(창원시),시도,경상남도 창원시,안민고갯길,2,35.18592969,128.6851578,35.157228,128.675367,0.009790809,0.028701694,71.16430862
48120-1,경상남도(창원시),시도,경상남도 창원시,상남터널 진출입로,1,35.21235282,128.6853184,35.21462359,128.6863054,-0.000986998,-0.002270767,246.5076266
60200-37,국토관리청(원주청),일반국도,강원특별자치도 영월군,31호선,5,37.136689,128.689942,37.137666,128.719629,-0.029687,-0.000977,181.8849254
60500-43,국토관리청(부산청),일반국도,경상북도 안동시,5호선,4,36.633457,128.690499,36.604183,128.700324,-0.009825,0.029274,108.5528883
27140-1,대구광역시(동구),광역시도,대구광역시 동구,팔공산 순환도로,12.78,35.95461669,128.6909014,35.98672357,128.6213602,0.06954121,-0.032106878,335.2174324
48000-98,경상남도(도로관리사업소),지방도,경상남도 밀양시,지방도1080호(부림~하남),2,35.491238,128.691941,35.493147,128.670663,0.021278,-0.001909,354.8733158
48120-36,경상남도(창원시),시도,경상남도 창원시,토월지하차도,0.5,35.233082,128.69357,35.227297,128.697123,-0.003553,0.005785,121.557189
42000-94,강원특별자치도(도로관리사업소 태백지소),지방도,강원특별자치도 영월군,국지도88호선,1.9,37.102122,128.693749,37.095931,128.705793,-0.012044,0.006191,152.7953911
48120-1,경상남도(창원시),시도,경상남도 창원시,안민로,1,35.18710979,128.6953339,35.18921258,128.6871466,0.008187351,-0.002102783,345.5958761
47170-11,경상북도(안동시),군도,경상북도 안동시,군도26호선,0.1,36.64388232,128.6984259,36.64073683,128.6978589,0.000566963,0.003145491,79.78236534
27140-5,대구광역시(동구),광역시도,대구광역시 동구,혁신대로,0.5,35.87737988,128.7007839,35.88528125,128.7026249,-0.001840975,-0.007901373,256.8844032
42770-8,강원특별자치도(정선군),농어촌도로,강원특별자치도 정선군,농어촌도로208호선,1.7,37.208563,128.70267,37.204869,128.698082,0.004588,0.003694,38.83906586
47730-9,경상북도(의성군),농어촌도로,경상북도 의성군,리도202호,1.4,36.38054599,128.7032173,36.38948703,128.7123474,-0.009130078,-0.008941034,224.4006462
48120-1,경상남도(창원시),시도,경상남도 창원시,"대방IC, 대암로",2,35.20316868,128.7056025,35.20462229,128.7117049,-0.006102377,-0.001453603,193.3983313
70100-132,한국도로공사(한국도로공사),고속국도,대구광역시 동구,20호선,1.5,35.9489739,128.706199,35.95383194,128.721644,-0.015444992,-0.004858039,197.4603501
48120-1,경상남도(창원시),시도,경상남도 창원시,삼정자로,1,35.19790814,128.7067408,35.19802202,128.7108703,-0.004129449,-0.000113883,181.5797145
27140-1,대구광역시(동구),광역시도,대구광역시 동구,갓바위로,2.1,35.95602584,128.7070188,35.96654542,128.7220369,-0.015018044,-0.010519575,215.0097966
48000-97,경상남도(도로관리사업소),지방도,경상남도 밀양시,지방도1080호(부림~하남),2,35.488053,128.710174,35.491238,128.691941,0.018233,-0.003185,350.0913637
48120-21,경상남도(창원시),일반국도,경상남도 창원시,국도2호선(대발령고개),1,35.12566153,128.7119604,35.114159,128.720716,-0.008755645,0.011502525,127.2781467
42000-85,강원특별자치도(도로관리사업소 태백지소),위임국도,강원특별자치도 정선군,국도59호선,1.2,37.339756,128.712409,37.350413,128.716473,-0.004064,-0.010657,249.1258703
48310-7,경상남도(거제시),시도,경상남도 거제시,시도13호선,1,34.93736566,128.7126499,34.94244968,128.7164079,-0.003757954,-0.005084026,233.5293397
60200-59,국토관리청(원주청),일반국도,강원특별자치도 정선군,59호선,5,37.345704,128.71452,37.310863,128.724245,-0.009725,0.034841,105.5957558
42000-87,강원특별자치도(도로관리사업소 태백지소),지방도,강원특별자치도 정선군,지방도415호선,1,37.516253,128.714961,37.516974,128.724921,-0.00996,-0.000721,184.140394
42000-95,강원특별자치도(도로관리사업소 태백지소),지방도,강원특별자치도 영월군,국지도88호선,1.3,37.090566,128.714996,37.087981,128.720167,-0.005171,0.002585,153.4393811
70100-39,한국도로공사(한국도로공사),고속국도,강원특별자치도 양양군,65호선,1,37.9934358,128.7189375,38.00183917,128.7149025,0.004035007,-0.008403369,295.6487073
70100-167,한국도로공사(한국도로공사),고속국도,경상남도 김해시,부산외곽선,1,35.27983827,128.7201217,35.28761014,128.7254051,,,
47720-4,대구광역시(군위군),군도,대구광역시 군위군,군도10호선,2,36.12460082,128.7204947,36.13594933,128.7398591,-0.019364371,-0.011348513,210.3724858
48000-96,경상남도(도로관리사업소),지방도,경상남도 밀양시,지방도1080호(부림~하남),2,35.489287,128.722561,35.488053,128.710174,0.012387,0.001234,5.689067834
47170-8,경상북도(안동시),지방도,경상북도 안동시,지방도 924호선,0.3,36.62022821,128.7227067,36.62009309,128.7232764,-0.000569691,0.000135119,166.6571131
42760-1,강원특별자치도(평창군),군도,강원특별자치도 평창군,군도15호선,2.7,37.6151149,128.7246487,37.62261868,128.7359532,-0.011304495,-0.007503787,213.5757251
42000-88,강원특별자치도(도로관리사업소 태백지소),지방도,강원특별자치도 정선군,지방도421호선,1.2,37.2274,128.726238,37.224372,128.724254,0.001984,0.003028,56.76646289
42000-86,강원특별자치도(도로관리사업소 태백지소),위임국도,강원특별자치도 정선군,국도59호선,1.3,37.287089,128.735173,37.277215,128.742131,-0.006958,0.009874,125.1715474
47230-3,경상북도(영천시),농어촌도로,경상북도 영천시,면도101호,0.85,36.076055,128.735635,36.069139,128.737525,-0.00189,0.006916,105.2845565
47170-9,경상북도(안동시),지방도,경상북도 안동시,지방도 924,0.15,36.61244098,128.7359942,36.61141431,128.7370214,-0.001027189,0.001026674,135.0143825
48250-31,경상남도(김해시),시도,경상남도 김해시,시도4호선,2.1,35.29852189,128.7371695,35.2863005,128.725729,0.011440531,0.012221392,46.89011772
27140-2,대구광역시(동구),광역시도,대구광역시 동구,팔공로,3.1,35.96299212,128.7395467,35.96320788,128.7420862,-0.002539483,-0.000215759,184.8562864
70203-2,민자고속도로(신대구부산고속도로(주)),고속국도,경상북도 청도군,55호선,1.02,35.68853366,128.7408009,35.69741327,128.7400034,0.000797439,-0.008879605,275.1317175
70203-3,민자고속도로(신대구부산고속도로(주)),고속국도,경상북도 경산시,55호선,0.5,35.71405552,128.7433428,35.71842591,128.7419462,0.001396555,-0.004370382,287.72128
47730-2,경상북도(의성군),농어촌도로,경상북도 의성군,리도201호,1,36.34150486,128.7450323,36.34736275,128.7481001,-0.003067788,-0.00585789,242.3588652
48250-57,경상남도(김해시),시도,경상남도 김해시,시도,0.35,35.30759017,128.7465701,35.31098173,128.7469372,-0.000367121,-0.003391558,263.8220449
47170-16,경상북도(안동시),지방도,경상북도 안동시,지방도 935,0.5,36.76860966,128.7504619,36.76716516,128.7578532,-0.007391312,0.001444502,168.9419254
60500-62,국토관리청(부산청),일반국도,대구광역시 군위군,28호선,2,36.106687,128.750903,36.098415,128.746541,0.004362,0.008272,62.19637338
48250-53,경상남도(김해시),농어촌도로,경상남도 김해시,리도 205호선,1.8,35.2385627,128.750926,35.2284497,128.739144,0.011782,0.010113,40.64091883
48250-58,경상남도(김해시),농어촌도로,경상남도 김해시,면도102호선,2.5,35.2640185,128.751759,35.2781398,128.73238,0.019379,-0.0141213,323.9195189
42770-5,강원특별자치도(정선군),군도,강원특별자치도 정선군,군도 9호선,1.9,37.285555,128.755198,37.286001,128.765069,-0.009871,-0.000446,182.5870276
48120-20,경상남도(창원시),일반국도,경상남도 창원시,국도2호선(평발고개),2,35.110832,128.755774,35.1149104,128.7666021,-0.0108281,-0.0040784,200.638865
70100-126,한국도로공사(한국도로공사),고속국도,대구광역시 동구,1호선,2,35.87302681,128.7564702,35.87454645,128.7363326,0.020137562,-0.001519643,355.6844619
42000-75,강원특별자치도(도로관리사업소 강릉지소),지방도,강원특별자치도 강릉시,지방도456호선,1.5,37.68665458,128.7596047,37.69630968,128.7619088,-0.002304065,-0.009655105,256.5781331
70100-27,한국도로공사(한국도로공사),고속국도,강원특별자치도 강릉시,50호선,2.62,37.66440233,128.7612171,37.67977322,128.7745436,-0.013326539,-0.015370887,229.0747546
48250-29,경상남도(김해시),지방도,경상남도 김해시,1042호선,1.8,35.295643,128.763443,35.281505,128.768885,-0.005442,0.014138,111.0527172
48250-52,경상남도(김해시),도시계획도로,경상남도 김해시,소로1-144호선,1,35.18207868,128.7657315,35.183771,128.773747,-0.008015528,-0.001692322,191.9218013
48000-44,경상남도(도로관리사업소),지방도,경상남도 김해시,지방도1042호선,1,35.28611783,128.766662,35.29274497,128.7626094,0.004052637,-0.006627144,301.4466553
42770-6,강원특별자치도(정선군),군도,강원특별자치도 정선군,군도 9호선,1.9,37.304993,128.767589,37.312576,128.776704,-0.009115,-0.007583,219.7579303
60200-41,국토관리청(원주청),일반국도,강원특별자치도 정선군,38호선,1,37.258034,128.768848,37.254332,128.779033,-0.010185,0.003702,160.0250242
51770-1,강원특별자치도(정선군),군도,강원특별자치도 정선군,군도 9호선,1.9,37.30859178,128.7689229,37.31238769,128.7759743,-0.00705134,-0.003795911,208.2946844
48250-51,경상남도(김해시),시도,경상남도 김해시,시도5호선,1.5,35.3251331,128.772473,35.3170512,128.761863,0.01061,0.0080819,37.29742335
47730-8,경상북도(의성군),농어촌도로,경상북도 의성군,리도202호,2,36.30739154,128.7727027,36.29636839,128.7641117,0.008591002,0.01102315,52.06857504
42000-27,강원특별자치도(도로관리사업소 강릉지소),지방도,강원특별자치도 강릉시,지방도415호선,1.96,37.62086037,128.7728442,37.63556462,128.7782504,-0.005406243,-0.014704256,249.8132818
42000-78,강원특별자치도(도로관리사업소 강릉지소),지방도,강원특별자치도 강릉시,지방도415호선,2,37.60966493,128.7737039,37.63978212,128.7807668,-0.007062951,-0.03011719,256.801752
70100-28,한국도로공사(한국도로공사),고속국도,강원특별자치도 강릉시,50호선,5,37.70669831,128.7739226,37.7463986,128.7904611,-0.016538504,-0.039700292,247.384174
42000-90,강원특별자치도(도로관리사업소 태백지소),지방도,강원특별자치도 정선군,지방도421호선,1,37.254605,128.779905,37.255351,128.785708,-0.005803,-0.000746,187.3254354
47170-14,경상북도(안동시),지방도,경상북도 안동시,지방도 935,0.25,36.71758147,128.780923,36.71613463,128.7820758,-0.001152819,0.001446837,128.547342
48250-26,경상남도(김해시),도시계획도로,경상남도 김해시,대로1-3-2호선,4.1,35.1804757,128.781524,35.1707746,128.807971,-0.026447,0.0097011,159.8563128
70100-133,한국도로공사(한국도로공사),고속국도,경상북도 경산시,20호선,4.3,35.95312174,128.7816664,35.96600828,128.8239711,-0.042304717,-0.012886541,196.9413854
60200-47,국토관리청(원주청),일반국도,강원특별자치도 정선군,42호선,7,37.491099,128.787267,37.497887,128.836031,-0.048764,-0.006788,187.924709
70203-4,신대구부산고속도로㈜,위임도로,경상남도 밀양시,대구부산선,0.4,35.55201527,128.7900618,35.55560885,128.7883577,,,
47230-4,경상북도(영천시),농어촌도로,경상북도 영천시,리도204호,0.4,36.025697,128.790148,36.023811,128.789264,0.000884,0.001886,64.88672181
48000-41,경상남도(도로관리사업소),지방도,경상남도 김해시,지방도1042호선,1,35.22089856,128.7905138,35.22826469,128.7667957,0.023718028,-0.00736613,342.7467244
47170-15,경상북도(안동시),지방도,경상북도 안동시,지방도 935,0.3,36.71267371,128.7940635,36.7124688,128.7969729,-0.002909374,0.000204912,175.9712128
48250-24,경상남도(김해시),지방도,경상남도 김해시,1042호선,2.7,35.2203606,128.794497,35.2283734,128.766831,0.027666,-0.0080128,343.8475957
48000-88,경상남도(도로관리사업소),지방도,경상남도 밀양시,지방도1077호(동면~산내),2,35.572967,128.795894,35.586938,128.807685,-0.011791,-0.013971,229.8368892
48120-19,경상남도(창원시),일반국도,경상남도 창원시,국도2호선(공지곡고개),1,35.117618,128.797831,35.104662,128.809598,-0.011767,0.012956,132.2466031
42000-91,강원특별자치도(도로관리사업소 태백지소),지방도,강원특별자치도 정선군,지방도421호선,1.6,37.285759,128.799029,37.291964,128.800756,-0.001727,-0.006205,254.4468423
47230-2,경상북도(영천시),군도,경상북도 영천시,군도4호,0.37,36.046092,128.800014,36.046205,128.802495,-0.002481,-0.000113,182.6078
47730-1,경상북도(의성군),군도,경상북도 의성군,군도11호,1,36.30496137,128.8013603,36.30908904,128.8010914,0.000268967,-0.004127662,273.7282436
70100-29,한국도로공사(한국도로공사),고속국도,강원특별자치도 강릉시,50호선,3,37.758469,128.8056042,37.77239286,128.8312437,-0.025639494,-0.013923861,208.5047487
48250-33,경상남도(김해시),시도,경상남도 김해시,시도9호선,1.8,35.350491,128.807268,35.3628621,128.811625,-0.004357,-0.0123711,250.5981542
48000-89,경상남도(도로관리사업소),지방도,경상남도 밀양시,지방도1077호(동면~산내),1.5,35.586938,128.807685,35.584259,128.828895,-0.02121,0.002679,172.8011862
48250-63,경상남도(김해시),시도,경상남도 김해시,시도10호선,0.2,35.31210722,128.8078517,35.31558946,128.8085753,-0.000723667,-0.003482246,258.2601071
26440-3,부산광역시(강서구),지방도,부산광역시 강서구,과학산단로,1,35.14950106,128.8086772,35.149449,128.821796,-0.013118804,5.20584E-05,179.7726383
48250-60,경상남도(김해시),농어촌도로,경상남도 김해시,농도 313호선,1.8,35.2980965,128.81028,35.3056714,128.823751,-0.013471,-0.0075749,209.3495543
48250-56,경상남도(김해시),시도,경상남도 김해시,시도,1.3,35.2631,128.8109,35.2714,128.8083,0.0026,-0.0083,287.3933221
48250-25,경상남도(김해시),지방도,경상남도 김해시,지방도1020호선,5.8,35.20084751,128.8132784,35.18236719,128.7590251,0.05425331,0.018480314,18.81039175
60200-38,국토관리청(원주청),일반국도,강원특별자치도 영월군,31호선,7,37.128683,128.813546,37.108729,128.868487,-0.054941,0.019954,160.0395047
47170-10,경상북도(안동시),지방도,경상북도 안동시,지방도 933,0.2,36.6480877,128.8156718,36.64787419,128.814607,0.001064807,0.000213509,11.33826413
47730-5,경상북도(의성군),군도,경상북도 의성군,군도11호,2,36.26979238,128.8200745,36.25732146,128.8215331,-0.001458641,0.012470915,96.67119879
42770-4,강원특별자치도(정선군),군도,강원특별자치도 정선군,군도 7호선,1,37.254391,128.821525,37.261137,128.824701,-0.003176,-0.006746,244.7890605
26440-6,부산광역시(강서구),일반국도,부산광역시 강서구,거가대로,1,35.0299385,128.8217463,35.0301908,128.8215487,0.000197545,-0.000252296,308.0606084
60500-54,국토관리청(부산청),일반국도,경상북도 봉화군,36호선,2,36.911184,128.82314,36.915902,128.842861,-0.019721,-0.004718,193.45441
48250-62,경상남도(김해시),도시계획도로,경상남도 김해시,대로1-3-2호선,0.2,35.17840283,128.8252457,35.1707746,128.807971,0.017274733,0.00762823,23.82544193
60200-27,국토관리청(원주청),일반국도,강원특별자치도 강릉시,35호선,1,37.702192,128.826404,37.694536,128.828478,-0.002074,0.007656,105.1575542
42000-39,강원특별자치도(도로관리사업소 태백지소),지방도,강원특별자치도 정선군,지방도421호선,0.8,37.357152,128.828273,37.362841,128.827557,0.000716,-0.005689,277.1733536
26440-5,부산광역시(강서구),고속국도,부산광역시 강서구,거가대로,0.4,35.05771553,128.8287758,35.05764203,128.8289931,-0.000217256,7.35022E-05,161.3082438
48000-90,경상남도(도로관리사업소),지방도,경상남도 밀양시,지방도1077호(동면~산내),0.5,35.584259,128.828895,35.582527,128.830598,-0.001703,0.001732,134.5162917
47230-1,경상북도(영천시),농어촌도로,경상북도 영천시,면도102호,0.5,36.011379,128.829224,36.009111,128.824706,0.004518,0.002268,26.65628642
48000-106,경상남도(도로관리사업소),지방도,경상남도 김해시,지방도1042호선,0.7,35.23673797,128.8304515,35.23468394,128.821753,0.008698497,0.002054036,13.28626402
48250-54,경상남도(김해시),지방도,경상남도 김해시,지방도1042호선,1.1,35.2369,128.8309,35.2336,128.8209,0.01,0.0033,18.26288994
48250-55,경상남도(김해시),일반국도,경상남도 김해시,국도58호선,0.2,35.20644388,128.831342,35.2051,128.8353,-0.003958028,0.001343876,161.2460145
48250-46,경상남도(김해시),시도,경상남도 김해시,시도12호선,1.6,35.3240811,128.831598,35.3226158,128.816412,0.015186,0.0014653,5.511418393
47720-5,대구광역시(군위군),군도,대구광역시 군위군,군도13호선,0.6,36.188063,128.832446,36.19083623,128.8274557,0.004990329,-0.002773231,330.9381469
42770-18,강원특별자치도(정선군),도시계획도로,강원특별자치도 정선군,도시계획도로,0.6,37.215087,128.833102,37.219403,128.835265,-0.002163,-0.004316,243.3818726
48250-49,경상남도(김해시),시도,경상남도 김해시,시도7호선,5,35.2778683,128.833997,35.2921828,128.790419,0.043578,-0.0143145,341.8156842
70100-38,한국도로공사(한국도로공사),고속국도,강원특별자치도 강릉시,65호선,2,37.77770861,128.8341052,37.79501083,128.8293306,0.004774584,-0.017302219,285.4269558
48250-30,경상남도(김해시),시도,경상남도 김해시,중로1-98호선,2.4,35.277232,128.836741,35.2699583,128.8593502,-0.022609217,0.007273704,162.1662851
26440-14,부산광역시(강서구),지방도,부산광역시 강서구,과학산단로,5.5,35.14893328,128.8378128,35.14949992,128.8113943,0.02641849,-0.000566645,358.7712625
48250-61,경상남도(김해시),지방도,경상남도 김해시,지방도1020호선,0.3,35.1892135,128.8386593,35.18808101,128.8358625,0.002796807,0.00113249,22.04413075
26440-2,부산광역시(강서구),지방도,부산광역시 강서구,가락대로,1.2,35.113236,128.84451,35.127345,128.856089,-0.011579,-0.014109,230.6248958
48250-59,경상남도(김해시),시도,경상남도 김해시,시도,0.3,35.2095,128.8447,35.21064812,128.848192,-0.003491995,-0.001148117,198.2001039
26440-13,부산광역시(강서구),지방도,부산광역시 강서구,가락대로,1.2,35.12220815,128.8487731,35.12401044,128.8502941,-0.00152102,-0.001802291,229.8377309
42770-11,강원특별자치도(정선군),군도,강원특별자치도 정선군,군도 7호선,1.7,37.39432675,128.8491308,37.33983442,128.8459614,0.003169333,0.054492328,86.67136534
51770-20,강원특별자치도(정선군),도시계획도로,강원특별자치도 정선군,도시계획도로,0.3,37.20454157,128.8495365,37.20469403,128.851112,-0.001575457,-0.000152453,185.52714
60200-42,국토관리청(원주청),일반국도,강원특별자치도 정선군,38호선,7,37.205596,128.850079,37.204004,128.916195,-0.066116,0.001592,178.6206477
42770-17,강원특별자치도(정선군),도시계획도로,강원특별자치도 정선군,도시계획도로,1.5,37.202204,128.850363,37.193377,128.860608,-0.010245,0.008827,139.252108
48250-47,경상남도(김해시),도시계획도로,경상남도 김해시,소로 1-199,2.2,35.23609187,128.8515911,35.2485094,128.868665,-0.017073866,-0.012417529,216.0277512
48250-50,경상남도(김해시),도시계획도로,경상남도 김해시,소로1-117호선,4.2,35.2729468,128.853589,35.3023503,128.84132,0.012269,-0.0294035,292.6489841
51770-22,강원특별자치도(정선군),도시계획도로,강원특별자치도 정선군,도시계획도로,0.6,37.20195146,128.8550168,37.20546276,128.8540896,0.000927161,-0.0035113,284.7913849
60200-28,국토관리청(원주청),일반국도,강원특별자치도 강릉시,35호선,1,37.579623,128.855193,37.571519,128.851572,0.003621,0.008104,65.92412557
51770-21,강원특별자치도(정선군),도시계획도로,강원특별자치도 정선군,도시계획도로,0.3,37.20085601,128.8554044,37.20111555,128.856103,-0.000698576,-0.000259537,200.3811917
26440-12,부산광역시(강서구),지방도,부산광역시 강서구,국도2호선,0.7,35.11042218,128.85627,35.1106113,128.8555645,0.000705468,-0.000189114,344.9936026
42000-92,강원특별자치도(도로관리사업소 태백지소),지방도,강원특별자치도 정선군,국지도28호선,1,37.23696,128.860671,37.248333,128.865128,-0.004457,-0.011373,248.6001309
42770-15,강원특별자치도(정선군),도시계획도로,강원특별자치도 정선군,도시계획도로,0.8,37.193919,128.861228,37.191042,128.864377,-0.003149,0.002877,137.5844476
42000-93,강원특별자치도(도로관리사업소 태백지소),지방도,강원특별자치도 정선군,국지도28호선,1,37.254499,128.863345,37.262562,128.86734,-0.003995,-0.008063,243.6428199
47230-7,경상북도(영천시),농어촌도로,경상북도 영천시,리도205호,1.54,36.11445794,128.8635128,36.12000981,128.8684518,-0.004939082,-0.005551866,228.3428931
48250-41,경상남도(김해시),일반국도,경상남도 김해시,국도58호선,0.6,35.2774872,128.864253,35.2901272,128.868566,-0.004313,-0.01264,251.1594169
48250-45,경상남도(김해시),시도,경상남도 김해시,대로 2-1-5,0.6,35.26038485,128.8672984,35.26625256,128.8752712,-0.007972786,-0.005867715,216.3518773
26440-1,부산광역시(강서구),지방도,부산광역시 강서구,국도2호선,0.7,35.112071,128.86743,35.10766442,128.8482526,0.019177388,0.004406576,12.94077953
48250-44,경상남도(김해시),도시계획도로,경상남도 김해시,대로 3-1-4,0.25,35.24881845,128.8731376,35.24846149,128.8757444,-0.002606844,0.000356965,172.2027648
42770-16,강원특별자치도(정선군),도시계획도로,강원특별자치도 정선군,도시계획도로,0.6,37.190076,128.874689,37.190293,128.87044,0.004249,-0.000217,357.0763964
42750-3,강원특별자치도(영월군),지방도,강원특별자치도 영월군,군도 15호,3,37.15260659,128.8748502,37.13793897,128.8762258,-0.001375539,0.014667617,95.35756686
48000-132,경상남도(도로관리사업소),지방도,경상남도 밀양시,지방도1022호선,1.2,35.40981211,128.8761263,35.406982,128.875275,0.000851255,0.002830111,73.25949649
48000-173,경상남도(도로관리사업소),지방도,경상남도 밀양시,지방도1022호선,2.1,35.40065,128.876614,35.40052234,128.8870233,-0.01040929,0.000127657,179.2973727
48250-27,경상남도(김해시),국지도,경상남도 김해시,69호선,4,35.31029698,128.8767219,35.3377167,128.893569,-0.016847077,-0.027419724,238.4328298
48000-42,경상남도(도로관리사업소),지방도,경상남도 김해시,국지도60호선,3,35.31104388,128.8769125,35.33250994,128.8884332,-0.011520646,-0.021466065,241.7779401
48000-99,경상남도(도로관리사업소),지방도,경상남도 밀양시,지방도1077호(동면~산내),2,35.515127,128.881829,35.531091,128.887307,-0.005478,-0.015964,251.0604921
42770-13,강원특별자치도(정선군),농어촌도로,강원특별자치도 정선군,농어촌도로203호선,1.2,37.201431,128.882208,37.209269,128.880215,0.001993,-0.007838,284.2664907
48250-32,경상남도(김해시),시도,경상남도 김해시,시도8호선,2.1,35.2945661,128.88277,35.3030891,128.901348,-0.018578,-0.008523,204.6441631
42000-29,강원특별자치도(도로관리사업소 태백지소),지방도,강원특별자치도 삼척시,국지도28호선,1.8,37.311832,128.884055,37.316945,128.886577,-0.002522,-0.005113,243.7450657
48250-34,경상남도(김해시),시도,경상남도 김해시,시도8호선,1,35.2901432,128.884394,35.2971053,128.878267,0.006127,-0.0069621,311.3494098
48250-40,경상남도(김해시),시도,경상남도 김해시,시도6호선,4.2,35.2872399,128.884491,35.2536058,128.9023073,-0.017816299,0.033634105,117.9105862
42150-2,강원특별자치도(강릉시),시도,강원특별자치도 강릉시,강릉대로98번길,0.28,37.751549,128.886166,37.75383,128.880511,0.005655,-0.002281,338.0328298
42150-1,강원특별자치도(강릉시),시도,강원특별자치도 강릉시,명주로,0.32,37.756968,128.886707,37.753712,128.889649,-0.002942,0.003256,132.0997892
60500-82,국토관리청(부산청),위임국도,경상북도 안동시,34,1,36.546176,128.887163,36.54944,128.896727,,,
42150-3,강원특별자치도(강릉시),시도,강원특별자치도 강릉시,홍제로,0.51,37.74832,128.887273,37.754979,128.883775,0.003498,-0.006659,297.71313
48000-100,경상남도(도로관리사업소),지방도,경상남도 밀양시,지방도1077호(동면~산내),2,35.531091,128.887307,35.52283,128.906399,-0.019092,0.008261,156.6021389
48250-37,경상남도(김해시),도시계획도로,경상남도 김해시,소로1-74호선,0.65,35.22894601,128.890106,35.23443477,128.889107,0.000998968,-0.005488758,280.3150682
47230-9,경상북도(영천시),군도,경상북도 영천시,군도12호,1,35.8489844,128.8906085,35.84048141,128.8894774,0.001131142,0.00850299,82.42250162
42150-4,강원특별자치도(강릉시),시도,강원특별자치도 강릉시,남산초교길,0.79,37.744347,128.89129,37.737488,128.888829,0.002461,0.006859,70.26208162
42000-30,강원특별자치도(도로관리사업소 태백지소),지방도,강원특별자치도 삼척시,국지도28호선,1.3,37.321812,128.891371,37.330639,128.895777,-0.004406,-0.008827,243.4739079
42000-36,강원특별자치도(도로관리사업소 태백지소),지방도,강원특별자치도 영월군,국지도414호선,1,37.147105,128.893693,37.154345,128.90646,-0.012767,-0.00724,209.5570095
42000-31,강원특별자치도(도로관리사업소 태백지소),지방도,강원특별자치도 삼척시,국지도28호선,2,37.336619,128.896585,37.352043,128.900897,-0.004312,-0.015424,254.3809042
42000-38,강원특별자치도(도로관리사업소 태백지소),지방도,강원특별자치도 정선군,국지도414호선,1.2,37.176176,128.896794,37.154811,128.905594,-0.0088,0.021365,112.3862044
48250-36,경상남도(김해시),시도,경상남도 김해시,대로 3-1-4,1.5,35.2351615,128.89773,35.2376988,128.888189,0.009541,-0.0025373,345.1076487
48250-38,경상남도(김해시),도시계획도로,경상남도 김해시,소로2-577호선,1.4,35.2609717,128.898265,35.2539768,128.894356,0.003909,0.0069949,60.80198156
42190-10,강원특별자치도(태백시),지방도,강원특별자치도 태백시,국도31호선,1.2,37.1231,128.8993,37.1253,128.8896,0.0097,-0.0022,347.2212668
42000-37,강원특별자치도(도로관리사업소 태백지소),지방도,강원특별자치도 정선군,국지도414호선,1.7,37.148377,128.900097,37.154811,128.905594,-0.005497,-0.006434,229.4905019
48250-42,경상남도(김해시),도시계획도로,경상남도 김해시,중로 1-4,1.6,35.24236526,128.9005064,35.23274897,128.8933177,0.007188644,0.009616292,53.22010423
26440-11,부산광역시(강서구),지방도,부산광역시 강서구,가락대로,0.7,35.17704762,128.9010986,35.17495308,128.9010033,9.5284E-05,0.002094542,87.39532121
48250-35,경상남도(김해시),농어촌도로,경상남도 김해시,리도203호선,1.9,35.2955966,128.902734,35.2846539,128.893125,0.009609,0.0109427,48.71299605
48250-39,경상남도(김해시),도시계획도로,경상남도 김해시,중로 1-9,0.6,35.25188091,128.9033335,35.24755004,128.9112747,-0.007941157,0.004330871,151.3932619
60500-35,국토관리청(부산청),일반국도,경상북도 청송군,35호선,2,36.292668,128.903626,36.281023,128.89352,0.010106,0.011645,49.04723901
60500-36,국토관리청(부산청),일반국도,경상북도 청송군,35호선,2,36.188247,128.904486,36.171814,128.910413,-0.005927,0.016433,109.833192
47230-12,경상북도(영천시),시도,경상북도 영천시,시도2호,1.5,35.94632899,128.9052453,35.95853552,128.91277,-0.007524713,-0.012206528,238.3482455
42770-14,강원특별자치도(정선군),구국도,강원특별자치도 정선군,구국도(고갯길),2,37.20610658,128.9052955,37.20506024,128.9105632,-0.005267724,0.00104634,168.7654331
48250-48,경상남도(김해시),농어촌도로,경상남도 김해시,리도201호선,3.3,35.3022907,128.912553,35.291101,128.926578,-0.014025,0.0111897,141.415749
42770-19,강원특별자치도(정선군),농어촌도로,강원특별자치도 정선군,농어촌도로101호선,0.5,37.500686,128.912835,37.499841,128.918499,-0.005664,0.000845,171.5147484
60500-51,국토관리청(부산청),일반국도,경상북도 봉화군,35호선,4,36.869573,128.913228,36.860792,128.889137,0.024091,0.008781,20.02644226
42000-32,강원특별자치도(도로관리사업소 태백지소),지방도,강원특별자치도 삼척시,국지도28호선,1.9,37.36592,128.913319,37.353394,128.900923,0.012396,0.012526,45.29886782
60500-52,국토관리청(부산청),일반국도,경상북도 안동시,35호선,3,36.304412,128.913778,36.292668,128.903626,0.010152,0.011744,49.15850646
48250-43,경상남도(김해시),도시계획도로,경상남도 김해시,중로 1-4호선,0.6,35.2413119,128.914625,35.23899259,128.9164429,-0.001817859,0.002319306,128.0891563
42150-6,강원특별자치도(강릉시),시도,강원특별자치도 강릉시,연당길,0.2,37.783714,128.915504,37.78157255,128.9154789,2.51342E-05,0.00214145,89.32755028
48000-93,경상남도(도로관리사업소),지방도,경상남도 밀양시,지방도1051호(어곡~단장),2,35.490395,128.925605,35.475331,128.930968,-0.005363,0.015064,109.5964586
60200-48,국토관리청(원주청),일반국도,강원특별자치도 정선군,42호선,7,37.531428,128.926741,37.535764,128.974831,-0.04809,-0.004336,185.1521011
60200-39,국토관리청(원주청),일반국도,강원특별자치도 삼척시,35호선,6,37.354326,128.927005,37.33074,128.969074,-0.042069,0.023586,150.7228145
47170-17,경상북도(안동시),일반국도,경상북도 안동시,국도 35호선,1.4,36.38259405,128.9271678,36.38792033,128.9311786,-0.00401087,-0.005326287,233.019041
26440-10,부산광역시(강서구),지방도,부산광역시 강서구,르노삼성로,0.5,35.09835895,128.9274154,35.09624312,128.9266848,0.000730652,0.002115829,70.94884494
47230-11,경상북도(영천시),시도,경상북도 영천시,시도1호,0.8,35.97393043,128.9284601,35.97944864,128.9226251,0.005835038,-0.00551821,316.5985037
47230-15,경상북도(영천시),시도,경상북도 영천시,시도1호,0.8,35.94315783,128.9307711,35.93940289,128.9374329,-0.006661859,0.00375494,150.5923286
48000-94,경상남도(도로관리사업소),지방도,경상남도 밀양시,지방도1051호(어곡~단장),2,35.475331,128.930968,35.472707,128.938005,-0.007037,0.002624,159.5502101
48000-91,경상남도(도로관리사업소),지방도,경상남도 밀양시,지방도1077호(동면~산내),2,35.549491,128.934635,35.560875,128.940529,-0.005894,-0.011384,242.6274001
48000-95,경상남도(도로관리사업소),지방도,경상남도 밀양시,지방도1051호(어곡~단장),1.1,35.472707,128.938005,35.463209,128.953783,-0.015778,0.009498,148.9530082
47230-10,경상북도(영천시),시도,경상북도 영천시,시도9호,0.3,35.97110152,128.9384715,35.97233558,128.9382033,0.000268199,-0.001234064,282.2614273
42190-2,강원특별자치도(태백시),지방도,강원특별자치도 태백시,국도38호선,0.7,37.20342387,128.9390669,37.2041,128.9361,0.00296686,-0.00067613,347.1618754
48000-92,경상남도(도로관리사업소),지방도,경상남도 밀양시,지방도1077호(동면~산내),1.24,35.560875,128.940529,35.567139,128.944804,-0.004275,-0.006264,235.6875867
42190-1,강원특별자치도(태백시),지방도,강원특별자치도 태백시,국도38호선,0.1,37.2064,128.9412,37.20633081,128.9400994,0.001100632,6.91856E-05,3.59687294
47230-13,경상북도(영천시),시도,경상북도 영천시,시도4호,0.65,35.96779295,128.9413238,35.96799702,128.9482216,-0.00689788,-0.000204067,181.6945434
42190-3,강원특별자치도(태백시),지방도,강원특별자치도 태백시,국도38호선,1.3,37.2032,128.945,37.2066,128.9417,0.0033,-0.0034,314.1449026
47230-14,경상북도(영천시),시도,경상북도 영천시,시도5호,0.6,35.958125,128.9456434,35.96119479,128.9489082,-0.003264746,-0.003069787,223.2371551
60500-37,국토관리청(부산청),일반국도,경상북도 영천시,35호선,2,36.126872,128.95201,36.117569,128.933582,0.018428,0.009303,26.78599613
48000-162,경상남도(도로관리사업소),지방도,경상남도 양산시,국지도69호선,2,35.436341,128.9528895,35.42557749,128.9455618,0.00732769,0.010763509,55.75335485
48000-1,경상남도(도로관리사업소),국지도,경상남도 양산시,국지도69호선,2.9,35.44227274,128.9568246,35.43703828,128.9536371,0.003187576,0.005234461,58.6602624
48000-161,경상남도(도로관리사업소),지방도,경상남도 양산시,국지도69호선,2.9,35.44170564,128.9568267,35.43766769,128.9553719,0.001454892,0.004037949,70.18566819
26380-12,부산광역시(사하구),지방도,부산광역시 사하구,낙동남로,0.3,35.10680719,128.9571805,35.10643656,128.957602,-0.000421464,0.000370633,138.6717652
26440-7,부산광역시(강서구),고속국도,부산광역시 강서구,공항로,0.8,35.18075028,128.9578171,35.18095926,128.9568027,0.001014461,-0.000208981,348.3598203
26380-11,부산광역시(사하구),지방도,부산광역시 사하구,다대로,1,35.05156582,128.9590695,35.05597871,128.9609154,-0.001845904,-0.004412891,247.3005326
26440-9,부산광역시(강서구),지방도,부산광역시 강서구,공항로,0.9,35.17031384,128.9601692,35.16756482,128.9598794,0.000289767,0.00274902,83.98282991
26380-9,부산광역시(사하구),지방도,부산광역시 사하구,낙동대로,1.2,35.11514661,128.9620475,35.12017286,128.9632189,-0.001171398,-0.005026243,256.8810261
47230-6,경상북도(영천시),군도,경상북도 영천시,군도8호,1.7,36.121787,128.96453,36.12395,128.9775,-0.01297,-0.002163,189.468053
60500-66,국토관리청(부산청),일반국도,경상북도 안동시,34호선,6,36.567022,128.966892,36.546357,129.013483,-0.046591,0.020665,156.08077
42190-18,강원특별자치도(태백시),지방도,강원특별자치도 태백시,국도38호선,2.4,37.1816,128.9683,37.198,128.9614,0.0069,-0.0164,292.8180337
26530-4,부산광역시(사상구),지방도,부산광역시 사상구,엄궁롯데캐슬 진입로,0.6,35.1289517,128.9706135,35.12798542,128.9767767,-0.006163216,0.000966272,171.0896712
48000-43,경상남도(도로관리사업소),지방도,경상남도 김해시,국지도69호선,2.8,35.30913486,128.970816,35.27796943,128.9844026,-0.013586624,0.031165433,113.5548763
26530-5,부산광역시(사상구),지방도,부산광역시 사상구,엄궁로,1.4,35.131049,128.97214,35.128223,128.978437,-0.006297,0.002826,155.8301659
26380-2,부산광역시(사하구),지방도,부산광역시 사하구,장평로,1.5,35.089877,128.973002,35.09657247,128.9862192,-0.013217203,-0.006695472,206.8655189
26440-8,부산광역시(강서구),지방도,부산광역시 강서구,공항로,0.8,35.21153902,128.9756821,35.21185432,128.9722061,0.003475984,-0.000315297,354.81704
26380-5,부산광역시(사하구),지방도,부산광역시 사하구,제석로,1.6,35.107394,128.976046,35.115462,128.989095,-0.013049,-0.008068,211.727877
26380-4,부산광역시(사하구),지방도,부산광역시 사하구,다대로,1.2,35.10169454,128.9766201,35.10089588,128.9765022,0.000117916,0.000798667,81.6014801
26380-17,부산광역시(사하구),광역시도,부산광역시 사하구,낙동대로372,0.1,35.1029378,128.9776677,35.10242337,128.9774863,0.000181367,0.000514431,70.57949264
26380-3,부산광역시(사하구),지방도,부산광역시 사하구,두송로,1.4,35.08053202,128.9777997,35.07237831,128.9837379,-0.005938154,0.008153711,126.0649609
26380-10,부산광역시(사하구),지방도,부산광역시 사하구,을숙도대로,1.4,35.085103,128.977883,35.08671,128.993475,-0.015592,-0.001607,185.8844509
26380-14,부산광역시(사하구),지방도,부산광역시 사하구,다대로,0.4,35.06542098,128.9797094,35.06193599,128.9770071,0.002702307,0.003484989,52.20952405
60500-47,국토관리청(부산청),일반국도,경상북도 봉화군,31호선,11,37.017571,128.979842,36.933074,128.987833,-0.007991,0.084497,95.40247447
47230-5,경상북도(영천시),농어촌도로,경상북도 영천시,면도101호,0.9,36.14256075,128.9799312,36.14130138,128.9895435,-0.009612261,0.001259378,172.5357455
48250-28,경상남도(김해시),국지도,경상남도 김해시,69호선,2.4,35.2798906,128.981272,35.3017106,128.976121,0.005151,-0.02182,283.2825175
48000-175,경상남도(도로관리사업소),지방도,경상남도 양산시,지방도1051호선,2.8,35.437,128.9814,35.4545,128.9653,0.0161,-0.0175,312.614056
70100-37,한국도로공사(한국도로공사),고속국도,강원특별자치도 강릉시,65호선,1,37.68200599,128.9850772,37.68471612,128.9743098,0.010767447,-0.002710138,345.8722622
26440-4,부산광역시(강서구),일반국도,부산광역시 강서구,구포대교,1.1,35.21046452,128.9854584,35.20934559,128.9860088,-0.000550398,0.00111893,116.1924384
42190-8,강원특별자치도(태백시),지방도,강원특별자치도 태백시,국도35호선,1.3,37.2186,128.9871,37.2304,128.9897,-0.0026,-0.0118,257.5740571
42190-19,강원특별자치도(태백시),지방도,강원특별자치도 태백시,시도(번영로),0.3,37.153,128.9881,37.1549,128.987,0.0011,-0.0019,300.0685828
26530-8,부산광역시(사상구),지방도,부산광역시 사상구,우리주유소,0.16,35.169512,128.988515,35.169043,128.990709,-0.002194,0.000469,167.9337811
42190-20,강원특별자치도(태백시),지방도,강원특별자치도 태백시,시도(문예길),0.3,37.1687,128.9892,37.1691,128.9871,0.0021,-0.0004,349.2157021
26530-6,부산광역시(사상구),지방도,부산광역시 사상구,대덕여고 진입로,0.5,35.178683,128.98942,35.178569,128.993432,-0.004012,0.000114,178.3723924
42190-11,강원특별자치도(태백시),지방도,강원특별자치도 태백시,시도(문화로),0.2,37.1666,128.9896,37.1666,128.9916,-0.002,0,180
26530-13,부산광역시(사상구),지방도,부산광역시 사상구,모라중학교,0.25,35.189902,128.989977,35.189468,128.993115,-0.003138,0.000434,172.1256807
26530-9,부산광역시(사상구),지방도,부산광역시 사상구,신모라사거리,0.3,35.186397,128.991219,35.186222,128.994548,-0.003329,0.000175,176.9908259
60200-21,국토관리청(원주청),일반국도,강원특별자치도 강릉시,7호선,10,37.710869,128.991771,37.637616,129.018053,-0.026282,0.073253,109.7371713
26380-7,부산광역시(사하구),지방도,부산광역시 사하구,낙동대로,0.5,35.100269,128.993164,35.103215,128.990774,0.00239,-0.002946,309.0513666
42190-9,강원특별자치도(태백시),지방도,강원특별자치도 태백시,국도35호선,0.7,37.2615,128.9932,37.2634,128.9959,-0.0027,-0.0019,215.1341931
26380-15,부산광역시(사하구),지방도,부산광역시 사하구,감천로,0.8,35.092352,128.99372,35.09409918,128.9930351,0.000684936,-0.001747184,291.4063111
42190-6,강원특별자치도(태백시),지방도,강원특별자치도 태백시,국도31호선,1.4,37.1446,128.9951,37.1389,128.999,-0.0039,0.0057,124.3803447
48330-4,경상남도(양산시),지방도,경상남도 양산시,지방도1051호선,2.9,35.41012736,128.9957719,35.41857196,128.9824978,0.01327405,-0.0084446,327.5365607
42190-5,강원특별자치도(태백시),지방도,강원특별자치도 태백시,국도35호선,2,37.1749,128.9968,37.1753,129.017,-0.0202,-0.0004,181.1344216
26530-2,부산광역시(사상구),지방도,부산광역시 사상구,백양마을 일원,0.6,35.15393469,128.9982397,35.15624273,128.9992289,-0.000989147,-0.002308038,246.8016581
26530-7,부산광역시(사상구),지방도,부산광역시 사상구,주감초등학교,0.37,35.15298,129.001543,35.154787,129.002272,-0.000729,-0.001807,248.0293192
47750-1,경상북도(청송군),국지도,경상북도 청송군,국지도68호선,2.3,36.286153,129.001685,36.281072,128.98268,0.019005,0.005081,14.96800104
26530-14,부산광역시(사상구),지방도,부산광역시 사상구,주례 현대아파트,0.32,35.153739,129.002123,35.1548,129.002246,-0.000123,-0.001061,263.3873118
42190-7,강원특별자치도(태백시),지방도,강원특별자치도 태백시,시도(메밀들1길),0.8,37.1072,129.0032,37.0944,129.0223,-0.0191,0.0128,146.1717041
60500-79,국토관리청(부산청),일반국도,경상남도 밀양시,24,4,35.586497,129.003219,35.605565,129.039845,,,
60500-63,국토관리청(부산청),일반국도,경상북도 봉화군,31호선,3,36.877943,129.003319,36.864832,129.009043,-0.005724,0.013111,113.5851178
26530-1,부산광역시(사상구),지방도,부산광역시 사상구,운수사 진입로,0.8,35.18582495,129.0038737,35.1842748,129.0123799,-0.008506225,0.001550152,169.6719051
42190-14,강원특별자치도(태백시),지방도,강원특별자치도 태백시,국도31호선,0.3,37.1085,129.0047,37.107,129.0025,0.0022,0.0015,34.28687698
26380-6,부산광역시(사하구),지방도,부산광역시 사하구,옥천로,1.2,35.08798262,129.0050876,35.09720391,129.0104498,-0.00536223,-0.009221293,239.821776
26530-10,부산광역시(사상구),지방도,부산광역시 사상구,주례여중,0.45,35.150463,129.005959,35.146576,129.006503,-0.000544,0.003887,97.96700812
26380-1,부산광역시(사하구),지방도,부산광역시 사하구,대티로,1,35.10662566,129.0073579,35.10382576,129.001046,0.006311951,0.0027999,23.92145649
47760-1,경상북도(영양군),군도,경상북도 영양군,군도 2호선,1.5,36.59496909,129.0074676,36.59989175,128.9907306,0.016736984,-0.004922663,343.6103941
26380-8,부산광역시(사하구),지방도,부산광역시 사하구,까치고개로,0.2,35.104527,129.007671,35.104724,129.009481,-0.00181,-0.000197,186.2116092
42190-13,강원특별자치도(태백시),지방도,강원특별자치도 태백시,시도(목련길),0.2,37.10009422,129.0079338,37.0996,129.0098,-0.001866204,0.00049422,165.1670789
26320-5,부산광역시(북구),지방도,부산광역시 북구,운수사길,1,35.19286189,129.0086946,35.18960085,129.0066631,0.002031508,0.003261044,58.07864
26380-13,부산광역시(사하구),지방도,부산광역시 사하구,감천로,0.5,35.08424762,129.0088716,35.08183226,129.011196,-0.002324375,0.002415366,133.9002066
26140-2,부산광역시(서구),지방도,부산광역시 서구,꽃마을로,0.8,35.12185087,129.0094624,35.12731682,129.0070044,0.002457918,-0.005465952,294.2123939
26380-16,부산광역시(사하구),광역시도,부산광역시 사하구,대티터널,0.2,35.10910888,129.0099667,35.10563608,129.0067135,0.003253227,0.003472808,46.86983558
26530-11,부산광역시(사상구),지방도,부산광역시 사상구,냉정역5번 출구,0.46,35.150833,129.010094,35.146843,129.010566,-0.000472,0.00399,96.74649331
60500-27,국토관리청(부산청),일반국도,경상북도 영천시,28호선,2,36.015946,129.010334,36.011621,129.031594,-0.02126,0.004325,168.5010245
42190-4,강원특별자치도(태백시),지방도,강원특별자치도 태백시,시도(연화산길),0.5,37.14703563,129.0109143,37.14621501,129.0118055,-0.000891231,0.000820619,137.362037
26530-3,부산광역시(사상구),지방도,부산광역시 사상구,동서대 진입로,1.5,35.15089567,129.0113455,35.14675135,129.0105963,0.000749119,0.004144316,79.75396167
42000-33,강원특별자치도(도로관리사업소 태백지소),지방도,강원특별자치도 삼척시,국지도28호선,1.5,37.384713,129.012089,37.388434,129.023756,-0.011667,-0.003721,197.6892373
26140-4,부산광역시(서구),지방도,부산광역시 서구,대티로,1,35.11149817,129.0121756,35.10760067,129.0085934,0.003582201,0.003897505,47.41385505
60500-22,국토관리청(부산청),일반국도,경상북도 영천시,4호선,3,35.924485,129.01227,35.903265,129.031865,-0.019595,0.02122,132.7200418
26530-12,부산광역시(사상구),지방도,부산광역시 사상구,주례여고,0.6,35.151111,129.01261,35.145944,129.013339,-0.000729,0.005167,98.03072227
26140-3,부산광역시(서구),지방도,부산광역시 서구,까치고개로,1.3,35.10010215,129.0159809,35.10404689,129.0111356,0.004845246,-0.003944746,320.8493246
42190-12,강원특별자치도(태백시),지방도,강원특별자치도 태백시,국도31호선,0.2,37.097,129.0164,37.0986,129.0149,0.0015,-0.0016,313.1523897
26140-1,부산광역시(서구),지방도,부산광역시 서구,감천로,1.1,35.0792029,129.018149,35.08192033,129.011537,0.006611924,-0.002717426,337.6578926
26140-7,부산광역시(서구),지방도,부산광역시 서구,해돋이로169번길,0.2,35.09276544,129.0185431,35.09120304,129.0190549,-0.000511748,0.001562402,108.1356681
26140-6,부산광역시(서구),지방도,부산광역시 서구,망양로,0.6,35.11730803,129.0195093,35.11431665,129.0259669,-0.006457633,0.002991385,155.1448999
26230-5,부산광역시(부산진구),지방도,부산광역시 부산진구,복지로,1.1,35.15288,129.02016,35.14501,129.02017,-1E-05,0.00787,90.07280273
26140-5,부산광역시(서구),지방도,부산광역시 서구,천해로,0.6,35.08260818,129.0216853,35.08331475,129.0174244,0.004260909,-0.000706573,350.584502
70100-125,한국도로공사(한국도로공사),고속국도,경상북도 영천시,1호선,1,35.89250358,129.0236339,35.89692629,129.0140121,0.009621807,-0.004422708,335.3139049
26320-2,부산광역시(북구),지방도,부산광역시 북구,산성로,1,35.24016921,129.0238038,35.25009697,129.0418955,-0.018091643,-0.009927763,208.7557139
26110-6,부산광역시(중구),구도,부산광역시 중구,보수북길,0.25,35.10682736,129.0239914,35.10826675,129.0252436,-0.001252154,-0.001439395,228.9794325
47750-3,경상북도(청송군),지방도,경상북도 청송군,지방도914호선,5.4,36.43325,129.025564,36.438639,128.977076,0.048488,-0.005389,353.6581222
47760-20,경상북도(영양군),지방도,경상북도 영양군,지방도 918호선,1.2,36.76493953,129.0275788,36.75248459,128.9903927,0.037186146,0.012454944,18.51750423
31710-4,울산광역시(울주군),지방도,울산광역시 울주군,국지도69호선,1.6,35.57985975,129.0282233,35.56754281,129.0231286,0.005094663,0.012316945,67.52852434
26110-9,부산광역시(중구),구도,부산광역시 중구,망양로,0.1,35.10598458,129.0286493,35.10583256,129.0279775,0.0006718,0.000152017,12.75034601
26110-5,부산광역시(중구),구도,부산광역시 중구,대청북길,0.14,35.10528884,129.0295435,35.10531536,129.0288406,0.000702875,-2.65186E-05,357.8393236
26110-4,부산광역시(중구),구도,부산광역시 중구,중구로91번길,0.12,35.1053779,129.0304205,35.10585265,129.0309616,-0.000541034,-0.000474743,221.2661107
47760-5,경상북도(영양군),군도,경상북도 영양군,군도20호선,0.8,36.75130552,129.0308819,36.75463006,129.0364089,-0.005526987,-0.00332454,211.0273472
26230-4,부산광역시(부산진구),지방도,부산광역시 부산진구,백양관문로,1.5,35.15947,129.03118,35.17123444,129.0248884,0.006291583,-0.01176444,298.1377216
47130-14,경상북도(경주시),군도,경상북도 경주시,군도11호선,0.5,35.83752096,129.0312483,35.84482101,129.0269527,0.004295641,-0.007300048,300.4742589
47130-16,경상북도(경주시),군도,경상북도 경주시,군도11호선,2.5,35.85820997,129.0312883,35.84488936,129.0268991,0.004389203,0.013320607,71.76270396
26110-8,부산광역시(중구),구도,부산광역시 중구,영주로,0.16,35.11464983,129.031672,35.11454316,129.0330504,-0.001378462,0.000106671,175.5750412
70100-148,한국도로공사(한국도로공사),고속국도,경상북도 청송군,30호선,1,36.45639858,129.0317143,36.46164425,129.0406943,-0.008979986,-0.005245669,210.291385
26230-11,부산광역시(부산진구),지방도,부산광역시 부산진구,백양산로,640,35.17729315,129.0318306,35.17614979,129.0269282,0.004902421,0.001143366,13.12811918
26110-7,부산광역시(중구),구도,부산광역시 중구,중구로,0.22,35.10655147,129.0320116,35.10741977,129.0314517,0.000559958,-0.000868299,302.8176141
26110-1,부산광역시(중구),구도,부산광역시 중구,중구로 ~ 영주로 ~ 동영로,0.75,35.10657507,129.0322642,35.11174174,129.0344699,-0.002205694,-0.005166667,246.8819501
26110-2,부산광역시(중구),지방도,부산광역시 중구,망양로,0.6,35.11590012,129.0337129,35.11174361,129.0294478,0.004265124,0.004156512,44.26111449
26170-6,부산광역시(동구),지방도,부산광역시 동구,결빙 취약 구간,0.5,35.11456842,129.0360331,35.11731818,129.0337072,0.002325882,-0.002749758,310.2261999
70100-36,한국도로공사(한국도로공사),고속국도,강원특별자치도 강릉시,65호선,3,37.62079088,129.0363122,37.6411168,129.0158111,0.020501044,-0.020325919,315.2457656
31710-3,울산광역시(울주군),지방도,울산광역시 울주군,국지도69호선,1.4,35.60287,129.037132,35.594554,129.031245,0.005887,0.008316,54.70484742
47760-3,경상북도(영양군),군도,경상북도 영양군,군도20호선,0.3,36.67798766,129.0371954,36.67525999,129.0399187,-0.002723292,0.00272767,134.9539871
47130-17,경상북도(경주시),농어촌도로,경상북도 경주시,면도101호선,0.2,35.73962132,129.0373594,35.73125603,129.0339177,0.003441654,0.00836529,67.63671683
42190-17,강원특별자치도(태백시),지방도,강원특별자치도 태백시,시도(피내골길),0.6,37.1261,129.0383,37.1298,129.0328,0.0055,-0.0037,326.0702026
42190-15,강원특별자치도(태백시),지방도,강원특별자치도 태백시,시도(삼방길),0.2,37.117,129.0383,37.1162,129.0401,-0.0018,0.0008,156.037511
60200-43,국토관리청(원주청),일반국도,강원특별자치도 태백시,38호선,6,37.170212,129.03864,37.205787,129.037723,0.000917,-0.035575,271.4765593
31710-2,울산광역시(울주군),지방도,울산광역시 울주군,국지도69호선,0.9,35.609833,129.03922,35.602919,129.037086,0.002134,0.006914,72.84720462
26230-3,부산광역시(부산진구),지방도,부산광역시 부산진구,엄광로,1.3,35.15411222,129.0392805,35.15144461,129.0479868,-0.008706311,0.002667606,162.9649823
47760-4,경상북도(영양군),군도,경상북도 영양군,군도20호선,0.5,36.72296348,129.0393976,36.72628705,129.0361107,0.003286901,-0.003323565,314.6822131
31710-1,울산광역시(울주군),지방도,울산광역시 울주군,국지도69호선,1.4,35.61720348,129.0396801,35.61445076,129.0413839,-0.001703749,0.002752719,121.7547335
47820-5,경상북도(청도군),군도,경상북도 청도군,17호선,2,35.63734299,129.0398757,35.65034138,129.0289453,0.010930405,-0.012998385,310.0606423
31710-5,울산광역시(울주군),지방도,울산광역시 울주군,국지도69호선,1.9,35.636145,129.040153,35.63872042,129.0496988,-0.00954575,-0.00257542,195.0987614
47760-2,경상북도(영양군),군도,경상북도 영양군,군도3호선,1,36.70993814,129.0429002,36.71616684,129.041917,0.000983191,-0.006228706,278.9700305
26200-1,부산광역시(영도구),지방도,부산광역시 영도구,남항시장길,0.25,35.08753164,129.0439991,35.08739778,129.0465643,-0.002565214,0.000133859,177.0128891
42190-16,강원특별자치도(태백시),지방도,강원특별자치도 태백시,시도(동태백로),0.5,37.1204,129.045,37.117,129.044,0.001,0.0034,73.61045967
26320-4,부산광역시(북구),지방도,부산광역시 북구,만덕고개길,1.9,35.21481438,129.0455725,35.21619206,129.0502845,-0.004712068,-0.00137768,196.2974813
42000-34,강원특별자치도(도로관리사업소 태백지소),지방도,강원특별자치도 삼척시,국지도28호선,1,37.403633,129.045813,37.402083,129.038196,0.007617,0.00155,11.50219462
26200-2,부산광역시(영도구),지방도,부산광역시 영도구,봉래언덕길,0.3,35.09392122,129.0474365,35.09279891,129.0501622,-0.002725724,0.001122311,157.6207001
26170-5,부산광역시(동구),지방도,부산광역시 동구,안창로,1,35.14441164,129.047929,35.14380997,129.039339,0.008590037,0.000601669,4.006608077
26170-7,부산광역시(동구),지방도,부산광역시 동구,결빙구간,0.1,35.13249068,129.0481674,35.1313404,129.0490568,-0.000889356,0.001150277,127.7100124
31710-6,울산광역시(울주군),지방도,울산광역시 울주군,국지도69호선,1.2,35.638166,129.048493,35.62878,129.049195,-0.000702,0.009386,94.27731617
60500-32,국토관리청(부산청),일반국도,경상북도 청송군,31호선,3,36.231234,129.048785,36.216119,129.050403,-0.001618,0.015115,96.1100159
31710-7,울산광역시(울주군),지방도,울산광역시 울주군,국지도69호선,1.5,35.62878,129.049195,35.619274,129.048483,0.000712,0.009506,85.71654065
60500-30,국토관리청(부산청),일반국도,경상북도 청송군,31호선,4,36.426095,129.049647,36.399019,129.06907,-0.019423,0.027076,125.6538095
26170-8,부산광역시(동구),지방도,부산광역시 동구,결빙,0.5,35.13294888,129.0499025,35.13519596,129.0458587,0.004043798,-0.002247087,330.9396323
26170-10,부산광역시(동구),지방도,부산광역시 동구,결빙,0.3,35.1393982,129.0508765,35.1377172,129.0497426,0.001133921,0.001680997,55.99825513
26260-13,부산광역시(동래구),지방도,부산광역시 동래구,만덕고갯길,2.6,35.21156923,129.0518257,35.21154359,129.0579877,-0.006162062,2.56415E-05,179.7615833
60500-25,국토관리청(부산청),일반국도,경상북도 경주시,20호선,6,35.76824,129.052874,35.809787,129.069128,-0.016254,-0.041547,248.6335896
26170-9,부산광역시(동구),지방도,부산광역시 동구,결빙,1,35.14179308,129.0546684,35.13830337,129.0479415,0.006726923,0.003489703,27.41877528
47130-18,경상북도(경주시),농어촌도로,경상북도 경주시,면도101호선,0.8,35.86896071,129.0548715,35.87067414,129.0493818,0.005489752,-0.001713424,342.6661642
26260-9,부산광역시(동래구),지방도,부산광역시 동래구,구만덕로,1.8,35.2117555,129.0560842,35.20892567,129.0670968,-0.011012615,0.00282983,165.5889176
42000-35,강원특별자치도(도로관리사업소 태백지소),지방도,강원특별자치도 삼척시,국지도28호선,1,37.405266,129.056698,37.407046,129.068044,-0.011346,-0.00178,188.9160866
47230-8,경상북도(영천시),군도,경상북도 영천시,군도7호,0.8,35.9448656,129.0575172,35.94074931,129.049592,0.007925217,0.004116283,27.4469416
70100-149,한국도로공사(한국도로공사),고속국도,경상북도 청송군,30호선,2,36.47231168,129.0586633,36.47621759,129.0801558,-0.0214925,-0.003905912,190.300162
26200-3,부산광역시(영도구),지방도,부산광역시 영도구,청학서로,0.3,35.09745257,129.0594822,35.09624104,129.0568539,0.00262833,0.001211537,24.74749103
26260-11,부산광역시(동래구),지방도,부산광역시 동래구,"달북길, 달북1.2길",2,35.20263308,129.060126,35.19560635,129.0611057,-0.000979696,0.00702673,97.93724848
26200-4,부산광역시(영도구),지방도,부산광역시 영도구,청학로,0.48,35.09637679,129.0612265,35.09289898,129.0596951,0.001531406,0.003477808,66.23435423
47130-10,경상북도(경주시),농어촌도로,경상북도 경주시,리도201호선,0.3,35.72669141,129.0613905,35.72325211,129.0670256,-0.005635094,0.003439303,148.6027659
31710-13,울산광역시(울주군),지방도,울산광역시 울주군,군도30호선,1.8,35.621988,129.063114,35.63405,129.055933,0.007181,-0.012062,300.7670618
60200-44,국토관리청(원주청),일반국도,강원특별자치도 삼척시,38호선,5,37.26936,129.064301,37.304314,129.071327,-0.007026,-0.034954,258.6345985
47760-6,경상북도(영양군),군도,경상북도 영양군,군도21호선,1,36.78831554,129.0643098,36.79379355,129.0644186,-0.00010881,-0.005478017,268.8620812
26260-10,부산광역시(동래구),지방도,부산광역시 동래구,쇠미로,1.4,35.20950194,129.0643881,35.20678472,129.0574779,0.006910112,0.002717225,21.4659606
26200-5,부산광역시(영도구),지방도,부산광역시 영도구,청학동로,0.85,35.09427131,129.0644829,35.08894007,129.0595722,0.004910727,0.005331238,47.35111226
26200-6,부산광역시(영도구),지방도,부산광역시 영도구,일산봉로,0.9,35.09029717,129.065564,35.08666576,129.0648839,0.000680161,0.003631402,79.39142752
26260-3,부산광역시(동래구),지방도,부산광역시 동래구,"(금정마을로, 쇠미로) 대동다숲Apt~삼협Apt~수덕사 입구",0.28,35.21136826,129.0667197,35.21148599,129.0624135,0.004306206,-0.000117734,358.4338942
60500-64,국토관리청(부산청),일반국도,경상북도 봉화군,31호선,7,36.838532,129.067353,36.816659,129.12119,-0.053837,0.021873,157.8889816
26290-6,부산광역시(남구),지방도,부산광역시 남구,장고개로,0.9,35.1356689,129.0692632,35.1253706,129.0710092,-0.001746,0.0102983,99.6225694
26230-2,부산광역시(부산진구),지방도,부산광역시 부산진구,진남로,2,35.16696,129.06946,35.14969968,129.0734332,-0.003973246,0.017260318,102.9633986
47130-9,경상북도(경주시),농어촌도로,경상북도 경주시,리도203호선,2.9,35.75863342,129.0704569,35.75613858,129.057245,0.013211852,0.002494836,10.69342886
26200-7,부산광역시(영도구),지방도,부산광역시 영도구,동삼남로,0.43,35.07738466,129.0704869,35.07719379,129.0659317,0.004555207,0.000190865,2.399312458
26260-12,부산광역시(동래구),지방도,부산광역시 동래구,우장춘로,2.15,35.21260748,129.0717745,35.22586303,129.0782164,-0.006441924,-0.013255547,244.0811975
26230-10,부산광역시(부산진구),지방도,부산광역시 부산진구,진남로,565,35.15418361,129.0719621,35.15788016,129.0761632,-0.004201076,-0.003696551,221.3447297
26200-9,부산광역시(영도구),지방도,부산광역시 영도구,상리로,1.2,35.08621827,129.0719635,35.08337616,129.0630597,0.00890384,0.002842107,17.70309249
31710-10,울산광역시(울주군),지방도,울산광역시 울주군,군도2호선,1.8,35.659069,129.073051,35.671005,129.085085,-0.012034,-0.011936,224.7657507
26200-8,부산광역시(영도구),지방도,부산광역시 영도구,와치로,0.35,35.07337335,129.0731164,35.07262918,129.0745997,-0.001483245,0.000744166,153.3564058
26200-10,부산광역시(영도구),지방도,부산광역시 영도구,웃서발로,0.3,35.07844759,129.0735359,35.07902214,129.0704143,0.003121513,-0.000574556,349.5706875
26230-1,부산광역시(부산진구),지방도,부산광역시 부산진구,진남로,0.7,35.17192,129.07458,35.1671,129.06945,0.00513,0.00482,43.21548261
26410-1,부산광역시(금정구),지방도,부산광역시 금정구,산성로,7,35.23130772,129.0763132,35.25097444,129.0458687,0.030444501,-0.01966672,327.1381087
47760-21,경상북도(영양군),지방도,경상북도 영양군,지방도 918호선,0.7,36.75096304,129.076556,36.75840287,129.058038,0.018517971,-0.007439835,338.1115664
26260-6,부산광역시(동래구),지방도,부산광역시 동래구,온천둑길(수안동),1.2,35.19771439,129.0824957,35.19378411,129.0925135,-0.010017878,0.003930285,158.5785789
26470-2,부산광역시(연제구),지방도,부산광역시 연제구,황령산로,1.4,35.16494677,129.082778,35.15888216,129.0829426,-0.000164628,0.0060646,91.55495808
26470-1,부산광역시(연제구),지방도,부산광역시 연제구,황령산로,1,35.1723367,129.0836395,35.16236445,129.0822147,0.001424771,0.009972244,81.86896944
26290-2,부산광역시(남구),지방도,부산광역시 남구,진남로,1.3,35.1355083,129.0838213,35.1480835,129.074105,0.0097163,-0.0125752,307.6916728
26410-2,부산광역시(금정구),지방도,부산광역시 금정구,범어로,4.5,35.275761,129.084951,35.277647,129.08992,-0.004969,-0.001886,200.7844196
47750-5,경상북도(청송군),일반국도,경상북도 청송군,국도34호선,1,36.540618,129.085194,36.53941,129.090309,-0.005115,0.001208,166.712039
60500-55,국토관리청(부산청),일반국도,경상북도 울진군,36호선,5,36.947311,129.086832,36.931157,129.125395,-0.038563,0.016154,157.2712415
26290-5,부산광역시(남구),지방도,부산광역시 남구,황령대로319번가길,0.8,35.1537062,129.0886946,35.1502164,129.0897192,-0.0010246,0.0034898,106.3621591
26260-14,부산광역시(동래구),지방도,부산광역시 동래구,시실로,1.2,35.21274712,129.09362,35.20702203,129.1030545,-0.009434514,0.005725098,148.7495813
26260-4,부산광역시(동래구),지방도,부산광역시 동래구,복천로,0.97,35.20730696,129.095083,35.20572814,129.08609,0.00899296,0.001578826,9.957512073
26260-16,부산광역시(동래구),지방도,부산광역시 동래구,명서로,0.68,35.2072877,129.0951262,35.21230763,129.1002485,-0.005122279,-0.00501993,224.4218257
26500-2,부산광역시(수영구),지방도,부산광역시 수영구,부산여상고갯길,0.1,35.170229,129.096365,35.170337,129.097204,-0.000839,-0.000108,187.3350439
26290-4,부산광역시(남구),지방도,부산광역시 남구,신선대산복로,0.4,35.1212086,129.098685,35.1032196,129.1156602,-0.0169752,0.017989,133.3391529
26290-1,부산광역시(남구),지방도,부산광역시 남구,동명로,0.6,35.1212349,129.09876,35.1196215,129.1120426,-0.0132826,0.0016134,173.074371
60500-28,국토관리청(부산청),일반국도,경상북도 영천시,28호선,3,35.983581,129.106166,35.980171,129.13372,-0.027554,0.00341,172.9451181
47000-11,경상북도(본청),지방도,경상북도 영양군,지방도920호선,1,36.66184392,129.1072512,36.66501101,129.0661061,0.041145086,-0.003167085,355.5984169
26260-15,부산광역시(동래구),지방도,부산광역시 동래구,안락로 101번길 일대,0.5,35.19923254,129.108136,35.20207941,129.1081758,-3.98483E-05,-0.002846871,269.1980706
26500-1,부산광역시(수영구),지방도,부산광역시 수영구,황령산고갯길,1.1,35.14737303,129.1098751,35.15474784,129.0990805,0.010794568,-0.007374808,325.6592576
31710-8,울산광역시(울주군),지방도,울산광역시 울주군,군도26호선,1.5,35.497973,129.11013,35.488572,129.117624,-0.007494,0.009401,128.5600742
26260-1,부산광역시(동래구),지방도,부산광역시 동래구,명장로,0.35,35.20474573,129.1113505,35.20460115,129.1079876,0.003362877,0.000144588,2.46194231
60500-33,국토관리청(부산청),일반국도,경상북도 포항시,31호선,3,36.12841,129.111865,36.11507,129.128544,-0.016679,0.01334,141.3468952
31710-17,울산광역시(울주군),군도,울산광역시 울주군,울주종합체육센터 오르막길,0.5,35.5578328,129.1122425,35.55554888,129.1069527,0.005289813,0.002283923,23.3526959
26290-3,부산광역시(남구),지방도,부산광역시 남구,이기대공원로,0.6,35.1244808,129.1147473,35.1250987,129.1193136,-0.0045663,-0.0006179,187.7063091
31710-11,울산광역시(울주군),지방도,울산광역시 울주군,군도4호선,1.4,35.530854,129.117422,35.532037,129.130367,-0.012945,-0.001183,185.2215648
26350-17,부산광역시(해운대구),지방도,부산광역시 해운대구,해운대로61번길,1.1,35.1917235,129.1201172,35.194636,129.1305937,-0.01047658,-0.002912508,195.536027
42230-1,강원특별자치도(삼척시),지방도,강원특별자치도 삼척시,오십천로,1.4,37.43887786,129.1207966,37.44190808,129.1292962,-0.008499553,-0.003030218,199.6219159
42230-4,강원특별자치도(삼척시),도시계획도로,강원특별자치도 삼척시,오십천로,1.4,37.43886352,129.1208705,37.44191469,129.1292783,-0.008407771,-0.003051167,199.9457551
26500-3,부산광역시(수영구),지방도,부산광역시 수영구,백산허리길,0.6,35.16544249,129.1259414,35.16132775,129.1292702,-0.003328777,0.004114732,128.9725182
26350-12,부산광역시(해운대구),지방도,부산광역시 해운대구,재반로,0.8,35.20490741,129.1259829,35.20012943,129.1316052,-0.005622307,0.004777979,139.6412726
26350-16,부산광역시(해운대구),지방도,부산광역시 해운대구,재송2로,0.8,35.19316685,129.1293971,35.19068846,129.1331949,-0.003797845,0.002478384,146.8724831
26350-13,부산광역시(해운대구),지방도,부산광역시 해운대구,재반로,1.2,35.19356553,129.1300153,35.1792222,129.1262783,0.003737008,0.014343331,75.39682004
31710-12,울산광역시(울주군),지방도,울산광역시 울주군,군도4호선,1.4,35.532037,129.130367,35.522904,129.138376,-0.008009,0.009133,131.2484892
47760-13,경상북도(영양군),지방도,경상북도 영양군,지방도920호선,1.5,36.63625073,129.1321287,36.6143909,129.1504079,-0.018279254,0.021859829,129.9024691
31710-1,울산광역시(울주군),지방도,울산광역시 울주군,군도26호선,1.6,35.478398,129.132154,35.469629,129.136046,-0.003892,0.008769,113.933383
47760-17,경상북도(영양군),일반국도,경상북도 영양군,국도 31호선,5,36.80730901,129.1354465,36.83339268,129.1023803,0.033066273,-0.026083676,321.7325552
47130-15,경상북도(경주시),군도,경상북도 경주시,군도2호선(새안현로),1.6,35.94400913,129.1361092,35.93291636,129.142386,-0.006276891,0.011092765,119.5035468
26710-5,부산광역시(기장군),지방도,부산광역시 기장군,군도17호선,0.5,35.27863345,129.1400928,35.28288156,129.1270532,0.013039617,-0.004248115,341.9551527
26710-15,부산광역시(기장군),국지도,부산광역시 기장군,국지도60호선,1,35.35786652,129.1413688,35.35108224,129.1557706,-0.014401774,0.006784278,154.7761691
70100-134,한국도로공사(한국도로공사),고속국도,경상북도 포항시,20호선,2,36.06214978,129.1439342,36.07549106,129.1588507,-0.014916415,-0.013341285,221.809542
42000-100,강원특별자치도(도로관리사업소 태백지소),지방도,강원특별자치도 삼척시,지방도416호선,1,37.169412,129.145104,37.16234,129.148961,-0.003857,0.007072,118.6076214
47750-2,경상북도(청송군),지방도,경상북도 청송군,지방도914호선,2.3,36.368182,129.145119,36.360036,129.15993,-0.014811,0.008146,151.1893548
26710-1,부산광역시(기장군),위임국도,부산광역시 기장군,웅상대로(국도7호선),1,35.36474526,129.1452324,35.35545415,129.138753,0.006479449,0.00929111,55.10879116
42000-99,강원특별자치도(도로관리사업소 태백지소),지방도,강원특별자치도 삼척시,지방도910호선,1.5,37.090046,129.145282,37.088334,129.143924,0.001358,0.001712,51.57769433
60500-67,국토관리청(부산청),일반국도,경상북도 청송군,34호선,1,36.492161,129.146463,36.489958,129.154621,-0.008158,0.002203,164.8881992
60500-24,국토관리청(부산청),일반국도,경상북도 경주시,20호선,3,35.863327,129.146975,35.859274,129.114553,0.032422,0.004053,7.125451349
42000-98,강원특별자치도(도로관리사업소 태백지소),지방도,강원특별자치도 삼척시,지방도910호선,0.8,37.100161,129.150188,37.099785,129.154982,-0.004794,0.000376,175.515394
26350-11,부산광역시(해운대구),지방도,부산광역시 해운대구,반송순환로,1.1,35.22535627,129.150524,35.21971567,129.1535285,-0.003004434,0.005640599,118.0417489
42000-97,강원특별자치도(도로관리사업소 태백지소),지방도,강원특별자치도 삼척시,지방도910호선,1.5,37.105941,129.152486,37.10434,129.151198,0.001288,0.001601,51.18342022
47770-8,경상북도(영덕군),위임국도,경상북도 영덕군,34호선,3,36.48976104,129.1538804,36.4900264,129.155298,-0.0014176,-0.000265363,190.6025757
70100-168,한국도로공사(한국도로공사),고속국도,부산광역시 기장군,부산외곽선,1,35.28235638,129.1549388,35.28004339,129.1655508,,,
26350-10,부산광역시(해운대구),지방도,부산광역시 해운대구,신반송로,0.6,35.22960298,129.1566904,35.22644703,129.1637469,-0.007056513,0.003155953,155.9039116
48330-3,경상남도(양산시),시도,경상남도 양산시,"도시계획도로 소로 2-546, 2-547",2.5,35.43113471,129.158652,35.43109107,129.1782233,-0.019571318,4.3647E-05,179.8722218
26710-6,부산광역시(기장군),지방도,부산광역시 기장군,국지도 60호선(산단로),2,35.33774552,129.1612948,35.35446882,129.1498346,0.011460162,-0.016723303,304.4221009
60500-65,국토관리청(부산청),일반국도,경상북도 영양군,31호선,6,36.753187,129.162206,36.717999,129.141888,0.020318,0.035188,59.99731497
42000-40,강원특별자치도(도로관리사업소 태백지소),지방도,강원특별자치도 삼척시,지방도427호선,1.7,37.223354,129.164432,37.226288,129.161885,0.002547,-0.002934,310.961188
42230-2,강원특별자치도(삼척시),위임국도,강원특별자치도 삼척시,국도7호선,0.2,37.45711361,129.1650085,37.45653196,129.1671405,-0.002132015,0.000581644,164.7402381
51230-1,강원특별자치도(삼척시),도시계획도로,강원특별자치도 삼척시,대로,0.6,37.44912965,129.1651003,37.44987579,129.1602108,0.004889533,-0.000746143,351.323594
26710-14,부산광역시(기장군),광역시도,부산광역시 기장군,시도81호선,1.2,35.29195952,129.1657173,35.31598907,129.1759067,-0.010189388,-0.024029551,247.0213197
48330-2,경상남도(양산시),시도,경상남도 양산시,"도시계획도로 중로1-29, 1-32",1.9,35.38506836,129.1658777,35.37817567,129.1635241,0.002353608,0.006892685,71.14678258
70100-135,한국도로공사(한국도로공사),고속국도,경상북도 포항시,20호선,1.2,36.08219706,129.1662664,36.08666141,129.1780984,-0.011832046,-0.004464345,200.6719746
26350-14,부산광역시(해운대구),지방도,부산광역시 해운대구,달맞이길,1.2,35.16081621,129.1723722,35.15777331,129.1825005,-0.010128335,0.003042904,163.2779027
47760-18,경상북도(영양군),일반국도,경상북도 영양군,국도 88호선,3,36.75661927,129.1747463,36.76555836,129.1953671,-0.020620823,-0.008939089,203.4366446
47760-14,경상북도(영양군),지방도,경상북도 영양군,지방도917호선,1,36.85932797,129.1766828,36.87812733,129.1551661,0.021516681,-0.018799354,318.8559401
47750-4,경상북도(청송군),지방도,경상북도 청송군,지방도930호선,1.8,36.298532,129.176695,36.306582,129.187669,-0.010974,-0.00805,216.2619853
70100-162,한국도로공사(한국도로공사),고속국도,울산광역시 울주군,1호선,3,35.67569384,129.1772826,35.7014938,129.1862633,-0.00898064,-0.025799958,250.8076374
60500-70,국토관리청(부산청),일반국도,경상북도 영양군,88호선,21,36.762452,129.177852,36.754913,129.333512,-0.15566,0.007539,177.22719
26710-2,부산광역시(기장군),위임국도,부산광역시 기장군,국도14호선,3,35.24654994,129.1801016,35.24886709,129.2136531,-0.033551468,-0.002317148,183.9507167
26350-18,부산광역시(해운대구),지방도,부산광역시 해운대구,청사포로,1.3,35.16448796,129.1806612,35.16074,129.192725,-0.012063841,0.003747958,162.7411821
26710-4,부산광역시(기장군),지방도,부산광역시 기장군,군도17호선,1.5,35.25049039,129.1840126,35.25640308,129.1765174,0.007495185,-0.005912692,321.731315
42230-3,강원특별자치도(삼척시),도시계획도로,강원특별자치도 삼척시,새천년도로,0.3,37.45231311,129.1866454,37.45124574,129.1891556,-0.002510194,0.001067362,156.9642717
48330-1,경상남도(양산시),지방도,경상남도 양산시,지방도 1028호선,1,35.42672607,129.1897875,35.4251498,129.1997233,-0.009935734,0.001576264,170.9853828
26350-15,부산광역시(해운대구),지방도,부산광역시 해운대구,달맞이길,0.2,35.17786977,129.1931815,35.16394489,129.1856266,0.007554801,0.013924875,61.51839974
47000-1,경상북도(본청),지방도,경상북도 포항시,69호선,2.9,36.22183729,129.1935195,36.22442907,129.2078885,-0.014369089,-0.002591786,190.2246339
47000-1,경상북도(본청),지방도,경상북도 포항시,921호선,2.5,36.18875061,129.1976516,36.21319586,129.2046824,-0.007030747,-0.024445254,253.9541323
47760-15,경상북도(영양군),지방도,경상북도 영양군,지방도917호선,3,36.73862619,129.2034352,36.72644,129.2228812,-0.019446015,0.012186192,147.9259518
26710-9,부산광역시(기장군),지방도,부산광역시 기장군,군도21호선,2,35.28487365,129.2056915,35.27723973,129.1840045,0.021686945,0.007633922,19.3923446
47760-22,경상북도(영양군),지방도,경상북도 영양군,지방도 918호선,2,36.63331707,129.2060584,36.6241258,129.2222267,-0.016168356,0.00919127,150.382948
47760-16,경상북도(영양군),지방도,경상북도 영양군,지방도917호선,3.3,36.69401648,129.2075229,36.68628433,129.2250538,-0.017530918,0.007732145,156.199756
26710-10,부산광역시(기장군),지방도,부산광역시 기장군,청연로,1,35.21790656,129.210954,35.2114926,129.2215536,-0.01059961,0.006413959,148.8213346
31710-15,울산광역시(울주군),지방도,울산광역시 울주군,군도34호선,1.2,35.492842,129.211069,35.500557,129.203451,0.007618,-0.007715,314.6375389
26710-7,부산광역시(기장군),지방도,부산광역시 기장군,정관시가지 내,7,35.32144996,129.2123029,35.33396032,129.1654157,0.046887166,-0.012510357,345.0604683
47000-1,경상북도(본청),지방도,경상북도 포항시,68호선,1.4,36.25507046,129.2123369,36.27730754,129.170534,0.041802949,-0.022237074,331.9892599
26710-12,부산광역시(기장군),국지도,부산광역시 기장군,국지도31호선,2,35.22419499,129.2132032,35.20552887,129.205551,0.007652228,0.018666116,67.7086815
47130-5,경상북도(경주시),시도,경상북도 경주시,시도 1호선(서라벌대로),0.6,35.82153031,129.2174285,35.8256101,129.2247332,-0.00730469,-0.004079789,209.1840741
47130-11,경상북도(경주시),농어촌도로,경상북도 경주시,리도309호선(칠평로),0.7,35.9878612,129.2174687,35.98995006,129.2104295,0.007039203,-0.002088851,343.4719843
47130-7,경상북도(경주시),시도,경상북도 경주시,시도 2호선(강변로),0.4,35.88564796,129.2224369,35.8823657,129.2183309,0.004106053,0.003282265,38.63787387
31710-16,울산광역시(울주군),지방도,울산광역시 울주군,군도34호선,0.8,35.491208,129.229676,35.49604,129.237034,-0.007358,-0.004832,213.2929137
31710-14,울산광역시(울주군),지방도,울산광역시 울주군,군도31호선,1.9,35.607149,129.231452,35.622885,129.222653,0.008799,-0.015736,299.2123362
47770-15,경상북도(영덕군),지방도,경상북도 영덕군,914호선,4,36.35663542,129.2358013,36.3577593,129.2368033,-0.001001976,-0.001123886,228.2821079
47760-19,경상북도(영양군),위임국도,경상북도 영양군,국도 88호선,5,36.75808053,129.23913,36.76045933,129.2968699,-0.057739913,-0.0023788,182.3591679
47770-11,경상북도(영덕군),지방도,경상북도 영덕군,918호선,5,36.60992735,129.2428638,36.60770915,129.2436577,-0.000793963,0.002218198,109.6938846
47770-26,경상북도(영덕군),농어촌도로,경상북도 영덕군,농어촌도로(리도)202호선,7.5,36.44416844,129.2447213,36.43047136,129.2517004,-0.00697914,0.013697079,117.0004295
26710-8,부산광역시(기장군),지방도,부산광역시 기장군,반룡산단로,1,35.33438114,129.2476986,35.33662838,129.2574868,-0.009788189,-0.00224724,192.9302831
31140-1,울산광역시(남구),구도,울산광역시 남구,무거터널,0.65,35.54330298,129.2478108,35.54046736,129.2526944,-0.004883648,0.002835619,149.8590266
70100-169,한국도로공사(한국도로공사),고속국도,울산광역시 울주군,부산포항선,1.8,35.55537641,129.2507616,35.56846044,129.2624801,,,
47930-4,경상북도(울진군),군도,경상북도 울진군,군도9,8,36.9263,129.2532,36.90540245,129.2436026,0.009597438,0.020897546,65.33250427
47770-9,경상북도(영덕군),위임국도,경상북도 영덕군,35호선,3,36.44686732,129.2538721,36.4447692,129.2546214,-0.000749358,0.002098121,109.6545349
47000-1,경상북도(본청),지방도,경상북도 포항시,68호선,2.9,36.21850345,129.2541252,36.2338712,129.2174974,0.03662783,-0.015367752,337.2387889
60500-77,국토관리청(부산청),일반국도,경상북도 경주시,7,1,35.984869,129.255379,35.979723,129.249085,,,
26710-11,부산광역시(기장군),지방도,부산광역시 기장군,군도14호선,1.2,35.34852863,129.2564281,35.33901914,129.2743718,-0.017943661,0.009509484,152.0780469
60500-26,국토관리청(부산청),일반국도,경상북도 경주시,20호선,9,35.940148,129.258619,35.969618,129.350797,-0.092178,-0.02947,197.7294692
26710-3,부산광역시(기장군),위임국도,부산광역시 기장군,명례산단앞(국도14호선),2.5,35.367364,129.26093,35.38494095,129.2558672,0.005062881,-0.017576954,286.0685637
26710-13,부산광역시(기장군),지방도,부산광역시 기장군,명례산단로,0.2,35.36982603,129.2615113,35.36313285,129.2597646,0.001746662,0.006693173,75.3741779
47760-9,경상북도(영양군),군도,경상북도 영양군,군도10호선,2.7,36.83006909,129.268325,36.84614975,129.2754956,-0.007170621,-0.016080655,245.967143
47130-6,경상북도(경주시),시도,경상북도 경주시,리도 203호선,1,35.86081563,129.2712608,35.86719474,129.2725426,-0.001281827,-0.006379112,258.6382232
47770-19,경상북도(영덕군),군도,경상북도 영덕군,14호선,1,36.60695367,129.2716995,36.60855512,129.2709104,0.000789084,-0.001601444,296.2309632
47770-27,경상북도(영덕군),국지도,경상북도 영덕군,국지도69호선,7.5,36.50371506,129.2755585,36.50749144,129.2745963,0.00096227,-0.003776379,284.2954787
47760-10,경상북도(영양군),군도,경상북도 영양군,군도23호선,1.26,36.76503012,129.275703,36.78734018,129.2752361,0.00046686,-0.022310066,271.1987957
60500-58,국토관리청(부산청),일반국도,울산광역시 울주군,14호선,5,35.418106,129.277553,35.380924,129.256924,0.020629,0.037182,60.9779843
47930-2,경상북도(울진군),지방도,경상북도 울진군,지방도917,1.5,37.05940582,129.2942406,37.0722461,129.2893724,0.004868206,-0.012840276,290.7635013
60200-22,국토관리청(원주청),일반국도,강원특별자치도 삼척시,7호선,6,37.288742,129.296876,37.247117,129.336528,-0.039652,0.041625,133.6094175
47130-19,경상북도(경주시),구국도,경상북도 경주시,4호선,7,35.83149803,129.3004068,35.80024032,129.3761961,-0.075789286,0.031257704,157.5873257
31000-1,울산광역시(본청),일반국도,울산광역시 남구,31호선,0.46,35.49911152,129.3023304,35.49695919,129.3071802,-0.004849756,0.002152331,156.0682578
47770-17,경상북도(영덕군),군도,경상북도 영덕군,18호선,3,36.34314893,129.3100253,36.34256212,129.3111312,-0.001105863,0.00058681,152.048003
31140-2,울산광역시(남구),시도,울산광역시 남구,감나무진사거리,0.15,35.51817714,129.310249,35.51782003,129.3086158,0.001633265,0.000357106,12.33337905
47770-7,경상북도(영덕군),위임국도,경상북도 영덕군,34호선,3,36.43017298,129.3105918,36.43036698,129.3123485,-0.001756679,-0.000194,186.3019735
47770-12,경상북도(영덕군),지방도,경상북도 영덕군,918호선,2,36.56686806,129.3151451,36.56798894,129.315183,-3.78994E-05,-0.001120881,268.063444
31110-2,울산광역시(중구),시도,울산광역시 중구,성안로,1.2,35.56201673,129.3192912,35.57189693,129.3147588,0.004532381,-0.009880203,294.6425134
47130-4,경상북도(경주시),시도,경상북도 경주시,국도4호선,0.4,35.78693642,129.3243823,35.78554994,129.3175913,0.006790926,0.001386484,11.53932244
47770-18,경상북도(영덕군),지방도,경상북도 영덕군,914호선,5,36.38416048,129.3274353,36.38261234,129.3293959,-0.001960655,0.001548148,141.7051177
47130-1,경상북도(경주시),시도,경상북도 경주시, 시도 42호선 불국로,2.9,35.78502012,129.3301431,35.78120464,129.3474355,-0.01729235,0.003815478,167.5573124
60500-29,국토관리청(부산청),일반국도,경상북도 포항시,28호선,1,36.07402,129.33217,36.082341,129.335573,-0.003403,-0.008321,247.7571433
47930-1,경상북도(울진군),군도,경상북도 울진군,군도9호선,1,36.79622495,129.3385581,36.76471867,129.340638,-0.002079912,0.031506279,93.77694672
47770-20,경상북도(영덕군),국지도,경상북도 영덕군,69호선,3,36.56779621,129.3414869,36.56693749,129.3411023,0.000384586,0.000858723,65.87439164
60200-23,국토관리청(원주청),일반국도,강원특별자치도 삼척시,7호선,2,37.164516,129.342448,37.151483,129.356962,-0.014514,0.013033,138.0774108
47770-28,경상북도(영덕군),농어촌도로,경상북도 영덕군,농어촌도로(면도)102호선,9.1,36.49802743,129.3446493,36.49942383,129.3120626,0.032586697,-0.001396397,357.546276
47130-2,경상북도(경주시),시도,경상북도 경주시, 시도 42호선 불국로,1.8,35.78127059,129.3476975,35.77328785,129.353862,-0.006164444,0.007982736,127.6761045
47130-3,경상북도(경주시),시도,경상북도 경주시, 시도 42호선 불국로,2.9,35.77326093,129.3538744,35.78930267,129.3506956,0.003178797,-0.016041734,281.2084153
47930-1,경상북도(울진군),군도,경상북도 울진군,군도,1.5,37.00546792,129.3583528,37.00438579,129.3448702,0.013482549,0.001082126,4.588794457
31200-4,울산광역시(북구),지방도,울산광역시 북구,구도2호선,2,35.652046,129.359155,35.65979675,129.3666469,-0.007491925,-0.007750746,225.9727902
47930-10,경상북도(울진군),군도,경상북도 울진군,군도6,2,37.13223993,129.3622761,37.14377682,129.3504497,0.011826346,-0.01153689,315.7098233
31200-5,울산광역시(북구),지방도,울산광역시 북구,구도2호선,2,35.65919709,129.3662436,35.66672596,129.3751569,-0.008913317,-0.007528868,220.1869873
47930-8,경상북도(울진군),군도,경상북도 울진군,군도20,400,37.09348631,129.3713614,37.08936183,129.3730857,-0.001724298,0.00412448,112.6880629
47930-9,경상북도(울진군),군도,경상북도 울진군,군도20,332,37.0880948,129.3723939,37.08615162,129.3720865,0.000307393,0.001943174,81.01079118
31200-1,울산광역시(북구),지방도,울산광역시 북구,구국도31호선,2,35.578215,129.37849,35.58031982,129.3966659,-0.018175924,-0.002104815,186.6055657
47770-22,경상북도(영덕군),군도,경상북도 영덕군,10호선,3,36.41528552,129.3798155,36.40505195,129.389696,-0.00988051,0.010233577,133.9943792
47930-5,경상북도(울진군),군도,경상북도 울진군,군도20,3,36.90769661,129.3840376,36.89138792,129.4091008,-0.025063251,0.016308687,146.9478992
47770-23,경상북도(영덕군),군도,경상북도 영덕군,5호선,3,36.45483908,129.3860611,36.4515341,129.3851563,0.000904879,0.003304981,74.68808942
47770-10,경상북도(영덕군),농어촌도로,경상북도 영덕군,201호선,0.28,36.37939114,129.3921779,36.38019622,129.3924305,-0.0002526,-0.000805085,252.5804397
70100-160,한국도로공사(한국도로공사),고속국도,경상북도 포항시,65호선,1,35.8797762,129.3923462,35.88843665,129.389689,0.002657248,-0.008660443,287.0573684
47930-3,경상북도(울진군),군도,경상북도 울진군,군도20,0.8,36.95476,129.39283,36.9505,129.39177,0.00106,0.00426,76.02706676
31200-2,울산광역시(북구),지방도,울산광역시 북구,구국도31호선,2,35.58033931,129.3965172,35.59135369,129.4265056,-0.029988406,-0.011014382,200.1676781
47130-13,경상북도(경주시),군도,경상북도 경주시,군도15호선(동남로),2.5,35.66855065,129.3996802,35.67119916,129.380487,0.019193155,-0.002648514,352.1432227
47110-5,경상북도(포항시),위임국도,경상북도 포항시,14호선,2,35.90317123,129.402945,35.88898052,129.4011719,0.001773109,0.01419071,82.87788323
47770-13,경상북도(영덕군),군도,경상북도 영덕군,25호선,2,36.52277955,129.4031301,36.52435456,129.4029522,0.000177844,-0.001575006,276.4423445
47770-21,경상북도(영덕군),군도,경상북도 영덕군,17호선,2,36.64946547,129.4038459,36.65266619,129.4023273,0.00151861,-0.003200725,295.3823888
47770-14,경상북도(영덕군),군도,경상북도 영덕군,25호선,3,36.47188418,129.4041262,36.45066164,129.4005458,0.003580378,0.021222545,80.42400974
47770-25,경상북도(영덕군),농어촌도로,경상북도 영덕군,농어촌도로(면도)103,6.5,36.4268382,129.4043862,36.42845121,129.4340328,-0.029646639,-0.001613005,183.1142612
31200-3,울산광역시(북구),지방도,울산광역시 북구,구국도31호선,2,35.586684,129.408907,35.59131169,129.4265323,-0.017625329,-0.004627694,194.7114826
47770-16,경상북도(영덕군),군도,경상북도 영덕군,25호선,2,36.49891752,129.4106222,36.49551994,129.4113229,-0.000700644,0.003397577,101.6521156
60500-23,국토관리청(부산청),일반국도,경상북도 울진군,7호선,1,37.010365,129.413179,37.001497,129.412494,0.000685,0.008868,85.58301438
47130-8,경상북도(경주시),농어촌도로,경상북도 경주시,리도 301호선(서왕길),2.9,35.67468412,129.4146965,35.68886239,129.398815,0.015881462,-0.014178268,318.2429304
31170-2,울산광역시(동구),시도,울산광역시 동구,방어진순환도로,2.2,35.53804025,129.4195429,35.52471871,129.4000688,0.019474121,0.013321532,34.37460085
47130-12,경상북도(경주시),군도,경상북도 경주시,군도15호선(동남로),2.9,35.67030097,129.4229941,35.66856237,129.3997053,0.023288803,0.0017386,4.269433856
47930-6,경상북도(울진군),군도,경상북도 울진군,군도6,1.5,36.69889373,129.4243389,36.70118078,129.408721,0.015617975,-0.002287048,351.6689944
70100-159,한국도로공사(한국도로공사),고속국도,경상북도 경주시,65호선,1,35.79597407,129.4270765,35.80466309,129.4243251,0.002751351,-0.008689023,287.5702223
31170-1,울산광역시(동구),구도,울산광역시 동구,동해안로,2.5,35.54587675,129.4309743,35.553126,129.4529201,-0.021945745,-0.007249256,198.2797473
47770-24,경상북도(영덕군),군도,경상북도 영덕군,7호선,3,36.51650887,129.4442961,36.51725005,129.4443696,-7.3509E-05,-0.000741176,264.3359932
47000-61,경상북도(본청),지방도,경상북도 포항시,929호선,2,35.95136367,129.4454651,35.95941427,129.4286583,0.016806894,-0.008050598,334.405314
47110-4,경상북도(포항시),지방도,경상북도 포항시,지방도929,2,35.99507672,129.4580238,36.00635481,129.4691971,-0.011173336,-0.011278088,225.2673255
60500-34,국토관리청(부산청),일반국도,경상북도 포항시,31호선,1,35.988323,129.466578,35.986629,129.477411,-0.010833,0.001694,171.1124033
47110-3,경상북도(포항시),지방도,경상북도 포항시,지방도929호선,1,35.91561907,129.4881745,35.90722469,129.4858637,0.002310824,0.008394385,74.60872003
47000-60,경상북도(본청),지방도,경상북도 포항시,929호선,1.3,36.04643851,129.524709,36.05279249,129.5288889,-0.004179919,-0.006353975,236.6613549
47000-1,경상북도(본청),지방도,경상북도 포항시,929호선,1.1,36.04954771,129.5290801,36.05624119,129.5315987,-0.002518636,-0.00669348,249.3795863
47110-1,경상북도(포항시),지방도,경상북도 포항시,929호선,0.6,35.99020484,129.5637368,35.99580402,129.5651137,-0.001376912,-0.005599177,256.1843507
47940-3,경상북도(울릉군),국지도,경상북도 울릉군,90호선(울릉도 일주도로),0.7,37.51257692,130.8089365,37.515147,130.810469,-0.001532525,-0.002570083,239.1926299
47940-13,경상북도(울릉군),군도,경상북도 울릉군,6호선(구암~지통골),0.9,37.477437,130.809293,37.487517,130.823511,-0.014218,-0.01008,215.3351336
47940-4,경상북도(울릉군),국지도,경상북도 울릉군,90호선(울릉도 일주도로),0.5,37.495141,130.809387,37.50897439,130.8117742,-0.002387168,-0.013833395,260.2091474
47940-5,경상북도(울릉군),국지도,경상북도 울릉군,90호선(울릉도 일주도로),1.7,37.52327561,130.8148968,37.5249,130.820372,-0.005475229,-0.00162439,196.5245647
47940-12,경상북도(울릉군),군도,경상북도 울릉군,5호선(남서교~나발등),1.3,37.46654264,130.8369831,37.48861046,130.8359515,0.001031589,-0.022067825,272.6764159
47940-15,경상북도(울릉군),농어촌도로,경상북도 울릉군,201호선(평리~살강터),1.1,37.534016,130.842231,37.52207837,130.8427245,-0.000493544,0.011937627,92.36746376
47940-10,경상북도(울릉군),군도,경상북도 울릉군,4호선(남양교~통구미),0.8,37.46192,130.85402,37.46598622,130.8383142,0.015705783,-0.004066215,345.4848752
47940-17,경상북도(울릉군),농어촌도로,경상북도 울릉군,205호선(통구미~간령),0.8,37.461962,130.856386,37.46761,130.861581,-0.005195,-0.005648,227.3923179
47940-11,경상북도(울릉군),군도,경상북도 울릉군,4호선(남양교~통구미),1.6,37.460657,130.857629,37.465954,130.863932,-0.006303,-0.005297,220.0434742
47940-14,경상북도(울릉군),농어촌도로,경상북도 울릉군,102호선(천부리),1.6,37.540492,130.875477,37.538097,130.879793,-0.004316,0.002395,150.9735821
47940-18,경상북도(울릉군),농어촌도로,경상북도 울릉군,205호선(간령~감을계),0.4,37.463206,130.8767,37.461079,130.874156,0.002544,0.002127,39.89848667
47940-19,경상북도(울릉군),농어촌도로,경상북도 울릉군,303호선(죽암~웃대바위),0.75,37.540503,130.890366,37.54166,130.893649,-0.003283,-0.001157,199.4135568
47940-8,경상북도(울릉군),군도,경상북도 울릉군,2호선(저동~봉래폭포),1.8,37.4969,130.892251,37.494344,130.907278,-0.015027,0.002556,170.3467296
47940-1,경상북도(울릉군),국지도,경상북도 울릉군,90호선(울릉도 일주도로),0.8,37.477506,130.893286,37.475673,130.893905,-0.000619,0.001833,108.6597105
47940-16,경상북도(울릉군),농어촌도로,경상북도 울릉군,204호선(석포~죽암),0.95,37.541427,130.893717,37.531558,130.902109,-0.008392,0.009869,130.3758258
47940-9,경상북도(울릉군),군도,경상북도 울릉군,3호선(울릉터널~안평전),1.9,37.48116,130.894299,37.483422,130.878088,0.016211,-0.002262,352.0565282
47940-2,경상북도(울릉군),국지도,경상북도 울릉군,90호선(울릉도 일주도로),2,37.48324,130.896742,37.492736,130.907416,-0.010674,-0.009496,221.6575189
47940-7,경상북도(울릉군),군도,경상북도 울릉군,1호선(선창~내수전),2.7,37.531959,130.902543,37.54538,130.908042,-0.005499,-0.013421,247.7195657
47940-6,경상북도(울릉군),군도,경상북도 울릉군,1호선(선창~내수전),0.8,37.507635,130.908704,37.506852,130.910775,-0.002071,0.000783,159.2894864
